group,checkpoint,concept,prompt,sample_index,seed,image_path,expected_label,predicted_label,correct,expected_probability,image_retention,prob_airplane,prob_automobile,prob_bird,prob_cat,prob_deer,prob_dog,prob_frog,prob_horse,prob_ship,prob_truck,sample_origin,artifact_root
retain_once,W05,deer,a photo of the deer,0,42,images/retain_once/W05/deer/index_000_seed_42.png,deer,horse,False,2.875394420698285e-05,delete-after-eval,5.9083606174681336e-05,0.0004948717541992664,9.81369084911421e-05,5.19735949637834e-05,2.875394420698285e-05,0.00042271989514119923,2.2577441995963454e-06,0.998406708240509,0.00020802507060579956,0.00022751807409804314,existing_v1_100,/home/tslin/Documents/jupyter_data/anLi/machine_unlearning/orthogonal-concept-erasure/experiments/sequential_object_persistence/outputs/sequential_oce_object_v1_online
retain_once,W05,deer,a photo of the deer,1,43,images/retain_once/W05/deer/index_001_seed_43.png,deer,horse,False,6.633305747527629e-05,delete-after-eval,4.48941273134551e-06,0.0001973774196812883,5.596510527539067e-05,6.219160422915593e-05,6.633305747527629e-05,0.00042513624066486955,1.1899163609996322e-06,0.9991218447685242,2.4810504328343086e-05,4.0668255678610876e-05,existing_v1_100,/home/tslin/Documents/jupyter_data/anLi/machine_unlearning/orthogonal-concept-erasure/experiments/sequential_object_persistence/outputs/sequential_oce_object_v1_online
retain_once,W05,deer,a photo of the deer,2,44,images/retain_once/W05/deer/index_002_seed_44.png,deer,horse,False,5.462147237267345e-05,delete-after-eval,5.624077675747685e-05,0.0016719743143767118,8.246157813118771e-05,0.0001063034578692168,5.462147237267345e-05,0.00044355247518979013,2.3348395643552067e-06,0.997256338596344,2.471599873388186e-05,0.00030146510107442737,existing_v1_100,/home/tslin/Documents/jupyter_data/anLi/machine_unlearning/orthogonal-concept-erasure/experiments/sequential_object_persistence/outputs/sequential_oce_object_v1_online
retain_once,W05,deer,a photo of the deer,3,45,images/retain_once/W05/deer/index_003_seed_45.png,deer,horse,False,0.007054437883198261,delete-after-eval,0.0008241509203799069,0.013807757757604122,0.0007531984592787921,0.0038151771295815706,0.007054437883198261,0.02098027430474758,2.7456871976028197e-05,0.9488629698753357,0.0016697278479114175,0.0022049027029424906,existing_v1_100,/home/tslin/Documents/jupyter_data/anLi/machine_unlearning/orthogonal-concept-erasure/experiments/sequential_object_persistence/outputs/sequential_oce_object_v1_online
retain_once,W05,deer,a photo of the deer,4,46,images/retain_once/W05/deer/index_004_seed_46.png,deer,horse,False,0.00034949020482599735,delete-after-eval,2.3928576410980895e-05,0.0007346803322434425,0.0002951598144136369,0.0002425890852464363,0.00034949020482599735,0.0012199966004118323,8.506647645845078e-06,0.9966856837272644,4.76810491818469e-05,0.00039231107803061604,existing_v1_100,/home/tslin/Documents/jupyter_data/anLi/machine_unlearning/orthogonal-concept-erasure/experiments/sequential_object_persistence/outputs/sequential_oce_object_v1_online
retain_once,W05,deer,a photo of the deer,5,47,images/retain_once/W05/deer/index_005_seed_47.png,deer,horse,False,0.009060338139533997,delete-after-eval,0.0018225632375106215,0.014644407667219639,0.0006565152434632182,0.002435186877846718,0.009060338139533997,0.011967998929321766,0.00017896047211252153,0.9546571969985962,0.0011769395787268877,0.003399921813979745,existing_v1_100,/home/tslin/Documents/jupyter_data/anLi/machine_unlearning/orthogonal-concept-erasure/experiments/sequential_object_persistence/outputs/sequential_oce_object_v1_online
retain_once,W05,deer,a photo of the deer,6,48,images/retain_once/W05/deer/index_006_seed_48.png,deer,horse,False,0.0005811357405036688,delete-after-eval,9.9096869234927e-05,0.0008969924529083073,0.001099470886401832,0.000526977761182934,0.0005811357405036688,0.0033855692017823458,5.109707126393914e-05,0.9920392036437988,0.0004575729835778475,0.0008629088988527656,existing_v1_100,/home/tslin/Documents/jupyter_data/anLi/machine_unlearning/orthogonal-concept-erasure/experiments/sequential_object_persistence/outputs/sequential_oce_object_v1_online
retain_once,W05,deer,a photo of the deer,7,49,images/retain_once/W05/deer/index_007_seed_49.png,deer,horse,False,0.0005936783854849637,delete-after-eval,0.00031275046057999134,0.001104431808926165,0.00023024249821901321,0.0004083682142663747,0.0005936783854849637,0.0011756973108276725,6.873213806102285e-06,0.9950622916221619,8.935430378187448e-05,0.0010162729304283857,existing_v1_100,/home/tslin/Documents/jupyter_data/anLi/machine_unlearning/orthogonal-concept-erasure/experiments/sequential_object_persistence/outputs/sequential_oce_object_v1_online
retain_once,W05,deer,a photo of the deer,8,50,images/retain_once/W05/deer/index_008_seed_50.png,deer,horse,False,2.7591748221311718e-05,delete-after-eval,1.2604695257323328e-05,0.0004782264295499772,4.615242869476788e-05,0.00018681416986510158,2.7591748221311718e-05,0.00054503622232005,3.405064944672631e-06,0.9984729886054993,9.481226697971579e-06,0.0002175883564632386,existing_v1_100,/home/tslin/Documents/jupyter_data/anLi/machine_unlearning/orthogonal-concept-erasure/experiments/sequential_object_persistence/outputs/sequential_oce_object_v1_online
retain_once,W05,deer,a photo of the deer,9,51,images/retain_once/W05/deer/index_009_seed_51.png,deer,horse,False,0.0021621116902679205,delete-after-eval,4.3733412894653156e-05,0.0007831740076653659,0.000717805465683341,0.0005842187092639506,0.0021621116902679205,0.003369046375155449,5.653770585922757e-06,0.9916552305221558,0.00021557237778324634,0.00046351811033673584,existing_v1_100,/home/tslin/Documents/jupyter_data/anLi/machine_unlearning/orthogonal-concept-erasure/experiments/sequential_object_persistence/outputs/sequential_oce_object_v1_online
retain_once,W05,deer,a photo of the deer,10,52,images/retain_once/W05/deer/index_010_seed_52.png,deer,horse,False,0.00265110214240849,delete-after-eval,0.0006509431987069547,0.004277256317436695,0.000470008235424757,0.0006060056039132178,0.00265110214240849,0.004183493088930845,0.00012687506387010217,0.9832292199134827,0.00023211156076285988,0.00357296341098845,existing_v1_100,/home/tslin/Documents/jupyter_data/anLi/machine_unlearning/orthogonal-concept-erasure/experiments/sequential_object_persistence/outputs/sequential_oce_object_v1_online
retain_once,W05,deer,a photo of the deer,11,53,images/retain_once/W05/deer/index_011_seed_53.png,deer,horse,False,1.6465517546748742e-05,delete-after-eval,1.0434467185405083e-05,0.00038893791497685015,4.643261127057485e-05,3.791360359173268e-05,1.6465517546748742e-05,0.0004715502727776766,3.6815484349972394e-07,0.9989286065101624,1.8251967048854567e-05,8.108554175123572e-05,existing_v1_100,/home/tslin/Documents/jupyter_data/anLi/machine_unlearning/orthogonal-concept-erasure/experiments/sequential_object_persistence/outputs/sequential_oce_object_v1_online
retain_once,W05,deer,a photo of the deer,12,54,images/retain_once/W05/deer/index_012_seed_54.png,deer,horse,False,0.00021604239009320736,delete-after-eval,1.8013071894529276e-05,0.0005292653222568333,4.3491752876434475e-05,9.233847231371328e-05,0.00021604239009320736,0.0004378108133096248,8.184917419384874e-07,0.9983657002449036,5.9035108279203996e-05,0.00023744229110889137,existing_v1_100,/home/tslin/Documents/jupyter_data/anLi/machine_unlearning/orthogonal-concept-erasure/experiments/sequential_object_persistence/outputs/sequential_oce_object_v1_online
retain_once,W05,deer,a photo of the deer,13,55,images/retain_once/W05/deer/index_013_seed_55.png,deer,horse,False,0.0087587283924222,delete-after-eval,0.00044164698920212686,0.0050391629338264465,0.0014643503818660975,0.001880854950286448,0.0087587283924222,0.004252329468727112,0.0001817472802940756,0.9766661524772644,0.0003385546733625233,0.000976495211943984,existing_v1_100,/home/tslin/Documents/jupyter_data/anLi/machine_unlearning/orthogonal-concept-erasure/experiments/sequential_object_persistence/outputs/sequential_oce_object_v1_online
retain_once,W05,deer,a photo of the deer,14,56,images/retain_once/W05/deer/index_014_seed_56.png,deer,horse,False,5.1812781748594716e-05,delete-after-eval,2.567067349446006e-05,9.66794541454874e-05,6.527263758471236e-05,0.00014079124957788736,5.1812781748594716e-05,0.0004576425999403,4.025144448860374e-07,0.9990110397338867,2.4636960006318986e-05,0.00012610603880602866,existing_v1_100,/home/tslin/Documents/jupyter_data/anLi/machine_unlearning/orthogonal-concept-erasure/experiments/sequential_object_persistence/outputs/sequential_oce_object_v1_online
retain_once,W05,deer,a photo of the deer,15,57,images/retain_once/W05/deer/index_015_seed_57.png,deer,horse,False,0.007971471175551414,delete-after-eval,0.015192223712801933,0.1420326679944992,0.0008175803814083338,0.0023148886393755674,0.007971471175551414,0.019112683832645416,0.0004497642512433231,0.7200518846511841,0.004530395846813917,0.08752648532390594,existing_v1_100,/home/tslin/Documents/jupyter_data/anLi/machine_unlearning/orthogonal-concept-erasure/experiments/sequential_object_persistence/outputs/sequential_oce_object_v1_online
retain_once,W05,deer,a photo of the deer,16,58,images/retain_once/W05/deer/index_016_seed_58.png,deer,dog,False,0.005991785321384668,delete-after-eval,0.00023439152573700994,0.001792278839275241,0.020057808607816696,0.017249571159482002,0.005991785321384668,0.8002670407295227,0.06921900808811188,0.08342083543539047,0.0004880687047261745,0.001279333489947021,existing_v1_100,/home/tslin/Documents/jupyter_data/anLi/machine_unlearning/orthogonal-concept-erasure/experiments/sequential_object_persistence/outputs/sequential_oce_object_v1_online
retain_once,W05,deer,a photo of the deer,17,59,images/retain_once/W05/deer/index_017_seed_59.png,deer,horse,False,0.00015519453154411167,delete-after-eval,1.6091657016659155e-05,0.0003314926871098578,9.198234329232946e-05,0.00014525800361298025,0.00015519453154411167,0.0006660860381089151,1.941386472026352e-06,0.9984361529350281,2.1906516849412583e-05,0.00013398854935076088,existing_v1_100,/home/tslin/Documents/jupyter_data/anLi/machine_unlearning/orthogonal-concept-erasure/experiments/sequential_object_persistence/outputs/sequential_oce_object_v1_online
retain_once,W05,deer,a photo of the deer,18,60,images/retain_once/W05/deer/index_018_seed_60.png,deer,horse,False,0.0035213108640164137,delete-after-eval,0.00014639463915955275,0.0022841477766633034,0.00025848683435469866,0.0008197164279408753,0.0035213108640164137,0.004145772196352482,6.660873168584658e-06,0.9857629537582397,0.00023537827655673027,0.0028190563898533583,existing_v1_100,/home/tslin/Documents/jupyter_data/anLi/machine_unlearning/orthogonal-concept-erasure/experiments/sequential_object_persistence/outputs/sequential_oce_object_v1_online
retain_once,W05,deer,a photo of the deer,19,61,images/retain_once/W05/deer/index_019_seed_61.png,deer,horse,False,0.0002525253512430936,delete-after-eval,5.900891846977174e-05,0.0011462498223409057,3.818508412223309e-05,6.503782788058743e-05,0.0002525253512430936,0.001906391466036439,2.0423462956387084e-06,0.9958502054214478,0.00014032010221853852,0.0005399752408266068,existing_v1_100,/home/tslin/Documents/jupyter_data/anLi/machine_unlearning/orthogonal-concept-erasure/experiments/sequential_object_persistence/outputs/sequential_oce_object_v1_online
retain_once,W05,deer,a photo of the deer,20,62,images/retain_once/W05/deer/index_020_seed_62.png,deer,horse,False,0.0007894061855040491,delete-after-eval,3.8302114262478426e-05,0.0008034709608182311,0.0001456407771911472,0.0006504622288048267,0.0007894061855040491,0.0031220726668834686,6.225860033737263e-06,0.9941334128379822,5.455750215332955e-05,0.00025643178378231823,existing_v1_100,/home/tslin/Documents/jupyter_data/anLi/machine_unlearning/orthogonal-concept-erasure/experiments/sequential_object_persistence/outputs/sequential_oce_object_v1_online
retain_once,W05,deer,a photo of the deer,21,63,images/retain_once/W05/deer/index_021_seed_63.png,deer,horse,False,0.010010606609284878,delete-after-eval,0.0014221204910427332,0.012268035672605038,0.0006746125873178244,0.003069610334932804,0.010010606609284878,0.01401000190526247,8.61263761180453e-05,0.93146151304245,0.008307382464408875,0.01869000680744648,existing_v1_100,/home/tslin/Documents/jupyter_data/anLi/machine_unlearning/orthogonal-concept-erasure/experiments/sequential_object_persistence/outputs/sequential_oce_object_v1_online
retain_once,W05,deer,a photo of the deer,22,64,images/retain_once/W05/deer/index_022_seed_64.png,deer,horse,False,0.002540427725762129,delete-after-eval,0.0002755351597443223,0.004195517394691706,0.0005152045050635934,0.0015520410379394889,0.002540427725762129,0.07648136466741562,1.9162203898304142e-05,0.909135103225708,0.0016733972588554025,0.0036121706943958998,existing_v1_100,/home/tslin/Documents/jupyter_data/anLi/machine_unlearning/orthogonal-concept-erasure/experiments/sequential_object_persistence/outputs/sequential_oce_object_v1_online
retain_once,W05,deer,a photo of the deer,23,65,images/retain_once/W05/deer/index_023_seed_65.png,deer,horse,False,4.524063479038887e-05,delete-after-eval,1.236686330230441e-05,0.0005951651255600154,3.483843829599209e-05,0.0001053305750247091,4.524063479038887e-05,0.0010575740598142147,5.731613441639638e-07,0.9979825019836426,4.29199862992391e-05,0.00012340677494648844,existing_v1_100,/home/tslin/Documents/jupyter_data/anLi/machine_unlearning/orthogonal-concept-erasure/experiments/sequential_object_persistence/outputs/sequential_oce_object_v1_online
retain_once,W05,deer,a photo of the deer,24,66,images/retain_once/W05/deer/index_024_seed_66.png,deer,horse,False,0.0068025141954422,delete-after-eval,7.779531733831391e-05,0.00143632257822901,0.0003421606670599431,0.0010758255375549197,0.0068025141954422,0.004805650562047958,0.00013388552179094404,0.9843708872795105,0.00012994166172575206,0.0008249082020483911,existing_v1_100,/home/tslin/Documents/jupyter_data/anLi/machine_unlearning/orthogonal-concept-erasure/experiments/sequential_object_persistence/outputs/sequential_oce_object_v1_online
retain_once,W05,deer,a photo of the deer,25,67,images/retain_once/W05/deer/index_025_seed_67.png,deer,horse,False,0.00142322585452348,delete-after-eval,9.251462324755266e-05,0.001073577906936407,0.00015145268116611987,0.00048275175504386425,0.00142322585452348,0.0015557343140244484,2.1871733224543277e-06,0.9935088157653809,0.00011488337622722611,0.0015948921209201217,existing_v1_100,/home/tslin/Documents/jupyter_data/anLi/machine_unlearning/orthogonal-concept-erasure/experiments/sequential_object_persistence/outputs/sequential_oce_object_v1_online
retain_once,W05,deer,a photo of the deer,26,68,images/retain_once/W05/deer/index_026_seed_68.png,deer,horse,False,0.08489081263542175,delete-after-eval,0.01113941427320242,0.039909813553094864,0.020441483706235886,0.07270574569702148,0.08489081263542175,0.07500050961971283,0.000749998667743057,0.6803098320960999,0.00350310024805367,0.01134933065623045,existing_v1_100,/home/tslin/Documents/jupyter_data/anLi/machine_unlearning/orthogonal-concept-erasure/experiments/sequential_object_persistence/outputs/sequential_oce_object_v1_online
retain_once,W05,deer,a photo of the deer,27,69,images/retain_once/W05/deer/index_027_seed_69.png,deer,horse,False,9.579728066455573e-05,delete-after-eval,7.04361591488123e-05,0.0011957925744354725,8.721243648324162e-05,0.00038523919647559524,9.579728066455573e-05,0.0016584463883191347,3.0896767384547275e-06,0.9957941770553589,4.215733497403562e-05,0.0006676515913568437,existing_v1_100,/home/tslin/Documents/jupyter_data/anLi/machine_unlearning/orthogonal-concept-erasure/experiments/sequential_object_persistence/outputs/sequential_oce_object_v1_online
retain_once,W05,deer,a photo of the deer,28,70,images/retain_once/W05/deer/index_028_seed_70.png,deer,horse,False,0.029885007068514824,delete-after-eval,0.0008102285792119801,0.030719129368662834,0.00027866646996699274,0.0010005560470744967,0.029885007068514824,0.018146753311157227,5.796980985905975e-05,0.8872923254966736,0.0006067173671908677,0.031202709302306175,existing_v1_100,/home/tslin/Documents/jupyter_data/anLi/machine_unlearning/orthogonal-concept-erasure/experiments/sequential_object_persistence/outputs/sequential_oce_object_v1_online
retain_once,W05,deer,a photo of the deer,29,71,images/retain_once/W05/deer/index_029_seed_71.png,deer,horse,False,0.003012277651578188,delete-after-eval,0.0024629803374409676,0.020079966634511948,0.0005520677077583969,0.0004785745986737311,0.003012277651578188,0.019267339259386063,1.3947658771940041e-05,0.914118230342865,0.00028579338686540723,0.0397288054227829,existing_v1_100,/home/tslin/Documents/jupyter_data/anLi/machine_unlearning/orthogonal-concept-erasure/experiments/sequential_object_persistence/outputs/sequential_oce_object_v1_online
retain_once,W05,deer,a photo of the deer,30,72,images/retain_once/W05/deer/index_030_seed_72.png,deer,horse,False,0.00024050490173976868,delete-after-eval,0.00017756395391188562,0.0016559693031013012,0.00024139738525263965,0.00017594003293197602,0.00024050490173976868,0.001096511958166957,3.711585304699838e-05,0.9957834482192993,0.0002452460757922381,0.0003464056644588709,existing_v1_100,/home/tslin/Documents/jupyter_data/anLi/machine_unlearning/orthogonal-concept-erasure/experiments/sequential_object_persistence/outputs/sequential_oce_object_v1_online
retain_once,W05,deer,a photo of the deer,31,73,images/retain_once/W05/deer/index_031_seed_73.png,deer,horse,False,0.02144613116979599,delete-after-eval,0.0008545627351850271,0.07334104180335999,0.001387692871503532,0.0015837132232263684,0.02144613116979599,0.014540379866957664,0.0007350468076765537,0.8722435832023621,0.0019739840645343065,0.01189393550157547,existing_v1_100,/home/tslin/Documents/jupyter_data/anLi/machine_unlearning/orthogonal-concept-erasure/experiments/sequential_object_persistence/outputs/sequential_oce_object_v1_online
retain_once,W05,deer,a photo of the deer,32,74,images/retain_once/W05/deer/index_032_seed_74.png,deer,horse,False,1.6482510545756668e-05,delete-after-eval,0.00024233211297541857,0.0010532874148339033,3.354584987391718e-05,0.00014574069064110518,1.6482510545756668e-05,0.0011657027062028646,5.275329044707178e-07,0.9965589642524719,0.00017516726802568883,0.0006082324543967843,existing_v1_100,/home/tslin/Documents/jupyter_data/anLi/machine_unlearning/orthogonal-concept-erasure/experiments/sequential_object_persistence/outputs/sequential_oce_object_v1_online
retain_once,W05,deer,a photo of the deer,33,75,images/retain_once/W05/deer/index_033_seed_75.png,deer,horse,False,9.347050945507362e-05,delete-after-eval,9.978347407013644e-06,7.375714631052688e-05,0.00018236556206829846,0.00014597469998989254,9.347050945507362e-05,0.0006485750782303512,1.4235120033845305e-06,0.9987931251525879,6.231892257346772e-06,4.500770955928601e-05,existing_v1_100,/home/tslin/Documents/jupyter_data/anLi/machine_unlearning/orthogonal-concept-erasure/experiments/sequential_object_persistence/outputs/sequential_oce_object_v1_online
retain_once,W05,deer,a photo of the deer,34,76,images/retain_once/W05/deer/index_034_seed_76.png,deer,horse,False,0.00025467335944995284,delete-after-eval,6.053766264813021e-05,0.0010655910009518266,0.0005173344979993999,0.0002843119145836681,0.00025467335944995284,0.0009768010349944234,1.295178776672401e-06,0.9964540004730225,6.742961704730988e-05,0.0003181811480317265,existing_v1_100,/home/tslin/Documents/jupyter_data/anLi/machine_unlearning/orthogonal-concept-erasure/experiments/sequential_object_persistence/outputs/sequential_oce_object_v1_online
retain_once,W05,deer,a photo of the deer,35,77,images/retain_once/W05/deer/index_035_seed_77.png,deer,horse,False,0.0013165004784241319,delete-after-eval,0.00014391925651580095,0.0005246875225566328,0.0002535771927796304,0.0005963910953141749,0.0013165004784241319,0.002679796889424324,2.6271303795510903e-05,0.9940477609634399,4.171912223682739e-05,0.0003694011247716844,existing_v1_100,/home/tslin/Documents/jupyter_data/anLi/machine_unlearning/orthogonal-concept-erasure/experiments/sequential_object_persistence/outputs/sequential_oce_object_v1_online
retain_once,W05,deer,a photo of the deer,36,78,images/retain_once/W05/deer/index_036_seed_78.png,deer,horse,False,0.0011856622295454144,delete-after-eval,0.0001275136019103229,0.0019030889961868525,0.0003434282261878252,0.0009671372245065868,0.0011856622295454144,0.001920086913742125,2.626277637318708e-05,0.9922212958335876,8.486447768518701e-05,0.00122063048183918,existing_v1_100,/home/tslin/Documents/jupyter_data/anLi/machine_unlearning/orthogonal-concept-erasure/experiments/sequential_object_persistence/outputs/sequential_oce_object_v1_online
retain_once,W05,deer,a photo of the deer,37,79,images/retain_once/W05/deer/index_037_seed_79.png,deer,horse,False,0.0008822663803584874,delete-after-eval,0.00039914430817589164,0.001661436865106225,0.002834463957697153,0.0016816530842334032,0.0008822663803584874,0.005180893931537867,7.333112444030121e-05,0.984295129776001,0.0023603150621056557,0.0006312854238785803,existing_v1_100,/home/tslin/Documents/jupyter_data/anLi/machine_unlearning/orthogonal-concept-erasure/experiments/sequential_object_persistence/outputs/sequential_oce_object_v1_online
retain_once,W05,deer,a photo of the deer,38,80,images/retain_once/W05/deer/index_038_seed_80.png,deer,horse,False,0.0008450219174847007,delete-after-eval,0.00017915877106133848,0.009805647656321526,0.0002307426620973274,0.00017482804832980037,0.0008450219174847007,0.002593098906800151,4.54901201010216e-05,0.9816136360168457,0.0002425858547212556,0.004269788507372141,existing_v1_100,/home/tslin/Documents/jupyter_data/anLi/machine_unlearning/orthogonal-concept-erasure/experiments/sequential_object_persistence/outputs/sequential_oce_object_v1_online
retain_once,W05,deer,a photo of the deer,39,81,images/retain_once/W05/deer/index_039_seed_81.png,deer,horse,False,0.00015013443771749735,delete-after-eval,1.2927761417813599e-05,0.00015050085494294763,0.00016413546109106392,0.000195612883544527,0.00015013443771749735,0.0007232140051200986,6.965684633541969e-07,0.9985499978065491,1.634702130104415e-05,3.637892223196104e-05,existing_v1_100,/home/tslin/Documents/jupyter_data/anLi/machine_unlearning/orthogonal-concept-erasure/experiments/sequential_object_persistence/outputs/sequential_oce_object_v1_online
retain_once,W05,deer,a photo of the deer,40,82,images/retain_once/W05/deer/index_040_seed_82.png,deer,horse,False,4.283317321096547e-05,delete-after-eval,1.080279253073968e-05,0.00011812955926870927,6.830792699474841e-05,0.00015413320215884596,4.283317321096547e-05,0.000278625258943066,6.658686402261083e-07,0.9992709755897522,2.993290218000766e-05,2.555447463237215e-05,existing_v1_100,/home/tslin/Documents/jupyter_data/anLi/machine_unlearning/orthogonal-concept-erasure/experiments/sequential_object_persistence/outputs/sequential_oce_object_v1_online
retain_once,W05,deer,a photo of the deer,41,83,images/retain_once/W05/deer/index_041_seed_83.png,deer,horse,False,0.00384140876121819,delete-after-eval,0.001518100849352777,0.011484484188258648,0.0021438237745314837,0.006846719887107611,0.00384140876121819,0.02113158069550991,0.0013287791516631842,0.9468480348587036,0.0011545028537511826,0.003702570917084813,existing_v1_100,/home/tslin/Documents/jupyter_data/anLi/machine_unlearning/orthogonal-concept-erasure/experiments/sequential_object_persistence/outputs/sequential_oce_object_v1_online
retain_once,W05,deer,a photo of the deer,42,84,images/retain_once/W05/deer/index_042_seed_84.png,deer,horse,False,0.0030754313338547945,delete-after-eval,0.0004542278475128114,0.005863725207746029,0.00043164854287169874,0.0011842402163892984,0.0030754313338547945,0.00999792292714119,3.893315442837775e-05,0.977069079875946,0.0005627546925097704,0.0013220201944932342,existing_v1_100,/home/tslin/Documents/jupyter_data/anLi/machine_unlearning/orthogonal-concept-erasure/experiments/sequential_object_persistence/outputs/sequential_oce_object_v1_online
retain_once,W05,deer,a photo of the deer,43,85,images/retain_once/W05/deer/index_043_seed_85.png,deer,horse,False,0.007014750968664885,delete-after-eval,0.003037794027477503,0.05868608132004738,0.0019128491403535008,0.005899940617382526,0.007014750968664885,0.054074980318546295,0.00023697370488662273,0.5699260234832764,0.03577302768826485,0.26343750953674316,existing_v1_100,/home/tslin/Documents/jupyter_data/anLi/machine_unlearning/orthogonal-concept-erasure/experiments/sequential_object_persistence/outputs/sequential_oce_object_v1_online
retain_once,W05,deer,a photo of the deer,44,86,images/retain_once/W05/deer/index_044_seed_86.png,deer,horse,False,0.005612119100987911,delete-after-eval,0.0011794622987508774,0.011197024956345558,0.0015244028763845563,0.004692545626312494,0.005612119100987911,0.010289930738508701,9.160549234366044e-05,0.9607740044593811,0.0007916133617982268,0.0038473038002848625,existing_v1_100,/home/tslin/Documents/jupyter_data/anLi/machine_unlearning/orthogonal-concept-erasure/experiments/sequential_object_persistence/outputs/sequential_oce_object_v1_online
retain_once,W05,deer,a photo of the deer,45,87,images/retain_once/W05/deer/index_045_seed_87.png,deer,horse,False,0.003212517127394676,delete-after-eval,0.00012543493357952684,0.005367039702832699,0.00021269060380291194,0.0003238749341107905,0.003212517127394676,0.0012948610819876194,9.679885806690436e-06,0.9878325462341309,0.0004731662629637867,0.001148273586295545,existing_v1_100,/home/tslin/Documents/jupyter_data/anLi/machine_unlearning/orthogonal-concept-erasure/experiments/sequential_object_persistence/outputs/sequential_oce_object_v1_online
retain_once,W05,deer,a photo of the deer,46,88,images/retain_once/W05/deer/index_046_seed_88.png,deer,automobile,False,0.03778776898980141,delete-after-eval,0.011245612986385822,0.44452518224716187,0.002416271949186921,0.005727254785597324,0.03778776898980141,0.038324613124132156,0.00035436966572888196,0.2966337502002716,0.015222975984215736,0.1477622240781784,existing_v1_100,/home/tslin/Documents/jupyter_data/anLi/machine_unlearning/orthogonal-concept-erasure/experiments/sequential_object_persistence/outputs/sequential_oce_object_v1_online
retain_once,W05,deer,a photo of the deer,47,89,images/retain_once/W05/deer/index_047_seed_89.png,deer,horse,False,1.0361391105107032e-05,delete-after-eval,7.571697096864227e-06,0.00016682328714523464,3.5473502066452056e-05,5.847766442457214e-05,1.0361391105107032e-05,0.00021990705863572657,1.267691800421744e-07,0.9994398951530457,9.440814210393e-06,5.178443097975105e-05,existing_v1_100,/home/tslin/Documents/jupyter_data/anLi/machine_unlearning/orthogonal-concept-erasure/experiments/sequential_object_persistence/outputs/sequential_oce_object_v1_online
retain_once,W05,deer,a photo of the deer,48,90,images/retain_once/W05/deer/index_048_seed_90.png,deer,horse,False,3.3593059924896806e-05,delete-after-eval,2.6803982109413482e-05,0.001169612049125135,3.427471165196039e-05,0.00011753902799682692,3.3593059924896806e-05,0.00037391248042695224,2.87714499336289e-07,0.9977996945381165,5.4528587497770786e-05,0.0003896947018802166,existing_v1_100,/home/tslin/Documents/jupyter_data/anLi/machine_unlearning/orthogonal-concept-erasure/experiments/sequential_object_persistence/outputs/sequential_oce_object_v1_online
retain_once,W05,deer,a photo of the deer,49,91,images/retain_once/W05/deer/index_049_seed_91.png,deer,horse,False,0.0030176411382853985,delete-after-eval,0.002729822648689151,0.12417145818471909,0.0003592884459067136,0.0012120123719796538,0.0030176411382853985,0.006054528057575226,0.00011797405022662133,0.8304930925369263,0.0042065465822815895,0.027637625113129616,existing_v1_100,/home/tslin/Documents/jupyter_data/anLi/machine_unlearning/orthogonal-concept-erasure/experiments/sequential_object_persistence/outputs/sequential_oce_object_v1_online
retain_once,W05,deer,a photo of the deer,50,92,images/retain_once/W05/deer/index_050_seed_92.png,deer,horse,False,1.550352681078948e-05,delete-after-eval,4.4897064071847126e-05,0.003479280509054661,4.740537406178191e-05,0.00013784605835098773,1.550352681078948e-05,0.0007136157364584506,5.381277333071921e-06,0.99458909034729,0.00018695731705520302,0.0007800341118127108,existing_v1_100,/home/tslin/Documents/jupyter_data/anLi/machine_unlearning/orthogonal-concept-erasure/experiments/sequential_object_persistence/outputs/sequential_oce_object_v1_online
retain_once,W05,deer,a photo of the deer,51,93,images/retain_once/W05/deer/index_051_seed_93.png,deer,horse,False,0.004602930508553982,delete-after-eval,0.00239629577845335,0.011980496346950531,0.001412196084856987,0.007771154399961233,0.004602930508553982,0.2820186913013458,0.00010283222218276933,0.6840572953224182,0.0018734553596004844,0.0037846716586500406,existing_v1_100,/home/tslin/Documents/jupyter_data/anLi/machine_unlearning/orthogonal-concept-erasure/experiments/sequential_object_persistence/outputs/sequential_oce_object_v1_online
retain_once,W05,deer,a photo of the deer,52,94,images/retain_once/W05/deer/index_052_seed_94.png,deer,horse,False,7.695346721448004e-05,delete-after-eval,3.235275289625861e-05,0.0009387537720613182,0.00011920808901777491,0.00012186615640530363,7.695346721448004e-05,0.0005727726384066045,2.3524705738964258e-06,0.9974696636199951,0.00014371781435329467,0.0005224074120633304,existing_v1_100,/home/tslin/Documents/jupyter_data/anLi/machine_unlearning/orthogonal-concept-erasure/experiments/sequential_object_persistence/outputs/sequential_oce_object_v1_online
retain_once,W05,deer,a photo of the deer,53,95,images/retain_once/W05/deer/index_053_seed_95.png,deer,horse,False,0.004504273179918528,delete-after-eval,0.0076197474263608456,0.04373619332909584,0.000838685198687017,0.001839349279180169,0.004504273179918528,0.014356054365634918,5.387752389651723e-05,0.8758516311645508,0.011008177883923054,0.04019204154610634,existing_v1_100,/home/tslin/Documents/jupyter_data/anLi/machine_unlearning/orthogonal-concept-erasure/experiments/sequential_object_persistence/outputs/sequential_oce_object_v1_online
retain_once,W05,deer,a photo of the deer,54,96,images/retain_once/W05/deer/index_054_seed_96.png,deer,horse,False,0.00012609387340489775,delete-after-eval,2.130481880158186e-05,0.000614354619756341,4.580583481583744e-05,5.168954157852568e-05,0.00012609387340489775,0.0004301863955333829,9.500154192210175e-07,0.9985983967781067,4.716945477412082e-05,6.40502548776567e-05,existing_v1_100,/home/tslin/Documents/jupyter_data/anLi/machine_unlearning/orthogonal-concept-erasure/experiments/sequential_object_persistence/outputs/sequential_oce_object_v1_online
retain_once,W05,deer,a photo of the deer,55,97,images/retain_once/W05/deer/index_055_seed_97.png,deer,horse,False,0.00013698902330361307,delete-after-eval,6.977975863264874e-05,0.000948568107560277,7.696914690313861e-05,0.00013096688780933619,0.00013698902330361307,0.001658526249229908,2.045267137873452e-06,0.9961878657341003,0.00022778577113058418,0.0005605018232017756,existing_v1_100,/home/tslin/Documents/jupyter_data/anLi/machine_unlearning/orthogonal-concept-erasure/experiments/sequential_object_persistence/outputs/sequential_oce_object_v1_online
retain_once,W05,deer,a photo of the deer,56,98,images/retain_once/W05/deer/index_056_seed_98.png,deer,horse,False,0.0012936891289427876,delete-after-eval,0.0001302775926887989,0.0050300839357078075,0.000130481508676894,0.0017547736642882228,0.0012936891289427876,0.0055675506591796875,1.086099655367434e-05,0.9849506616592407,0.0004773853288497776,0.0006542742485180497,existing_v1_100,/home/tslin/Documents/jupyter_data/anLi/machine_unlearning/orthogonal-concept-erasure/experiments/sequential_object_persistence/outputs/sequential_oce_object_v1_online
retain_once,W05,deer,a photo of the deer,57,99,images/retain_once/W05/deer/index_057_seed_99.png,deer,horse,False,0.002157315844669938,delete-after-eval,0.00044462550431489944,0.006279108114540577,0.014292730018496513,0.005786361638456583,0.002157315844669938,0.0731804147362709,5.565692117670551e-05,0.8905512690544128,0.002580964472144842,0.004671669099479914,existing_v1_100,/home/tslin/Documents/jupyter_data/anLi/machine_unlearning/orthogonal-concept-erasure/experiments/sequential_object_persistence/outputs/sequential_oce_object_v1_online
retain_once,W05,deer,a photo of the deer,58,100,images/retain_once/W05/deer/index_058_seed_100.png,deer,horse,False,1.6079051420092583e-05,delete-after-eval,1.1512701348692644e-05,0.00013037794269621372,5.015829810872674e-05,2.757190122792963e-05,1.6079051420092583e-05,0.0003661488008219749,1.2318146218603943e-06,0.9993280172348022,1.6301013602060266e-05,5.269554822007194e-05,existing_v1_100,/home/tslin/Documents/jupyter_data/anLi/machine_unlearning/orthogonal-concept-erasure/experiments/sequential_object_persistence/outputs/sequential_oce_object_v1_online
retain_once,W05,deer,a photo of the deer,59,101,images/retain_once/W05/deer/index_059_seed_101.png,deer,horse,False,4.912938311463222e-05,delete-after-eval,1.6943818991421722e-05,0.00047449400881305337,0.0001207937893923372,4.083010207978077e-05,4.912938311463222e-05,0.0005051145562902093,2.0466923160711303e-06,0.9984672665596008,1.0676512829377316e-05,0.0003127218224108219,existing_v1_100,/home/tslin/Documents/jupyter_data/anLi/machine_unlearning/orthogonal-concept-erasure/experiments/sequential_object_persistence/outputs/sequential_oce_object_v1_online
retain_once,W05,deer,a photo of the deer,60,102,images/retain_once/W05/deer/index_060_seed_102.png,deer,horse,False,0.0191210824996233,delete-after-eval,0.0004325145564507693,0.002256582723930478,0.0020296862348914146,0.00262972223572433,0.0191210824996233,0.0477369949221611,0.0024223823565989733,0.9217413067817688,0.0009627937688492239,0.0006668347050435841,existing_v1_100,/home/tslin/Documents/jupyter_data/anLi/machine_unlearning/orthogonal-concept-erasure/experiments/sequential_object_persistence/outputs/sequential_oce_object_v1_online
retain_once,W05,deer,a photo of the deer,61,103,images/retain_once/W05/deer/index_061_seed_103.png,deer,horse,False,0.005407819990068674,delete-after-eval,0.00023887718270998448,0.004943241830915213,0.0009454031242057681,0.00164581008721143,0.005407819990068674,0.008044728077948093,8.455805073026568e-05,0.9778831005096436,0.0002239613386336714,0.0005824781837873161,existing_v1_100,/home/tslin/Documents/jupyter_data/anLi/machine_unlearning/orthogonal-concept-erasure/experiments/sequential_object_persistence/outputs/sequential_oce_object_v1_online
retain_once,W05,deer,a photo of the deer,62,104,images/retain_once/W05/deer/index_062_seed_104.png,deer,horse,False,0.0001915125612867996,delete-after-eval,1.5180747141130269e-05,0.0002556955150794238,6.990539986873046e-05,0.000156525187776424,0.0001915125612867996,0.0009826801251620054,9.76650653683464e-07,0.9981623291969299,1.4148393347568344e-05,0.00015105860074982047,existing_v1_100,/home/tslin/Documents/jupyter_data/anLi/machine_unlearning/orthogonal-concept-erasure/experiments/sequential_object_persistence/outputs/sequential_oce_object_v1_online
retain_once,W05,deer,a photo of the deer,63,105,images/retain_once/W05/deer/index_063_seed_105.png,deer,horse,False,0.0018027545884251595,delete-after-eval,0.000427614722866565,0.003127048024907708,0.00014197934069670737,0.00027334789047017694,0.0018027545884251595,0.008522015996277332,2.3233104002429172e-05,0.9826410412788391,0.0003757719532586634,0.0026651876978576183,existing_v1_100,/home/tslin/Documents/jupyter_data/anLi/machine_unlearning/orthogonal-concept-erasure/experiments/sequential_object_persistence/outputs/sequential_oce_object_v1_online
retain_once,W05,deer,a photo of the deer,64,106,images/retain_once/W05/deer/index_064_seed_106.png,deer,horse,False,0.0014358345651999116,delete-after-eval,0.0004419703036546707,0.001328682410530746,0.0009008561610244215,0.0004978626384399831,0.0014358345651999116,0.0026893673930317163,0.00028308224864304066,0.9916353225708008,0.0003796210512518883,0.0004073104646522552,existing_v1_100,/home/tslin/Documents/jupyter_data/anLi/machine_unlearning/orthogonal-concept-erasure/experiments/sequential_object_persistence/outputs/sequential_oce_object_v1_online
retain_once,W05,deer,a photo of the deer,65,107,images/retain_once/W05/deer/index_065_seed_107.png,deer,horse,False,0.006802712567150593,delete-after-eval,8.964956214185804e-05,0.00485115684568882,0.00019537431944627315,0.0013695849338546395,0.006802712567150593,0.01459257211536169,4.170664851699257e-06,0.9665202498435974,0.0012445737374946475,0.004329935181885958,existing_v1_100,/home/tslin/Documents/jupyter_data/anLi/machine_unlearning/orthogonal-concept-erasure/experiments/sequential_object_persistence/outputs/sequential_oce_object_v1_online
retain_once,W05,deer,a photo of the deer,66,108,images/retain_once/W05/deer/index_066_seed_108.png,deer,horse,False,0.0006440799334086478,delete-after-eval,0.00023375263845082372,0.0012537515722215176,0.000201146409381181,0.00023954434436745942,0.0006440799334086478,0.003959618508815765,0.0001007432583719492,0.9891747236251831,0.0011896983487531543,0.0030030137859284878,existing_v1_100,/home/tslin/Documents/jupyter_data/anLi/machine_unlearning/orthogonal-concept-erasure/experiments/sequential_object_persistence/outputs/sequential_oce_object_v1_online
retain_once,W05,deer,a photo of the deer,67,109,images/retain_once/W05/deer/index_067_seed_109.png,deer,horse,False,0.0005296515882946551,delete-after-eval,8.80614788911771e-06,6.902725726831704e-05,3.624053351813927e-05,0.00017323622887488455,0.0005296515882946551,0.0004010117263533175,7.773869015181845e-07,0.9987075328826904,1.7148522601928562e-05,5.650457023875788e-05,existing_v1_100,/home/tslin/Documents/jupyter_data/anLi/machine_unlearning/orthogonal-concept-erasure/experiments/sequential_object_persistence/outputs/sequential_oce_object_v1_online
retain_once,W05,deer,a photo of the deer,68,110,images/retain_once/W05/deer/index_068_seed_110.png,deer,horse,False,0.006344350054860115,delete-after-eval,6.505470810225233e-05,0.000622385588940233,0.00012088115909136832,0.0017091064946725965,0.006344350054860115,0.006715018302202225,0.00014513735368382186,0.9840811491012573,2.26528245548252e-05,0.00017429442959837615,existing_v1_100,/home/tslin/Documents/jupyter_data/anLi/machine_unlearning/orthogonal-concept-erasure/experiments/sequential_object_persistence/outputs/sequential_oce_object_v1_online
retain_once,W05,deer,a photo of the deer,69,111,images/retain_once/W05/deer/index_069_seed_111.png,deer,horse,False,0.008376223966479301,delete-after-eval,0.0023439277429133654,0.020816663280129433,0.0012166749220341444,0.0054793329909443855,0.008376223966479301,0.03203960508108139,0.0003003799938596785,0.9074036478996277,0.005576746072620153,0.01644686795771122,existing_v1_100,/home/tslin/Documents/jupyter_data/anLi/machine_unlearning/orthogonal-concept-erasure/experiments/sequential_object_persistence/outputs/sequential_oce_object_v1_online
retain_once,W05,deer,a photo of the deer,70,112,images/retain_once/W05/deer/index_070_seed_112.png,deer,horse,False,0.004488219972699881,delete-after-eval,0.00034593333839438856,0.001383114606142044,0.00013530701107811183,0.003032002365216613,0.004488219972699881,0.07318165898323059,2.475325709383469e-05,0.9125188589096069,0.0016667611198499799,0.0032233602833002806,existing_v1_100,/home/tslin/Documents/jupyter_data/anLi/machine_unlearning/orthogonal-concept-erasure/experiments/sequential_object_persistence/outputs/sequential_oce_object_v1_online
retain_once,W05,deer,a photo of the deer,71,113,images/retain_once/W05/deer/index_071_seed_113.png,deer,horse,False,9.99960393528454e-05,delete-after-eval,1.4836007721896749e-05,0.0002086033346131444,6.674207543255761e-05,0.00018622592324391007,9.99960393528454e-05,0.00038483532262034714,4.965761490893783e-07,0.9989025592803955,3.42780513165053e-05,0.00010134375770576298,existing_v1_100,/home/tslin/Documents/jupyter_data/anLi/machine_unlearning/orthogonal-concept-erasure/experiments/sequential_object_persistence/outputs/sequential_oce_object_v1_online
retain_once,W05,deer,a photo of the deer,72,114,images/retain_once/W05/deer/index_072_seed_114.png,deer,horse,False,9.712218161439523e-05,delete-after-eval,4.4059863284928724e-05,0.001682281494140625,8.52328521432355e-05,0.00019064662046730518,9.712218161439523e-05,0.0008755972958169878,4.301654371374752e-06,0.9964085221290588,3.8148966268636286e-05,0.0005739679327234626,existing_v1_100,/home/tslin/Documents/jupyter_data/anLi/machine_unlearning/orthogonal-concept-erasure/experiments/sequential_object_persistence/outputs/sequential_oce_object_v1_online
retain_once,W05,deer,a photo of the deer,73,115,images/retain_once/W05/deer/index_073_seed_115.png,deer,horse,False,0.006969016045331955,delete-after-eval,0.00018508748325984925,0.00325524783693254,0.0002274475118611008,0.00041079201037064195,0.006969016045331955,0.0035084416158497334,7.477746839867905e-05,0.984852135181427,6.482427124865353e-05,0.00045227649388834834,existing_v1_100,/home/tslin/Documents/jupyter_data/anLi/machine_unlearning/orthogonal-concept-erasure/experiments/sequential_object_persistence/outputs/sequential_oce_object_v1_online
retain_once,W05,deer,a photo of the deer,74,116,images/retain_once/W05/deer/index_074_seed_116.png,deer,horse,False,1.4556193491443992e-05,delete-after-eval,1.8897357222158462e-05,0.000260817731032148,8.731551497476175e-05,8.127609180519357e-05,1.4556193491443992e-05,0.0012840371346101165,8.569929832447087e-07,0.9979756474494934,2.689038956305012e-05,0.0002497584791854024,existing_v1_100,/home/tslin/Documents/jupyter_data/anLi/machine_unlearning/orthogonal-concept-erasure/experiments/sequential_object_persistence/outputs/sequential_oce_object_v1_online
retain_once,W05,deer,a photo of the deer,75,117,images/retain_once/W05/deer/index_075_seed_117.png,deer,horse,False,3.5163680877303705e-05,delete-after-eval,5.7142460718750954e-05,0.00037092907587066293,0.0001688933843979612,0.00016756850527599454,3.5163680877303705e-05,0.0006322558037936687,4.187293143331772e-06,0.9982183575630188,5.237085133558139e-05,0.0002931409399025142,existing_v1_100,/home/tslin/Documents/jupyter_data/anLi/machine_unlearning/orthogonal-concept-erasure/experiments/sequential_object_persistence/outputs/sequential_oce_object_v1_online
retain_once,W05,deer,a photo of the deer,76,118,images/retain_once/W05/deer/index_076_seed_118.png,deer,horse,False,2.2882257326273248e-05,delete-after-eval,1.887704274849966e-05,0.000296116282697767,4.0093942516250536e-05,5.317402974469587e-05,2.2882257326273248e-05,0.0003077155561186373,1.1440915415050767e-07,0.9991129040718079,1.797190088836942e-05,0.00013019658217672259,existing_v1_100,/home/tslin/Documents/jupyter_data/anLi/machine_unlearning/orthogonal-concept-erasure/experiments/sequential_object_persistence/outputs/sequential_oce_object_v1_online
retain_once,W05,deer,a photo of the deer,77,119,images/retain_once/W05/deer/index_077_seed_119.png,deer,horse,False,0.0011728516547009349,delete-after-eval,0.00047274286043830216,0.010661439038813114,0.0005851942114531994,0.0021457511465996504,0.0011728516547009349,0.023365871980786324,4.2771545849973336e-05,0.952167272567749,0.0009507757495157421,0.008435419760644436,existing_v1_100,/home/tslin/Documents/jupyter_data/anLi/machine_unlearning/orthogonal-concept-erasure/experiments/sequential_object_persistence/outputs/sequential_oce_object_v1_online
retain_once,W05,deer,a photo of the deer,78,120,images/retain_once/W05/deer/index_078_seed_120.png,deer,horse,False,0.0015400958945974708,delete-after-eval,0.00034525932278484106,0.0005334991146810353,0.00024347042199224234,0.0006571594858542085,0.0015400958945974708,0.005042532458901405,1.7707046936266124e-05,0.9910978078842163,8.71478405315429e-05,0.00043537700548768044,existing_v1_100,/home/tslin/Documents/jupyter_data/anLi/machine_unlearning/orthogonal-concept-erasure/experiments/sequential_object_persistence/outputs/sequential_oce_object_v1_online
retain_once,W05,deer,a photo of the deer,79,121,images/retain_once/W05/deer/index_079_seed_121.png,deer,horse,False,0.0037240670062601566,delete-after-eval,0.006389860063791275,0.03674888238310814,0.0011229125084355474,0.006431212183088064,0.0037240670062601566,0.0590256042778492,0.0004493159940466285,0.8540741801261902,0.0063367486000061035,0.025697117671370506,existing_v1_100,/home/tslin/Documents/jupyter_data/anLi/machine_unlearning/orthogonal-concept-erasure/experiments/sequential_object_persistence/outputs/sequential_oce_object_v1_online
retain_once,W05,deer,a photo of the deer,80,122,images/retain_once/W05/deer/index_080_seed_122.png,deer,horse,False,0.00205505290068686,delete-after-eval,0.001617475296370685,0.011028861626982689,0.00038815109292045236,0.0005540455458685756,0.00205505290068686,0.01582987606525421,1.4751428352610674e-05,0.9557409286499023,0.0015481467125937343,0.011222666129469872,existing_v1_100,/home/tslin/Documents/jupyter_data/anLi/machine_unlearning/orthogonal-concept-erasure/experiments/sequential_object_persistence/outputs/sequential_oce_object_v1_online
retain_once,W05,deer,a photo of the deer,81,123,images/retain_once/W05/deer/index_081_seed_123.png,deer,horse,False,0.001703896326944232,delete-after-eval,5.185789996176027e-05,0.00679333321750164,5.768397022620775e-05,0.00012108150986023247,0.001703896326944232,0.000682725862134248,1.1584083949855994e-06,0.9867543578147888,0.0005195697885937989,0.0033144012559205294,existing_v1_100,/home/tslin/Documents/jupyter_data/anLi/machine_unlearning/orthogonal-concept-erasure/experiments/sequential_object_persistence/outputs/sequential_oce_object_v1_online
retain_once,W05,deer,a photo of the deer,82,124,images/retain_once/W05/deer/index_082_seed_124.png,deer,horse,False,6.928455695742741e-05,delete-after-eval,1.478040030633565e-05,0.0007691694772802293,0.0001366698561469093,0.0002464586868882179,6.928455695742741e-05,0.0007999622030183673,5.473904366226634e-06,0.997728168964386,3.372687933733687e-05,0.00019640220853034407,existing_v1_100,/home/tslin/Documents/jupyter_data/anLi/machine_unlearning/orthogonal-concept-erasure/experiments/sequential_object_persistence/outputs/sequential_oce_object_v1_online
retain_once,W05,deer,a photo of the deer,83,125,images/retain_once/W05/deer/index_083_seed_125.png,deer,horse,False,1.425172285962617e-05,delete-after-eval,1.1947777238674462e-05,0.00041922691161744297,5.2745643188245595e-05,0.00011000979429809377,1.425172285962617e-05,0.00026795692974701524,2.813918911215296e-07,0.9990100860595703,3.053679392905906e-05,8.290111873066053e-05,existing_v1_100,/home/tslin/Documents/jupyter_data/anLi/machine_unlearning/orthogonal-concept-erasure/experiments/sequential_object_persistence/outputs/sequential_oce_object_v1_online
retain_once,W05,deer,a photo of the deer,84,126,images/retain_once/W05/deer/index_084_seed_126.png,deer,horse,False,0.0010500046191737056,delete-after-eval,0.010769370011985302,0.18009355664253235,0.006878159940242767,0.00899752788245678,0.0010500046191737056,0.06741976737976074,0.0004065197426825762,0.6554411053657532,0.019977731630206108,0.048966243863105774,existing_v1_100,/home/tslin/Documents/jupyter_data/anLi/machine_unlearning/orthogonal-concept-erasure/experiments/sequential_object_persistence/outputs/sequential_oce_object_v1_online
retain_once,W05,deer,a photo of the deer,85,127,images/retain_once/W05/deer/index_085_seed_127.png,deer,horse,False,0.0033044342417269945,delete-after-eval,0.0005978067056275904,0.004650959745049477,0.0031773343216627836,0.001958779990673065,0.0033044342417269945,0.03859174624085426,0.005619724281132221,0.9317843914031982,0.0007686583558097482,0.00954629946500063,existing_v1_100,/home/tslin/Documents/jupyter_data/anLi/machine_unlearning/orthogonal-concept-erasure/experiments/sequential_object_persistence/outputs/sequential_oce_object_v1_online
retain_once,W05,deer,a photo of the deer,86,128,images/retain_once/W05/deer/index_086_seed_128.png,deer,horse,False,0.006152908317744732,delete-after-eval,0.005453649442642927,0.1098121702671051,0.00328795681707561,0.007755953818559647,0.006152908317744732,0.02939026989042759,0.0006475655827671289,0.8091502785682678,0.015414145775139332,0.012935154139995575,existing_v1_100,/home/tslin/Documents/jupyter_data/anLi/machine_unlearning/orthogonal-concept-erasure/experiments/sequential_object_persistence/outputs/sequential_oce_object_v1_online
retain_once,W05,deer,a photo of the deer,87,129,images/retain_once/W05/deer/index_087_seed_129.png,deer,horse,False,0.015092316083610058,delete-after-eval,0.005160223226994276,0.07420612126588821,0.02859525755047798,0.002521996386349201,0.015092316083610058,0.012339458800852299,0.00039851144538260996,0.8178339600563049,0.0050054010935127735,0.03884681314229965,existing_v1_100,/home/tslin/Documents/jupyter_data/anLi/machine_unlearning/orthogonal-concept-erasure/experiments/sequential_object_persistence/outputs/sequential_oce_object_v1_online
retain_once,W05,deer,a photo of the deer,88,130,images/retain_once/W05/deer/index_088_seed_130.png,deer,horse,False,0.019581899046897888,delete-after-eval,0.005979630164802074,0.13912001252174377,0.0020369982812553644,0.004657598212361336,0.019581899046897888,0.02886822447180748,0.0005540503188967705,0.735287606716156,0.007608502637594938,0.056305501610040665,existing_v1_100,/home/tslin/Documents/jupyter_data/anLi/machine_unlearning/orthogonal-concept-erasure/experiments/sequential_object_persistence/outputs/sequential_oce_object_v1_online
retain_once,W05,deer,a photo of the deer,89,131,images/retain_once/W05/deer/index_089_seed_131.png,deer,horse,False,0.009768227115273476,delete-after-eval,0.00278264912776649,0.03969499468803406,0.0009968123631551862,0.0038759836461395025,0.009768227115273476,0.08019312471151352,0.0006839052075520158,0.8378339409828186,0.006665291730314493,0.017505059018731117,existing_v1_100,/home/tslin/Documents/jupyter_data/anLi/machine_unlearning/orthogonal-concept-erasure/experiments/sequential_object_persistence/outputs/sequential_oce_object_v1_online
retain_once,W05,deer,a photo of the deer,90,132,images/retain_once/W05/deer/index_090_seed_132.png,deer,horse,False,0.0031592126470059156,delete-after-eval,0.0009708011639304459,0.006673743017017841,0.0002670047106221318,0.0006497072172351182,0.0031592126470059156,0.010192443616688251,3.6046405966772e-06,0.9720773696899414,0.0010223473655059934,0.004983694292604923,existing_v1_100,/home/tslin/Documents/jupyter_data/anLi/machine_unlearning/orthogonal-concept-erasure/experiments/sequential_object_persistence/outputs/sequential_oce_object_v1_online
retain_once,W05,deer,a photo of the deer,91,133,images/retain_once/W05/deer/index_091_seed_133.png,deer,horse,False,0.0001237154210684821,delete-after-eval,9.613392649043817e-06,0.00016560636868234724,7.523654494434595e-05,0.00010316758562112227,0.0001237154210684821,0.0006195536116138101,1.4761410511709983e-06,0.9987967014312744,8.259143214672804e-06,9.677345951786265e-05,existing_v1_100,/home/tslin/Documents/jupyter_data/anLi/machine_unlearning/orthogonal-concept-erasure/experiments/sequential_object_persistence/outputs/sequential_oce_object_v1_online
retain_once,W05,deer,a photo of the deer,92,134,images/retain_once/W05/deer/index_092_seed_134.png,deer,horse,False,0.0009115072898566723,delete-after-eval,4.804512718692422e-05,0.0010141171514987946,0.00011005991109414026,0.001130572403781116,0.0009115072898566723,0.002196821616962552,6.755975618943921e-07,0.9941151142120361,0.00017039748490788043,0.0003027258499059826,existing_v1_100,/home/tslin/Documents/jupyter_data/anLi/machine_unlearning/orthogonal-concept-erasure/experiments/sequential_object_persistence/outputs/sequential_oce_object_v1_online
retain_once,W05,deer,a photo of the deer,93,135,images/retain_once/W05/deer/index_093_seed_135.png,deer,horse,False,0.0036918886471539736,delete-after-eval,0.00022163355606608093,0.0004063578671775758,0.030033357441425323,0.004065635148435831,0.0036918886471539736,0.010020656511187553,0.00120297831017524,0.9495142698287964,0.00037612864980474114,0.0004671462229453027,existing_v1_100,/home/tslin/Documents/jupyter_data/anLi/machine_unlearning/orthogonal-concept-erasure/experiments/sequential_object_persistence/outputs/sequential_oce_object_v1_online
retain_once,W05,deer,a photo of the deer,94,136,images/retain_once/W05/deer/index_094_seed_136.png,deer,bird,False,0.0012781353434547782,delete-after-eval,0.001316390815190971,0.0012638207990676165,0.7664507031440735,0.007655820809304714,0.0012781353434547782,0.04590076953172684,0.035510655492544174,0.1332918256521225,0.0006959115853533149,0.006636006757616997,existing_v1_100,/home/tslin/Documents/jupyter_data/anLi/machine_unlearning/orthogonal-concept-erasure/experiments/sequential_object_persistence/outputs/sequential_oce_object_v1_online
retain_once,W05,deer,a photo of the deer,95,137,images/retain_once/W05/deer/index_095_seed_137.png,deer,horse,False,1.4607485354645178e-05,delete-after-eval,5.0129907322116196e-05,0.0008859677473083138,3.463395114522427e-05,4.262803849996999e-05,1.4607485354645178e-05,0.00046387730981223285,1.3339765700948192e-06,0.9981282353401184,2.0330213374109007e-05,0.00035826247767545283,existing_v1_100,/home/tslin/Documents/jupyter_data/anLi/machine_unlearning/orthogonal-concept-erasure/experiments/sequential_object_persistence/outputs/sequential_oce_object_v1_online
retain_once,W05,deer,a photo of the deer,96,138,images/retain_once/W05/deer/index_096_seed_138.png,deer,horse,False,8.560789137845859e-05,delete-after-eval,0.00025972601724788547,0.0023420171346515417,0.00018830798217095435,0.00019363034516572952,8.560789137845859e-05,0.0005732423742301762,3.795888005697634e-06,0.9954888224601746,0.00022927475220058113,0.0006354940705932677,existing_v1_100,/home/tslin/Documents/jupyter_data/anLi/machine_unlearning/orthogonal-concept-erasure/experiments/sequential_object_persistence/outputs/sequential_oce_object_v1_online
retain_once,W05,deer,a photo of the deer,97,139,images/retain_once/W05/deer/index_097_seed_139.png,deer,horse,False,2.805621625157073e-05,delete-after-eval,8.149919267452788e-06,0.00015539879677817225,0.0001093375394702889,7.647052552783862e-05,2.805621625157073e-05,0.0007202046690508723,1.2044978348058066e-06,0.9988372921943665,6.846250926173525e-06,5.705745206796564e-05,existing_v1_100,/home/tslin/Documents/jupyter_data/anLi/machine_unlearning/orthogonal-concept-erasure/experiments/sequential_object_persistence/outputs/sequential_oce_object_v1_online
retain_once,W05,deer,a photo of the deer,98,140,images/retain_once/W05/deer/index_098_seed_140.png,deer,horse,False,0.016040295362472534,delete-after-eval,0.0001503781386418268,0.007631783373653889,0.0025714526418596506,0.010697580873966217,0.016040295362472534,0.41980597376823425,0.0032170359045267105,0.5376491546630859,0.000668861554004252,0.0015674633905291557,existing_v1_100,/home/tslin/Documents/jupyter_data/anLi/machine_unlearning/orthogonal-concept-erasure/experiments/sequential_object_persistence/outputs/sequential_oce_object_v1_online
retain_once,W05,deer,a photo of the deer,99,141,images/retain_once/W05/deer/index_099_seed_141.png,deer,horse,False,0.000484422838781029,delete-after-eval,0.003235927317291498,0.018906787037849426,0.00030216790037229657,0.0003294421767350286,0.000484422838781029,0.015848184004426003,3.71181704394985e-05,0.9340019822120667,0.0019039444159716368,0.02495005540549755,existing_v1_100,/home/tslin/Documents/jupyter_data/anLi/machine_unlearning/orthogonal-concept-erasure/experiments/sequential_object_persistence/outputs/sequential_oce_object_v1_online
retain_once,W05,deer,a photo of the deer,100,142,images/experiment1_sequential_own_step/retain_once/W05/deer/index_100_seed_142.png,deer,horse,False,0.0005891854525543749,delete-after-eval,5.13935592607595e-05,0.0008391457377001643,0.00017703583580441773,0.00038570951437577605,0.0005891854525543749,0.0016286249738186598,1.3753910934610758e-05,0.995677649974823,4.382838596939109e-05,0.0005935924709774554,new_followup_supplement,/home/tslin/Documents/jupyter_data/anLi/machine_unlearning/orthogonal-concept-erasure/experiments/sequential_object_followup/outputs/sequential_oce_object_followup_v1
retain_once,W05,deer,a photo of the deer,101,143,images/experiment1_sequential_own_step/retain_once/W05/deer/index_101_seed_143.png,deer,horse,False,0.0011271139374002814,delete-after-eval,0.00010208522871835157,0.00019490972044877708,0.00012358628737274557,0.0005625536432489753,0.0011271139374002814,0.0025606879498809576,1.1734545296349097e-05,0.9950897097587585,1.7456462956033647e-05,0.0002102919388562441,new_followup_supplement,/home/tslin/Documents/jupyter_data/anLi/machine_unlearning/orthogonal-concept-erasure/experiments/sequential_object_followup/outputs/sequential_oce_object_followup_v1
retain_once,W05,deer,a photo of the deer,102,144,images/experiment1_sequential_own_step/retain_once/W05/deer/index_102_seed_144.png,deer,horse,False,4.047162292408757e-05,delete-after-eval,4.7411336709046736e-05,0.001984622562304139,5.944497024756856e-05,0.00019016840087715536,4.047162292408757e-05,0.0008739040931686759,1.4618281056755222e-06,0.9955312609672546,0.00027870931080542505,0.0009926893981173635,new_followup_supplement,/home/tslin/Documents/jupyter_data/anLi/machine_unlearning/orthogonal-concept-erasure/experiments/sequential_object_followup/outputs/sequential_oce_object_followup_v1
retain_once,W05,deer,a photo of the deer,103,145,images/experiment1_sequential_own_step/retain_once/W05/deer/index_103_seed_145.png,deer,horse,False,4.618863022187725e-05,delete-after-eval,5.5504401643702295e-06,9.856685937847942e-05,0.00010280226706527174,0.00020790405687876046,4.618863022187725e-05,0.0004945046384818852,2.5402221126569202e-06,0.9990046620368958,8.919931133277714e-06,2.833040343830362e-05,new_followup_supplement,/home/tslin/Documents/jupyter_data/anLi/machine_unlearning/orthogonal-concept-erasure/experiments/sequential_object_followup/outputs/sequential_oce_object_followup_v1
retain_once,W05,deer,a photo of the deer,104,146,images/experiment1_sequential_own_step/retain_once/W05/deer/index_104_seed_146.png,deer,horse,False,2.002857581828721e-05,delete-after-eval,4.530535443336703e-05,0.00016351253725588322,3.4505432267906144e-05,5.1247388910269365e-05,2.002857581828721e-05,0.00031331818900071084,1.0991800536430674e-06,0.9992595314979553,3.030868356290739e-05,8.108765905490145e-05,new_followup_supplement,/home/tslin/Documents/jupyter_data/anLi/machine_unlearning/orthogonal-concept-erasure/experiments/sequential_object_followup/outputs/sequential_oce_object_followup_v1
retain_once,W05,deer,a photo of the deer,105,147,images/experiment1_sequential_own_step/retain_once/W05/deer/index_105_seed_147.png,deer,horse,False,0.011046335101127625,delete-after-eval,0.000682294019497931,0.0052981083281338215,0.0009836188983172178,0.0020686008501797915,0.011046335101127625,0.016143877059221268,0.0007387720397673547,0.9493348002433777,0.0008569055935367942,0.012846643105149269,new_followup_supplement,/home/tslin/Documents/jupyter_data/anLi/machine_unlearning/orthogonal-concept-erasure/experiments/sequential_object_followup/outputs/sequential_oce_object_followup_v1
retain_once,W05,deer,a photo of the deer,106,148,images/experiment1_sequential_own_step/retain_once/W05/deer/index_106_seed_148.png,deer,horse,False,0.0010549194412305951,delete-after-eval,0.0002715527662076056,0.0003962646296713501,0.00022566724510397762,0.000318218139000237,0.0010549194412305951,0.0022743078880012035,1.793203773559071e-05,0.9916608929634094,0.003609588136896491,0.00017060204118024558,new_followup_supplement,/home/tslin/Documents/jupyter_data/anLi/machine_unlearning/orthogonal-concept-erasure/experiments/sequential_object_followup/outputs/sequential_oce_object_followup_v1
retain_once,W05,deer,a photo of the deer,107,149,images/experiment1_sequential_own_step/retain_once/W05/deer/index_107_seed_149.png,deer,horse,False,0.03313373401761055,delete-after-eval,0.0015046013286337256,0.015684498474001884,0.0006783231510780752,0.006281333044171333,0.03313373401761055,0.11592303961515427,0.00022155165788717568,0.8106516599655151,0.004363751504570246,0.011557459831237793,new_followup_supplement,/home/tslin/Documents/jupyter_data/anLi/machine_unlearning/orthogonal-concept-erasure/experiments/sequential_object_followup/outputs/sequential_oce_object_followup_v1
retain_once,W05,deer,a photo of the deer,108,150,images/experiment1_sequential_own_step/retain_once/W05/deer/index_108_seed_150.png,deer,horse,False,0.0022993942257016897,delete-after-eval,0.000319779064739123,0.013547001406550407,0.0008556360262446105,0.002318193204700947,0.0022993942257016897,0.00465653371065855,3.19206046697218e-05,0.9733273386955261,0.00047791204997338355,0.0021663401275873184,new_followup_supplement,/home/tslin/Documents/jupyter_data/anLi/machine_unlearning/orthogonal-concept-erasure/experiments/sequential_object_followup/outputs/sequential_oce_object_followup_v1
retain_once,W05,deer,a photo of the deer,109,151,images/experiment1_sequential_own_step/retain_once/W05/deer/index_109_seed_151.png,deer,horse,False,0.0026850723661482334,delete-after-eval,0.00036463545984588563,0.0038771163672208786,0.0010264012962579727,0.0026260416489094496,0.0026850723661482334,0.005996663123369217,3.772095078602433e-05,0.9748176336288452,0.001101531321182847,0.007467139046639204,new_followup_supplement,/home/tslin/Documents/jupyter_data/anLi/machine_unlearning/orthogonal-concept-erasure/experiments/sequential_object_followup/outputs/sequential_oce_object_followup_v1
retain_once,W05,deer,a photo of the deer,110,152,images/experiment1_sequential_own_step/retain_once/W05/deer/index_110_seed_152.png,deer,horse,False,0.0012838364345952868,delete-after-eval,3.7705449358327314e-05,0.0010657007806003094,3.6349611036712304e-05,0.0005408409051597118,0.0012838364345952868,0.0018236034084111452,1.4353944379763561e-06,0.9947677850723267,5.636599598801695e-05,0.00038643457810394466,new_followup_supplement,/home/tslin/Documents/jupyter_data/anLi/machine_unlearning/orthogonal-concept-erasure/experiments/sequential_object_followup/outputs/sequential_oce_object_followup_v1
retain_once,W05,deer,a photo of the deer,111,153,images/experiment1_sequential_own_step/retain_once/W05/deer/index_111_seed_153.png,deer,horse,False,8.45557005959563e-05,delete-after-eval,1.2738491932395846e-05,0.00021624572400469333,7.554930198239163e-05,0.00014759339683223516,8.45557005959563e-05,0.0005259356112219393,7.994883617357118e-07,0.9988346695899963,3.6742618249263614e-05,6.507453508675098e-05,new_followup_supplement,/home/tslin/Documents/jupyter_data/anLi/machine_unlearning/orthogonal-concept-erasure/experiments/sequential_object_followup/outputs/sequential_oce_object_followup_v1
retain_once,W05,deer,a photo of the deer,112,154,images/experiment1_sequential_own_step/retain_once/W05/deer/index_112_seed_154.png,deer,horse,False,4.8736219468992203e-05,delete-after-eval,1.2622823305719066e-05,0.0008850565645843744,6.770497566321865e-05,6.497576396213844e-05,4.8736219468992203e-05,0.0015832704957574606,6.182624474604381e-07,0.9970332384109497,4.2870491597568616e-05,0.000260804605204612,new_followup_supplement,/home/tslin/Documents/jupyter_data/anLi/machine_unlearning/orthogonal-concept-erasure/experiments/sequential_object_followup/outputs/sequential_oce_object_followup_v1
retain_once,W05,deer,a photo of the deer,113,155,images/experiment1_sequential_own_step/retain_once/W05/deer/index_113_seed_155.png,deer,horse,False,0.0004392925766296685,delete-after-eval,1.169269216916291e-05,0.00036613718839362264,0.0003383884613867849,0.0002634271513670683,0.0004392925766296685,0.0011616124538704753,2.0573349956976017e-06,0.9971277117729187,6.175348971737549e-05,0.00022794240794610232,new_followup_supplement,/home/tslin/Documents/jupyter_data/anLi/machine_unlearning/orthogonal-concept-erasure/experiments/sequential_object_followup/outputs/sequential_oce_object_followup_v1
retain_once,W05,deer,a photo of the deer,114,156,images/experiment1_sequential_own_step/retain_once/W05/deer/index_114_seed_156.png,deer,horse,False,0.0001915941247716546,delete-after-eval,0.00019725113816093653,0.0010634412756189704,0.00011146613542223349,9.647694241721183e-05,0.0001915941247716546,0.0008474144851788878,5.307501851348206e-06,0.9967814683914185,0.0002251149562653154,0.00048040144611150026,new_followup_supplement,/home/tslin/Documents/jupyter_data/anLi/machine_unlearning/orthogonal-concept-erasure/experiments/sequential_object_followup/outputs/sequential_oce_object_followup_v1
retain_once,W05,deer,a photo of the deer,115,157,images/experiment1_sequential_own_step/retain_once/W05/deer/index_115_seed_157.png,deer,horse,False,0.0006171832210384309,delete-after-eval,1.270073789783055e-05,0.0010453581344336271,0.00012033392704324797,0.00019495947344694287,0.0006171832210384309,0.0009778232779353857,1.6651308669679565e-06,0.9962343573570251,0.00015374513168353587,0.0006417788099497557,new_followup_supplement,/home/tslin/Documents/jupyter_data/anLi/machine_unlearning/orthogonal-concept-erasure/experiments/sequential_object_followup/outputs/sequential_oce_object_followup_v1
retain_once,W05,deer,a photo of the deer,116,158,images/experiment1_sequential_own_step/retain_once/W05/deer/index_116_seed_158.png,deer,horse,False,0.004524978809058666,delete-after-eval,0.0002944261359516531,0.009477172046899796,0.00030263757798820734,0.0006088893278501928,0.004524978809058666,0.004260003566741943,0.00017056695651262999,0.9757190346717834,0.00035938009386882186,0.004282946232706308,new_followup_supplement,/home/tslin/Documents/jupyter_data/anLi/machine_unlearning/orthogonal-concept-erasure/experiments/sequential_object_followup/outputs/sequential_oce_object_followup_v1
retain_once,W05,deer,a photo of the deer,117,159,images/experiment1_sequential_own_step/retain_once/W05/deer/index_117_seed_159.png,deer,horse,False,0.028617901727557182,delete-after-eval,0.0035230626817792654,0.01886095106601715,0.004306177143007517,0.005644126795232296,0.028617901727557182,0.03609804809093475,0.0012100923340767622,0.8747608065605164,0.0025172478053718805,0.024461572989821434,new_followup_supplement,/home/tslin/Documents/jupyter_data/anLi/machine_unlearning/orthogonal-concept-erasure/experiments/sequential_object_followup/outputs/sequential_oce_object_followup_v1
retain_once,W05,deer,a photo of the deer,118,160,images/experiment1_sequential_own_step/retain_once/W05/deer/index_118_seed_160.png,deer,horse,False,1.2616508684004657e-05,delete-after-eval,8.428775799984578e-06,0.00013715958630200475,7.260646088980138e-05,5.8595418522600085e-05,1.2616508684004657e-05,0.0003794921503867954,1.4893933553139505e-07,0.9991914629936218,5.2306349971331656e-05,8.717812306713313e-05,new_followup_supplement,/home/tslin/Documents/jupyter_data/anLi/machine_unlearning/orthogonal-concept-erasure/experiments/sequential_object_followup/outputs/sequential_oce_object_followup_v1
retain_once,W05,deer,a photo of the deer,119,161,images/experiment1_sequential_own_step/retain_once/W05/deer/index_119_seed_161.png,deer,horse,False,0.0006089317612349987,delete-after-eval,0.00043406974873505533,0.0028572806622833014,0.00014920806279405951,0.0004277567786630243,0.0006089317612349987,0.0025527977850288153,1.2579954272951e-05,0.990622341632843,0.00029279792215675116,0.0020421582739800215,new_followup_supplement,/home/tslin/Documents/jupyter_data/anLi/machine_unlearning/orthogonal-concept-erasure/experiments/sequential_object_followup/outputs/sequential_oce_object_followup_v1
retain_once,W05,deer,a photo of the deer,120,162,images/experiment1_sequential_own_step/retain_once/W05/deer/index_120_seed_162.png,deer,horse,False,0.0004664250591304153,delete-after-eval,0.0041321138851344585,0.03325921669602394,0.0010649374453350902,0.00237734941765666,0.0004664250591304153,0.0715821385383606,0.00022441662440542132,0.8434168696403503,0.00387938623316586,0.039597220718860626,new_followup_supplement,/home/tslin/Documents/jupyter_data/anLi/machine_unlearning/orthogonal-concept-erasure/experiments/sequential_object_followup/outputs/sequential_oce_object_followup_v1
retain_once,W05,deer,a photo of the deer,121,163,images/experiment1_sequential_own_step/retain_once/W05/deer/index_121_seed_163.png,deer,horse,False,0.00040932538104243577,delete-after-eval,5.192348544369452e-05,0.0001933973398990929,0.0004766159981954843,0.0014233088586479425,0.00040932538104243577,0.04336589202284813,0.0001053995147231035,0.9528976082801819,0.00029495146009139717,0.0007815707358531654,new_followup_supplement,/home/tslin/Documents/jupyter_data/anLi/machine_unlearning/orthogonal-concept-erasure/experiments/sequential_object_followup/outputs/sequential_oce_object_followup_v1
retain_once,W05,deer,a photo of the deer,122,164,images/experiment1_sequential_own_step/retain_once/W05/deer/index_122_seed_164.png,deer,horse,False,0.00015031712246127427,delete-after-eval,3.0197807063814253e-06,0.0001628676545806229,8.241916657425463e-05,0.0002765962854027748,0.00015031712246127427,0.0007845319341868162,4.344367425801465e-06,0.9984692931175232,1.5904804968158714e-05,5.06873766425997e-05,new_followup_supplement,/home/tslin/Documents/jupyter_data/anLi/machine_unlearning/orthogonal-concept-erasure/experiments/sequential_object_followup/outputs/sequential_oce_object_followup_v1
retain_once,W05,deer,a photo of the deer,123,165,images/experiment1_sequential_own_step/retain_once/W05/deer/index_123_seed_165.png,deer,horse,False,7.214076322270557e-05,delete-after-eval,1.717678242130205e-05,0.0009769309544935822,9.252814925275743e-05,9.061345917871222e-05,7.214076322270557e-05,0.0005039141396991909,8.67361677592271e-07,0.9978190660476685,6.43634848529473e-05,0.00036235255538485944,new_followup_supplement,/home/tslin/Documents/jupyter_data/anLi/machine_unlearning/orthogonal-concept-erasure/experiments/sequential_object_followup/outputs/sequential_oce_object_followup_v1
retain_once,W05,deer,a photo of the deer,124,166,images/experiment1_sequential_own_step/retain_once/W05/deer/index_124_seed_166.png,deer,horse,False,0.00010544772521825507,delete-after-eval,2.788954043353442e-05,0.00041749238152988255,7.163094414863735e-05,0.0003070286475121975,0.00010544772521825507,0.0007800216553732753,1.3287133242556592e-06,0.9979612827301025,0.0001237487595062703,0.00020419617067091167,new_followup_supplement,/home/tslin/Documents/jupyter_data/anLi/machine_unlearning/orthogonal-concept-erasure/experiments/sequential_object_followup/outputs/sequential_oce_object_followup_v1
retain_once,W05,deer,a photo of the deer,125,167,images/experiment1_sequential_own_step/retain_once/W05/deer/index_125_seed_167.png,deer,horse,False,0.0037269098684191704,delete-after-eval,4.147518120589666e-05,0.00016507075633853674,0.0012645683018490672,0.0003522822808008641,0.0037269098684191704,0.003489261493086815,0.00012313923798501492,0.990565836429596,6.566687079612166e-05,0.00020587003382388502,new_followup_supplement,/home/tslin/Documents/jupyter_data/anLi/machine_unlearning/orthogonal-concept-erasure/experiments/sequential_object_followup/outputs/sequential_oce_object_followup_v1
retain_once,W05,deer,a photo of the deer,126,168,images/experiment1_sequential_own_step/retain_once/W05/deer/index_126_seed_168.png,deer,horse,False,0.00021416335948742926,delete-after-eval,1.1355027709214482e-05,0.00012065487680956721,5.9264926676405594e-05,0.00019845142378471792,0.00021416335948742926,0.0005437814979813993,1.1191400517418515e-05,0.9988095760345459,6.015548478899291e-06,2.5596418709028512e-05,new_followup_supplement,/home/tslin/Documents/jupyter_data/anLi/machine_unlearning/orthogonal-concept-erasure/experiments/sequential_object_followup/outputs/sequential_oce_object_followup_v1
retain_once,W05,deer,a photo of the deer,127,169,images/experiment1_sequential_own_step/retain_once/W05/deer/index_127_seed_169.png,deer,horse,False,6.564487648574868e-06,delete-after-eval,4.237317170918686e-06,0.00011838405771413818,7.17817893018946e-05,0.00012091761163901538,6.564487648574868e-06,0.0005067087477073073,1.6803180358238023e-07,0.9990218877792358,1.166642687167041e-05,0.00013774001854471862,new_followup_supplement,/home/tslin/Documents/jupyter_data/anLi/machine_unlearning/orthogonal-concept-erasure/experiments/sequential_object_followup/outputs/sequential_oce_object_followup_v1
retain_once,W05,deer,a photo of the deer,128,170,images/experiment1_sequential_own_step/retain_once/W05/deer/index_128_seed_170.png,deer,horse,False,0.03262351080775261,delete-after-eval,0.0012584819924086332,0.003197053913027048,0.07579278945922852,0.05402953177690506,0.03262351080775261,0.2856513559818268,0.25027355551719666,0.2888069152832031,0.0013945094542577863,0.0069722807966172695,new_followup_supplement,/home/tslin/Documents/jupyter_data/anLi/machine_unlearning/orthogonal-concept-erasure/experiments/sequential_object_followup/outputs/sequential_oce_object_followup_v1
retain_once,W05,deer,a photo of the deer,129,171,images/experiment1_sequential_own_step/retain_once/W05/deer/index_129_seed_171.png,deer,horse,False,0.00029437156626954675,delete-after-eval,7.108915451681241e-05,0.0008389176800847054,0.00043987741810269654,0.0005177223356440663,0.00029437156626954675,0.001007016166113317,1.953326864168048e-05,0.9965412020683289,4.960248770657927e-05,0.0002207147772423923,new_followup_supplement,/home/tslin/Documents/jupyter_data/anLi/machine_unlearning/orthogonal-concept-erasure/experiments/sequential_object_followup/outputs/sequential_oce_object_followup_v1
retain_once,W05,deer,a photo of the deer,130,172,images/experiment1_sequential_own_step/retain_once/W05/deer/index_130_seed_172.png,deer,horse,False,4.2397354263812304e-05,delete-after-eval,1.3293953998072539e-05,0.0003004503669217229,0.00019370140216778964,0.00020206595945637673,4.2397354263812304e-05,0.0007436644518747926,1.3637735492011416e-06,0.9983816146850586,2.3544496798422188e-05,9.790318290470168e-05,new_followup_supplement,/home/tslin/Documents/jupyter_data/anLi/machine_unlearning/orthogonal-concept-erasure/experiments/sequential_object_followup/outputs/sequential_oce_object_followup_v1
retain_once,W05,deer,a photo of the deer,131,173,images/experiment1_sequential_own_step/retain_once/W05/deer/index_131_seed_173.png,deer,horse,False,0.0005159667343832552,delete-after-eval,8.46360344439745e-05,0.002053016796708107,0.0001595542416907847,0.00033376659848727286,0.0005159667343832552,0.002043816028162837,2.025944741035346e-05,0.9936641454696655,0.00011161733709741384,0.0010132028255611658,new_followup_supplement,/home/tslin/Documents/jupyter_data/anLi/machine_unlearning/orthogonal-concept-erasure/experiments/sequential_object_followup/outputs/sequential_oce_object_followup_v1
retain_once,W05,deer,a photo of the deer,132,174,images/experiment1_sequential_own_step/retain_once/W05/deer/index_132_seed_174.png,deer,horse,False,4.0206728044722695e-06,delete-after-eval,7.141396054066718e-06,0.0002570652577560395,6.165671948110685e-05,3.278050644439645e-05,4.0206728044722695e-06,0.00020036382193211466,3.046964707209554e-07,0.9992710947990417,2.0697250874945894e-05,0.00014486545114777982,new_followup_supplement,/home/tslin/Documents/jupyter_data/anLi/machine_unlearning/orthogonal-concept-erasure/experiments/sequential_object_followup/outputs/sequential_oce_object_followup_v1
retain_once,W05,deer,a photo of the deer,133,175,images/experiment1_sequential_own_step/retain_once/W05/deer/index_133_seed_175.png,deer,horse,False,0.0007402742048725486,delete-after-eval,0.00020554005459416658,0.0022981457877904177,0.0007355676498264074,0.00042367176502011716,0.0007402742048725486,0.0023599525447934866,2.809398210956715e-05,0.9893478155136108,0.00037253511254675686,0.0034884025808423758,new_followup_supplement,/home/tslin/Documents/jupyter_data/anLi/machine_unlearning/orthogonal-concept-erasure/experiments/sequential_object_followup/outputs/sequential_oce_object_followup_v1
retain_once,W05,deer,a photo of the deer,134,176,images/experiment1_sequential_own_step/retain_once/W05/deer/index_134_seed_176.png,deer,horse,False,0.0004633827484212816,delete-after-eval,0.00015741166134830564,0.002271290635690093,0.010683100670576096,0.0007985337288118899,0.0004633827484212816,0.006492061074823141,0.00025066567468456924,0.9771881103515625,0.00046474585542455316,0.0012306960998103023,new_followup_supplement,/home/tslin/Documents/jupyter_data/anLi/machine_unlearning/orthogonal-concept-erasure/experiments/sequential_object_followup/outputs/sequential_oce_object_followup_v1
retain_once,W05,deer,a photo of the deer,135,177,images/experiment1_sequential_own_step/retain_once/W05/deer/index_135_seed_177.png,deer,horse,False,0.0009605106897652149,delete-after-eval,0.0006286819698289037,0.01396738737821579,0.0012298341607674956,0.00214512855745852,0.0009605106897652149,0.01009598933160305,0.0032017114572227,0.9632255434989929,0.0005370514118112624,0.0040081399492919445,new_followup_supplement,/home/tslin/Documents/jupyter_data/anLi/machine_unlearning/orthogonal-concept-erasure/experiments/sequential_object_followup/outputs/sequential_oce_object_followup_v1
retain_once,W05,deer,a photo of the deer,136,178,images/experiment1_sequential_own_step/retain_once/W05/deer/index_136_seed_178.png,deer,horse,False,0.0029627231415361166,delete-after-eval,0.0006588524556718767,0.0428297221660614,0.000557576073333621,0.0009126330260187387,0.0029627231415361166,0.013809442520141602,1.7109861801145598e-05,0.9261597990989685,0.0002964491141028702,0.011795698665082455,new_followup_supplement,/home/tslin/Documents/jupyter_data/anLi/machine_unlearning/orthogonal-concept-erasure/experiments/sequential_object_followup/outputs/sequential_oce_object_followup_v1
retain_once,W05,deer,a photo of the deer,137,179,images/experiment1_sequential_own_step/retain_once/W05/deer/index_137_seed_179.png,deer,horse,False,0.0012304973788559437,delete-after-eval,0.000472464831545949,0.00440078554674983,0.0011919204844161868,0.00334801129065454,0.0012304973788559437,0.017824796959757805,9.553079871693626e-05,0.9663938879966736,0.0006272047758102417,0.004414934664964676,new_followup_supplement,/home/tslin/Documents/jupyter_data/anLi/machine_unlearning/orthogonal-concept-erasure/experiments/sequential_object_followup/outputs/sequential_oce_object_followup_v1
retain_once,W05,deer,a photo of the deer,138,180,images/experiment1_sequential_own_step/retain_once/W05/deer/index_138_seed_180.png,deer,horse,False,0.0005093246581964195,delete-after-eval,0.0001377249718643725,0.001075129141099751,0.00026921762037090957,0.0005049929604865611,0.0005093246581964195,0.01605088636279106,2.3206095647765324e-05,0.9810092449188232,0.00011573142546694726,0.0003046315396204591,new_followup_supplement,/home/tslin/Documents/jupyter_data/anLi/machine_unlearning/orthogonal-concept-erasure/experiments/sequential_object_followup/outputs/sequential_oce_object_followup_v1
retain_once,W05,deer,a photo of the deer,139,181,images/experiment1_sequential_own_step/retain_once/W05/deer/index_139_seed_181.png,deer,horse,False,0.01647443138062954,delete-after-eval,0.0007577075157314539,0.003743942594155669,0.00990486703813076,0.005538520868867636,0.01647443138062954,0.020828455686569214,0.0011768352705985308,0.9353954792022705,0.0031781825236976147,0.003001562086865306,new_followup_supplement,/home/tslin/Documents/jupyter_data/anLi/machine_unlearning/orthogonal-concept-erasure/experiments/sequential_object_followup/outputs/sequential_oce_object_followup_v1
retain_once,W05,deer,a photo of the deer,140,182,images/experiment1_sequential_own_step/retain_once/W05/deer/index_140_seed_182.png,deer,horse,False,0.013459204696118832,delete-after-eval,0.003070252714678645,0.3761748671531677,0.0004059667408000678,0.0011722538620233536,0.013459204696118832,0.01289740763604641,0.0002549584023654461,0.4842902421951294,0.003463486209511757,0.10481145232915878,new_followup_supplement,/home/tslin/Documents/jupyter_data/anLi/machine_unlearning/orthogonal-concept-erasure/experiments/sequential_object_followup/outputs/sequential_oce_object_followup_v1
retain_once,W05,deer,a photo of the deer,141,183,images/experiment1_sequential_own_step/retain_once/W05/deer/index_141_seed_183.png,deer,horse,False,0.0023910559248179197,delete-after-eval,0.0016266630263999104,0.006473544519394636,0.004644718021154404,0.004230371210724115,0.0023910559248179197,0.015983199700713158,8.009808516362682e-05,0.959276020526886,0.00046689558075740933,0.004827495664358139,new_followup_supplement,/home/tslin/Documents/jupyter_data/anLi/machine_unlearning/orthogonal-concept-erasure/experiments/sequential_object_followup/outputs/sequential_oce_object_followup_v1
retain_once,W05,deer,a photo of the deer,142,184,images/experiment1_sequential_own_step/retain_once/W05/deer/index_142_seed_184.png,deer,horse,False,0.0016768929781392217,delete-after-eval,0.0003712571633514017,0.004508618265390396,0.0017441418021917343,0.0017534615471959114,0.0016768929781392217,0.02956216409802437,4.534235267783515e-05,0.9569143652915955,0.0014279814204201102,0.0019958429038524628,new_followup_supplement,/home/tslin/Documents/jupyter_data/anLi/machine_unlearning/orthogonal-concept-erasure/experiments/sequential_object_followup/outputs/sequential_oce_object_followup_v1
retain_once,W05,deer,a photo of the deer,143,185,images/experiment1_sequential_own_step/retain_once/W05/deer/index_143_seed_185.png,deer,horse,False,0.00014600306167267263,delete-after-eval,5.402912574936636e-05,0.0002005511923925951,0.00015353465278167278,0.00015529025404248387,0.00014600306167267263,0.0007867810199968517,3.2725392884458415e-06,0.9982348680496216,2.762565782177262e-05,0.0002380060323048383,new_followup_supplement,/home/tslin/Documents/jupyter_data/anLi/machine_unlearning/orthogonal-concept-erasure/experiments/sequential_object_followup/outputs/sequential_oce_object_followup_v1
retain_once,W05,deer,a photo of the deer,144,186,images/experiment1_sequential_own_step/retain_once/W05/deer/index_144_seed_186.png,deer,horse,False,0.009522526524960995,delete-after-eval,0.0008967927424237132,0.010552989318966866,0.0023403307422995567,0.005454316735267639,0.009522526524960995,0.01953672245144844,4.949072899762541e-05,0.9490497708320618,0.00036612318945117295,0.002230983693152666,new_followup_supplement,/home/tslin/Documents/jupyter_data/anLi/machine_unlearning/orthogonal-concept-erasure/experiments/sequential_object_followup/outputs/sequential_oce_object_followup_v1
retain_once,W05,deer,a photo of the deer,145,187,images/experiment1_sequential_own_step/retain_once/W05/deer/index_145_seed_187.png,deer,horse,False,3.525723150232807e-05,delete-after-eval,2.3737318770145066e-05,0.0003132849233224988,0.00017710104293655604,0.0001334584376309067,3.525723150232807e-05,0.0007118642097339034,8.060610525717493e-06,0.998195469379425,4.807781078852713e-05,0.00035363389179110527,new_followup_supplement,/home/tslin/Documents/jupyter_data/anLi/machine_unlearning/orthogonal-concept-erasure/experiments/sequential_object_followup/outputs/sequential_oce_object_followup_v1
retain_once,W05,deer,a photo of the deer,146,188,images/experiment1_sequential_own_step/retain_once/W05/deer/index_146_seed_188.png,deer,horse,False,0.0022132578305900097,delete-after-eval,0.00639472808688879,0.028623728081583977,0.0007055656751617789,0.0019233371131122112,0.0022132578305900097,0.01762700267136097,3.323453347547911e-05,0.9157187342643738,0.001842732192017138,0.024917634204030037,new_followup_supplement,/home/tslin/Documents/jupyter_data/anLi/machine_unlearning/orthogonal-concept-erasure/experiments/sequential_object_followup/outputs/sequential_oce_object_followup_v1
retain_once,W05,deer,a photo of the deer,147,189,images/experiment1_sequential_own_step/retain_once/W05/deer/index_147_seed_189.png,deer,horse,False,0.0004075994365848601,delete-after-eval,1.627834171813447e-05,0.0003475613484624773,9.841037535807118e-05,0.0007729775970801711,0.0004075994365848601,0.004950163885951042,4.730373802885879e-06,0.9932117462158203,0.0001490233844378963,4.141783210798167e-05,new_followup_supplement,/home/tslin/Documents/jupyter_data/anLi/machine_unlearning/orthogonal-concept-erasure/experiments/sequential_object_followup/outputs/sequential_oce_object_followup_v1
retain_once,W05,deer,a photo of the deer,148,190,images/experiment1_sequential_own_step/retain_once/W05/deer/index_148_seed_190.png,deer,horse,False,0.00041849835542961955,delete-after-eval,1.906113357108552e-05,0.00024000548000913113,0.000122433717478998,0.00011200552398804575,0.00041849835542961955,0.0003221327788196504,6.934263365110382e-05,0.9986196756362915,2.1006435417803004e-05,5.5833152146078646e-05,new_followup_supplement,/home/tslin/Documents/jupyter_data/anLi/machine_unlearning/orthogonal-concept-erasure/experiments/sequential_object_followup/outputs/sequential_oce_object_followup_v1
retain_once,W05,deer,a photo of the deer,149,191,images/experiment1_sequential_own_step/retain_once/W05/deer/index_149_seed_191.png,deer,horse,False,0.0006256919004954398,delete-after-eval,0.001124055590480566,0.012131408788263798,0.0006988357636146247,0.0013965662801638246,0.0006256919004954398,0.005479810759425163,0.00010413411655463278,0.9755162000656128,0.0008782483637332916,0.0020451457239687443,new_followup_supplement,/home/tslin/Documents/jupyter_data/anLi/machine_unlearning/orthogonal-concept-erasure/experiments/sequential_object_followup/outputs/sequential_oce_object_followup_v1
retain_once,W05,deer,a photo of the deer,150,192,images/experiment1_sequential_own_step/retain_once/W05/deer/index_150_seed_192.png,deer,horse,False,7.761315646348521e-05,delete-after-eval,1.5286435882444493e-05,0.0001828218373702839,8.875728963175789e-05,9.488201612839475e-05,7.761315646348521e-05,0.0013134031323716044,2.2190390609466704e-06,0.9980660080909729,4.190718391328119e-05,0.0001171857729787007,new_followup_supplement,/home/tslin/Documents/jupyter_data/anLi/machine_unlearning/orthogonal-concept-erasure/experiments/sequential_object_followup/outputs/sequential_oce_object_followup_v1
retain_once,W05,deer,a photo of the deer,151,193,images/experiment1_sequential_own_step/retain_once/W05/deer/index_151_seed_193.png,deer,horse,False,0.00011843740503536537,delete-after-eval,3.120848850812763e-05,0.00023519614478573203,0.00013828129158355296,0.00023759756004437804,0.00011843740503536537,0.0007283246959559619,2.456454240018502e-06,0.9982775449752808,4.011707642348483e-05,0.00019086802785750479,new_followup_supplement,/home/tslin/Documents/jupyter_data/anLi/machine_unlearning/orthogonal-concept-erasure/experiments/sequential_object_followup/outputs/sequential_oce_object_followup_v1
retain_once,W05,deer,a photo of the deer,152,194,images/experiment1_sequential_own_step/retain_once/W05/deer/index_152_seed_194.png,deer,horse,False,0.001956238877028227,delete-after-eval,6.020901128067635e-05,0.005011321045458317,0.0001965565897990018,0.00047679353156127036,0.001956238877028227,0.0011029028100892901,7.848411769373342e-06,0.9904019236564636,0.0001665413728915155,0.0006197672919370234,new_followup_supplement,/home/tslin/Documents/jupyter_data/anLi/machine_unlearning/orthogonal-concept-erasure/experiments/sequential_object_followup/outputs/sequential_oce_object_followup_v1
retain_once,W05,deer,a photo of the deer,153,195,images/experiment1_sequential_own_step/retain_once/W05/deer/index_153_seed_195.png,deer,horse,False,0.00266389362514019,delete-after-eval,0.06182152032852173,0.14915598928928375,0.019221531227231026,0.009732862003147602,0.00266389362514019,0.040711697190999985,0.0062645734287798405,0.6300925612449646,0.02697157859802246,0.0533638633787632,new_followup_supplement,/home/tslin/Documents/jupyter_data/anLi/machine_unlearning/orthogonal-concept-erasure/experiments/sequential_object_followup/outputs/sequential_oce_object_followup_v1
retain_once,W05,deer,a photo of the deer,154,196,images/experiment1_sequential_own_step/retain_once/W05/deer/index_154_seed_196.png,deer,horse,False,0.0004810524405911565,delete-after-eval,0.00020721757027786225,0.0004265425668563694,0.0004748371720779687,0.0008980868733488023,0.0004810524405911565,0.0029647480696439743,1.2796356713806745e-05,0.9940949082374573,0.0001417195744579658,0.0002981913276016712,new_followup_supplement,/home/tslin/Documents/jupyter_data/anLi/machine_unlearning/orthogonal-concept-erasure/experiments/sequential_object_followup/outputs/sequential_oce_object_followup_v1
retain_once,W05,deer,a photo of the deer,155,197,images/experiment1_sequential_own_step/retain_once/W05/deer/index_155_seed_197.png,deer,horse,False,0.00023308745585381985,delete-after-eval,7.837946213840041e-06,0.0007994846091605723,6.540138565469533e-05,0.0004118644865229726,0.00023308745585381985,0.0010390019742771983,5.200157374929404e-06,0.9973016977310181,1.2791025255864952e-05,0.0001236738171428442,new_followup_supplement,/home/tslin/Documents/jupyter_data/anLi/machine_unlearning/orthogonal-concept-erasure/experiments/sequential_object_followup/outputs/sequential_oce_object_followup_v1
retain_once,W05,deer,a photo of the deer,156,198,images/experiment1_sequential_own_step/retain_once/W05/deer/index_156_seed_198.png,deer,horse,False,0.00020015865447930992,delete-after-eval,6.575149745913222e-05,0.0008025572169572115,8.376175537705421e-05,0.00019272985809948295,0.00020015865447930992,0.0012829183833673596,5.541086011362495e-06,0.9968873858451843,0.00011723351053660735,0.0003618629998527467,new_followup_supplement,/home/tslin/Documents/jupyter_data/anLi/machine_unlearning/orthogonal-concept-erasure/experiments/sequential_object_followup/outputs/sequential_oce_object_followup_v1
retain_once,W05,deer,a photo of the deer,157,199,images/experiment1_sequential_own_step/retain_once/W05/deer/index_157_seed_199.png,deer,horse,False,0.0001294073590543121,delete-after-eval,3.307583392597735e-05,0.00014116709644440562,0.00011018203804269433,0.00010761755402199924,0.0001294073590543121,0.0003948842058889568,1.7623669918975793e-06,0.9989857077598572,1.6447344023617916e-05,7.96899912529625e-05,new_followup_supplement,/home/tslin/Documents/jupyter_data/anLi/machine_unlearning/orthogonal-concept-erasure/experiments/sequential_object_followup/outputs/sequential_oce_object_followup_v1
retain_once,W05,deer,a photo of the deer,158,200,images/experiment1_sequential_own_step/retain_once/W05/deer/index_158_seed_200.png,deer,horse,False,7.473454752471298e-05,delete-after-eval,2.618181724756141e-06,0.001250590430572629,5.6798573496052995e-05,5.953472646069713e-05,7.473454752471298e-05,0.0004809405072592199,5.604692887573037e-07,0.9978905320167542,9.728017175802961e-05,8.644459740025923e-05,new_followup_supplement,/home/tslin/Documents/jupyter_data/anLi/machine_unlearning/orthogonal-concept-erasure/experiments/sequential_object_followup/outputs/sequential_oce_object_followup_v1
retain_once,W05,deer,a photo of the deer,159,201,images/experiment1_sequential_own_step/retain_once/W05/deer/index_159_seed_201.png,deer,horse,False,3.066699719056487e-05,delete-after-eval,1.5348939996329136e-05,0.00013245129957795143,0.00010655760706868023,0.00011400757648516446,3.066699719056487e-05,0.0010749319335445762,7.632937695234432e-07,0.9983466863632202,2.5402068786206655e-05,0.00015317420184146613,new_followup_supplement,/home/tslin/Documents/jupyter_data/anLi/machine_unlearning/orthogonal-concept-erasure/experiments/sequential_object_followup/outputs/sequential_oce_object_followup_v1
retain_once,W05,deer,a photo of the deer,160,202,images/experiment1_sequential_own_step/retain_once/W05/deer/index_160_seed_202.png,deer,horse,False,0.0028978316113352776,delete-after-eval,0.007911664433777332,0.024872437119483948,0.0033869908656924963,0.0035981577821075916,0.0028978316113352776,0.025608139112591743,0.0004191997286397964,0.9020587801933289,0.006551235914230347,0.02269556000828743,new_followup_supplement,/home/tslin/Documents/jupyter_data/anLi/machine_unlearning/orthogonal-concept-erasure/experiments/sequential_object_followup/outputs/sequential_oce_object_followup_v1
retain_once,W05,deer,a photo of the deer,161,203,images/experiment1_sequential_own_step/retain_once/W05/deer/index_161_seed_203.png,deer,horse,False,0.0001811839611036703,delete-after-eval,2.3824484742362984e-05,0.00036261489731259644,3.577297320589423e-05,0.00028532955911941826,0.0001811839611036703,0.0010896384483203292,8.672433864376217e-07,0.9977267384529114,8.773139416007325e-05,0.00020631404186133295,new_followup_supplement,/home/tslin/Documents/jupyter_data/anLi/machine_unlearning/orthogonal-concept-erasure/experiments/sequential_object_followup/outputs/sequential_oce_object_followup_v1
retain_once,W05,deer,a photo of the deer,162,204,images/experiment1_sequential_own_step/retain_once/W05/deer/index_162_seed_204.png,deer,horse,False,0.0014537663664668798,delete-after-eval,6.541983020724729e-05,0.002507393015548587,0.0008904646383598447,0.001489110291004181,0.0014537663664668798,0.004596661310642958,5.150211291038431e-05,0.9863424897193909,0.0007371869287453592,0.0018659360939636827,new_followup_supplement,/home/tslin/Documents/jupyter_data/anLi/machine_unlearning/orthogonal-concept-erasure/experiments/sequential_object_followup/outputs/sequential_oce_object_followup_v1
retain_once,W05,deer,a photo of the deer,163,205,images/experiment1_sequential_own_step/retain_once/W05/deer/index_163_seed_205.png,deer,horse,False,8.086900925263762e-05,delete-after-eval,1.91103190445574e-05,0.0002387167332926765,5.5874294048408046e-05,8.319800690514967e-05,8.086900925263762e-05,0.000415201298892498,1.3264392464407138e-06,0.9989781379699707,1.1196855666639749e-05,0.0001162802436738275,new_followup_supplement,/home/tslin/Documents/jupyter_data/anLi/machine_unlearning/orthogonal-concept-erasure/experiments/sequential_object_followup/outputs/sequential_oce_object_followup_v1
retain_once,W05,deer,a photo of the deer,164,206,images/experiment1_sequential_own_step/retain_once/W05/deer/index_164_seed_206.png,deer,horse,False,0.000380160054191947,delete-after-eval,3.299310264992528e-05,0.0010472799185663462,0.0001491971779614687,0.0004405554209370166,0.000380160054191947,0.000626476772595197,1.6240134925737948e-07,0.9971258044242859,5.0659640692174435e-05,0.00014684653433505446,new_followup_supplement,/home/tslin/Documents/jupyter_data/anLi/machine_unlearning/orthogonal-concept-erasure/experiments/sequential_object_followup/outputs/sequential_oce_object_followup_v1
retain_once,W05,deer,a photo of the deer,165,207,images/experiment1_sequential_own_step/retain_once/W05/deer/index_165_seed_207.png,deer,horse,False,4.924431777908467e-05,delete-after-eval,3.495256896712817e-05,8.674321725266054e-05,9.553736890666187e-05,0.00012970808893442154,4.924431777908467e-05,0.0012696763733401895,9.768178870217525e-07,0.9981495141983032,3.743009801837616e-05,0.0001462397340219468,new_followup_supplement,/home/tslin/Documents/jupyter_data/anLi/machine_unlearning/orthogonal-concept-erasure/experiments/sequential_object_followup/outputs/sequential_oce_object_followup_v1
retain_once,W05,deer,a photo of the deer,166,208,images/experiment1_sequential_own_step/retain_once/W05/deer/index_166_seed_208.png,deer,horse,False,4.5135162508813664e-05,delete-after-eval,2.242421942355577e-05,0.00047879567136988044,9.778255480341613e-05,5.4948428442003205e-05,4.5135162508813664e-05,0.00030981487361714244,2.947690518340096e-06,0.9988571405410767,1.7031614333973266e-05,0.0001140286767622456,new_followup_supplement,/home/tslin/Documents/jupyter_data/anLi/machine_unlearning/orthogonal-concept-erasure/experiments/sequential_object_followup/outputs/sequential_oce_object_followup_v1
retain_once,W05,deer,a photo of the deer,167,209,images/experiment1_sequential_own_step/retain_once/W05/deer/index_167_seed_209.png,deer,horse,False,0.005508920177817345,delete-after-eval,0.00012199841148685664,0.0020384695380926132,0.0011576100951060653,0.003975593019276857,0.005508920177817345,0.046364396810531616,0.0005013553891330957,0.9364869594573975,0.0001245097810169682,0.003720170585438609,new_followup_supplement,/home/tslin/Documents/jupyter_data/anLi/machine_unlearning/orthogonal-concept-erasure/experiments/sequential_object_followup/outputs/sequential_oce_object_followup_v1
retain_once,W05,deer,a photo of the deer,168,210,images/experiment1_sequential_own_step/retain_once/W05/deer/index_168_seed_210.png,deer,horse,False,5.3740941439173184e-06,delete-after-eval,3.5566168662626296e-05,0.00021559602464549243,7.245804590638727e-05,8.352588338311762e-05,5.3740941439173184e-06,0.0008011082536540926,2.0130119082750753e-07,0.998559296131134,2.5793464374146424e-05,0.00020102583221159875,new_followup_supplement,/home/tslin/Documents/jupyter_data/anLi/machine_unlearning/orthogonal-concept-erasure/experiments/sequential_object_followup/outputs/sequential_oce_object_followup_v1
retain_once,W05,deer,a photo of the deer,169,211,images/experiment1_sequential_own_step/retain_once/W05/deer/index_169_seed_211.png,deer,horse,False,0.002626068890094757,delete-after-eval,0.2198496311903,0.01695072092115879,0.03544747084379196,0.010160094127058983,0.002626068890094757,0.03066687099635601,0.00046425865730270743,0.6206270456314087,0.01626184768974781,0.046946022659540176,new_followup_supplement,/home/tslin/Documents/jupyter_data/anLi/machine_unlearning/orthogonal-concept-erasure/experiments/sequential_object_followup/outputs/sequential_oce_object_followup_v1
retain_once,W05,deer,a photo of the deer,170,212,images/experiment1_sequential_own_step/retain_once/W05/deer/index_170_seed_212.png,deer,horse,False,8.648247785458807e-06,delete-after-eval,4.818750312551856e-05,0.0016103277448564768,3.0422621421166696e-05,2.4170538381440565e-05,8.648247785458807e-06,0.0005184910260140896,1.0524570370762376e-07,0.9971646666526794,8.23724185465835e-05,0.0005125715979374945,new_followup_supplement,/home/tslin/Documents/jupyter_data/anLi/machine_unlearning/orthogonal-concept-erasure/experiments/sequential_object_followup/outputs/sequential_oce_object_followup_v1
retain_once,W05,deer,a photo of the deer,171,213,images/experiment1_sequential_own_step/retain_once/W05/deer/index_171_seed_213.png,deer,horse,False,7.349797670030966e-05,delete-after-eval,3.024848956556525e-05,0.00012952476390637457,5.727085954276845e-05,7.425011426676065e-05,7.349797670030966e-05,0.00030060604331083596,1.3153317013347987e-07,0.9990703463554382,9.976211003959179e-05,0.00016440683975815773,new_followup_supplement,/home/tslin/Documents/jupyter_data/anLi/machine_unlearning/orthogonal-concept-erasure/experiments/sequential_object_followup/outputs/sequential_oce_object_followup_v1
retain_once,W05,deer,a photo of the deer,172,214,images/experiment1_sequential_own_step/retain_once/W05/deer/index_172_seed_214.png,deer,horse,False,3.9242804632522166e-05,delete-after-eval,2.346877590753138e-05,0.00041248678462579846,0.00013293229858390987,0.00017600056889932603,3.9242804632522166e-05,0.0004317665589042008,2.289760232088156e-06,0.9984866380691528,3.3751814044080675e-05,0.0002613617107272148,new_followup_supplement,/home/tslin/Documents/jupyter_data/anLi/machine_unlearning/orthogonal-concept-erasure/experiments/sequential_object_followup/outputs/sequential_oce_object_followup_v1
retain_once,W05,deer,a photo of the deer,173,215,images/experiment1_sequential_own_step/retain_once/W05/deer/index_173_seed_215.png,deer,horse,False,0.022836022078990936,delete-after-eval,0.00012336544750723988,0.0010960035724565387,0.000732247659470886,0.0010555533226579428,0.022836022078990936,0.003303220961242914,0.00012111786782043055,0.9696058630943298,0.00011749091208912432,0.0010091409785673022,new_followup_supplement,/home/tslin/Documents/jupyter_data/anLi/machine_unlearning/orthogonal-concept-erasure/experiments/sequential_object_followup/outputs/sequential_oce_object_followup_v1
retain_once,W05,deer,a photo of the deer,174,216,images/experiment1_sequential_own_step/retain_once/W05/deer/index_174_seed_216.png,deer,horse,False,2.1854768419871107e-05,delete-after-eval,1.578339833940845e-05,0.0004398036689963192,5.5080963647924364e-05,4.4498516217572615e-05,2.1854768419871107e-05,0.000296043319394812,3.553643068698875e-07,0.9989829659461975,2.348232374060899e-05,0.00012004588643321767,new_followup_supplement,/home/tslin/Documents/jupyter_data/anLi/machine_unlearning/orthogonal-concept-erasure/experiments/sequential_object_followup/outputs/sequential_oce_object_followup_v1
retain_once,W05,deer,a photo of the deer,175,217,images/experiment1_sequential_own_step/retain_once/W05/deer/index_175_seed_217.png,deer,horse,False,0.00039733442827127874,delete-after-eval,8.73772514751181e-05,0.0010371699463576078,8.58619314385578e-05,0.000277151440968737,0.00039733442827127874,0.0010884072398766875,5.61666729481658e-06,0.9965139031410217,0.00014426777488552034,0.00036291329888626933,new_followup_supplement,/home/tslin/Documents/jupyter_data/anLi/machine_unlearning/orthogonal-concept-erasure/experiments/sequential_object_followup/outputs/sequential_oce_object_followup_v1
retain_once,W05,deer,a photo of the deer,176,218,images/experiment1_sequential_own_step/retain_once/W05/deer/index_176_seed_218.png,deer,horse,False,0.023965034633874893,delete-after-eval,0.004594967234879732,0.015154538676142693,0.056841038167476654,0.07291827350854874,0.023965034633874893,0.2847190201282501,0.016514480113983154,0.4916014075279236,0.005954115651547909,0.027737058699131012,new_followup_supplement,/home/tslin/Documents/jupyter_data/anLi/machine_unlearning/orthogonal-concept-erasure/experiments/sequential_object_followup/outputs/sequential_oce_object_followup_v1
retain_once,W05,deer,a photo of the deer,177,219,images/experiment1_sequential_own_step/retain_once/W05/deer/index_177_seed_219.png,deer,horse,False,0.006165336351841688,delete-after-eval,0.0027202777564525604,0.2711097002029419,0.001632640603929758,0.002676653442904353,0.006165336351841688,0.04652253910899162,0.000369829882401973,0.6307554244995117,0.013046392239630222,0.02500118687748909,new_followup_supplement,/home/tslin/Documents/jupyter_data/anLi/machine_unlearning/orthogonal-concept-erasure/experiments/sequential_object_followup/outputs/sequential_oce_object_followup_v1
retain_once,W05,deer,a photo of the deer,178,220,images/experiment1_sequential_own_step/retain_once/W05/deer/index_178_seed_220.png,deer,horse,False,2.6690402592066675e-05,delete-after-eval,0.0001432332064723596,0.0011835497571155429,2.2610800442635082e-05,4.50027255283203e-05,2.6690402592066675e-05,0.0006459170253947377,1.3761805917056336e-07,0.9973823428153992,0.00011470519530121237,0.0004357633297331631,new_followup_supplement,/home/tslin/Documents/jupyter_data/anLi/machine_unlearning/orthogonal-concept-erasure/experiments/sequential_object_followup/outputs/sequential_oce_object_followup_v1
retain_once,W05,deer,a photo of the deer,179,221,images/experiment1_sequential_own_step/retain_once/W05/deer/index_179_seed_221.png,deer,horse,False,0.0023940904065966606,delete-after-eval,0.0006695877527818084,0.007952381856739521,0.0010740211000666022,0.008169182576239109,0.0023940904065966606,0.01864769496023655,0.00010942140215774998,0.9561943411827087,0.0023869366850703955,0.0024022781290113926,new_followup_supplement,/home/tslin/Documents/jupyter_data/anLi/machine_unlearning/orthogonal-concept-erasure/experiments/sequential_object_followup/outputs/sequential_oce_object_followup_v1
retain_once,W05,deer,a photo of the deer,180,222,images/experiment1_sequential_own_step/retain_once/W05/deer/index_180_seed_222.png,deer,horse,False,0.0006787122692912817,delete-after-eval,0.0011633126996457577,0.002558239735662937,0.0004543501709122211,0.004507819190621376,0.0006787122692912817,0.02261415310204029,0.0001590797764947638,0.9655166864395142,0.0013538284692913294,0.0009938088478520513,new_followup_supplement,/home/tslin/Documents/jupyter_data/anLi/machine_unlearning/orthogonal-concept-erasure/experiments/sequential_object_followup/outputs/sequential_oce_object_followup_v1
retain_once,W05,deer,a photo of the deer,181,223,images/experiment1_sequential_own_step/retain_once/W05/deer/index_181_seed_223.png,deer,horse,False,0.020573198795318604,delete-after-eval,0.03645746037364006,0.049152445048093796,0.018263209611177444,0.010556657798588276,0.020573198795318604,0.024239765480160713,0.0011030996683984995,0.7805839776992798,0.01911957561969757,0.039950594305992126,new_followup_supplement,/home/tslin/Documents/jupyter_data/anLi/machine_unlearning/orthogonal-concept-erasure/experiments/sequential_object_followup/outputs/sequential_oce_object_followup_v1
retain_once,W05,deer,a photo of the deer,182,224,images/experiment1_sequential_own_step/retain_once/W05/deer/index_182_seed_224.png,deer,horse,False,1.1357680705259554e-05,delete-after-eval,2.6837327823159285e-05,0.0003616349131334573,0.00010726814798545092,0.00012471694208215922,1.1357680705259554e-05,0.00037701535620726645,9.712842938824906e-07,0.9988790154457092,2.427322033327073e-05,8.685017382958904e-05,new_followup_supplement,/home/tslin/Documents/jupyter_data/anLi/machine_unlearning/orthogonal-concept-erasure/experiments/sequential_object_followup/outputs/sequential_oce_object_followup_v1
retain_once,W05,deer,a photo of the deer,183,225,images/experiment1_sequential_own_step/retain_once/W05/deer/index_183_seed_225.png,deer,horse,False,0.00030493480153381824,delete-after-eval,0.00021040832507424057,0.0029795528389513493,0.00017137329268734902,0.0005896186921745539,0.00030493480153381824,0.00381606281735003,4.846298452321207e-06,0.9901164174079895,0.00041558750672265887,0.0013912429567426443,new_followup_supplement,/home/tslin/Documents/jupyter_data/anLi/machine_unlearning/orthogonal-concept-erasure/experiments/sequential_object_followup/outputs/sequential_oce_object_followup_v1
retain_once,W05,deer,a photo of the deer,184,226,images/experiment1_sequential_own_step/retain_once/W05/deer/index_184_seed_226.png,deer,horse,False,6.406889588106424e-05,delete-after-eval,3.0342380341608077e-05,0.0005283955833874643,9.219747153110802e-05,0.0006241299561224878,6.406889588106424e-05,0.00777915446087718,9.221781510859728e-06,0.9902728199958801,2.3577364117954858e-05,0.0005760852945968509,new_followup_supplement,/home/tslin/Documents/jupyter_data/anLi/machine_unlearning/orthogonal-concept-erasure/experiments/sequential_object_followup/outputs/sequential_oce_object_followup_v1
retain_once,W05,deer,a photo of the deer,185,227,images/experiment1_sequential_own_step/retain_once/W05/deer/index_185_seed_227.png,deer,horse,False,0.00016606661665719002,delete-after-eval,6.748020678060129e-05,0.0018595786532387137,6.191162538016215e-05,6.641742220381275e-05,0.00016606661665719002,0.0021096919663250446,1.561839212627092e-06,0.9943735599517822,0.00011519653344294056,0.0011786160757765174,new_followup_supplement,/home/tslin/Documents/jupyter_data/anLi/machine_unlearning/orthogonal-concept-erasure/experiments/sequential_object_followup/outputs/sequential_oce_object_followup_v1
retain_once,W05,deer,a photo of the deer,186,228,images/experiment1_sequential_own_step/retain_once/W05/deer/index_186_seed_228.png,deer,horse,False,0.09620361775159836,delete-after-eval,0.048411693423986435,0.020217828452587128,0.0023629721254110336,0.006530961487442255,0.09620361775159836,0.07255931943655014,0.004792254883795977,0.732342541217804,0.00699745723977685,0.009581334888935089,new_followup_supplement,/home/tslin/Documents/jupyter_data/anLi/machine_unlearning/orthogonal-concept-erasure/experiments/sequential_object_followup/outputs/sequential_oce_object_followup_v1
retain_once,W05,deer,a photo of the deer,187,229,images/experiment1_sequential_own_step/retain_once/W05/deer/index_187_seed_229.png,deer,horse,False,0.0006739677046425641,delete-after-eval,7.597720832563937e-05,0.0026471109595149755,0.0001478185731684789,0.0002064353320747614,0.0006739677046425641,0.00588601641356945,2.001079155888874e-05,0.9874355792999268,0.0002047694579232484,0.0027022878639400005,new_followup_supplement,/home/tslin/Documents/jupyter_data/anLi/machine_unlearning/orthogonal-concept-erasure/experiments/sequential_object_followup/outputs/sequential_oce_object_followup_v1
retain_once,W05,deer,a photo of the deer,188,230,images/experiment1_sequential_own_step/retain_once/W05/deer/index_188_seed_230.png,deer,horse,False,0.00043787856702692807,delete-after-eval,0.0002908261667471379,0.0012710324954241514,0.00013498128100764006,0.000204448529984802,0.00043787856702692807,0.0017243742477148771,2.053315256489441e-06,0.9951207041740417,0.00018897799600381404,0.0006247629062272608,new_followup_supplement,/home/tslin/Documents/jupyter_data/anLi/machine_unlearning/orthogonal-concept-erasure/experiments/sequential_object_followup/outputs/sequential_oce_object_followup_v1
retain_once,W05,deer,a photo of the deer,189,231,images/experiment1_sequential_own_step/retain_once/W05/deer/index_189_seed_231.png,deer,cat,False,0.058740027248859406,delete-after-eval,0.000635111122392118,0.004065465182065964,0.041818175464868546,0.3461458683013916,0.058740027248859406,0.31835395097732544,0.19403138756752014,0.030333183705806732,0.001826798776164651,0.004050055518746376,new_followup_supplement,/home/tslin/Documents/jupyter_data/anLi/machine_unlearning/orthogonal-concept-erasure/experiments/sequential_object_followup/outputs/sequential_oce_object_followup_v1
retain_once,W05,deer,a photo of the deer,190,232,images/experiment1_sequential_own_step/retain_once/W05/deer/index_190_seed_232.png,deer,horse,False,0.002072619739919901,delete-after-eval,0.0003081144532188773,0.023557160049676895,9.668972052168101e-05,0.0007498846971429884,0.002072619739919901,0.004883896559476852,4.2071918869623914e-05,0.9576963782310486,0.0003255615592934191,0.010267714969813824,new_followup_supplement,/home/tslin/Documents/jupyter_data/anLi/machine_unlearning/orthogonal-concept-erasure/experiments/sequential_object_followup/outputs/sequential_oce_object_followup_v1
retain_once,W05,deer,a photo of the deer,191,233,images/experiment1_sequential_own_step/retain_once/W05/deer/index_191_seed_233.png,deer,horse,False,0.001684291404671967,delete-after-eval,0.0003449012292549014,0.002255211118608713,0.00011208456999156624,0.0009304574341513216,0.001684291404671967,0.012133399024605751,3.7987338146194816e-05,0.9812526106834412,9.758119995240122e-05,0.0011515570804476738,new_followup_supplement,/home/tslin/Documents/jupyter_data/anLi/machine_unlearning/orthogonal-concept-erasure/experiments/sequential_object_followup/outputs/sequential_oce_object_followup_v1
retain_once,W05,deer,a photo of the deer,192,234,images/experiment1_sequential_own_step/retain_once/W05/deer/index_192_seed_234.png,deer,horse,False,4.552390964818187e-05,delete-after-eval,7.479314081138e-05,0.0044971187599003315,0.00035484720137901604,0.00022589988657273352,4.552390964818187e-05,0.001568133826367557,3.7301645079423906e-06,0.9911128878593445,0.0005694926949217916,0.001547672669403255,new_followup_supplement,/home/tslin/Documents/jupyter_data/anLi/machine_unlearning/orthogonal-concept-erasure/experiments/sequential_object_followup/outputs/sequential_oce_object_followup_v1
retain_once,W05,deer,a photo of the deer,193,235,images/experiment1_sequential_own_step/retain_once/W05/deer/index_193_seed_235.png,deer,horse,False,4.522045128396712e-05,delete-after-eval,3.9620073948754e-05,0.0022850290406495333,0.00016346499614883214,0.0002854462945833802,4.522045128396712e-05,0.000986636383458972,8.819267236503947e-07,0.9958168864250183,4.995881317881867e-05,0.0003267531283199787,new_followup_supplement,/home/tslin/Documents/jupyter_data/anLi/machine_unlearning/orthogonal-concept-erasure/experiments/sequential_object_followup/outputs/sequential_oce_object_followup_v1
retain_once,W05,deer,a photo of the deer,194,236,images/experiment1_sequential_own_step/retain_once/W05/deer/index_194_seed_236.png,deer,horse,False,0.0015309246955439448,delete-after-eval,0.004197741858661175,0.21408888697624207,0.0006400690181180835,0.0034975572489202023,0.0015309246955439448,0.06362610310316086,1.2658558262046427e-05,0.4603661000728607,0.03085496462881565,0.22118498384952545,new_followup_supplement,/home/tslin/Documents/jupyter_data/anLi/machine_unlearning/orthogonal-concept-erasure/experiments/sequential_object_followup/outputs/sequential_oce_object_followup_v1
retain_once,W05,deer,a photo of the deer,195,237,images/experiment1_sequential_own_step/retain_once/W05/deer/index_195_seed_237.png,deer,horse,False,3.360155096743256e-05,delete-after-eval,9.930610758601688e-06,0.00010302677401341498,4.5355071051744744e-05,6.251035665627569e-05,3.360155096743256e-05,0.0003572620917111635,3.091578264502459e-07,0.9993168115615845,7.624832960573258e-06,6.354200013447553e-05,new_followup_supplement,/home/tslin/Documents/jupyter_data/anLi/machine_unlearning/orthogonal-concept-erasure/experiments/sequential_object_followup/outputs/sequential_oce_object_followup_v1
retain_once,W05,deer,a photo of the deer,196,238,images/experiment1_sequential_own_step/retain_once/W05/deer/index_196_seed_238.png,deer,horse,False,0.007724863477051258,delete-after-eval,0.00049504020716995,0.0029026810079813004,0.0008086478337645531,0.0012693071039393544,0.007724863477051258,0.003849390195682645,0.00016597748617641628,0.9819035530090332,0.00029720531892962754,0.000583397806622088,new_followup_supplement,/home/tslin/Documents/jupyter_data/anLi/machine_unlearning/orthogonal-concept-erasure/experiments/sequential_object_followup/outputs/sequential_oce_object_followup_v1
retain_once,W05,deer,a photo of the deer,197,239,images/experiment1_sequential_own_step/retain_once/W05/deer/index_197_seed_239.png,deer,horse,False,5.251825314189773e-06,delete-after-eval,9.044930266099982e-06,0.00015837789396755397,5.087460522190668e-05,5.8994981372961774e-05,5.251825314189773e-06,0.0007660090923309326,5.605420483334456e-07,0.998819887638092,1.0750138244475238e-05,0.00012032656377414241,new_followup_supplement,/home/tslin/Documents/jupyter_data/anLi/machine_unlearning/orthogonal-concept-erasure/experiments/sequential_object_followup/outputs/sequential_oce_object_followup_v1
retain_once,W05,deer,a photo of the deer,198,240,images/experiment1_sequential_own_step/retain_once/W05/deer/index_198_seed_240.png,deer,horse,False,0.00038013627636246383,delete-after-eval,0.0009831723291426897,0.005770994815975428,0.0001449789124308154,0.00042225344805046916,0.00038013627636246383,0.010443665087223053,6.371623840095708e-06,0.9621201157569885,0.010673582553863525,0.009054595604538918,new_followup_supplement,/home/tslin/Documents/jupyter_data/anLi/machine_unlearning/orthogonal-concept-erasure/experiments/sequential_object_followup/outputs/sequential_oce_object_followup_v1
retain_once,W05,deer,a photo of the deer,199,241,images/experiment1_sequential_own_step/retain_once/W05/deer/index_199_seed_241.png,deer,horse,False,0.001056185457855463,delete-after-eval,0.002314466517418623,0.07126424461603165,0.00010171975009143353,0.0007695433450862765,0.001056185457855463,0.005215501878410578,9.196145401801914e-05,0.887671709060669,0.00361237651668489,0.027902262285351753,new_followup_supplement,/home/tslin/Documents/jupyter_data/anLi/machine_unlearning/orthogonal-concept-erasure/experiments/sequential_object_followup/outputs/sequential_oce_object_followup_v1
