group,checkpoint,concept,prompt,sample_index,seed,image_path,expected_label,predicted_label,correct,expected_probability,image_retention,prob_airplane,prob_automobile,prob_bird,prob_cat,prob_deer,prob_dog,prob_frog,prob_horse,prob_ship,prob_truck,sample_origin,artifact_root
retain_always,W05,deer,a photo of the deer,0,42,images/retain_always/W05/deer/index_000_seed_42.png,deer,horse,False,9.007153857965022e-05,delete-after-eval,0.0001450085692340508,0.0016833525151014328,0.000217405628063716,0.00013513707381207496,9.007153857965022e-05,0.0025230140890926123,3.247107088100165e-06,0.9931653141975403,0.0006348530296236277,0.0014026840217411518,existing_v1_100,/home/tslin/Documents/jupyter_data/anLi/machine_unlearning/orthogonal-concept-erasure/experiments/sequential_object_persistence/outputs/sequential_oce_object_v1_online
retain_always,W05,deer,a photo of the deer,1,43,images/retain_always/W05/deer/index_001_seed_43.png,deer,horse,False,0.00018274479953106493,delete-after-eval,1.1039866876672022e-05,0.00024408941681031138,6.157073221402243e-05,0.0001154627461801283,0.00018274479953106493,0.0006909171934239566,1.917910594784189e-06,0.9986010193824768,1.807949047361035e-05,7.321459997911006e-05,existing_v1_100,/home/tslin/Documents/jupyter_data/anLi/machine_unlearning/orthogonal-concept-erasure/experiments/sequential_object_persistence/outputs/sequential_oce_object_v1_online
retain_always,W05,deer,a photo of the deer,2,44,images/retain_always/W05/deer/index_002_seed_44.png,deer,horse,False,4.366334542282857e-05,delete-after-eval,1.7614453099668026e-05,0.00026081441319547594,3.851440123980865e-05,8.758913463680074e-05,4.366334542282857e-05,0.0002576519618742168,6.762484758837672e-07,0.9991362690925598,1.4224271581042558e-05,0.00014310625556390733,existing_v1_100,/home/tslin/Documents/jupyter_data/anLi/machine_unlearning/orthogonal-concept-erasure/experiments/sequential_object_persistence/outputs/sequential_oce_object_v1_online
retain_always,W05,deer,a photo of the deer,3,45,images/retain_always/W05/deer/index_003_seed_45.png,deer,horse,False,0.011865498498082161,delete-after-eval,0.000545575050637126,0.007764045149087906,0.0007483643712475896,0.0039978534914553165,0.011865498498082161,0.008311179466545582,0.00023462786339223385,0.9633224606513977,0.0010281838476657867,0.0021822189446538687,existing_v1_100,/home/tslin/Documents/jupyter_data/anLi/machine_unlearning/orthogonal-concept-erasure/experiments/sequential_object_persistence/outputs/sequential_oce_object_v1_online
retain_always,W05,deer,a photo of the deer,4,46,images/retain_always/W05/deer/index_004_seed_46.png,deer,horse,False,0.0002476700465194881,delete-after-eval,3.7532274291152135e-05,0.0004176796355750412,0.00021784468844998628,0.0006293897749856114,0.0002476700465194881,0.0011608198983594775,3.5081598070973996e-06,0.9969303011894226,6.882916204631329e-05,0.00028636728529818356,existing_v1_100,/home/tslin/Documents/jupyter_data/anLi/machine_unlearning/orthogonal-concept-erasure/experiments/sequential_object_persistence/outputs/sequential_oce_object_v1_online
retain_always,W05,deer,a photo of the deer,5,47,images/retain_always/W05/deer/index_005_seed_47.png,deer,horse,False,0.006049229763448238,delete-after-eval,0.0015652001602575183,0.006827196106314659,0.000502543174661696,0.0008165377657860518,0.006049229763448238,0.0031716665253043175,5.948842954239808e-05,0.9785263538360596,0.0012184327933937311,0.001263239188119769,existing_v1_100,/home/tslin/Documents/jupyter_data/anLi/machine_unlearning/orthogonal-concept-erasure/experiments/sequential_object_persistence/outputs/sequential_oce_object_v1_online
retain_always,W05,deer,a photo of the deer,6,48,images/retain_always/W05/deer/index_006_seed_48.png,deer,horse,False,0.0039770896546542645,delete-after-eval,0.004604924004524946,0.0168890543282032,0.032729826867580414,0.011017747223377228,0.0039770896546542645,0.061085350811481476,0.006868518423289061,0.8177496194839478,0.012850869446992874,0.032227009534835815,existing_v1_100,/home/tslin/Documents/jupyter_data/anLi/machine_unlearning/orthogonal-concept-erasure/experiments/sequential_object_persistence/outputs/sequential_oce_object_v1_online
retain_always,W05,deer,a photo of the deer,7,49,images/retain_always/W05/deer/index_007_seed_49.png,deer,horse,False,0.0014915753854438663,delete-after-eval,0.001883012242615223,0.022898955270648003,0.0006729663582518697,0.0017815286992117763,0.0014915753854438663,0.009210566058754921,2.4745942937443033e-05,0.9423514604568481,0.0013483051443472505,0.01833690144121647,existing_v1_100,/home/tslin/Documents/jupyter_data/anLi/machine_unlearning/orthogonal-concept-erasure/experiments/sequential_object_persistence/outputs/sequential_oce_object_v1_online
retain_always,W05,deer,a photo of the deer,8,50,images/retain_always/W05/deer/index_008_seed_50.png,deer,horse,False,4.110094596398994e-05,delete-after-eval,1.0304862371413037e-05,0.0003829876659438014,7.771566743031144e-05,0.0002260189939988777,4.110094596398994e-05,0.0007365010096691549,3.0576661629311275e-06,0.9982660412788391,9.243051863450091e-06,0.00024711087462492287,existing_v1_100,/home/tslin/Documents/jupyter_data/anLi/machine_unlearning/orthogonal-concept-erasure/experiments/sequential_object_persistence/outputs/sequential_oce_object_v1_online
retain_always,W05,deer,a photo of the deer,9,51,images/retain_always/W05/deer/index_009_seed_51.png,deer,horse,False,0.00015797703235875815,delete-after-eval,4.650361734093167e-05,0.00020096529624424875,0.0001099996006814763,0.00020487151050474495,0.00015797703235875815,0.00039166639908216894,1.1886760376000893e-06,0.9987555742263794,4.173425622866489e-05,8.945360605139285e-05,existing_v1_100,/home/tslin/Documents/jupyter_data/anLi/machine_unlearning/orthogonal-concept-erasure/experiments/sequential_object_persistence/outputs/sequential_oce_object_v1_online
retain_always,W05,deer,a photo of the deer,10,52,images/retain_always/W05/deer/index_010_seed_52.png,deer,horse,False,0.00402145367115736,delete-after-eval,0.0022459181491285563,0.02081216685473919,0.0016498883487656713,0.0015506480121985078,0.00402145367115736,0.018038759008049965,0.0002073662035400048,0.9285407662391663,0.0021959554869681597,0.020737115293741226,existing_v1_100,/home/tslin/Documents/jupyter_data/anLi/machine_unlearning/orthogonal-concept-erasure/experiments/sequential_object_persistence/outputs/sequential_oce_object_v1_online
retain_always,W05,deer,a photo of the deer,11,53,images/retain_always/W05/deer/index_011_seed_53.png,deer,horse,False,2.748839142441284e-05,delete-after-eval,2.749326449702494e-05,0.0006495831185020506,6.719051452819258e-05,5.882039840798825e-05,2.748839142441284e-05,0.0006834685918875039,5.914495773140516e-07,0.9983060359954834,4.439479744178243e-05,0.0001348547957604751,existing_v1_100,/home/tslin/Documents/jupyter_data/anLi/machine_unlearning/orthogonal-concept-erasure/experiments/sequential_object_persistence/outputs/sequential_oce_object_v1_online
retain_always,W05,deer,a photo of the deer,12,54,images/retain_always/W05/deer/index_012_seed_54.png,deer,horse,False,0.0009630795102566481,delete-after-eval,0.000306806992739439,0.005250475835055113,0.0002647112705744803,0.0002176849084207788,0.0009630795102566481,0.0027189229149371386,5.832452006870881e-05,0.988606870174408,0.0003661836381070316,0.0012469070497900248,existing_v1_100,/home/tslin/Documents/jupyter_data/anLi/machine_unlearning/orthogonal-concept-erasure/experiments/sequential_object_persistence/outputs/sequential_oce_object_v1_online
retain_always,W05,deer,a photo of the deer,13,55,images/retain_always/W05/deer/index_013_seed_55.png,deer,horse,False,0.014650722034275532,delete-after-eval,0.0007160454406403005,0.010987292975187302,0.003967389930039644,0.005210929084569216,0.014650722034275532,0.01503269374370575,0.0003989100514445454,0.9426321387290955,0.0017851415323093534,0.004618741571903229,existing_v1_100,/home/tslin/Documents/jupyter_data/anLi/machine_unlearning/orthogonal-concept-erasure/experiments/sequential_object_persistence/outputs/sequential_oce_object_v1_online
retain_always,W05,deer,a photo of the deer,14,56,images/retain_always/W05/deer/index_014_seed_56.png,deer,horse,False,3.077806832152419e-05,delete-after-eval,2.4902505174395628e-05,0.00018604332581162453,7.257295510498807e-05,9.700671216705814e-05,3.077806832152419e-05,0.000524746545124799,4.296878159948392e-07,0.998880922794342,3.076627035625279e-05,0.00015184326912276447,existing_v1_100,/home/tslin/Documents/jupyter_data/anLi/machine_unlearning/orthogonal-concept-erasure/experiments/sequential_object_persistence/outputs/sequential_oce_object_v1_online
retain_always,W05,deer,a photo of the deer,15,57,images/retain_always/W05/deer/index_015_seed_57.png,deer,horse,False,0.00046329654287546873,delete-after-eval,0.00012609803525265306,0.001036865054629743,0.00019709659682121128,0.00020787352696061134,0.00046329654287546873,0.0012567813973873854,1.695041464699898e-05,0.9958504438400269,9.990141552407295e-05,0.0007447149255312979,existing_v1_100,/home/tslin/Documents/jupyter_data/anLi/machine_unlearning/orthogonal-concept-erasure/experiments/sequential_object_persistence/outputs/sequential_oce_object_v1_online
retain_always,W05,deer,a photo of the deer,16,58,images/retain_always/W05/deer/index_016_seed_58.png,deer,horse,False,0.00036052256473340094,delete-after-eval,0.0004750491352751851,0.02264885976910591,0.0011135184904560447,0.0003316737711429596,0.00036052256473340094,0.0011367896804586053,8.56829501572065e-06,0.9686728119850159,0.0006010190700180829,0.004651223309338093,existing_v1_100,/home/tslin/Documents/jupyter_data/anLi/machine_unlearning/orthogonal-concept-erasure/experiments/sequential_object_persistence/outputs/sequential_oce_object_v1_online
retain_always,W05,deer,a photo of the deer,17,59,images/retain_always/W05/deer/index_017_seed_59.png,deer,horse,False,2.2541840735357255e-05,delete-after-eval,4.788571459357627e-06,9.811844938667491e-05,0.00011262453335803002,5.757874532719143e-05,2.2541840735357255e-05,0.0007567288121208549,4.524094947555568e-07,0.9988569021224976,1.734286706778221e-05,7.287303742486984e-05,existing_v1_100,/home/tslin/Documents/jupyter_data/anLi/machine_unlearning/orthogonal-concept-erasure/experiments/sequential_object_persistence/outputs/sequential_oce_object_v1_online
retain_always,W05,deer,a photo of the deer,18,60,images/retain_always/W05/deer/index_018_seed_60.png,deer,horse,False,0.013029888272285461,delete-after-eval,0.00387183902785182,0.07608973234891891,0.0022092440631240606,0.011959019117057323,0.013029888272285461,0.04582376033067703,0.00023960373073350638,0.8095728754997253,0.008194228634238243,0.029009757563471794,existing_v1_100,/home/tslin/Documents/jupyter_data/anLi/machine_unlearning/orthogonal-concept-erasure/experiments/sequential_object_persistence/outputs/sequential_oce_object_v1_online
retain_always,W05,deer,a photo of the deer,19,61,images/retain_always/W05/deer/index_019_seed_61.png,deer,horse,False,0.00010882001515710726,delete-after-eval,5.420819798018783e-05,0.0013979225186631083,2.888579183490947e-05,5.180273365112953e-05,0.00010882001515710726,0.0007911779102869332,2.5835395263129612e-06,0.9968151450157166,9.148964454652742e-05,0.0006579582113772631,existing_v1_100,/home/tslin/Documents/jupyter_data/anLi/machine_unlearning/orthogonal-concept-erasure/experiments/sequential_object_persistence/outputs/sequential_oce_object_v1_online
retain_always,W05,deer,a photo of the deer,20,62,images/retain_always/W05/deer/index_020_seed_62.png,deer,horse,False,0.00017054053023457527,delete-after-eval,5.648380010825349e-06,0.00018966259085573256,1.3590783964900766e-05,5.287928433972411e-05,0.00017054053023457527,0.0030667379032820463,3.17952498107843e-07,0.9963322281837463,1.4630481928179506e-05,0.00015380862168967724,existing_v1_100,/home/tslin/Documents/jupyter_data/anLi/machine_unlearning/orthogonal-concept-erasure/experiments/sequential_object_persistence/outputs/sequential_oce_object_v1_online
retain_always,W05,deer,a photo of the deer,21,63,images/retain_always/W05/deer/index_021_seed_63.png,deer,horse,False,0.007049546577036381,delete-after-eval,0.0016515925526618958,0.00678766006603837,0.0003887317725457251,0.001083568437024951,0.007049546577036381,0.013246217742562294,5.5280092055909336e-05,0.9486410617828369,0.002674833405762911,0.01842155121266842,existing_v1_100,/home/tslin/Documents/jupyter_data/anLi/machine_unlearning/orthogonal-concept-erasure/experiments/sequential_object_persistence/outputs/sequential_oce_object_v1_online
retain_always,W05,deer,a photo of the deer,22,64,images/retain_always/W05/deer/index_022_seed_64.png,deer,horse,False,0.012775021605193615,delete-after-eval,0.004228195175528526,0.06239413470029831,0.0017332828138023615,0.0035463047679513693,0.012775021605193615,0.05944964289665222,6.877208943478763e-05,0.8243322968482971,0.006143567617982626,0.025328749790787697,existing_v1_100,/home/tslin/Documents/jupyter_data/anLi/machine_unlearning/orthogonal-concept-erasure/experiments/sequential_object_persistence/outputs/sequential_oce_object_v1_online
retain_always,W05,deer,a photo of the deer,23,65,images/retain_always/W05/deer/index_023_seed_65.png,deer,horse,False,0.00011768108379328623,delete-after-eval,2.0075493011972867e-05,0.0005090690101496875,2.6316709409002215e-05,0.00010510583524592221,0.00011768108379328623,0.0009592716232873499,6.725945809193945e-07,0.9980589747428894,3.424401074880734e-05,0.00016871510888449848,existing_v1_100,/home/tslin/Documents/jupyter_data/anLi/machine_unlearning/orthogonal-concept-erasure/experiments/sequential_object_persistence/outputs/sequential_oce_object_v1_online
retain_always,W05,deer,a photo of the deer,24,66,images/retain_always/W05/deer/index_024_seed_66.png,deer,horse,False,0.027466317638754845,delete-after-eval,0.0006240859511308372,0.006291970610618591,0.0009392508654855192,0.002112827030941844,0.027466317638754845,0.016335420310497284,0.0002760663046501577,0.939130425453186,0.0009626347455196083,0.00586108211427927,existing_v1_100,/home/tslin/Documents/jupyter_data/anLi/machine_unlearning/orthogonal-concept-erasure/experiments/sequential_object_persistence/outputs/sequential_oce_object_v1_online
retain_always,W05,deer,a photo of the deer,25,67,images/retain_always/W05/deer/index_025_seed_67.png,deer,horse,False,0.0015051431255415082,delete-after-eval,0.0001493793970439583,0.0017666756175458431,0.00018269037536811084,0.0004457416944205761,0.0015051431255415082,0.001880817348137498,3.134820644845604e-06,0.9915044903755188,0.00014716981968376786,0.0024147548247128725,existing_v1_100,/home/tslin/Documents/jupyter_data/anLi/machine_unlearning/orthogonal-concept-erasure/experiments/sequential_object_persistence/outputs/sequential_oce_object_v1_online
retain_always,W05,deer,a photo of the deer,26,68,images/retain_always/W05/deer/index_026_seed_68.png,deer,horse,False,0.00793277658522129,delete-after-eval,0.006887398660182953,0.017366943880915642,0.0029807095415890217,0.015443829819560051,0.00793277658522129,0.02766018733382225,0.00018581013137008995,0.9128246307373047,0.002651659306138754,0.006066016852855682,existing_v1_100,/home/tslin/Documents/jupyter_data/anLi/machine_unlearning/orthogonal-concept-erasure/experiments/sequential_object_persistence/outputs/sequential_oce_object_v1_online
retain_always,W05,deer,a photo of the deer,27,69,images/retain_always/W05/deer/index_027_seed_69.png,deer,horse,False,0.00016595989291090518,delete-after-eval,7.154980266932398e-05,0.0010609470773488283,0.00011080793046858162,0.0002984610036946833,0.00016595989291090518,0.001345200464129448,3.765362407648354e-06,0.996347963809967,5.649280137731694e-05,0.000538814754690975,existing_v1_100,/home/tslin/Documents/jupyter_data/anLi/machine_unlearning/orthogonal-concept-erasure/experiments/sequential_object_persistence/outputs/sequential_oce_object_v1_online
retain_always,W05,deer,a photo of the deer,28,70,images/retain_always/W05/deer/index_028_seed_70.png,deer,horse,False,0.004284858237951994,delete-after-eval,0.0015577684389427304,0.04488277807831764,0.0006982535705901682,0.004208558704704046,0.004284858237951994,0.012988741509616375,0.0008800241630524397,0.8887938857078552,0.0021663885563611984,0.03953878954052925,existing_v1_100,/home/tslin/Documents/jupyter_data/anLi/machine_unlearning/orthogonal-concept-erasure/experiments/sequential_object_persistence/outputs/sequential_oce_object_v1_online
retain_always,W05,deer,a photo of the deer,29,71,images/retain_always/W05/deer/index_029_seed_71.png,deer,horse,False,0.000559858453925699,delete-after-eval,0.006751575041562319,0.19703955948352814,0.001137202838435769,0.003474663943052292,0.000559858453925699,0.020940523594617844,8.620559674454853e-05,0.7125517129898071,0.01810520328581333,0.03935352712869644,existing_v1_100,/home/tslin/Documents/jupyter_data/anLi/machine_unlearning/orthogonal-concept-erasure/experiments/sequential_object_persistence/outputs/sequential_oce_object_v1_online
retain_always,W05,deer,a photo of the deer,30,72,images/retain_always/W05/deer/index_030_seed_72.png,deer,horse,False,4.495412213145755e-05,delete-after-eval,9.662649972597137e-06,0.0005892330082133412,4.771087333210744e-05,7.64591823099181e-05,4.495412213145755e-05,0.0005013390327803791,2.9202922746662807e-07,0.9985405206680298,2.4411874619545415e-05,0.00016550264263059944,existing_v1_100,/home/tslin/Documents/jupyter_data/anLi/machine_unlearning/orthogonal-concept-erasure/experiments/sequential_object_persistence/outputs/sequential_oce_object_v1_online
retain_always,W05,deer,a photo of the deer,31,73,images/retain_always/W05/deer/index_031_seed_73.png,deer,horse,False,0.015378821641206741,delete-after-eval,0.002740785712376237,0.14990893006324768,0.002227902878075838,0.0032190356869250536,0.015378821641206741,0.03598321974277496,0.0018116558203473687,0.7600845098495483,0.006451079156249762,0.02219396084547043,existing_v1_100,/home/tslin/Documents/jupyter_data/anLi/machine_unlearning/orthogonal-concept-erasure/experiments/sequential_object_persistence/outputs/sequential_oce_object_v1_online
retain_always,W05,deer,a photo of the deer,32,74,images/retain_always/W05/deer/index_032_seed_74.png,deer,horse,False,4.3721542169805616e-05,delete-after-eval,0.0010585044510662556,0.0022798790596425533,6.867928459541872e-05,0.0004049966810271144,4.3721542169805616e-05,0.005373806226998568,1.4954083553675446e-06,0.9887517094612122,0.0005280006444081664,0.001489246846176684,existing_v1_100,/home/tslin/Documents/jupyter_data/anLi/machine_unlearning/orthogonal-concept-erasure/experiments/sequential_object_persistence/outputs/sequential_oce_object_v1_online
retain_always,W05,deer,a photo of the deer,33,75,images/retain_always/W05/deer/index_033_seed_75.png,deer,horse,False,5.332389991963282e-05,delete-after-eval,9.099113412958104e-06,6.40571815893054e-05,0.00021153823763597757,0.0001393451530020684,5.332389991963282e-05,0.0009474701946601272,8.665786594974634e-07,0.9985159039497375,5.311841050570365e-06,5.311864515533671e-05,existing_v1_100,/home/tslin/Documents/jupyter_data/anLi/machine_unlearning/orthogonal-concept-erasure/experiments/sequential_object_persistence/outputs/sequential_oce_object_v1_online
retain_always,W05,deer,a photo of the deer,34,76,images/retain_always/W05/deer/index_034_seed_76.png,deer,horse,False,0.00040231808088719845,delete-after-eval,0.00020941531693097204,0.0033136815764009953,0.0017673673573881388,0.0007721233414486051,0.00040231808088719845,0.002151722088456154,7.874264156271238e-06,0.9901367425918579,0.0002898053789976984,0.0009489094372838736,existing_v1_100,/home/tslin/Documents/jupyter_data/anLi/machine_unlearning/orthogonal-concept-erasure/experiments/sequential_object_persistence/outputs/sequential_oce_object_v1_online
retain_always,W05,deer,a photo of the deer,35,77,images/retain_always/W05/deer/index_035_seed_77.png,deer,horse,False,0.0006557306041941047,delete-after-eval,0.00012038133718306199,0.000477010034956038,0.00023677344142924994,0.0003450886288192123,0.0006557306041941047,0.0014759061159566045,1.7728834791341797e-05,0.996265709400177,3.878986899508163e-05,0.0003669114666990936,existing_v1_100,/home/tslin/Documents/jupyter_data/anLi/machine_unlearning/orthogonal-concept-erasure/experiments/sequential_object_persistence/outputs/sequential_oce_object_v1_online
retain_always,W05,deer,a photo of the deer,36,78,images/retain_always/W05/deer/index_036_seed_78.png,deer,horse,False,0.0005681245238520205,delete-after-eval,5.319370757206343e-05,0.002972283400595188,0.0001270874636247754,0.0006251706508919597,0.0005681245238520205,0.0019093386363238096,9.865112588158809e-06,0.9925183057785034,6.364498403854668e-05,0.0011529680341482162,existing_v1_100,/home/tslin/Documents/jupyter_data/anLi/machine_unlearning/orthogonal-concept-erasure/experiments/sequential_object_persistence/outputs/sequential_oce_object_v1_online
retain_always,W05,deer,a photo of the deer,37,79,images/retain_always/W05/deer/index_037_seed_79.png,deer,horse,False,0.010948321782052517,delete-after-eval,0.0013792664976790547,0.016711879521608353,0.0009349153842777014,0.0019090762361884117,0.010948321782052517,0.05141919478774071,2.8811127776862122e-05,0.9040428400039673,0.005260431207716465,0.007365245837718248,existing_v1_100,/home/tslin/Documents/jupyter_data/anLi/machine_unlearning/orthogonal-concept-erasure/experiments/sequential_object_persistence/outputs/sequential_oce_object_v1_online
retain_always,W05,deer,a photo of the deer,38,80,images/retain_always/W05/deer/index_038_seed_80.png,deer,horse,False,0.0013673320645466447,delete-after-eval,0.00010249495244352147,0.0037719635292887688,0.0002286458038724959,0.0001877083268482238,0.0013673320645466447,0.0020865474361926317,4.4485681428341195e-05,0.9909512996673584,0.00020156802202109247,0.0010578968795016408,existing_v1_100,/home/tslin/Documents/jupyter_data/anLi/machine_unlearning/orthogonal-concept-erasure/experiments/sequential_object_persistence/outputs/sequential_oce_object_v1_online
retain_always,W05,deer,a photo of the deer,39,81,images/retain_always/W05/deer/index_039_seed_81.png,deer,horse,False,0.00013690165360458195,delete-after-eval,1.6901734852581285e-05,0.00018913610256277025,0.0001217714452650398,0.00012698966020252556,0.00013690165360458195,0.0002932589268311858,4.929343049298041e-07,0.9990430474281311,1.1089609870396089e-05,6.0405884141800925e-05,existing_v1_100,/home/tslin/Documents/jupyter_data/anLi/machine_unlearning/orthogonal-concept-erasure/experiments/sequential_object_persistence/outputs/sequential_oce_object_v1_online
retain_always,W05,deer,a photo of the deer,40,82,images/retain_always/W05/deer/index_040_seed_82.png,deer,horse,False,2.6762303605210036e-05,delete-after-eval,1.590633110026829e-05,0.0001594646746525541,7.939100760268047e-05,0.00015990996325854212,2.6762303605210036e-05,0.0002937174867838621,3.416440961245826e-07,0.9991748929023743,4.249664561939426e-05,4.705287574324757e-05,existing_v1_100,/home/tslin/Documents/jupyter_data/anLi/machine_unlearning/orthogonal-concept-erasure/experiments/sequential_object_persistence/outputs/sequential_oce_object_v1_online
retain_always,W05,deer,a photo of the deer,41,83,images/retain_always/W05/deer/index_041_seed_83.png,deer,horse,False,0.00020933382620569319,delete-after-eval,0.00012585322838276625,0.0018683753442019224,0.00014724908396601677,0.0004105395055375993,0.00020933382620569319,0.0021160244941711426,2.9778268071822822e-05,0.9942129254341125,0.0002832329773809761,0.0005966562894172966,existing_v1_100,/home/tslin/Documents/jupyter_data/anLi/machine_unlearning/orthogonal-concept-erasure/experiments/sequential_object_persistence/outputs/sequential_oce_object_v1_online
retain_always,W05,deer,a photo of the deer,42,84,images/retain_always/W05/deer/index_042_seed_84.png,deer,horse,False,0.0029692710377275944,delete-after-eval,0.0012721738312393427,0.015116754919290543,0.0009434375679120421,0.001090583042241633,0.0029692710377275944,0.009764784015715122,7.738980639260262e-05,0.9651049375534058,0.0010302200680598617,0.0026304428465664387,existing_v1_100,/home/tslin/Documents/jupyter_data/anLi/machine_unlearning/orthogonal-concept-erasure/experiments/sequential_object_persistence/outputs/sequential_oce_object_v1_online
retain_always,W05,deer,a photo of the deer,43,85,images/retain_always/W05/deer/index_043_seed_85.png,deer,horse,False,0.0019678580574691296,delete-after-eval,0.0016251009656116366,0.004710257984697819,0.0015811370685696602,0.002718393225222826,0.0019678580574691296,0.042364396154880524,0.0003497254801914096,0.9337186813354492,0.0025584769900888205,0.008406013250350952,existing_v1_100,/home/tslin/Documents/jupyter_data/anLi/machine_unlearning/orthogonal-concept-erasure/experiments/sequential_object_persistence/outputs/sequential_oce_object_v1_online
retain_always,W05,deer,a photo of the deer,44,86,images/retain_always/W05/deer/index_044_seed_86.png,deer,horse,False,0.0008329550619237125,delete-after-eval,0.0005159993306733668,0.011434945277869701,0.0002915110089816153,0.001183748128823936,0.0008329550619237125,0.006096636410802603,2.104579471051693e-05,0.9725660681724548,0.002508960198611021,0.004548203200101852,existing_v1_100,/home/tslin/Documents/jupyter_data/anLi/machine_unlearning/orthogonal-concept-erasure/experiments/sequential_object_persistence/outputs/sequential_oce_object_v1_online
retain_always,W05,deer,a photo of the deer,45,87,images/retain_always/W05/deer/index_045_seed_87.png,deer,horse,False,0.004558860789984465,delete-after-eval,0.00019516180327627808,0.006444689817726612,0.0003687758871819824,0.00045847566798329353,0.004558860789984465,0.002329801907762885,1.9552646335796453e-05,0.9832857251167297,0.0006012805388309062,0.0017377968179062009,existing_v1_100,/home/tslin/Documents/jupyter_data/anLi/machine_unlearning/orthogonal-concept-erasure/experiments/sequential_object_persistence/outputs/sequential_oce_object_v1_online
retain_always,W05,deer,a photo of the deer,46,88,images/retain_always/W05/deer/index_046_seed_88.png,deer,horse,False,0.034627072513103485,delete-after-eval,0.0029564076103270054,0.25563356280326843,0.0018872098298743367,0.005153544247150421,0.034627072513103485,0.061085477471351624,0.0006269566365517676,0.5781198740005493,0.013802152127027512,0.04610772058367729,existing_v1_100,/home/tslin/Documents/jupyter_data/anLi/machine_unlearning/orthogonal-concept-erasure/experiments/sequential_object_persistence/outputs/sequential_oce_object_v1_online
retain_always,W05,deer,a photo of the deer,47,89,images/retain_always/W05/deer/index_047_seed_89.png,deer,horse,False,4.1114326450042427e-05,delete-after-eval,1.8050364815280773e-05,0.00031500260229222476,7.751103112241253e-05,0.00011511085904203355,4.1114326450042427e-05,0.0004150934109929949,6.65827485590853e-07,0.9989186525344849,7.394500244117808e-06,9.14715274120681e-05,existing_v1_100,/home/tslin/Documents/jupyter_data/anLi/machine_unlearning/orthogonal-concept-erasure/experiments/sequential_object_persistence/outputs/sequential_oce_object_v1_online
retain_always,W05,deer,a photo of the deer,48,90,images/retain_always/W05/deer/index_048_seed_90.png,deer,horse,False,2.0363981093396433e-05,delete-after-eval,1.3757294254901353e-05,0.0010129985166713595,2.946929816971533e-05,4.719836215372197e-05,2.0363981093396433e-05,0.0002468657912686467,9.432032044287553e-08,0.9983893632888794,2.2086727767600678e-05,0.00021770420426037163,existing_v1_100,/home/tslin/Documents/jupyter_data/anLi/machine_unlearning/orthogonal-concept-erasure/experiments/sequential_object_persistence/outputs/sequential_oce_object_v1_online
retain_always,W05,deer,a photo of the deer,49,91,images/retain_always/W05/deer/index_049_seed_91.png,deer,horse,False,0.003571011358872056,delete-after-eval,0.0015276077901944518,0.019031604751944542,0.00038306083297356963,0.001302941469475627,0.003571011358872056,0.008180334232747555,0.00013200909597799182,0.9570486545562744,0.002427733037620783,0.006395053584128618,existing_v1_100,/home/tslin/Documents/jupyter_data/anLi/machine_unlearning/orthogonal-concept-erasure/experiments/sequential_object_persistence/outputs/sequential_oce_object_v1_online
retain_always,W05,deer,a photo of the deer,50,92,images/retain_always/W05/deer/index_050_seed_92.png,deer,horse,False,4.0029382944339886e-05,delete-after-eval,6.036070772097446e-05,0.0018078467110171914,3.781630584853701e-05,0.00011399742652429268,4.0029382944339886e-05,0.0006192453438416123,4.835725121665746e-06,0.9966977834701538,0.0001053393425536342,0.0005128635093569756,existing_v1_100,/home/tslin/Documents/jupyter_data/anLi/machine_unlearning/orthogonal-concept-erasure/experiments/sequential_object_persistence/outputs/sequential_oce_object_v1_online
retain_always,W05,deer,a photo of the deer,51,93,images/retain_always/W05/deer/index_051_seed_93.png,deer,horse,False,0.005092855542898178,delete-after-eval,0.000805745308753103,0.011478044092655182,0.0008084331639111042,0.003773595904931426,0.005092855542898178,0.0817810669541359,8.837898349156603e-05,0.8932573795318604,0.0012504884507507086,0.0016639843815937638,existing_v1_100,/home/tslin/Documents/jupyter_data/anLi/machine_unlearning/orthogonal-concept-erasure/experiments/sequential_object_persistence/outputs/sequential_oce_object_v1_online
retain_always,W05,deer,a photo of the deer,52,94,images/retain_always/W05/deer/index_052_seed_94.png,deer,horse,False,0.0007566509302705526,delete-after-eval,0.00042661785846576095,0.0027832884807139635,0.0012220527278259397,0.0006043925532139838,0.0007566509302705526,0.006840456742793322,0.00016332697123289108,0.9851865172386169,0.0004285793111193925,0.0015881522558629513,existing_v1_100,/home/tslin/Documents/jupyter_data/anLi/machine_unlearning/orthogonal-concept-erasure/experiments/sequential_object_persistence/outputs/sequential_oce_object_v1_online
retain_always,W05,deer,a photo of the deer,53,95,images/retain_always/W05/deer/index_053_seed_95.png,deer,horse,False,0.005722516216337681,delete-after-eval,0.0036097033880650997,0.02378654107451439,0.0010714641539379954,0.0017377024050801992,0.005722516216337681,0.015714118257164955,0.00010002504859585315,0.9098113179206848,0.010518454946577549,0.02792808599770069,existing_v1_100,/home/tslin/Documents/jupyter_data/anLi/machine_unlearning/orthogonal-concept-erasure/experiments/sequential_object_persistence/outputs/sequential_oce_object_v1_online
retain_always,W05,deer,a photo of the deer,54,96,images/retain_always/W05/deer/index_054_seed_96.png,deer,horse,False,0.00041867364780046046,delete-after-eval,2.549210148572456e-05,0.00045606025378219783,0.0001084819741663523,0.00011055810318794101,0.00041867364780046046,0.0010891429847106338,2.3042482553137233e-06,0.9975565671920776,7.965252007124946e-05,0.00015301913663279265,existing_v1_100,/home/tslin/Documents/jupyter_data/anLi/machine_unlearning/orthogonal-concept-erasure/experiments/sequential_object_persistence/outputs/sequential_oce_object_v1_online
retain_always,W05,deer,a photo of the deer,55,97,images/retain_always/W05/deer/index_055_seed_97.png,deer,horse,False,0.0015135991852730513,delete-after-eval,0.0002586180344223976,0.0026569506153464317,0.00040496024303138256,0.0008016462670639157,0.0015135991852730513,0.0074533941224217415,5.130510999151738e-06,0.9850319623947144,0.0011579784331843257,0.0007157636573538184,existing_v1_100,/home/tslin/Documents/jupyter_data/anLi/machine_unlearning/orthogonal-concept-erasure/experiments/sequential_object_persistence/outputs/sequential_oce_object_v1_online
retain_always,W05,deer,a photo of the deer,56,98,images/retain_always/W05/deer/index_056_seed_98.png,deer,horse,False,0.00037275179056450725,delete-after-eval,0.00030270597198978066,0.005273234564810991,0.00016879579925443977,0.0005707120290026069,0.00037275179056450725,0.002715272828936577,1.3443099305732176e-05,0.9879351854324341,0.0013543148525059223,0.0012935835402458906,existing_v1_100,/home/tslin/Documents/jupyter_data/anLi/machine_unlearning/orthogonal-concept-erasure/experiments/sequential_object_persistence/outputs/sequential_oce_object_v1_online
retain_always,W05,deer,a photo of the deer,57,99,images/retain_always/W05/deer/index_057_seed_99.png,deer,horse,False,0.017253311350941658,delete-after-eval,0.0034241292160004377,0.03236070275306702,0.012467621825635433,0.005047704558819532,0.017253311350941658,0.049683503806591034,0.0004396381846163422,0.8445554971694946,0.006789890117943287,0.02797793038189411,existing_v1_100,/home/tslin/Documents/jupyter_data/anLi/machine_unlearning/orthogonal-concept-erasure/experiments/sequential_object_persistence/outputs/sequential_oce_object_v1_online
retain_always,W05,deer,a photo of the deer,58,100,images/retain_always/W05/deer/index_058_seed_100.png,deer,horse,False,4.516476110438816e-05,delete-after-eval,2.4277349439216778e-05,0.00035254363319836557,0.00015032582450658083,5.52027158846613e-05,4.516476110438816e-05,0.000813151418697089,5.25873383594444e-06,0.9983441829681396,5.108397454023361e-05,0.00015872908988967538,existing_v1_100,/home/tslin/Documents/jupyter_data/anLi/machine_unlearning/orthogonal-concept-erasure/experiments/sequential_object_persistence/outputs/sequential_oce_object_v1_online
retain_always,W05,deer,a photo of the deer,59,101,images/retain_always/W05/deer/index_059_seed_101.png,deer,horse,False,0.00017992132052313536,delete-after-eval,1.573154986544978e-05,0.0006800412083975971,0.00014652602840214968,0.0001625208678888157,0.00017992132052313536,0.001825652550905943,1.836853016357054e-06,0.9967007040977478,1.2374334801279474e-05,0.00027461847639642656,existing_v1_100,/home/tslin/Documents/jupyter_data/anLi/machine_unlearning/orthogonal-concept-erasure/experiments/sequential_object_persistence/outputs/sequential_oce_object_v1_online
retain_always,W05,deer,a photo of the deer,60,102,images/retain_always/W05/deer/index_060_seed_102.png,deer,horse,False,0.011444702744483948,delete-after-eval,0.0004455071466509253,0.002697828458622098,0.002350759459659457,0.0016901233466342092,0.011444702744483948,0.03112536109983921,0.0040722438134253025,0.9443550705909729,0.0008925991714932024,0.0009258224163204432,existing_v1_100,/home/tslin/Documents/jupyter_data/anLi/machine_unlearning/orthogonal-concept-erasure/experiments/sequential_object_persistence/outputs/sequential_oce_object_v1_online
retain_always,W05,deer,a photo of the deer,61,103,images/retain_always/W05/deer/index_061_seed_103.png,deer,horse,False,0.0035276480484753847,delete-after-eval,9.460654837312177e-05,0.006235265173017979,0.00019363708270248026,0.0004060187784489244,0.0035276480484753847,0.004989358130842447,1.095528386940714e-05,0.9833061099052429,0.0005831356393173337,0.0006532155093736947,existing_v1_100,/home/tslin/Documents/jupyter_data/anLi/machine_unlearning/orthogonal-concept-erasure/experiments/sequential_object_persistence/outputs/sequential_oce_object_v1_online
retain_always,W05,deer,a photo of the deer,62,104,images/retain_always/W05/deer/index_062_seed_104.png,deer,horse,False,0.0013995670014992356,delete-after-eval,1.4965768059482798e-05,0.00035726770875044167,5.6819277233444154e-05,0.0006575785810127854,0.0013995670014992356,0.0019587797578424215,3.7517500004469184e-06,0.9954308271408081,1.3928013686381746e-05,0.00010656013182597235,existing_v1_100,/home/tslin/Documents/jupyter_data/anLi/machine_unlearning/orthogonal-concept-erasure/experiments/sequential_object_persistence/outputs/sequential_oce_object_v1_online
retain_always,W05,deer,a photo of the deer,63,105,images/retain_always/W05/deer/index_063_seed_105.png,deer,horse,False,0.005167766008526087,delete-after-eval,0.00311104254797101,0.006945849396288395,0.0005448187584988773,0.00038486928679049015,0.005167766008526087,0.012124629691243172,0.0012763261329382658,0.9652605056762695,0.0012145617511123419,0.0039696237072348595,existing_v1_100,/home/tslin/Documents/jupyter_data/anLi/machine_unlearning/orthogonal-concept-erasure/experiments/sequential_object_persistence/outputs/sequential_oce_object_v1_online
retain_always,W05,deer,a photo of the deer,64,106,images/retain_always/W05/deer/index_064_seed_106.png,deer,horse,False,0.0029553149361163378,delete-after-eval,0.0025000430177897215,0.0035712418612092733,0.004443677607923746,0.0011351261055096984,0.0029553149361163378,0.004680335521697998,0.0013072475558146834,0.9769506454467773,0.0014647070784121752,0.0009916621493175626,existing_v1_100,/home/tslin/Documents/jupyter_data/anLi/machine_unlearning/orthogonal-concept-erasure/experiments/sequential_object_persistence/outputs/sequential_oce_object_v1_online
retain_always,W05,deer,a photo of the deer,65,107,images/retain_always/W05/deer/index_065_seed_107.png,deer,horse,False,0.002564761321991682,delete-after-eval,8.34394886624068e-05,0.00796631071716547,0.00027398078236728907,0.001495036412961781,0.002564761321991682,0.00817381963133812,5.764307388744783e-06,0.9761058688163757,0.0012555033899843693,0.0020755971781909466,existing_v1_100,/home/tslin/Documents/jupyter_data/anLi/machine_unlearning/orthogonal-concept-erasure/experiments/sequential_object_persistence/outputs/sequential_oce_object_v1_online
retain_always,W05,deer,a photo of the deer,66,108,images/retain_always/W05/deer/index_066_seed_108.png,deer,horse,False,0.001041863113641739,delete-after-eval,0.00017572891374584287,0.0006644474342465401,0.00039445675793103874,0.0003654006286524236,0.001041863113641739,0.006645859219133854,9.859886631602421e-05,0.9867977499961853,0.0017436546040698886,0.0020723005291074514,existing_v1_100,/home/tslin/Documents/jupyter_data/anLi/machine_unlearning/orthogonal-concept-erasure/experiments/sequential_object_persistence/outputs/sequential_oce_object_v1_online
retain_always,W05,deer,a photo of the deer,67,109,images/retain_always/W05/deer/index_067_seed_109.png,deer,horse,False,0.00024155009305104613,delete-after-eval,4.3200025174883194e-06,6.424840830732137e-05,3.24012253258843e-05,0.00010518640920054168,0.00024155009305104613,0.0003776041849050671,1.192565150631708e-06,0.9991251826286316,1.0287110853823833e-05,3.806149470619857e-05,existing_v1_100,/home/tslin/Documents/jupyter_data/anLi/machine_unlearning/orthogonal-concept-erasure/experiments/sequential_object_persistence/outputs/sequential_oce_object_v1_online
retain_always,W05,deer,a photo of the deer,68,110,images/retain_always/W05/deer/index_068_seed_110.png,deer,horse,False,0.018893463537096977,delete-after-eval,0.00026259737205691636,0.002384546911343932,0.0015078497817739844,0.024833334609866142,0.018893463537096977,0.039273329079151154,0.0006491245003417134,0.9109182357788086,0.00013619317905977368,0.0011412976309657097,existing_v1_100,/home/tslin/Documents/jupyter_data/anLi/machine_unlearning/orthogonal-concept-erasure/experiments/sequential_object_persistence/outputs/sequential_oce_object_v1_online
retain_always,W05,deer,a photo of the deer,69,111,images/retain_always/W05/deer/index_069_seed_111.png,deer,horse,False,0.011856560595333576,delete-after-eval,0.002098242985084653,0.01992752030491829,0.0012936099665239453,0.005020900629460812,0.011856560595333576,0.042793646454811096,0.0006834909436292946,0.892260730266571,0.011272983625531197,0.012792324647307396,existing_v1_100,/home/tslin/Documents/jupyter_data/anLi/machine_unlearning/orthogonal-concept-erasure/experiments/sequential_object_persistence/outputs/sequential_oce_object_v1_online
retain_always,W05,deer,a photo of the deer,70,112,images/retain_always/W05/deer/index_070_seed_112.png,deer,horse,False,0.016116758808493614,delete-after-eval,0.015227117575705051,0.0178068894892931,0.006421977188438177,0.013851205818355083,0.016116758808493614,0.04554552957415581,0.005629312712699175,0.8584423065185547,0.00973404198884964,0.01122486125677824,existing_v1_100,/home/tslin/Documents/jupyter_data/anLi/machine_unlearning/orthogonal-concept-erasure/experiments/sequential_object_persistence/outputs/sequential_oce_object_v1_online
retain_always,W05,deer,a photo of the deer,71,113,images/retain_always/W05/deer/index_071_seed_113.png,deer,horse,False,5.418973887572065e-05,delete-after-eval,2.604131805128418e-05,0.0001942579256137833,2.5597077183192596e-05,0.00014393874153029174,5.418973887572065e-05,0.0005656250868923962,2.8934724127793743e-07,0.998684823513031,9.634824527893215e-05,0.00020883051911368966,existing_v1_100,/home/tslin/Documents/jupyter_data/anLi/machine_unlearning/orthogonal-concept-erasure/experiments/sequential_object_persistence/outputs/sequential_oce_object_v1_online
retain_always,W05,deer,a photo of the deer,72,114,images/retain_always/W05/deer/index_072_seed_114.png,deer,horse,False,3.94648450310342e-05,delete-after-eval,1.094837898563128e-05,0.0008079013205133379,2.7596921427175403e-05,0.00010574301268206909,3.94648450310342e-05,0.0005421438254415989,1.2279218708499684e-06,0.998083233833313,2.3669414076721296e-05,0.0003580242919269949,existing_v1_100,/home/tslin/Documents/jupyter_data/anLi/machine_unlearning/orthogonal-concept-erasure/experiments/sequential_object_persistence/outputs/sequential_oce_object_v1_online
retain_always,W05,deer,a photo of the deer,73,115,images/retain_always/W05/deer/index_073_seed_115.png,deer,horse,False,0.012227211147546768,delete-after-eval,0.00022677014931105077,0.0023545322474092245,0.0007076373440213501,0.0006721034878864884,0.012227211147546768,0.009728544391691685,9.217768092639744e-05,0.9732154011726379,0.00012630269338842481,0.0006494091940112412,existing_v1_100,/home/tslin/Documents/jupyter_data/anLi/machine_unlearning/orthogonal-concept-erasure/experiments/sequential_object_persistence/outputs/sequential_oce_object_v1_online
retain_always,W05,deer,a photo of the deer,74,116,images/retain_always/W05/deer/index_074_seed_116.png,deer,horse,False,3.3534030080772936e-05,delete-after-eval,3.0184557544998825e-05,0.001213013892993331,0.00014181589358486235,7.472873403457925e-05,3.3534030080772936e-05,0.0008559871348552406,1.3091182609059615e-06,0.9969605803489685,4.443333818926476e-05,0.000644444371573627,existing_v1_100,/home/tslin/Documents/jupyter_data/anLi/machine_unlearning/orthogonal-concept-erasure/experiments/sequential_object_persistence/outputs/sequential_oce_object_v1_online
retain_always,W05,deer,a photo of the deer,75,117,images/retain_always/W05/deer/index_075_seed_117.png,deer,horse,False,0.005699658766388893,delete-after-eval,0.0001337857829639688,0.0020636734552681446,0.000553232035599649,0.001328187994658947,0.005699658766388893,0.0075988019816577435,0.0009738049702718854,0.975131630897522,0.0015490109799429774,0.004968221765011549,existing_v1_100,/home/tslin/Documents/jupyter_data/anLi/machine_unlearning/orthogonal-concept-erasure/experiments/sequential_object_persistence/outputs/sequential_oce_object_v1_online
retain_always,W05,deer,a photo of the deer,76,118,images/retain_always/W05/deer/index_076_seed_118.png,deer,horse,False,7.643940625712276e-05,delete-after-eval,4.525301119429059e-05,0.000814679719042033,4.014857404399663e-05,8.368383714696392e-05,7.643940625712276e-05,0.0005700032343156636,2.2728399073912442e-07,0.998040497303009,5.590986256720498e-05,0.00027322571258991957,existing_v1_100,/home/tslin/Documents/jupyter_data/anLi/machine_unlearning/orthogonal-concept-erasure/experiments/sequential_object_persistence/outputs/sequential_oce_object_v1_online
retain_always,W05,deer,a photo of the deer,77,119,images/retain_always/W05/deer/index_077_seed_119.png,deer,horse,False,0.0009801508858799934,delete-after-eval,0.0003298025403637439,0.009770344011485577,0.00028617915813811123,0.0011085422011092305,0.0009801508858799934,0.013969848863780499,2.2021262338967063e-05,0.9673669934272766,0.000971055356785655,0.005194991827011108,existing_v1_100,/home/tslin/Documents/jupyter_data/anLi/machine_unlearning/orthogonal-concept-erasure/experiments/sequential_object_persistence/outputs/sequential_oce_object_v1_online
retain_always,W05,deer,a photo of the deer,78,120,images/retain_always/W05/deer/index_078_seed_120.png,deer,horse,False,0.021251609548926353,delete-after-eval,0.003764147637411952,0.01703857071697712,0.0004314132675062865,0.006193825975060463,0.021251609548926353,0.059075333178043365,0.0006580299814231694,0.8829224109649658,0.002202940173447132,0.006461747922003269,existing_v1_100,/home/tslin/Documents/jupyter_data/anLi/machine_unlearning/orthogonal-concept-erasure/experiments/sequential_object_persistence/outputs/sequential_oce_object_v1_online
retain_always,W05,deer,a photo of the deer,79,121,images/retain_always/W05/deer/index_079_seed_121.png,deer,horse,False,0.0039621153846383095,delete-after-eval,0.0012848932528868318,0.042024511843919754,0.0010364241898059845,0.0031008378136903048,0.0039621153846383095,0.023209337145090103,0.00011072241613874212,0.9109012484550476,0.0014697863953188062,0.012900089845061302,existing_v1_100,/home/tslin/Documents/jupyter_data/anLi/machine_unlearning/orthogonal-concept-erasure/experiments/sequential_object_persistence/outputs/sequential_oce_object_v1_online
retain_always,W05,deer,a photo of the deer,80,122,images/retain_always/W05/deer/index_080_seed_122.png,deer,horse,False,0.0007536844932474196,delete-after-eval,0.0018263611709699035,0.009532921947538853,0.0005600170115940273,0.0008746511884965003,0.0007536844932474196,0.014311430044472218,1.509802314103581e-05,0.9648706912994385,0.0021489032078534365,0.005106246564537287,existing_v1_100,/home/tslin/Documents/jupyter_data/anLi/machine_unlearning/orthogonal-concept-erasure/experiments/sequential_object_persistence/outputs/sequential_oce_object_v1_online
retain_always,W05,deer,a photo of the deer,81,123,images/retain_always/W05/deer/index_081_seed_123.png,deer,horse,False,0.002136191353201866,delete-after-eval,8.874073682818562e-05,0.015751024708151817,0.0001311167870881036,0.00023996677191462368,0.002136191353201866,0.001935912063345313,4.344188710092567e-06,0.9733389616012573,0.000553147925529629,0.005820642225444317,existing_v1_100,/home/tslin/Documents/jupyter_data/anLi/machine_unlearning/orthogonal-concept-erasure/experiments/sequential_object_persistence/outputs/sequential_oce_object_v1_online
retain_always,W05,deer,a photo of the deer,82,124,images/retain_always/W05/deer/index_082_seed_124.png,deer,horse,False,5.147768388269469e-05,delete-after-eval,1.249393608304672e-05,0.0004646049055736512,0.00012298951332923025,0.00023243928444571793,5.147768388269469e-05,0.000745831523090601,2.2748918127035722e-06,0.9982665777206421,1.3618599950859789e-05,8.762196375755593e-05,existing_v1_100,/home/tslin/Documents/jupyter_data/anLi/machine_unlearning/orthogonal-concept-erasure/experiments/sequential_object_persistence/outputs/sequential_oce_object_v1_online
retain_always,W05,deer,a photo of the deer,83,125,images/retain_always/W05/deer/index_083_seed_125.png,deer,horse,False,0.0005091661587357521,delete-after-eval,0.00033276656176894903,0.004138703923672438,0.0001691365469014272,0.00038878765190020204,0.0005091661587357521,0.0014024220872670412,4.840972451347625e-06,0.9917588829994202,0.00037838442949578166,0.0009170717094093561,existing_v1_100,/home/tslin/Documents/jupyter_data/anLi/machine_unlearning/orthogonal-concept-erasure/experiments/sequential_object_persistence/outputs/sequential_oce_object_v1_online
retain_always,W05,deer,a photo of the deer,84,126,images/retain_always/W05/deer/index_084_seed_126.png,deer,horse,False,0.0018480430589988828,delete-after-eval,0.011667856946587563,0.23727557063102722,0.0059830364771187305,0.005381470546126366,0.0018480430589988828,0.046091679483652115,0.00037434688420034945,0.5974147915840149,0.018132608383893967,0.07583058625459671,existing_v1_100,/home/tslin/Documents/jupyter_data/anLi/machine_unlearning/orthogonal-concept-erasure/experiments/sequential_object_persistence/outputs/sequential_oce_object_v1_online
retain_always,W05,deer,a photo of the deer,85,127,images/retain_always/W05/deer/index_085_seed_127.png,deer,horse,False,0.002435684436932206,delete-after-eval,0.001341003691777587,0.013385358266532421,0.0014629660872742534,0.001420353539288044,0.002435684436932206,0.028631102293729782,0.0015532848192378879,0.9403102993965149,0.0020388239063322544,0.00742118526250124,existing_v1_100,/home/tslin/Documents/jupyter_data/anLi/machine_unlearning/orthogonal-concept-erasure/experiments/sequential_object_persistence/outputs/sequential_oce_object_v1_online
retain_always,W05,deer,a photo of the deer,86,128,images/retain_always/W05/deer/index_086_seed_128.png,deer,horse,False,0.004887022543698549,delete-after-eval,0.007368726655840874,0.09839353710412979,0.002470074687153101,0.005867526400834322,0.004887022543698549,0.047236211597919464,0.000463862408651039,0.7966407537460327,0.016471397131681442,0.02020089700818062,existing_v1_100,/home/tslin/Documents/jupyter_data/anLi/machine_unlearning/orthogonal-concept-erasure/experiments/sequential_object_persistence/outputs/sequential_oce_object_v1_online
retain_always,W05,deer,a photo of the deer,87,129,images/retain_always/W05/deer/index_087_seed_129.png,deer,horse,False,0.004015946760773659,delete-after-eval,0.0006953226402401924,0.05681149289011955,0.002316709840670228,0.0010643047280609608,0.004015946760773659,0.004263935144990683,5.941793278907426e-05,0.8294946551322937,0.0007164905546233058,0.10056177526712418,existing_v1_100,/home/tslin/Documents/jupyter_data/anLi/machine_unlearning/orthogonal-concept-erasure/experiments/sequential_object_persistence/outputs/sequential_oce_object_v1_online
retain_always,W05,deer,a photo of the deer,88,130,images/retain_always/W05/deer/index_088_seed_130.png,deer,horse,False,0.005874147173017263,delete-after-eval,0.004163813311606646,0.1496393233537674,0.0020039561204612255,0.0025466233491897583,0.005874147173017263,0.029528070241212845,0.00021538743749260902,0.7428613901138306,0.0027245408855378628,0.06044280529022217,existing_v1_100,/home/tslin/Documents/jupyter_data/anLi/machine_unlearning/orthogonal-concept-erasure/experiments/sequential_object_persistence/outputs/sequential_oce_object_v1_online
retain_always,W05,deer,a photo of the deer,89,131,images/retain_always/W05/deer/index_089_seed_131.png,deer,horse,False,0.0037308039609342813,delete-after-eval,0.0008735308074392378,0.007671674247831106,0.0004656556702684611,0.0008535852539353073,0.0037308039609342813,0.03730521351099014,0.00011763137445086613,0.9452794194221497,0.00040557305328547955,0.003296916140243411,existing_v1_100,/home/tslin/Documents/jupyter_data/anLi/machine_unlearning/orthogonal-concept-erasure/experiments/sequential_object_persistence/outputs/sequential_oce_object_v1_online
retain_always,W05,deer,a photo of the deer,90,132,images/retain_always/W05/deer/index_090_seed_132.png,deer,horse,False,0.001183935790322721,delete-after-eval,0.003253332572057843,0.026629477739334106,0.0004979583318345249,0.0010717757977545261,0.001183935790322721,0.01268415804952383,1.4241005374060478e-05,0.9445242285728455,0.003395478241145611,0.006745325867086649,existing_v1_100,/home/tslin/Documents/jupyter_data/anLi/machine_unlearning/orthogonal-concept-erasure/experiments/sequential_object_persistence/outputs/sequential_oce_object_v1_online
retain_always,W05,deer,a photo of the deer,91,133,images/retain_always/W05/deer/index_091_seed_133.png,deer,horse,False,0.00035090112942270935,delete-after-eval,1.1166437616338953e-05,0.0001426717935828492,7.426051888614893e-05,0.00011685671779559925,0.00035090112942270935,0.0007696012035012245,3.221317911084043e-06,0.9984386563301086,9.47090575209586e-06,8.316322782775387e-05,existing_v1_100,/home/tslin/Documents/jupyter_data/anLi/machine_unlearning/orthogonal-concept-erasure/experiments/sequential_object_persistence/outputs/sequential_oce_object_v1_online
retain_always,W05,deer,a photo of the deer,92,134,images/retain_always/W05/deer/index_092_seed_134.png,deer,horse,False,0.0005727676907554269,delete-after-eval,6.427721382351592e-05,0.0010587322758510709,0.00010869443212868646,0.00021263808594085276,0.0005727676907554269,0.0009307228028774261,2.513308174911799e-07,0.9966147541999817,0.00026079959934577346,0.00017639482393860817,existing_v1_100,/home/tslin/Documents/jupyter_data/anLi/machine_unlearning/orthogonal-concept-erasure/experiments/sequential_object_persistence/outputs/sequential_oce_object_v1_online
retain_always,W05,deer,a photo of the deer,93,135,images/retain_always/W05/deer/index_093_seed_135.png,deer,horse,False,0.002840364584699273,delete-after-eval,4.2168936488451436e-05,0.00040863017784431577,0.0005554037634283304,0.0007794163539074361,0.002840364584699273,0.01791454292833805,0.0003236226039007306,0.9763917326927185,0.0002706326195038855,0.00047359548625536263,existing_v1_100,/home/tslin/Documents/jupyter_data/anLi/machine_unlearning/orthogonal-concept-erasure/experiments/sequential_object_persistence/outputs/sequential_oce_object_v1_online
retain_always,W05,deer,a photo of the deer,94,136,images/retain_always/W05/deer/index_094_seed_136.png,deer,bird,False,0.004727030638605356,delete-after-eval,0.0003139146720059216,0.001248840824700892,0.8016089200973511,0.013099458999931812,0.004727030638605356,0.03012322448194027,0.0021540531888604164,0.14339472353458405,0.001863711979240179,0.0014661208260804415,existing_v1_100,/home/tslin/Documents/jupyter_data/anLi/machine_unlearning/orthogonal-concept-erasure/experiments/sequential_object_persistence/outputs/sequential_oce_object_v1_online
retain_always,W05,deer,a photo of the deer,95,137,images/retain_always/W05/deer/index_095_seed_137.png,deer,horse,False,3.8850110286148265e-05,delete-after-eval,6.150970875751227e-05,0.0013395888963714242,2.3331271222559735e-05,4.714017632068135e-05,3.8850110286148265e-05,0.0005381752271205187,1.3485440604199539e-06,0.9973106384277344,2.895587749662809e-05,0.0006104480125941336,existing_v1_100,/home/tslin/Documents/jupyter_data/anLi/machine_unlearning/orthogonal-concept-erasure/experiments/sequential_object_persistence/outputs/sequential_oce_object_v1_online
retain_always,W05,deer,a photo of the deer,96,138,images/retain_always/W05/deer/index_096_seed_138.png,deer,horse,False,0.008084002882242203,delete-after-eval,0.01557144895195961,0.0717921033501625,0.010689441114664078,0.006604115478694439,0.008084002882242203,0.035449158400297165,0.0007811941904947162,0.8260610103607178,0.0053641945123672485,0.019603339955210686,existing_v1_100,/home/tslin/Documents/jupyter_data/anLi/machine_unlearning/orthogonal-concept-erasure/experiments/sequential_object_persistence/outputs/sequential_oce_object_v1_online
retain_always,W05,deer,a photo of the deer,97,139,images/retain_always/W05/deer/index_097_seed_139.png,deer,horse,False,2.3038339350023307e-05,delete-after-eval,5.822671937494306e-06,0.000216281259781681,6.319946987787262e-05,3.7519515899475664e-05,2.3038339350023307e-05,0.0006041015731170774,5.353851975087309e-07,0.9988749623298645,1.9068733308813535e-05,0.0001554298505652696,existing_v1_100,/home/tslin/Documents/jupyter_data/anLi/machine_unlearning/orthogonal-concept-erasure/experiments/sequential_object_persistence/outputs/sequential_oce_object_v1_online
retain_always,W05,deer,a photo of the deer,98,140,images/retain_always/W05/deer/index_098_seed_140.png,deer,horse,False,0.015882745385169983,delete-after-eval,0.0008975142263807356,0.015094435773789883,0.017453834414482117,0.012602039612829685,0.015882745385169983,0.09923811256885529,0.0014516697265207767,0.8306395411491394,0.0009868043707683682,0.005753259640187025,existing_v1_100,/home/tslin/Documents/jupyter_data/anLi/machine_unlearning/orthogonal-concept-erasure/experiments/sequential_object_persistence/outputs/sequential_oce_object_v1_online
retain_always,W05,deer,a photo of the deer,99,141,images/retain_always/W05/deer/index_099_seed_141.png,deer,horse,False,0.00034681460238061845,delete-after-eval,0.0013325175968930125,0.006190051790326834,0.0001218142278958112,0.00019899028120562434,0.00034681460238061845,0.013757954351603985,3.636164910858497e-05,0.969906747341156,0.0011765529634431005,0.006932251621037722,existing_v1_100,/home/tslin/Documents/jupyter_data/anLi/machine_unlearning/orthogonal-concept-erasure/experiments/sequential_object_persistence/outputs/sequential_oce_object_v1_online
retain_always,W05,deer,a photo of the deer,100,142,images/experiment1_sequential_own_step/retain_always/W05/deer/index_100_seed_142.png,deer,horse,False,0.004049553070217371,delete-after-eval,0.0015511262463405728,0.00668345158919692,0.0007985152769833803,0.0009431862272322178,0.004049553070217371,0.0050587221048772335,2.277339262946043e-05,0.9759101867675781,0.0014795332681387663,0.00350291864015162,new_followup_supplement,/home/tslin/Documents/jupyter_data/anLi/machine_unlearning/orthogonal-concept-erasure/experiments/sequential_object_followup/outputs/sequential_oce_object_followup_v1
retain_always,W05,deer,a photo of the deer,101,143,images/experiment1_sequential_own_step/retain_always/W05/deer/index_101_seed_143.png,deer,horse,False,0.009346507489681244,delete-after-eval,0.0008013479528017342,0.0014309351099655032,0.0016448992537334561,0.0033249875996261835,0.009346507489681244,0.014532120898365974,0.0006965551874600351,0.9640725255012512,0.0027035463135689497,0.001446646056137979,new_followup_supplement,/home/tslin/Documents/jupyter_data/anLi/machine_unlearning/orthogonal-concept-erasure/experiments/sequential_object_followup/outputs/sequential_oce_object_followup_v1
retain_always,W05,deer,a photo of the deer,102,144,images/experiment1_sequential_own_step/retain_always/W05/deer/index_102_seed_144.png,deer,horse,False,0.00010873389692278579,delete-after-eval,8.076040830928832e-05,0.002994717098772526,0.00012684536341112107,0.00011738955799955875,0.00010873389692278579,0.0003160764172207564,2.5331055439892225e-06,0.9951954483985901,0.0003031420928891748,0.0007544253021478653,new_followup_supplement,/home/tslin/Documents/jupyter_data/anLi/machine_unlearning/orthogonal-concept-erasure/experiments/sequential_object_followup/outputs/sequential_oce_object_followup_v1
retain_always,W05,deer,a photo of the deer,103,145,images/experiment1_sequential_own_step/retain_always/W05/deer/index_103_seed_145.png,deer,horse,False,4.624764187610708e-05,delete-after-eval,6.934676093806047e-06,9.366760787088424e-05,0.00013966871483717114,0.00024084490723907948,4.624764187610708e-05,0.0006711204769089818,2.1625194221996935e-06,0.9987443685531616,9.451372534385882e-06,4.5514661906054243e-05,new_followup_supplement,/home/tslin/Documents/jupyter_data/anLi/machine_unlearning/orthogonal-concept-erasure/experiments/sequential_object_followup/outputs/sequential_oce_object_followup_v1
retain_always,W05,deer,a photo of the deer,104,146,images/experiment1_sequential_own_step/retain_always/W05/deer/index_104_seed_146.png,deer,horse,False,2.744740413618274e-05,delete-after-eval,1.8520373487262987e-05,0.0004088834102731198,3.634103268268518e-05,4.268011616659351e-05,2.744740413618274e-05,0.00035495826159603894,5.62432660444756e-07,0.9989702701568604,4.685813473770395e-05,9.362055425299332e-05,new_followup_supplement,/home/tslin/Documents/jupyter_data/anLi/machine_unlearning/orthogonal-concept-erasure/experiments/sequential_object_followup/outputs/sequential_oce_object_followup_v1
retain_always,W05,deer,a photo of the deer,105,147,images/experiment1_sequential_own_step/retain_always/W05/deer/index_105_seed_147.png,deer,horse,False,0.0017529989127069712,delete-after-eval,0.000245039293076843,0.0033090151846408844,0.00036249845288693905,0.0006026819464750588,0.0017529989127069712,0.009551404975354671,7.77429886511527e-05,0.9758672714233398,0.00031112233409658074,0.007920114323496819,new_followup_supplement,/home/tslin/Documents/jupyter_data/anLi/machine_unlearning/orthogonal-concept-erasure/experiments/sequential_object_followup/outputs/sequential_oce_object_followup_v1
retain_always,W05,deer,a photo of the deer,106,148,images/experiment1_sequential_own_step/retain_always/W05/deer/index_106_seed_148.png,deer,horse,False,0.011967119760811329,delete-after-eval,0.002677349839359522,0.12048270553350449,0.0006443478050641716,0.00295992917381227,0.011967119760811329,0.05868029221892357,0.00042691631824709475,0.7330921292304993,0.02917589619755745,0.0398932546377182,new_followup_supplement,/home/tslin/Documents/jupyter_data/anLi/machine_unlearning/orthogonal-concept-erasure/experiments/sequential_object_followup/outputs/sequential_oce_object_followup_v1
retain_always,W05,deer,a photo of the deer,107,149,images/experiment1_sequential_own_step/retain_always/W05/deer/index_107_seed_149.png,deer,horse,False,0.0032376344315707684,delete-after-eval,0.0005392003222368658,0.01927919127047062,0.00033601903123781085,0.005333753302693367,0.0032376344315707684,0.010290103033185005,1.7146441678050905e-05,0.957137405872345,0.0017878381768241525,0.002041681669652462,new_followup_supplement,/home/tslin/Documents/jupyter_data/anLi/machine_unlearning/orthogonal-concept-erasure/experiments/sequential_object_followup/outputs/sequential_oce_object_followup_v1
retain_always,W05,deer,a photo of the deer,108,150,images/experiment1_sequential_own_step/retain_always/W05/deer/index_108_seed_150.png,deer,horse,False,0.00023893386241979897,delete-after-eval,0.00011646927305264398,0.006859836634248495,5.573981979978271e-05,0.0002142275479855016,0.00023893386241979897,0.0006028339848853648,5.989952001073107e-07,0.9909859895706177,0.0001364190538879484,0.0007890816777944565,new_followup_supplement,/home/tslin/Documents/jupyter_data/anLi/machine_unlearning/orthogonal-concept-erasure/experiments/sequential_object_followup/outputs/sequential_oce_object_followup_v1
retain_always,W05,deer,a photo of the deer,109,151,images/experiment1_sequential_own_step/retain_always/W05/deer/index_109_seed_151.png,deer,horse,False,0.0010195989161729813,delete-after-eval,0.0007391436374746263,0.025041956454515457,0.0008583870367147028,0.002300521358847618,0.0010195989161729813,0.019993729889392853,2.3930080715217628e-05,0.9343379735946655,0.0009525466593913734,0.01473216526210308,new_followup_supplement,/home/tslin/Documents/jupyter_data/anLi/machine_unlearning/orthogonal-concept-erasure/experiments/sequential_object_followup/outputs/sequential_oce_object_followup_v1
retain_always,W05,deer,a photo of the deer,110,152,images/experiment1_sequential_own_step/retain_always/W05/deer/index_110_seed_152.png,deer,horse,False,0.005580151919275522,delete-after-eval,8.544731099391356e-05,0.0038462402299046516,0.00010405677312519401,0.0019094857852905989,0.005580151919275522,0.044471144676208496,1.3241715350886807e-05,0.9421820640563965,0.0005392777384258807,0.0012687885900959373,new_followup_supplement,/home/tslin/Documents/jupyter_data/anLi/machine_unlearning/orthogonal-concept-erasure/experiments/sequential_object_followup/outputs/sequential_oce_object_followup_v1
retain_always,W05,deer,a photo of the deer,111,153,images/experiment1_sequential_own_step/retain_always/W05/deer/index_111_seed_153.png,deer,horse,False,2.697325726330746e-05,delete-after-eval,8.711654118087608e-06,0.00040185224497690797,4.871702549280599e-05,5.026739745517261e-05,2.697325726330746e-05,0.00017166983161587268,7.410649232042488e-07,0.999160647392273,2.081292768707499e-05,0.00010958257917081937,new_followup_supplement,/home/tslin/Documents/jupyter_data/anLi/machine_unlearning/orthogonal-concept-erasure/experiments/sequential_object_followup/outputs/sequential_oce_object_followup_v1
retain_always,W05,deer,a photo of the deer,112,154,images/experiment1_sequential_own_step/retain_always/W05/deer/index_112_seed_154.png,deer,horse,False,0.000162870783242397,delete-after-eval,5.1586346671683714e-05,0.0032047589775174856,0.0001153784105554223,0.0001199455073219724,0.000162870783242397,0.0013196454383432865,1.4077827472647186e-06,0.993945300579071,8.383389649679884e-05,0.000995319220237434,new_followup_supplement,/home/tslin/Documents/jupyter_data/anLi/machine_unlearning/orthogonal-concept-erasure/experiments/sequential_object_followup/outputs/sequential_oce_object_followup_v1
retain_always,W05,deer,a photo of the deer,113,155,images/experiment1_sequential_own_step/retain_always/W05/deer/index_113_seed_155.png,deer,horse,False,0.00014171635848470032,delete-after-eval,6.02283262196579e-06,0.0002279189502587542,0.00013784437032882124,7.028874824754894e-05,0.00014171635848470032,0.0002931218477897346,9.00304996775958e-07,0.9989933371543884,1.870212690846529e-05,0.00011017656652256846,new_followup_supplement,/home/tslin/Documents/jupyter_data/anLi/machine_unlearning/orthogonal-concept-erasure/experiments/sequential_object_followup/outputs/sequential_oce_object_followup_v1
retain_always,W05,deer,a photo of the deer,114,156,images/experiment1_sequential_own_step/retain_always/W05/deer/index_114_seed_156.png,deer,horse,False,0.00036207426455803216,delete-after-eval,4.7991918108891696e-05,0.0006179754273034632,5.17989756190218e-05,0.00024926449987106025,0.00036207426455803216,0.0026202150620520115,3.758798811759334e-06,0.9954965114593506,0.00010028698306996375,0.00045013625640422106,new_followup_supplement,/home/tslin/Documents/jupyter_data/anLi/machine_unlearning/orthogonal-concept-erasure/experiments/sequential_object_followup/outputs/sequential_oce_object_followup_v1
retain_always,W05,deer,a photo of the deer,115,157,images/experiment1_sequential_own_step/retain_always/W05/deer/index_115_seed_157.png,deer,horse,False,0.00888584554195404,delete-after-eval,0.00035200451384298503,0.0034796742256730795,0.00033517213887535036,0.000616282457485795,0.00888584554195404,0.007491186261177063,0.00011150950012961403,0.9716576337814331,0.0021281777881085873,0.00494245532900095,new_followup_supplement,/home/tslin/Documents/jupyter_data/anLi/machine_unlearning/orthogonal-concept-erasure/experiments/sequential_object_followup/outputs/sequential_oce_object_followup_v1
retain_always,W05,deer,a photo of the deer,116,158,images/experiment1_sequential_own_step/retain_always/W05/deer/index_116_seed_158.png,deer,horse,False,0.0023844463285058737,delete-after-eval,0.0003199472848791629,0.04159315675497055,0.00030549621442332864,0.0006980817997828126,0.0023844463285058737,0.004005798138678074,0.00010128953726962209,0.9440017342567444,0.0013616440119221807,0.005228483118116856,new_followup_supplement,/home/tslin/Documents/jupyter_data/anLi/machine_unlearning/orthogonal-concept-erasure/experiments/sequential_object_followup/outputs/sequential_oce_object_followup_v1
retain_always,W05,deer,a photo of the deer,117,159,images/experiment1_sequential_own_step/retain_always/W05/deer/index_117_seed_159.png,deer,horse,False,0.013091955333948135,delete-after-eval,0.016197148710489273,0.03633517026901245,0.0054374756291508675,0.006405213847756386,0.013091955333948135,0.01771736890077591,0.0009109510574489832,0.8061591386795044,0.023192008957266808,0.07455365359783173,new_followup_supplement,/home/tslin/Documents/jupyter_data/anLi/machine_unlearning/orthogonal-concept-erasure/experiments/sequential_object_followup/outputs/sequential_oce_object_followup_v1
retain_always,W05,deer,a photo of the deer,118,160,images/experiment1_sequential_own_step/retain_always/W05/deer/index_118_seed_160.png,deer,horse,False,7.592845940962434e-05,delete-after-eval,1.5113914741959888e-05,0.000573580211494118,0.00024620912154205143,9.232860611518845e-05,7.592845940962434e-05,0.0011035696370527148,1.944962605193723e-06,0.9973112344741821,0.0003050540981348604,0.0002750241837929934,new_followup_supplement,/home/tslin/Documents/jupyter_data/anLi/machine_unlearning/orthogonal-concept-erasure/experiments/sequential_object_followup/outputs/sequential_oce_object_followup_v1
retain_always,W05,deer,a photo of the deer,119,161,images/experiment1_sequential_own_step/retain_always/W05/deer/index_119_seed_161.png,deer,horse,False,0.000813760794699192,delete-after-eval,0.00630206661298871,0.04451805353164673,0.0011068993480876088,0.0013313812669366598,0.000813760794699192,0.01594495214521885,0.00022034479479771107,0.9107707142829895,0.006372341886162758,0.012619391083717346,new_followup_supplement,/home/tslin/Documents/jupyter_data/anLi/machine_unlearning/orthogonal-concept-erasure/experiments/sequential_object_followup/outputs/sequential_oce_object_followup_v1
retain_always,W05,deer,a photo of the deer,120,162,images/experiment1_sequential_own_step/retain_always/W05/deer/index_120_seed_162.png,deer,horse,False,0.00024831463815644383,delete-after-eval,0.0005248935776762664,0.015846990048885345,0.00030092871747910976,0.0005706845549866557,0.00024831463815644383,0.013965195044875145,5.7874760386766866e-05,0.953411340713501,0.0008174304384738207,0.014256369322538376,new_followup_supplement,/home/tslin/Documents/jupyter_data/anLi/machine_unlearning/orthogonal-concept-erasure/experiments/sequential_object_followup/outputs/sequential_oce_object_followup_v1
retain_always,W05,deer,a photo of the deer,121,163,images/experiment1_sequential_own_step/retain_always/W05/deer/index_121_seed_163.png,deer,horse,False,0.011469733901321888,delete-after-eval,0.004439893644303083,0.068474180996418,0.013542956672608852,0.008307749405503273,0.011469733901321888,0.06295649707317352,0.006822202354669571,0.7881079316139221,0.00810655951499939,0.027772340923547745,new_followup_supplement,/home/tslin/Documents/jupyter_data/anLi/machine_unlearning/orthogonal-concept-erasure/experiments/sequential_object_followup/outputs/sequential_oce_object_followup_v1
retain_always,W05,deer,a photo of the deer,122,164,images/experiment1_sequential_own_step/retain_always/W05/deer/index_122_seed_164.png,deer,horse,False,0.001221737707965076,delete-after-eval,1.1409098078729585e-05,0.00046182243386283517,0.00012493935355450958,0.0006037310231477022,0.001221737707965076,0.0011610459769144654,4.864594302489422e-05,0.9961567521095276,3.4793676604749635e-05,0.00017511028272565454,new_followup_supplement,/home/tslin/Documents/jupyter_data/anLi/machine_unlearning/orthogonal-concept-erasure/experiments/sequential_object_followup/outputs/sequential_oce_object_followup_v1
retain_always,W05,deer,a photo of the deer,123,165,images/experiment1_sequential_own_step/retain_always/W05/deer/index_123_seed_165.png,deer,horse,False,0.00019652112678159028,delete-after-eval,2.658533958310727e-05,0.0003715414204634726,0.00011830210860352963,6.560047040693462e-05,0.00019652112678159028,0.0004385081701911986,6.120096145423304e-07,0.9986045956611633,0.00012028203491354361,5.751602293457836e-05,new_followup_supplement,/home/tslin/Documents/jupyter_data/anLi/machine_unlearning/orthogonal-concept-erasure/experiments/sequential_object_followup/outputs/sequential_oce_object_followup_v1
retain_always,W05,deer,a photo of the deer,124,166,images/experiment1_sequential_own_step/retain_always/W05/deer/index_124_seed_166.png,deer,horse,False,0.0044801621697843075,delete-after-eval,0.0004576044448185712,0.009661593474447727,0.0006294090999290347,0.002363510662689805,0.0044801621697843075,0.021500615403056145,3.936493521905504e-05,0.9538920521736145,0.00370858539827168,0.0032670956570655107,new_followup_supplement,/home/tslin/Documents/jupyter_data/anLi/machine_unlearning/orthogonal-concept-erasure/experiments/sequential_object_followup/outputs/sequential_oce_object_followup_v1
retain_always,W05,deer,a photo of the deer,125,167,images/experiment1_sequential_own_step/retain_always/W05/deer/index_125_seed_167.png,deer,horse,False,0.0034821198787540197,delete-after-eval,5.543262523133308e-05,0.0004903124063275754,0.0005226809880696237,0.000433484761742875,0.0034821198787540197,0.007477771956473589,3.987281888839789e-05,0.9871780872344971,7.227378227980807e-05,0.00024794467026367784,new_followup_supplement,/home/tslin/Documents/jupyter_data/anLi/machine_unlearning/orthogonal-concept-erasure/experiments/sequential_object_followup/outputs/sequential_oce_object_followup_v1
retain_always,W05,deer,a photo of the deer,126,168,images/experiment1_sequential_own_step/retain_always/W05/deer/index_126_seed_168.png,deer,horse,False,0.00012786370643880218,delete-after-eval,1.2793952919309959e-05,0.000191603452549316,6.819710688432679e-05,0.0002451215696055442,0.00012786370643880218,0.00048407280701212585,4.01919032810838e-06,0.9988245368003845,8.965054803411476e-06,3.272850881330669e-05,new_followup_supplement,/home/tslin/Documents/jupyter_data/anLi/machine_unlearning/orthogonal-concept-erasure/experiments/sequential_object_followup/outputs/sequential_oce_object_followup_v1
retain_always,W05,deer,a photo of the deer,127,169,images/experiment1_sequential_own_step/retain_always/W05/deer/index_127_seed_169.png,deer,horse,False,1.0068518349726219e-05,delete-after-eval,6.275124178500846e-06,0.00012818019604310393,5.8855668612523004e-05,8.357469050679356e-05,1.0068518349726219e-05,0.000725740275811404,1.2619179301509575e-07,0.9988532066345215,1.3726065844821278e-05,0.00012016957043670118,new_followup_supplement,/home/tslin/Documents/jupyter_data/anLi/machine_unlearning/orthogonal-concept-erasure/experiments/sequential_object_followup/outputs/sequential_oce_object_followup_v1
retain_always,W05,deer,a photo of the deer,128,170,images/experiment1_sequential_own_step/retain_always/W05/deer/index_128_seed_170.png,deer,frog,False,0.07873772084712982,delete-after-eval,0.0018464750610291958,0.001528844004496932,0.03167064115405083,0.011943229474127293,0.07873772084712982,0.07841354608535767,0.5245055556297302,0.2584972381591797,0.0015110353706404567,0.011345689184963703,new_followup_supplement,/home/tslin/Documents/jupyter_data/anLi/machine_unlearning/orthogonal-concept-erasure/experiments/sequential_object_followup/outputs/sequential_oce_object_followup_v1
retain_always,W05,deer,a photo of the deer,129,171,images/experiment1_sequential_own_step/retain_always/W05/deer/index_129_seed_171.png,deer,horse,False,0.00022783597523812205,delete-after-eval,2.956997741421219e-05,0.0006450518267229199,0.0002602549211587757,0.00037386108306236565,0.00022783597523812205,0.0012045548064634204,1.5545385394943878e-05,0.9970556497573853,3.0608123779529706e-05,0.00015711606829427183,new_followup_supplement,/home/tslin/Documents/jupyter_data/anLi/machine_unlearning/orthogonal-concept-erasure/experiments/sequential_object_followup/outputs/sequential_oce_object_followup_v1
retain_always,W05,deer,a photo of the deer,130,172,images/experiment1_sequential_own_step/retain_always/W05/deer/index_130_seed_172.png,deer,horse,False,1.6443722415715456e-05,delete-after-eval,7.2885682129708584e-06,0.00019380662706680596,4.779852679348551e-05,6.661505904048681e-05,1.6443722415715456e-05,0.0005656310822814703,2.364630660167677e-07,0.9990135431289673,2.3461418095394038e-05,6.519914313685149e-05,new_followup_supplement,/home/tslin/Documents/jupyter_data/anLi/machine_unlearning/orthogonal-concept-erasure/experiments/sequential_object_followup/outputs/sequential_oce_object_followup_v1
retain_always,W05,deer,a photo of the deer,131,173,images/experiment1_sequential_own_step/retain_always/W05/deer/index_131_seed_173.png,deer,horse,False,0.00020214126561768353,delete-after-eval,2.2574575268663466e-05,0.0005135138053447008,4.997367432224564e-05,0.00019928879919461906,0.00020214126561768353,0.0019708662293851376,3.5231507808930473e-06,0.996561586856842,3.694236511364579e-05,0.00043946210644207895,new_followup_supplement,/home/tslin/Documents/jupyter_data/anLi/machine_unlearning/orthogonal-concept-erasure/experiments/sequential_object_followup/outputs/sequential_oce_object_followup_v1
retain_always,W05,deer,a photo of the deer,132,174,images/experiment1_sequential_own_step/retain_always/W05/deer/index_132_seed_174.png,deer,horse,False,3.9693568396614864e-06,delete-after-eval,4.3935356188740116e-06,0.0001416159066138789,4.649705806514248e-05,2.5328999981866218e-05,3.9693568396614864e-06,0.00021684440434910357,3.3259939868912625e-07,0.9994760155677795,1.1309651199553628e-05,7.368857768597081e-05,new_followup_supplement,/home/tslin/Documents/jupyter_data/anLi/machine_unlearning/orthogonal-concept-erasure/experiments/sequential_object_followup/outputs/sequential_oce_object_followup_v1
retain_always,W05,deer,a photo of the deer,133,175,images/experiment1_sequential_own_step/retain_always/W05/deer/index_133_seed_175.png,deer,horse,False,0.0006091826362535357,delete-after-eval,6.968488014535978e-05,0.0027510712388902903,0.0002444030251353979,0.000243845657678321,0.0006091826362535357,0.001594510511495173,7.086280220391927e-06,0.9911854863166809,0.00020482658874243498,0.003089869162067771,new_followup_supplement,/home/tslin/Documents/jupyter_data/anLi/machine_unlearning/orthogonal-concept-erasure/experiments/sequential_object_followup/outputs/sequential_oce_object_followup_v1
retain_always,W05,deer,a photo of the deer,134,176,images/experiment1_sequential_own_step/retain_always/W05/deer/index_134_seed_176.png,deer,dog,False,0.016023047268390656,delete-after-eval,0.002679503057152033,0.017934046685695648,0.09273310005664825,0.02706398256123066,0.016023047268390656,0.5288090109825134,0.16743820905685425,0.12062285095453262,0.0051251924596726894,0.021571075543761253,new_followup_supplement,/home/tslin/Documents/jupyter_data/anLi/machine_unlearning/orthogonal-concept-erasure/experiments/sequential_object_followup/outputs/sequential_oce_object_followup_v1
retain_always,W05,deer,a photo of the deer,135,177,images/experiment1_sequential_own_step/retain_always/W05/deer/index_135_seed_177.png,deer,horse,False,0.00021364331769291312,delete-after-eval,3.190787901985459e-05,0.0010389018571004272,6.448655040003359e-05,0.00019522510410752147,0.00021364331769291312,0.0008595632971264422,1.1552499017852824e-05,0.9972550272941589,1.65570636454504e-05,0.00031315875821746886,new_followup_supplement,/home/tslin/Documents/jupyter_data/anLi/machine_unlearning/orthogonal-concept-erasure/experiments/sequential_object_followup/outputs/sequential_oce_object_followup_v1
retain_always,W05,deer,a photo of the deer,136,178,images/experiment1_sequential_own_step/retain_always/W05/deer/index_136_seed_178.png,deer,horse,False,0.024085257202386856,delete-after-eval,0.0005496176891028881,0.028967542573809624,0.00037232431350275874,0.0781560018658638,0.024085257202386856,0.3304276466369629,6.150810077087954e-05,0.5319703817367554,0.00046412929077632725,0.004945620894432068,new_followup_supplement,/home/tslin/Documents/jupyter_data/anLi/machine_unlearning/orthogonal-concept-erasure/experiments/sequential_object_followup/outputs/sequential_oce_object_followup_v1
retain_always,W05,deer,a photo of the deer,137,179,images/experiment1_sequential_own_step/retain_always/W05/deer/index_137_seed_179.png,deer,horse,False,0.0037419493310153484,delete-after-eval,0.0003793139767367393,0.003944784868508577,0.0026092987973243,0.0031356948893517256,0.0037419493310153484,0.017691679298877716,0.00015326547145377845,0.9641935229301453,0.0006206086254678667,0.0035298627335578203,new_followup_supplement,/home/tslin/Documents/jupyter_data/anLi/machine_unlearning/orthogonal-concept-erasure/experiments/sequential_object_followup/outputs/sequential_oce_object_followup_v1
retain_always,W05,deer,a photo of the deer,138,180,images/experiment1_sequential_own_step/retain_always/W05/deer/index_138_seed_180.png,deer,horse,False,2.5966572138713673e-05,delete-after-eval,0.00018373948114458472,0.0010627988958731294,4.053625889355317e-05,8.52132507134229e-05,2.5966572138713673e-05,0.0007696705288253725,2.8402328098309226e-06,0.997198224067688,5.8875157264992595e-05,0.0005721746128983796,new_followup_supplement,/home/tslin/Documents/jupyter_data/anLi/machine_unlearning/orthogonal-concept-erasure/experiments/sequential_object_followup/outputs/sequential_oce_object_followup_v1
retain_always,W05,deer,a photo of the deer,139,181,images/experiment1_sequential_own_step/retain_always/W05/deer/index_139_seed_181.png,deer,horse,False,0.024424590170383453,delete-after-eval,0.0003141438646707684,0.003104687202721834,0.003232270246371627,0.007488839328289032,0.024424590170383453,0.01064872182905674,0.00022597864153794944,0.9481679797172546,0.0015990129904821515,0.0007937943446449935,new_followup_supplement,/home/tslin/Documents/jupyter_data/anLi/machine_unlearning/orthogonal-concept-erasure/experiments/sequential_object_followup/outputs/sequential_oce_object_followup_v1
retain_always,W05,deer,a photo of the deer,140,182,images/experiment1_sequential_own_step/retain_always/W05/deer/index_140_seed_182.png,deer,horse,False,0.008037323132157326,delete-after-eval,0.0033300418872386217,0.301709920167923,0.0004681263817474246,0.0013234172947704792,0.008037323132157326,0.01311829686164856,0.00028577595367096364,0.6461552381515503,0.0027573599945753813,0.02281450480222702,new_followup_supplement,/home/tslin/Documents/jupyter_data/anLi/machine_unlearning/orthogonal-concept-erasure/experiments/sequential_object_followup/outputs/sequential_oce_object_followup_v1
retain_always,W05,deer,a photo of the deer,141,183,images/experiment1_sequential_own_step/retain_always/W05/deer/index_141_seed_183.png,deer,horse,False,6.39246263745008e-06,delete-after-eval,1.6891695850063115e-05,0.0006186688551679254,4.729241118184291e-05,0.00010953425953630358,6.39246263745008e-06,0.0004520437214523554,2.9917194410700176e-07,0.9986019730567932,2.9762675694655627e-05,0.00011718722817022353,new_followup_supplement,/home/tslin/Documents/jupyter_data/anLi/machine_unlearning/orthogonal-concept-erasure/experiments/sequential_object_followup/outputs/sequential_oce_object_followup_v1
retain_always,W05,deer,a photo of the deer,142,184,images/experiment1_sequential_own_step/retain_always/W05/deer/index_142_seed_184.png,deer,horse,False,0.00318455439992249,delete-after-eval,0.0007932170410640538,0.013643129728734493,0.0011466549476608634,0.0027044496964663267,0.00318455439992249,0.027279870584607124,5.314243389875628e-05,0.9406324028968811,0.005601788405328989,0.004960770718753338,new_followup_supplement,/home/tslin/Documents/jupyter_data/anLi/machine_unlearning/orthogonal-concept-erasure/experiments/sequential_object_followup/outputs/sequential_oce_object_followup_v1
retain_always,W05,deer,a photo of the deer,143,185,images/experiment1_sequential_own_step/retain_always/W05/deer/index_143_seed_185.png,deer,horse,False,0.00011861561506520957,delete-after-eval,8.878191147232428e-05,0.0006713946931995451,0.00024071410007309169,0.00011053640628233552,0.00011861561506520957,0.0006286703865043819,3.054075023101177e-06,0.9970489144325256,0.00013823654444422573,0.0009510826785117388,new_followup_supplement,/home/tslin/Documents/jupyter_data/anLi/machine_unlearning/orthogonal-concept-erasure/experiments/sequential_object_followup/outputs/sequential_oce_object_followup_v1
retain_always,W05,deer,a photo of the deer,144,186,images/experiment1_sequential_own_step/retain_always/W05/deer/index_144_seed_186.png,deer,horse,False,0.03214958310127258,delete-after-eval,0.002478702925145626,0.03735696151852608,0.008021705783903599,0.019639570266008377,0.03214958310127258,0.04539988189935684,0.001016332651488483,0.8451394438743591,0.0008470473112538457,0.007950767874717712,new_followup_supplement,/home/tslin/Documents/jupyter_data/anLi/machine_unlearning/orthogonal-concept-erasure/experiments/sequential_object_followup/outputs/sequential_oce_object_followup_v1
retain_always,W05,deer,a photo of the deer,145,187,images/experiment1_sequential_own_step/retain_always/W05/deer/index_145_seed_187.png,deer,horse,False,9.376020170748234e-05,delete-after-eval,8.491557673551142e-05,0.0017319483449682593,0.0002528736076783389,0.0002603126922622323,9.376020170748234e-05,0.002001197310164571,1.6780581063358113e-05,0.9945490956306458,0.000249036296736449,0.0007599746459163725,new_followup_supplement,/home/tslin/Documents/jupyter_data/anLi/machine_unlearning/orthogonal-concept-erasure/experiments/sequential_object_followup/outputs/sequential_oce_object_followup_v1
retain_always,W05,deer,a photo of the deer,146,188,images/experiment1_sequential_own_step/retain_always/W05/deer/index_146_seed_188.png,deer,horse,False,0.0031064357608556747,delete-after-eval,0.045645520091056824,0.2074000984430313,0.004481158219277859,0.00681319460272789,0.0031064357608556747,0.03521055355668068,0.00032298816950060427,0.6302695870399475,0.009855168871581554,0.05689525231719017,new_followup_supplement,/home/tslin/Documents/jupyter_data/anLi/machine_unlearning/orthogonal-concept-erasure/experiments/sequential_object_followup/outputs/sequential_oce_object_followup_v1
retain_always,W05,deer,a photo of the deer,147,189,images/experiment1_sequential_own_step/retain_always/W05/deer/index_147_seed_189.png,deer,horse,False,0.0022528686095029116,delete-after-eval,4.9990609113592654e-05,0.001681582652963698,0.00016861295443959534,0.002095607342198491,0.0022528686095029116,0.006271847989410162,5.988515113131143e-05,0.9868423342704773,0.00038835586747154593,0.00018882493895944208,new_followup_supplement,/home/tslin/Documents/jupyter_data/anLi/machine_unlearning/orthogonal-concept-erasure/experiments/sequential_object_followup/outputs/sequential_oce_object_followup_v1
retain_always,W05,deer,a photo of the deer,148,190,images/experiment1_sequential_own_step/retain_always/W05/deer/index_148_seed_190.png,deer,horse,False,0.0007456719758920372,delete-after-eval,3.1401472369907424e-05,0.0002560300927143544,9.709283767733723e-05,0.00011902191181434318,0.0007456719758920372,0.00036715142778120935,3.672163438750431e-05,0.9982510209083557,2.2927584723220207e-05,7.302635640371591e-05,new_followup_supplement,/home/tslin/Documents/jupyter_data/anLi/machine_unlearning/orthogonal-concept-erasure/experiments/sequential_object_followup/outputs/sequential_oce_object_followup_v1
retain_always,W05,deer,a photo of the deer,149,191,images/experiment1_sequential_own_step/retain_always/W05/deer/index_149_seed_191.png,deer,horse,False,0.0029293561819940805,delete-after-eval,0.01787397637963295,0.059462253004312515,0.004008203744888306,0.011527877300977707,0.0029293561819940805,0.04042363166809082,0.0019955907482653856,0.8392886519432068,0.010769621469080448,0.011720811016857624,new_followup_supplement,/home/tslin/Documents/jupyter_data/anLi/machine_unlearning/orthogonal-concept-erasure/experiments/sequential_object_followup/outputs/sequential_oce_object_followup_v1
retain_always,W05,deer,a photo of the deer,150,192,images/experiment1_sequential_own_step/retain_always/W05/deer/index_150_seed_192.png,deer,horse,False,0.0003669279394671321,delete-after-eval,0.00010444070358062163,0.0007128968718461692,0.00019794542458839715,0.0004939570790156722,0.0003669279394671321,0.005501324776560068,1.6383552065235563e-05,0.9917827844619751,0.0001952869788510725,0.0006281185196712613,new_followup_supplement,/home/tslin/Documents/jupyter_data/anLi/machine_unlearning/orthogonal-concept-erasure/experiments/sequential_object_followup/outputs/sequential_oce_object_followup_v1
retain_always,W05,deer,a photo of the deer,151,193,images/experiment1_sequential_own_step/retain_always/W05/deer/index_151_seed_193.png,deer,horse,False,0.00010785934136947617,delete-after-eval,1.4292181731434539e-05,0.0002791688311845064,0.0001004980003926903,0.00016619072994217277,0.00010785934136947617,0.0007374364067800343,2.6705474738264456e-06,0.9984153509140015,2.695658076845575e-05,0.00014956403174437582,new_followup_supplement,/home/tslin/Documents/jupyter_data/anLi/machine_unlearning/orthogonal-concept-erasure/experiments/sequential_object_followup/outputs/sequential_oce_object_followup_v1
retain_always,W05,deer,a photo of the deer,152,194,images/experiment1_sequential_own_step/retain_always/W05/deer/index_152_seed_194.png,deer,horse,False,0.00012332465848885477,delete-after-eval,3.2439194910693914e-05,0.0053913407027721405,5.7963512517744675e-05,7.650030602235347e-05,0.00012332465848885477,0.0005966894095763564,1.1328460232107318e-06,0.9923696517944336,4.1654417145764455e-05,0.0013093140441924334,new_followup_supplement,/home/tslin/Documents/jupyter_data/anLi/machine_unlearning/orthogonal-concept-erasure/experiments/sequential_object_followup/outputs/sequential_oce_object_followup_v1
retain_always,W05,deer,a photo of the deer,153,195,images/experiment1_sequential_own_step/retain_always/W05/deer/index_153_seed_195.png,deer,horse,False,0.005055122077465057,delete-after-eval,0.017860880121588707,0.03883039206266403,0.00285305455327034,0.007259423844516277,0.005055122077465057,0.05671262741088867,0.0009903901955112815,0.8432434797286987,0.013944707810878754,0.013249960727989674,new_followup_supplement,/home/tslin/Documents/jupyter_data/anLi/machine_unlearning/orthogonal-concept-erasure/experiments/sequential_object_followup/outputs/sequential_oce_object_followup_v1
retain_always,W05,deer,a photo of the deer,154,196,images/experiment1_sequential_own_step/retain_always/W05/deer/index_154_seed_196.png,deer,horse,False,0.0010525734396651387,delete-after-eval,0.00014609236677642912,0.0013864798238500953,0.0005909021128900349,0.0003293410409241915,0.0010525734396651387,0.002074306132271886,5.852867252542637e-05,0.9939327836036682,0.00013633471098728478,0.00029260036535561085,new_followup_supplement,/home/tslin/Documents/jupyter_data/anLi/machine_unlearning/orthogonal-concept-erasure/experiments/sequential_object_followup/outputs/sequential_oce_object_followup_v1
retain_always,W05,deer,a photo of the deer,155,197,images/experiment1_sequential_own_step/retain_always/W05/deer/index_155_seed_197.png,deer,horse,False,0.003111682366579771,delete-after-eval,1.1811457625299226e-05,0.0016469850670546293,0.000486281729536131,0.0006965863867662847,0.003111682366579771,0.0012569023529067636,3.1281510018743575e-05,0.9923890233039856,1.4954081052565016e-05,0.00035451818257570267,new_followup_supplement,/home/tslin/Documents/jupyter_data/anLi/machine_unlearning/orthogonal-concept-erasure/experiments/sequential_object_followup/outputs/sequential_oce_object_followup_v1
retain_always,W05,deer,a photo of the deer,156,198,images/experiment1_sequential_own_step/retain_always/W05/deer/index_156_seed_198.png,deer,horse,False,0.00044624184374697506,delete-after-eval,0.0022606595885008574,0.005166023038327694,0.00035533079062588513,0.00025558980996720493,0.00044624184374697506,0.0017083178972825408,6.63256741972873e-06,0.9865299463272095,0.0012265442637726665,0.002044814871624112,new_followup_supplement,/home/tslin/Documents/jupyter_data/anLi/machine_unlearning/orthogonal-concept-erasure/experiments/sequential_object_followup/outputs/sequential_oce_object_followup_v1
retain_always,W05,deer,a photo of the deer,157,199,images/experiment1_sequential_own_step/retain_always/W05/deer/index_157_seed_199.png,deer,horse,False,0.0007153006154112518,delete-after-eval,0.00014090882905293256,0.0008615723927505314,0.00012789166066795588,0.0002695532748475671,0.0007153006154112518,0.005286192987114191,9.411824066773988e-06,0.9918903112411499,7.560857193311676e-05,0.0006231922307051718,new_followup_supplement,/home/tslin/Documents/jupyter_data/anLi/machine_unlearning/orthogonal-concept-erasure/experiments/sequential_object_followup/outputs/sequential_oce_object_followup_v1
retain_always,W05,deer,a photo of the deer,158,200,images/experiment1_sequential_own_step/retain_always/W05/deer/index_158_seed_200.png,deer,horse,False,0.00014048913726583123,delete-after-eval,6.469871732406318e-05,0.003973937127739191,5.618346040137112e-05,4.352789619588293e-05,0.00014048913726583123,0.000757775385864079,2.4195624064304866e-06,0.9928426742553711,0.0003209816641174257,0.0017973367357626557,new_followup_supplement,/home/tslin/Documents/jupyter_data/anLi/machine_unlearning/orthogonal-concept-erasure/experiments/sequential_object_followup/outputs/sequential_oce_object_followup_v1
retain_always,W05,deer,a photo of the deer,159,201,images/experiment1_sequential_own_step/retain_always/W05/deer/index_159_seed_201.png,deer,horse,False,1.7293050404987298e-05,delete-after-eval,2.4414199288003147e-05,0.00017497639055363834,6.88023937982507e-05,7.106024713721126e-05,1.7293050404987298e-05,0.0004302089801058173,4.989632884644379e-07,0.998989999294281,3.91347348340787e-05,0.0001835931179812178,new_followup_supplement,/home/tslin/Documents/jupyter_data/anLi/machine_unlearning/orthogonal-concept-erasure/experiments/sequential_object_followup/outputs/sequential_oce_object_followup_v1
retain_always,W05,deer,a photo of the deer,160,202,images/experiment1_sequential_own_step/retain_always/W05/deer/index_160_seed_202.png,deer,horse,False,0.0006170406704768538,delete-after-eval,0.0004188450111541897,0.0022532001603394747,0.00016443962522316724,0.0002465369179844856,0.0006170406704768538,0.001688026008196175,7.486123649869114e-05,0.9922972321510315,0.00017320879851467907,0.00206659990362823,new_followup_supplement,/home/tslin/Documents/jupyter_data/anLi/machine_unlearning/orthogonal-concept-erasure/experiments/sequential_object_followup/outputs/sequential_oce_object_followup_v1
retain_always,W05,deer,a photo of the deer,161,203,images/experiment1_sequential_own_step/retain_always/W05/deer/index_161_seed_203.png,deer,horse,False,0.00040124767110683024,delete-after-eval,0.0002255053841508925,0.005541420076042414,0.00015803372662048787,0.000496571185067296,0.00040124767110683024,0.013387932442128658,1.7474098967795726e-06,0.9758431315422058,0.0008672018302604556,0.0030771370511502028,new_followup_supplement,/home/tslin/Documents/jupyter_data/anLi/machine_unlearning/orthogonal-concept-erasure/experiments/sequential_object_followup/outputs/sequential_oce_object_followup_v1
retain_always,W05,deer,a photo of the deer,162,204,images/experiment1_sequential_own_step/retain_always/W05/deer/index_162_seed_204.png,deer,horse,False,0.0019484061049297452,delete-after-eval,2.2463538698502816e-05,0.0026756906881928444,0.0003517449367791414,0.0013508731499314308,0.0019484061049297452,0.0037844788748770952,3.14939534291625e-05,0.9886965751647949,0.00013285523164086044,0.0010054664453491569,new_followup_supplement,/home/tslin/Documents/jupyter_data/anLi/machine_unlearning/orthogonal-concept-erasure/experiments/sequential_object_followup/outputs/sequential_oce_object_followup_v1
retain_always,W05,deer,a photo of the deer,163,205,images/experiment1_sequential_own_step/retain_always/W05/deer/index_163_seed_205.png,deer,horse,False,9.387361205881462e-05,delete-after-eval,0.00012702311505563557,0.0006652260781265795,0.0005027954466640949,0.00030356342904269695,9.387361205881462e-05,0.0029233319219201803,4.9399154704588e-06,0.9945752620697021,0.0003790524206124246,0.00042488641338422894,new_followup_supplement,/home/tslin/Documents/jupyter_data/anLi/machine_unlearning/orthogonal-concept-erasure/experiments/sequential_object_followup/outputs/sequential_oce_object_followup_v1
retain_always,W05,deer,a photo of the deer,164,206,images/experiment1_sequential_own_step/retain_always/W05/deer/index_164_seed_206.png,deer,horse,False,0.0005513087380677462,delete-after-eval,8.912337943911552e-05,0.0011292826384305954,0.0001513797469669953,0.0012680093059316278,0.0005513087380677462,0.0015636547468602657,8.359018011105945e-07,0.9949147701263428,8.554710075259209e-05,0.00024616860901005566,new_followup_supplement,/home/tslin/Documents/jupyter_data/anLi/machine_unlearning/orthogonal-concept-erasure/experiments/sequential_object_followup/outputs/sequential_oce_object_followup_v1
retain_always,W05,deer,a photo of the deer,165,207,images/experiment1_sequential_own_step/retain_always/W05/deer/index_165_seed_207.png,deer,horse,False,1.765981869539246e-05,delete-after-eval,5.971516657155007e-05,0.00014862982789054513,4.326067937654443e-05,9.600950579624623e-05,1.765981869539246e-05,0.0008373527089133859,7.398809884762159e-07,0.998649537563324,3.842880323645659e-05,0.00010879364708671346,new_followup_supplement,/home/tslin/Documents/jupyter_data/anLi/machine_unlearning/orthogonal-concept-erasure/experiments/sequential_object_followup/outputs/sequential_oce_object_followup_v1
retain_always,W05,deer,a photo of the deer,166,208,images/experiment1_sequential_own_step/retain_always/W05/deer/index_166_seed_208.png,deer,horse,False,8.245067874668166e-05,delete-after-eval,9.551976108923554e-05,0.002326366724446416,9.122890332946554e-05,0.0001402038469677791,8.245067874668166e-05,0.000732874614186585,5.376848548621638e-06,0.9959631562232971,4.7735720727359876e-05,0.0005150706274434924,new_followup_supplement,/home/tslin/Documents/jupyter_data/anLi/machine_unlearning/orthogonal-concept-erasure/experiments/sequential_object_followup/outputs/sequential_oce_object_followup_v1
retain_always,W05,deer,a photo of the deer,167,209,images/experiment1_sequential_own_step/retain_always/W05/deer/index_167_seed_209.png,deer,horse,False,0.046208757907152176,delete-after-eval,0.01062459871172905,0.02039007842540741,0.004941160790622234,0.02083538845181465,0.046208757907152176,0.11163217574357986,0.004843113943934441,0.7243916988372803,0.0098794624209404,0.046253640204668045,new_followup_supplement,/home/tslin/Documents/jupyter_data/anLi/machine_unlearning/orthogonal-concept-erasure/experiments/sequential_object_followup/outputs/sequential_oce_object_followup_v1
retain_always,W05,deer,a photo of the deer,168,210,images/experiment1_sequential_own_step/retain_always/W05/deer/index_168_seed_210.png,deer,horse,False,5.330852945917286e-05,delete-after-eval,5.977256296318956e-05,0.000597243953961879,4.855445149587467e-05,0.00013720335846301168,5.330852945917286e-05,0.0008917887462303042,7.828749630789389e-07,0.997611403465271,0.00010879959882004187,0.000491071492433548,new_followup_supplement,/home/tslin/Documents/jupyter_data/anLi/machine_unlearning/orthogonal-concept-erasure/experiments/sequential_object_followup/outputs/sequential_oce_object_followup_v1
retain_always,W05,deer,a photo of the deer,169,211,images/experiment1_sequential_own_step/retain_always/W05/deer/index_169_seed_211.png,deer,horse,False,0.00168147636577487,delete-after-eval,0.276951402425766,0.028806891292333603,0.028683258220553398,0.00886483769863844,0.00168147636577487,0.030402356758713722,0.00037582486402243376,0.5340262651443481,0.02296392060816288,0.06724376231431961,new_followup_supplement,/home/tslin/Documents/jupyter_data/anLi/machine_unlearning/orthogonal-concept-erasure/experiments/sequential_object_followup/outputs/sequential_oce_object_followup_v1
retain_always,W05,deer,a photo of the deer,170,212,images/experiment1_sequential_own_step/retain_always/W05/deer/index_170_seed_212.png,deer,horse,False,0.003919255919754505,delete-after-eval,0.0015618056058883667,0.015115907415747643,0.00017457104695495218,0.0017438227077946067,0.003919255919754505,0.15886761248111725,2.519802910683211e-05,0.8158224821090698,0.0013120127841830254,0.0014573436928912997,new_followup_supplement,/home/tslin/Documents/jupyter_data/anLi/machine_unlearning/orthogonal-concept-erasure/experiments/sequential_object_followup/outputs/sequential_oce_object_followup_v1
retain_always,W05,deer,a photo of the deer,171,213,images/experiment1_sequential_own_step/retain_always/W05/deer/index_171_seed_213.png,deer,horse,False,0.00044999050442129374,delete-after-eval,0.00019262151909060776,0.00047606314183212817,4.990961679141037e-05,0.00011086818267358467,0.00044999050442129374,0.0005991955986246467,2.741562866503955e-06,0.9971653819084167,0.00038897182093933225,0.0005642681499011815,new_followup_supplement,/home/tslin/Documents/jupyter_data/anLi/machine_unlearning/orthogonal-concept-erasure/experiments/sequential_object_followup/outputs/sequential_oce_object_followup_v1
retain_always,W05,deer,a photo of the deer,172,214,images/experiment1_sequential_own_step/retain_always/W05/deer/index_172_seed_214.png,deer,horse,False,0.00034389091888442636,delete-after-eval,0.00029659445863217115,0.0036505493335425854,0.00024170055985450745,0.00021145808568689972,0.00034389091888442636,0.0006218786584213376,2.5464885311521357e-06,0.9926128387451172,0.00018714184989221394,0.001831474364735186,new_followup_supplement,/home/tslin/Documents/jupyter_data/anLi/machine_unlearning/orthogonal-concept-erasure/experiments/sequential_object_followup/outputs/sequential_oce_object_followup_v1
retain_always,W05,deer,a photo of the deer,173,215,images/experiment1_sequential_own_step/retain_always/W05/deer/index_173_seed_215.png,deer,horse,False,0.00010046854004031047,delete-after-eval,4.1800998587859794e-05,0.0003965869836974889,0.00011897326476173475,0.00010704576561693102,0.00010046854004031047,0.0009427788318134844,2.1794994609081186e-06,0.9977116584777832,0.00015354434435721487,0.00042492913780733943,new_followup_supplement,/home/tslin/Documents/jupyter_data/anLi/machine_unlearning/orthogonal-concept-erasure/experiments/sequential_object_followup/outputs/sequential_oce_object_followup_v1
retain_always,W05,deer,a photo of the deer,174,216,images/experiment1_sequential_own_step/retain_always/W05/deer/index_174_seed_216.png,deer,horse,False,8.404997788602486e-05,delete-after-eval,4.7366618673549965e-05,0.0011211581295356154,9.240085637429729e-05,8.170647197403014e-05,8.404997788602486e-05,0.0008126000757329166,1.3646666729982826e-06,0.9974046349525452,5.537126708077267e-05,0.0002992937224917114,new_followup_supplement,/home/tslin/Documents/jupyter_data/anLi/machine_unlearning/orthogonal-concept-erasure/experiments/sequential_object_followup/outputs/sequential_oce_object_followup_v1
retain_always,W05,deer,a photo of the deer,175,217,images/experiment1_sequential_own_step/retain_always/W05/deer/index_175_seed_217.png,deer,horse,False,0.0002459797542542219,delete-after-eval,1.2341049114183988e-05,0.00036485082819126546,8.076613448793069e-05,0.00010773415851872414,0.0002459797542542219,0.00040477924630977213,1.136587115979637e-06,0.9985394477844238,9.170280827675015e-05,0.00015126880316529423,new_followup_supplement,/home/tslin/Documents/jupyter_data/anLi/machine_unlearning/orthogonal-concept-erasure/experiments/sequential_object_followup/outputs/sequential_oce_object_followup_v1
retain_always,W05,deer,a photo of the deer,176,218,images/experiment1_sequential_own_step/retain_always/W05/deer/index_176_seed_218.png,deer,horse,False,0.06616373360157013,delete-after-eval,0.006261052563786507,0.013660536147654057,0.010094881057739258,0.02783529832959175,0.06616373360157013,0.14444322884082794,0.01257335115224123,0.684786856174469,0.02097966894507408,0.013201436027884483,new_followup_supplement,/home/tslin/Documents/jupyter_data/anLi/machine_unlearning/orthogonal-concept-erasure/experiments/sequential_object_followup/outputs/sequential_oce_object_followup_v1
retain_always,W05,deer,a photo of the deer,177,219,images/experiment1_sequential_own_step/retain_always/W05/deer/index_177_seed_219.png,deer,horse,False,0.013745568692684174,delete-after-eval,0.0028621391393244267,0.2988797128200531,0.006085927598178387,0.004915907047688961,0.013745568692684174,0.0378853976726532,0.0012032182421535254,0.5870360136032104,0.015970034524798393,0.031416065990924835,new_followup_supplement,/home/tslin/Documents/jupyter_data/anLi/machine_unlearning/orthogonal-concept-erasure/experiments/sequential_object_followup/outputs/sequential_oce_object_followup_v1
retain_always,W05,deer,a photo of the deer,178,220,images/experiment1_sequential_own_step/retain_always/W05/deer/index_178_seed_220.png,deer,horse,False,2.7332454919815063e-05,delete-after-eval,0.00025359386927448213,0.002581004286184907,4.55409062851686e-05,8.192541281459853e-05,2.7332454919815063e-05,0.0012807350140064955,4.998566396352544e-07,0.9947315454483032,0.00020608818158507347,0.0007917137118056417,new_followup_supplement,/home/tslin/Documents/jupyter_data/anLi/machine_unlearning/orthogonal-concept-erasure/experiments/sequential_object_followup/outputs/sequential_oce_object_followup_v1
retain_always,W05,deer,a photo of the deer,179,221,images/experiment1_sequential_own_step/retain_always/W05/deer/index_179_seed_221.png,deer,horse,False,0.0027887721080332994,delete-after-eval,0.00022090255515649915,0.002144433557987213,0.0004484803357627243,0.0024386397562921047,0.0027887721080332994,0.018987661227583885,7.86311793490313e-05,0.9719662070274353,0.00027417251840233803,0.0006519926246255636,new_followup_supplement,/home/tslin/Documents/jupyter_data/anLi/machine_unlearning/orthogonal-concept-erasure/experiments/sequential_object_followup/outputs/sequential_oce_object_followup_v1
retain_always,W05,deer,a photo of the deer,180,222,images/experiment1_sequential_own_step/retain_always/W05/deer/index_180_seed_222.png,deer,horse,False,6.694794865325093e-05,delete-after-eval,0.00046755862422287464,0.002583523979410529,8.417262142756954e-05,0.0004129221197217703,6.694794865325093e-05,0.003310401691123843,4.672296199714765e-06,0.9905596375465393,0.0004699726414401084,0.0020401098299771547,new_followup_supplement,/home/tslin/Documents/jupyter_data/anLi/machine_unlearning/orthogonal-concept-erasure/experiments/sequential_object_followup/outputs/sequential_oce_object_followup_v1
retain_always,W05,deer,a photo of the deer,181,223,images/experiment1_sequential_own_step/retain_always/W05/deer/index_181_seed_223.png,deer,horse,False,0.001793169998563826,delete-after-eval,0.00023473092005588114,0.002865860005840659,0.000344842323102057,0.001454553916119039,0.001793169998563826,0.004186464939266443,1.354308369627688e-05,0.9880765676498413,0.00015928226639516652,0.0008710024412721395,new_followup_supplement,/home/tslin/Documents/jupyter_data/anLi/machine_unlearning/orthogonal-concept-erasure/experiments/sequential_object_followup/outputs/sequential_oce_object_followup_v1
retain_always,W05,deer,a photo of the deer,182,224,images/experiment1_sequential_own_step/retain_always/W05/deer/index_182_seed_224.png,deer,horse,False,6.701386882923543e-05,delete-after-eval,3.557342279236764e-05,0.0008762995712459087,6.242699600988999e-05,0.000124138590763323,6.701386882923543e-05,0.0006104548810981214,2.654281843206263e-06,0.9980316758155823,3.0255914680310525e-05,0.00015946886560413986,new_followup_supplement,/home/tslin/Documents/jupyter_data/anLi/machine_unlearning/orthogonal-concept-erasure/experiments/sequential_object_followup/outputs/sequential_oce_object_followup_v1
retain_always,W05,deer,a photo of the deer,183,225,images/experiment1_sequential_own_step/retain_always/W05/deer/index_183_seed_225.png,deer,horse,False,0.00027111294912174344,delete-after-eval,3.800822014454752e-05,0.001941016293130815,2.029104871326126e-05,0.00012513744877651334,0.00027111294912174344,0.00045939470874145627,1.4855181689199526e-06,0.9959868788719177,0.00014953099889680743,0.001007108949124813,new_followup_supplement,/home/tslin/Documents/jupyter_data/anLi/machine_unlearning/orthogonal-concept-erasure/experiments/sequential_object_followup/outputs/sequential_oce_object_followup_v1
retain_always,W05,deer,a photo of the deer,184,226,images/experiment1_sequential_own_step/retain_always/W05/deer/index_184_seed_226.png,deer,horse,False,0.012449751608073711,delete-after-eval,0.0015662101795896888,0.010679509490728378,0.0003421914007049054,0.0026625366881489754,0.012449751608073711,0.03332711383700371,0.00020156953542027622,0.9213893413543701,0.0010304757161065936,0.01635122485458851,new_followup_supplement,/home/tslin/Documents/jupyter_data/anLi/machine_unlearning/orthogonal-concept-erasure/experiments/sequential_object_followup/outputs/sequential_oce_object_followup_v1
retain_always,W05,deer,a photo of the deer,185,227,images/experiment1_sequential_own_step/retain_always/W05/deer/index_185_seed_227.png,deer,horse,False,0.001203886466100812,delete-after-eval,0.0003296563809271902,0.012835346162319183,0.00038062382373027503,0.0009176468593068421,0.001203886466100812,0.01651889458298683,2.706810482777655e-05,0.9647349715232849,0.0007829551468603313,0.0022689634934067726,new_followup_supplement,/home/tslin/Documents/jupyter_data/anLi/machine_unlearning/orthogonal-concept-erasure/experiments/sequential_object_followup/outputs/sequential_oce_object_followup_v1
retain_always,W05,deer,a photo of the deer,186,228,images/experiment1_sequential_own_step/retain_always/W05/deer/index_186_seed_228.png,deer,horse,False,0.02866256982088089,delete-after-eval,0.037504810839891434,0.05185787007212639,0.006869327276945114,0.017927926033735275,0.02866256982088089,0.09154928475618362,0.0037259943783283234,0.7379453778266907,0.016851816326379776,0.007104978431016207,new_followup_supplement,/home/tslin/Documents/jupyter_data/anLi/machine_unlearning/orthogonal-concept-erasure/experiments/sequential_object_followup/outputs/sequential_oce_object_followup_v1
retain_always,W05,deer,a photo of the deer,187,229,images/experiment1_sequential_own_step/retain_always/W05/deer/index_187_seed_229.png,deer,horse,False,0.0037662535905838013,delete-after-eval,0.00025622930843383074,0.007778795901685953,0.00047533027827739716,0.0015685324324294925,0.0037662535905838013,0.04622995853424072,3.426603871048428e-05,0.9353527426719666,0.0010735479881986976,0.003464437322691083,new_followup_supplement,/home/tslin/Documents/jupyter_data/anLi/machine_unlearning/orthogonal-concept-erasure/experiments/sequential_object_followup/outputs/sequential_oce_object_followup_v1
retain_always,W05,deer,a photo of the deer,188,230,images/experiment1_sequential_own_step/retain_always/W05/deer/index_188_seed_230.png,deer,horse,False,0.013650900684297085,delete-after-eval,0.005175904370844364,0.007829639129340649,0.006632797885686159,0.00207278854213655,0.013650900684297085,0.011806503869593143,0.0005621936288662255,0.9492394924163818,0.0008840954978950322,0.0021457078400999308,new_followup_supplement,/home/tslin/Documents/jupyter_data/anLi/machine_unlearning/orthogonal-concept-erasure/experiments/sequential_object_followup/outputs/sequential_oce_object_followup_v1
retain_always,W05,deer,a photo of the deer,189,231,images/experiment1_sequential_own_step/retain_always/W05/deer/index_189_seed_231.png,deer,dog,False,0.0014033819315955043,delete-after-eval,0.0023564123548567295,0.0016451225383207202,0.2704978883266449,0.0022396487183868885,0.0014033819315955043,0.378928005695343,0.0036045559681952,0.3349594473838806,0.0014971498167142272,0.002868414158001542,new_followup_supplement,/home/tslin/Documents/jupyter_data/anLi/machine_unlearning/orthogonal-concept-erasure/experiments/sequential_object_followup/outputs/sequential_oce_object_followup_v1
retain_always,W05,deer,a photo of the deer,190,232,images/experiment1_sequential_own_step/retain_always/W05/deer/index_190_seed_232.png,deer,horse,False,0.0008418074576184154,delete-after-eval,0.0003949651145376265,0.0048139640130102634,0.0003209659771528095,0.00036511794314719737,0.0008418074576184154,0.012778486125171185,7.63371917855693e-06,0.9778050184249878,0.00040114513831213117,0.0022709218319505453,new_followup_supplement,/home/tslin/Documents/jupyter_data/anLi/machine_unlearning/orthogonal-concept-erasure/experiments/sequential_object_followup/outputs/sequential_oce_object_followup_v1
retain_always,W05,deer,a photo of the deer,191,233,images/experiment1_sequential_own_step/retain_always/W05/deer/index_191_seed_233.png,deer,horse,False,0.0015950858360156417,delete-after-eval,0.00041644362499937415,0.0035658192355185747,0.00020459548977669328,0.0016130725853145123,0.0015950858360156417,0.01273692399263382,1.3966824553790502e-05,0.977676272392273,0.00016665918519720435,0.002011242089793086,new_followup_supplement,/home/tslin/Documents/jupyter_data/anLi/machine_unlearning/orthogonal-concept-erasure/experiments/sequential_object_followup/outputs/sequential_oce_object_followup_v1
retain_always,W05,deer,a photo of the deer,192,234,images/experiment1_sequential_own_step/retain_always/W05/deer/index_192_seed_234.png,deer,horse,False,4.807670120499097e-05,delete-after-eval,7.66077428124845e-05,0.003166311187669635,0.00036104980972595513,0.00015479706053156406,4.807670120499097e-05,0.0015151151455938816,3.315622507216176e-06,0.9927195310592651,0.0005580403376370668,0.0013971372973173857,new_followup_supplement,/home/tslin/Documents/jupyter_data/anLi/machine_unlearning/orthogonal-concept-erasure/experiments/sequential_object_followup/outputs/sequential_oce_object_followup_v1
retain_always,W05,deer,a photo of the deer,193,235,images/experiment1_sequential_own_step/retain_always/W05/deer/index_193_seed_235.png,deer,horse,False,2.069054426101502e-05,delete-after-eval,8.142741717165336e-05,0.0012505975319072604,0.00010042236681329086,0.00010522628872422501,2.069054426101502e-05,0.0006023560999892652,4.0971772818920726e-07,0.9974984526634216,6.909337389515713e-05,0.00027130855596624315,new_followup_supplement,/home/tslin/Documents/jupyter_data/anLi/machine_unlearning/orthogonal-concept-erasure/experiments/sequential_object_followup/outputs/sequential_oce_object_followup_v1
retain_always,W05,deer,a photo of the deer,194,236,images/experiment1_sequential_own_step/retain_always/W05/deer/index_194_seed_236.png,deer,horse,False,0.0042410544119775295,delete-after-eval,0.005126315169036388,0.02577369660139084,0.0012125913053750992,0.0055812508799135685,0.0042410544119775295,0.09381561726331711,0.00010409949027234688,0.8270617723464966,0.013600836507976055,0.0234826672822237,new_followup_supplement,/home/tslin/Documents/jupyter_data/anLi/machine_unlearning/orthogonal-concept-erasure/experiments/sequential_object_followup/outputs/sequential_oce_object_followup_v1
retain_always,W05,deer,a photo of the deer,195,237,images/experiment1_sequential_own_step/retain_always/W05/deer/index_195_seed_237.png,deer,horse,False,0.0003851265355478972,delete-after-eval,1.5982534023351036e-05,0.0007869809633120894,8.374999015359208e-05,0.0003644371754489839,0.0003851265355478972,0.000869810173753649,4.871822511631763e-06,0.9973769187927246,1.5637928299838677e-05,9.654082532506436e-05,new_followup_supplement,/home/tslin/Documents/jupyter_data/anLi/machine_unlearning/orthogonal-concept-erasure/experiments/sequential_object_followup/outputs/sequential_oce_object_followup_v1
retain_always,W05,deer,a photo of the deer,196,238,images/experiment1_sequential_own_step/retain_always/W05/deer/index_196_seed_238.png,deer,horse,False,0.0033410019241273403,delete-after-eval,0.0010012907441705465,0.05357423052191734,0.00041818938916549087,0.0012302398681640625,0.0033410019241273403,0.009902016259729862,0.00010991746967192739,0.9243886470794678,0.002304145134985447,0.003730399999767542,new_followup_supplement,/home/tslin/Documents/jupyter_data/anLi/machine_unlearning/orthogonal-concept-erasure/experiments/sequential_object_followup/outputs/sequential_oce_object_followup_v1
retain_always,W05,deer,a photo of the deer,197,239,images/experiment1_sequential_own_step/retain_always/W05/deer/index_197_seed_239.png,deer,horse,False,1.615762448636815e-05,delete-after-eval,2.2568383428733796e-05,0.0005097996327094734,5.2251842134865e-05,8.03368238848634e-05,1.615762448636815e-05,0.0016759103164076805,7.826102432773041e-07,0.9972255229949951,3.437383929849602e-05,0.00038227628101594746,new_followup_supplement,/home/tslin/Documents/jupyter_data/anLi/machine_unlearning/orthogonal-concept-erasure/experiments/sequential_object_followup/outputs/sequential_oce_object_followup_v1
retain_always,W05,deer,a photo of the deer,198,240,images/experiment1_sequential_own_step/retain_always/W05/deer/index_198_seed_240.png,deer,horse,False,0.0038512255996465683,delete-after-eval,0.004758831579238176,0.060546379536390305,0.00225952360779047,0.002079162048175931,0.0038512255996465683,0.013495893217623234,5.652395338984206e-05,0.8771993517875671,0.012356544844806194,0.023396553471684456,new_followup_supplement,/home/tslin/Documents/jupyter_data/anLi/machine_unlearning/orthogonal-concept-erasure/experiments/sequential_object_followup/outputs/sequential_oce_object_followup_v1
retain_always,W05,deer,a photo of the deer,199,241,images/experiment1_sequential_own_step/retain_always/W05/deer/index_199_seed_241.png,deer,horse,False,0.003269711509346962,delete-after-eval,0.01222790963947773,0.24889105558395386,0.0017444912809878588,0.0033965331967920065,0.003269711509346962,0.02481192722916603,0.0004990068846382201,0.5377026200294495,0.06839486211538315,0.09906190633773804,new_followup_supplement,/home/tslin/Documents/jupyter_data/anLi/machine_unlearning/orthogonal-concept-erasure/experiments/sequential_object_followup/outputs/sequential_oce_object_followup_v1
