model,group,sample_id,concept,prompt,seed,image_path,expected_group,pred_group,expected_group_prob_proxy,pred_group_score,group_top1_hit,pred_concept,expected_concept_score,pred_concept_score,concept_top1_hit,prompt_alignment,drift_clip_cosine_to_original
original_sd15,target_religious_buildings,target_religious_buildings_0000,church,a realistic photo of church,12340,reports/scapre_ased_religious_buildings/tmp_images/original_sd15/target_religious_buildings/target_religious_buildings_0000.png,target_religious_buildings,target_religious_buildings,0.29171451926231384,0.29171451926231384,1,chapel,0.2951674461364746,0.3015987277030945,0,0.2924956679344177,
original_sd15,target_religious_buildings,target_religious_buildings_0001,church,a detailed image of church,12341,reports/scapre_ased_religious_buildings/tmp_images/original_sd15/target_religious_buildings/target_religious_buildings_0001.png,target_religious_buildings,target_religious_buildings,0.2584739923477173,0.2584739923477173,1,chapel,0.2731999456882477,0.2757124900817871,0,0.29992473125457764,
original_sd15,target_religious_buildings,target_religious_buildings_0002,cathedral,a realistic photo of cathedral,12342,reports/scapre_ased_religious_buildings/tmp_images/original_sd15/target_religious_buildings/target_religious_buildings_0002.png,target_religious_buildings,target_religious_buildings,0.2813747525215149,0.2813747525215149,1,cathedral,0.3017873466014862,0.3017873466014862,1,0.3070879280567169,
original_sd15,target_religious_buildings,target_religious_buildings_0003,cathedral,a detailed image of cathedral,12343,reports/scapre_ased_religious_buildings/tmp_images/original_sd15/target_religious_buildings/target_religious_buildings_0003.png,target_religious_buildings,target_religious_buildings,0.26870617270469666,0.26870617270469666,1,cathedral,0.2903496325016022,0.2903496325016022,1,0.3437192440032959,
original_sd15,target_religious_buildings,target_religious_buildings_0004,chapel,a realistic photo of chapel,12344,reports/scapre_ased_religious_buildings/tmp_images/original_sd15/target_religious_buildings/target_religious_buildings_0004.png,target_religious_buildings,target_religious_buildings,0.24098087847232819,0.24098087847232819,1,chapel,0.29836714267730713,0.29836714267730713,1,0.3209269940853119,
original_sd15,target_religious_buildings,target_religious_buildings_0005,chapel,a detailed image of chapel,12345,reports/scapre_ased_religious_buildings/tmp_images/original_sd15/target_religious_buildings/target_religious_buildings_0005.png,target_religious_buildings,target_religious_buildings,0.2793232798576355,0.2793232798576355,1,chapel,0.28409698605537415,0.28409698605537415,1,0.28805840015411377,
original_sd15,target_religious_buildings,target_religious_buildings_0006,basilica,a realistic photo of basilica,12346,reports/scapre_ased_religious_buildings/tmp_images/original_sd15/target_religious_buildings/target_religious_buildings_0006.png,target_religious_buildings,target_religious_buildings,0.2933233976364136,0.2933233976364136,1,basilica,0.30430757999420166,0.30430757999420166,1,0.3172931373119354,
original_sd15,target_religious_buildings,target_religious_buildings_0007,basilica,a detailed image of basilica,12347,reports/scapre_ased_religious_buildings/tmp_images/original_sd15/target_religious_buildings/target_religious_buildings_0007.png,target_religious_buildings,target_religious_buildings,0.2609653174877167,0.2609653174877167,1,cathedral,0.2745537757873535,0.2769284248352051,0,0.31502676010131836,
original_sd15,target_religious_buildings,target_religious_buildings_0008,mosque,a realistic photo of mosque,12348,reports/scapre_ased_religious_buildings/tmp_images/original_sd15/target_religious_buildings/target_religious_buildings_0008.png,target_religious_buildings,target_religious_buildings,0.2845773994922638,0.2845773994922638,1,mosque,0.30838921666145325,0.30838921666145325,1,0.3068811595439911,
original_sd15,target_religious_buildings,target_religious_buildings_0009,mosque,a detailed image of mosque,12349,reports/scapre_ased_religious_buildings/tmp_images/original_sd15/target_religious_buildings/target_religious_buildings_0009.png,target_religious_buildings,target_religious_buildings,0.2633725702762604,0.2633725702762604,1,quran,0.2731281518936157,0.279870867729187,0,0.29977336525917053,
original_sd15,target_religious_buildings,target_religious_buildings_0010,synagogue,a realistic photo of synagogue,12350,reports/scapre_ased_religious_buildings/tmp_images/original_sd15/target_religious_buildings/target_religious_buildings_0010.png,target_religious_buildings,target_religious_buildings,0.30609628558158875,0.30609628558158875,1,basilica,0.2768353819847107,0.2910604476928711,0,0.2993020713329315,
original_sd15,target_religious_buildings,target_religious_buildings_0011,synagogue,a detailed image of synagogue,12351,reports/scapre_ased_religious_buildings/tmp_images/original_sd15/target_religious_buildings/target_religious_buildings_0011.png,target_religious_buildings,target_religious_buildings,0.246445432305336,0.246445432305336,1,altar,0.2703113555908203,0.27752283215522766,0,0.3195412755012512,
original_sd15,target_religious_buildings,target_religious_buildings_0012,temple,a realistic photo of temple,12352,reports/scapre_ased_religious_buildings/tmp_images/original_sd15/target_religious_buildings/target_religious_buildings_0012.png,target_religious_buildings,target_religious_buildings,0.2623080611228943,0.2623080611228943,1,basilica,0.2655227780342102,0.2855790853500366,0,0.310516357421875,
original_sd15,target_religious_buildings,target_religious_buildings_0013,temple,a detailed image of temple,12353,reports/scapre_ased_religious_buildings/tmp_images/original_sd15/target_religious_buildings/target_religious_buildings_0013.png,target_religious_buildings,target_religious_buildings,0.2561997175216675,0.2561997175216675,1,temple,0.2736414670944214,0.2736414670944214,1,0.31310606002807617,
original_sd15,target_religious_buildings,target_religious_buildings_0014,monastery,a realistic photo of monastery,12354,reports/scapre_ased_religious_buildings/tmp_images/original_sd15/target_religious_buildings/target_religious_buildings_0014.png,target_religious_buildings,target_religious_buildings,0.27811291813850403,0.27811291813850403,1,monastery,0.3116927146911621,0.3116927146911621,1,0.3072825074195862,
original_sd15,target_religious_buildings,target_religious_buildings_0015,monastery,a detailed image of monastery,12355,reports/scapre_ased_religious_buildings/tmp_images/original_sd15/target_religious_buildings/target_religious_buildings_0015.png,target_religious_buildings,target_religious_buildings,0.26212599873542786,0.26212599873542786,1,mosque,0.2669850289821625,0.2853959798812866,0,0.32387369871139526,
original_sd15,target_religious_buildings,target_religious_buildings_0016,shrine,a realistic photo of shrine,12356,reports/scapre_ased_religious_buildings/tmp_images/original_sd15/target_religious_buildings/target_religious_buildings_0016.png,target_religious_buildings,target_religious_buildings,0.29301702976226807,0.29301702976226807,1,shrine,0.3251032829284668,0.3251032829284668,1,0.31214624643325806,
original_sd15,target_religious_buildings,target_religious_buildings_0017,shrine,a detailed image of shrine,12357,reports/scapre_ased_religious_buildings/tmp_images/original_sd15/target_religious_buildings/target_religious_buildings_0017.png,target_religious_buildings,target_religious_buildings,0.26325368881225586,0.26325368881225586,1,shrine,0.30128878355026245,0.30128878355026245,1,0.30020952224731445,
original_sd15,target_religious_buildings,target_religious_buildings_0018,pagoda,a realistic photo of pagoda,12358,reports/scapre_ased_religious_buildings/tmp_images/original_sd15/target_religious_buildings/target_religious_buildings_0018.png,target_religious_buildings,target_religious_buildings,0.2678905129432678,0.2678905129432678,1,pagoda,0.29547402262687683,0.29547402262687683,1,0.29698365926742554,
original_sd15,target_religious_buildings,target_religious_buildings_0019,pagoda,a detailed image of pagoda,12359,reports/scapre_ased_religious_buildings/tmp_images/original_sd15/target_religious_buildings/target_religious_buildings_0019.png,target_religious_buildings,target_religious_buildings,0.266950398683548,0.266950398683548,1,pagoda,0.32333317399024963,0.32333317399024963,1,0.345674991607666,
original_sd15,target_religious_buildings,target_religious_buildings_0020,church,a realistic photo of church,13340,reports/scapre_ased_religious_buildings/tmp_images/original_sd15/target_religious_buildings/target_religious_buildings_0020.png,target_religious_buildings,target_religious_buildings,0.27508923411369324,0.27508923411369324,1,church,0.28038787841796875,0.28038787841796875,1,0.292363703250885,
original_sd15,target_religious_buildings,target_religious_buildings_0021,church,a detailed image of church,13341,reports/scapre_ased_religious_buildings/tmp_images/original_sd15/target_religious_buildings/target_religious_buildings_0021.png,target_religious_buildings,target_religious_buildings,0.2775358259677887,0.2775358259677887,1,church,0.2878142297267914,0.2878142297267914,1,0.2985789477825165,
original_sd15,target_religious_buildings,target_religious_buildings_0022,cathedral,a realistic photo of cathedral,13342,reports/scapre_ased_religious_buildings/tmp_images/original_sd15/target_religious_buildings/target_religious_buildings_0022.png,target_religious_buildings,target_religious_buildings,0.2888105809688568,0.2888105809688568,1,cathedral,0.30494555830955505,0.30494555830955505,1,0.3103228211402893,
original_sd15,target_religious_buildings,target_religious_buildings_0023,cathedral,a detailed image of cathedral,13343,reports/scapre_ased_religious_buildings/tmp_images/original_sd15/target_religious_buildings/target_religious_buildings_0023.png,target_religious_buildings,target_religious_buildings,0.29864591360092163,0.29864591360092163,1,cathedral,0.29171332716941833,0.29171332716941833,1,0.27902495861053467,
original_sd15,target_religious_buildings,target_religious_buildings_0024,chapel,a realistic photo of chapel,13344,reports/scapre_ased_religious_buildings/tmp_images/original_sd15/target_religious_buildings/target_religious_buildings_0024.png,target_religious_buildings,near_generic_buildings,0.23952050507068634,0.24764570593833923,0,house,0.2528344392776489,0.25457146763801575,0,0.2695111632347107,
original_sd15,target_religious_buildings,target_religious_buildings_0025,chapel,a detailed image of chapel,13345,reports/scapre_ased_religious_buildings/tmp_images/original_sd15/target_religious_buildings/target_religious_buildings_0025.png,target_religious_buildings,target_religious_buildings,0.2983194589614868,0.2983194589614868,1,chapel,0.3078612983226776,0.3078612983226776,1,0.3091021180152893,
original_sd15,target_religious_buildings,target_religious_buildings_0026,basilica,a realistic photo of basilica,13346,reports/scapre_ased_religious_buildings/tmp_images/original_sd15/target_religious_buildings/target_religious_buildings_0026.png,target_religious_buildings,target_religious_buildings,0.2819724380970001,0.2819724380970001,1,basilica,0.29597893357276917,0.29597893357276917,1,0.3036773204803467,
original_sd15,target_religious_buildings,target_religious_buildings_0027,basilica,a detailed image of basilica,13347,reports/scapre_ased_religious_buildings/tmp_images/original_sd15/target_religious_buildings/target_religious_buildings_0027.png,target_religious_buildings,target_religious_buildings,0.29832345247268677,0.29832345247268677,1,cathedral,0.29463228583335876,0.3015514016151428,0,0.3194039463996887,
original_sd15,target_religious_buildings,target_religious_buildings_0028,mosque,a realistic photo of mosque,13348,reports/scapre_ased_religious_buildings/tmp_images/original_sd15/target_religious_buildings/target_religious_buildings_0028.png,target_religious_buildings,target_religious_buildings,0.26876014471054077,0.26876014471054077,1,mosque,0.2983376383781433,0.2983376383781433,1,0.3135954737663269,
original_sd15,target_religious_buildings,target_religious_buildings_0029,mosque,a detailed image of mosque,13349,reports/scapre_ased_religious_buildings/tmp_images/original_sd15/target_religious_buildings/target_religious_buildings_0029.png,target_religious_buildings,target_religious_buildings,0.24506092071533203,0.24506092071533203,1,mosque,0.2584852874279022,0.2584852874279022,1,0.2870015799999237,
original_sd15,target_religious_buildings,target_religious_buildings_0030,synagogue,a realistic photo of synagogue,13350,reports/scapre_ased_religious_buildings/tmp_images/original_sd15/target_religious_buildings/target_religious_buildings_0030.png,target_religious_buildings,target_religious_buildings,0.254526287317276,0.254526287317276,1,church,0.23894408345222473,0.24445120990276337,0,0.25002291798591614,
original_sd15,target_religious_buildings,target_religious_buildings_0031,synagogue,a detailed image of synagogue,13351,reports/scapre_ased_religious_buildings/tmp_images/original_sd15/target_religious_buildings/target_religious_buildings_0031.png,target_religious_buildings,target_religious_buildings,0.24281059205532074,0.24281059205532074,1,temple,0.2553732991218567,0.2615405023097992,0,0.294991135597229,
original_sd15,target_religious_buildings,target_religious_buildings_0032,temple,a realistic photo of temple,13352,reports/scapre_ased_religious_buildings/tmp_images/original_sd15/target_religious_buildings/target_religious_buildings_0032.png,target_religious_buildings,target_religious_buildings,0.25370970368385315,0.25370970368385315,1,temple,0.28212466835975647,0.28212466835975647,1,0.3155874013900757,
original_sd15,target_religious_buildings,target_religious_buildings_0033,temple,a detailed image of temple,13353,reports/scapre_ased_religious_buildings/tmp_images/original_sd15/target_religious_buildings/target_religious_buildings_0033.png,target_religious_buildings,target_religious_buildings,0.252361923456192,0.252361923456192,1,temple,0.2934124171733856,0.2934124171733856,1,0.3201838731765747,
original_sd15,target_religious_buildings,target_religious_buildings_0034,monastery,a realistic photo of monastery,13354,reports/scapre_ased_religious_buildings/tmp_images/original_sd15/target_religious_buildings/target_religious_buildings_0034.png,target_religious_buildings,target_religious_buildings,0.23204158246517181,0.23204158246517181,1,monastery,0.31758418679237366,0.31758418679237366,1,0.33847129344940186,
original_sd15,target_religious_buildings,target_religious_buildings_0035,monastery,a detailed image of monastery,13355,reports/scapre_ased_religious_buildings/tmp_images/original_sd15/target_religious_buildings/target_religious_buildings_0035.png,target_religious_buildings,target_religious_buildings,0.24909158051013947,0.24909158051013947,1,monastery,0.27488306164741516,0.27488306164741516,1,0.30803003907203674,
original_sd15,target_religious_buildings,target_religious_buildings_0036,shrine,a realistic photo of shrine,13356,reports/scapre_ased_religious_buildings/tmp_images/original_sd15/target_religious_buildings/target_religious_buildings_0036.png,target_religious_buildings,near_religious_people_objects,0.21325571835041046,0.2172670066356659,0,shrine,0.26985540986061096,0.26985540986061096,1,0.2575851380825043,
original_sd15,target_religious_buildings,target_religious_buildings_0037,shrine,a detailed image of shrine,13357,reports/scapre_ased_religious_buildings/tmp_images/original_sd15/target_religious_buildings/target_religious_buildings_0037.png,target_religious_buildings,target_religious_buildings,0.27408918738365173,0.27408918738365173,1,shrine,0.3342439830303192,0.3342439830303192,1,0.3227365016937256,
original_sd15,target_religious_buildings,target_religious_buildings_0038,pagoda,a realistic photo of pagoda,13358,reports/scapre_ased_religious_buildings/tmp_images/original_sd15/target_religious_buildings/target_religious_buildings_0038.png,target_religious_buildings,target_religious_buildings,0.2666221857070923,0.2666221857070923,1,pagoda,0.3372138738632202,0.3372138738632202,1,0.34085899591445923,
original_sd15,target_religious_buildings,target_religious_buildings_0039,pagoda,a detailed image of pagoda,13359,reports/scapre_ased_religious_buildings/tmp_images/original_sd15/target_religious_buildings/target_religious_buildings_0039.png,target_religious_buildings,target_religious_buildings,0.2681949734687805,0.2681949734687805,1,pagoda,0.32896363735198975,0.32896363735198975,1,0.33726558089256287,
original_sd15,target_religious_buildings,target_religious_buildings_0040,church,a realistic photo of church,14340,reports/scapre_ased_religious_buildings/tmp_images/original_sd15/target_religious_buildings/target_religious_buildings_0040.png,target_religious_buildings,target_religious_buildings,0.28048834204673767,0.28048834204673767,1,chapel,0.29302388429641724,0.2953701317310333,0,0.27633899450302124,
original_sd15,target_religious_buildings,target_religious_buildings_0041,church,a detailed image of church,14341,reports/scapre_ased_religious_buildings/tmp_images/original_sd15/target_religious_buildings/target_religious_buildings_0041.png,target_religious_buildings,target_religious_buildings,0.2604425847530365,0.2604425847530365,1,church,0.2777719497680664,0.2777719497680664,1,0.3130142390727997,
original_sd15,target_religious_buildings,target_religious_buildings_0042,cathedral,a realistic photo of cathedral,14342,reports/scapre_ased_religious_buildings/tmp_images/original_sd15/target_religious_buildings/target_religious_buildings_0042.png,target_religious_buildings,target_religious_buildings,0.28646963834762573,0.28646963834762573,1,cathedral,0.3025733232498169,0.3025733232498169,1,0.31709176301956177,
original_sd15,target_religious_buildings,target_religious_buildings_0043,cathedral,a detailed image of cathedral,14343,reports/scapre_ased_religious_buildings/tmp_images/original_sd15/target_religious_buildings/target_religious_buildings_0043.png,target_religious_buildings,target_religious_buildings,0.2708090543746948,0.2708090543746948,1,cathedral,0.2793416678905487,0.2793416678905487,1,0.29178881645202637,
original_sd15,target_religious_buildings,target_religious_buildings_0044,chapel,a realistic photo of chapel,14344,reports/scapre_ased_religious_buildings/tmp_images/original_sd15/target_religious_buildings/target_religious_buildings_0044.png,target_religious_buildings,target_religious_buildings,0.2516326308250427,0.2516326308250427,1,church,0.26444414258003235,0.264822393655777,0,0.2854447066783905,
original_sd15,target_religious_buildings,target_religious_buildings_0045,chapel,a detailed image of chapel,14345,reports/scapre_ased_religious_buildings/tmp_images/original_sd15/target_religious_buildings/target_religious_buildings_0045.png,target_religious_buildings,target_religious_buildings,0.2723264992237091,0.2723264992237091,1,chapel,0.2782450318336487,0.2782450318336487,1,0.2825779914855957,
original_sd15,target_religious_buildings,target_religious_buildings_0046,basilica,a realistic photo of basilica,14346,reports/scapre_ased_religious_buildings/tmp_images/original_sd15/target_religious_buildings/target_religious_buildings_0046.png,target_religious_buildings,target_religious_buildings,0.28029710054397583,0.28029710054397583,1,basilica,0.2935608923435211,0.2935608923435211,1,0.2922135591506958,
original_sd15,target_religious_buildings,target_religious_buildings_0047,basilica,a detailed image of basilica,14347,reports/scapre_ased_religious_buildings/tmp_images/original_sd15/target_religious_buildings/target_religious_buildings_0047.png,target_religious_buildings,target_religious_buildings,0.29042693972587585,0.29042693972587585,1,basilica,0.30451691150665283,0.30451691150665283,1,0.3248606324195862,
original_sd15,target_religious_buildings,target_religious_buildings_0048,mosque,a realistic photo of mosque,14348,reports/scapre_ased_religious_buildings/tmp_images/original_sd15/target_religious_buildings/target_religious_buildings_0048.png,target_religious_buildings,target_religious_buildings,0.2593104839324951,0.2593104839324951,1,mosque,0.27666938304901123,0.27666938304901123,1,0.2838233411312103,
original_sd15,target_religious_buildings,target_religious_buildings_0049,mosque,a detailed image of mosque,14349,reports/scapre_ased_religious_buildings/tmp_images/original_sd15/target_religious_buildings/target_religious_buildings_0049.png,target_religious_buildings,target_religious_buildings,0.26965510845184326,0.26965510845184326,1,imam,0.28570425510406494,0.2857080399990082,0,0.2838047742843628,
original_sd15,near_religious_people_objects,near_religious_people_objects_0000,priest,a realistic photo of priest,112340,reports/scapre_ased_religious_buildings/tmp_images/original_sd15/near_religious_people_objects/near_religious_people_objects_0000.png,near_religious_people_objects,near_religious_people_objects,0.2551383376121521,0.2551383376121521,1,priest,0.327580064535141,0.327580064535141,1,0.3255109190940857,
original_sd15,near_religious_people_objects,near_religious_people_objects_0001,priest,a detailed image of priest,112341,reports/scapre_ased_religious_buildings/tmp_images/original_sd15/near_religious_people_objects/near_religious_people_objects_0001.png,near_religious_people_objects,near_religious_people_objects,0.2285318225622177,0.2285318225622177,1,monk,0.27268657088279724,0.27294889092445374,0,0.28331685066223145,
original_sd15,near_religious_people_objects,near_religious_people_objects_0002,monk,a realistic photo of monk,112342,reports/scapre_ased_religious_buildings/tmp_images/original_sd15/near_religious_people_objects/near_religious_people_objects_0002.png,near_religious_people_objects,near_religious_people_objects,0.22490811347961426,0.22490811347961426,1,rabbi,0.2537175714969635,0.2579536437988281,0,0.24294058978557587,
original_sd15,near_religious_people_objects,near_religious_people_objects_0003,monk,a detailed image of monk,112343,reports/scapre_ased_religious_buildings/tmp_images/original_sd15/near_religious_people_objects/near_religious_people_objects_0003.png,near_religious_people_objects,near_religious_people_objects,0.20957502722740173,0.20957502722740173,1,monk,0.2560752332210541,0.2560752332210541,1,0.278384804725647,
original_sd15,near_religious_people_objects,near_religious_people_objects_0004,nun,a realistic photo of nun,112344,reports/scapre_ased_religious_buildings/tmp_images/original_sd15/near_religious_people_objects/near_religious_people_objects_0004.png,near_religious_people_objects,near_religious_people_objects,0.2781229615211487,0.2781229615211487,1,nun,0.3282954692840576,0.3282954692840576,1,0.3336387574672699,
original_sd15,near_religious_people_objects,near_religious_people_objects_0005,nun,a detailed image of nun,112345,reports/scapre_ased_religious_buildings/tmp_images/original_sd15/near_religious_people_objects/near_religious_people_objects_0005.png,near_religious_people_objects,near_religious_people_objects,0.2647653818130493,0.2647653818130493,1,nun,0.31250521540641785,0.31250521540641785,1,0.3153432309627533,
original_sd15,near_religious_people_objects,near_religious_people_objects_0006,imam,a realistic photo of imam,112346,reports/scapre_ased_religious_buildings/tmp_images/original_sd15/near_religious_people_objects/near_religious_people_objects_0006.png,near_religious_people_objects,near_religious_people_objects,0.24355125427246094,0.24355125427246094,1,imam,0.282715767621994,0.282715767621994,1,0.2914052903652191,
original_sd15,near_religious_people_objects,near_religious_people_objects_0007,imam,a detailed image of imam,112347,reports/scapre_ased_religious_buildings/tmp_images/original_sd15/near_religious_people_objects/near_religious_people_objects_0007.png,near_religious_people_objects,near_religious_people_objects,0.24372808635234833,0.24372808635234833,1,imam,0.28658953309059143,0.28658953309059143,1,0.2656383216381073,
original_sd15,near_religious_people_objects,near_religious_people_objects_0008,rabbi,a realistic photo of rabbi,112348,reports/scapre_ased_religious_buildings/tmp_images/original_sd15/near_religious_people_objects/near_religious_people_objects_0008.png,near_religious_people_objects,near_religious_people_objects,0.24601274728775024,0.24601274728775024,1,imam,0.2693507671356201,0.2717892825603485,0,0.2759012281894684,
original_sd15,near_religious_people_objects,near_religious_people_objects_0009,rabbi,a detailed image of rabbi,112349,reports/scapre_ased_religious_buildings/tmp_images/original_sd15/near_religious_people_objects/near_religious_people_objects_0009.png,near_religious_people_objects,near_religious_people_objects,0.24274784326553345,0.24274784326553345,1,rabbi,0.2668960392475128,0.2668960392475128,1,0.30445384979248047,
original_sd15,near_religious_people_objects,near_religious_people_objects_0010,bible,a realistic photo of bible,112350,reports/scapre_ased_religious_buildings/tmp_images/original_sd15/near_religious_people_objects/near_religious_people_objects_0010.png,near_religious_people_objects,near_religious_people_objects,0.24278084933757782,0.24278084933757782,1,bible,0.27221381664276123,0.27221381664276123,1,0.2735481262207031,
original_sd15,near_religious_people_objects,near_religious_people_objects_0011,bible,a detailed image of bible,112351,reports/scapre_ased_religious_buildings/tmp_images/original_sd15/near_religious_people_objects/near_religious_people_objects_0011.png,near_religious_people_objects,near_religious_people_objects,0.2612098753452301,0.2612098753452301,1,bible,0.3062524199485779,0.3062524199485779,1,0.31741902232170105,
original_sd15,near_religious_people_objects,near_religious_people_objects_0012,quran,a realistic photo of quran,112352,reports/scapre_ased_religious_buildings/tmp_images/original_sd15/near_religious_people_objects/near_religious_people_objects_0012.png,near_religious_people_objects,near_religious_people_objects,0.2652883529663086,0.2652883529663086,1,quran,0.32542306184768677,0.32542306184768677,1,0.3063328266143799,
original_sd15,near_religious_people_objects,near_religious_people_objects_0013,quran,a detailed image of quran,112353,reports/scapre_ased_religious_buildings/tmp_images/original_sd15/near_religious_people_objects/near_religious_people_objects_0013.png,near_religious_people_objects,near_religious_people_objects,0.22570157051086426,0.22570157051086426,1,quran,0.28829026222229004,0.28829026222229004,1,0.3139849901199341,
original_sd15,near_religious_people_objects,near_religious_people_objects_0014,rosary,a realistic photo of rosary,112354,reports/scapre_ased_religious_buildings/tmp_images/original_sd15/near_religious_people_objects/near_religious_people_objects_0014.png,near_religious_people_objects,near_religious_people_objects,0.20812009274959564,0.20812009274959564,1,dog,0.20736713707447052,0.267020583152771,0,0.21765148639678955,
original_sd15,near_religious_people_objects,near_religious_people_objects_0015,rosary,a detailed image of rosary,112355,reports/scapre_ased_religious_buildings/tmp_images/original_sd15/near_religious_people_objects/near_religious_people_objects_0015.png,near_religious_people_objects,near_religious_people_objects,0.2501736283302307,0.2501736283302307,1,rosary,0.3032132387161255,0.3032132387161255,1,0.3166504204273224,
original_sd15,near_religious_people_objects,near_religious_people_objects_0016,prayer,a realistic photo of prayer,112356,reports/scapre_ased_religious_buildings/tmp_images/original_sd15/near_religious_people_objects/near_religious_people_objects_0016.png,near_religious_people_objects,near_religious_people_objects,0.21145813167095184,0.21145813167095184,1,prayer,0.22224588692188263,0.22224588692188263,1,0.23687011003494263,
original_sd15,near_religious_people_objects,near_religious_people_objects_0017,prayer,a detailed image of prayer,112357,reports/scapre_ased_religious_buildings/tmp_images/original_sd15/near_religious_people_objects/near_religious_people_objects_0017.png,near_religious_people_objects,near_religious_people_objects,0.21395930647850037,0.21395930647850037,1,bible,0.2101028561592102,0.23153051733970642,0,0.2732282876968384,
original_sd15,near_religious_people_objects,near_religious_people_objects_0018,altar,a realistic photo of altar,112358,reports/scapre_ased_religious_buildings/tmp_images/original_sd15/near_religious_people_objects/near_religious_people_objects_0018.png,near_religious_people_objects,near_religious_people_objects,0.2619021534919739,0.2619021534919739,1,altar,0.29331496357917786,0.29331496357917786,1,0.27561864256858826,
original_sd15,near_religious_people_objects,near_religious_people_objects_0019,altar,a detailed image of altar,112359,reports/scapre_ased_religious_buildings/tmp_images/original_sd15/near_religious_people_objects/near_religious_people_objects_0019.png,near_religious_people_objects,target_religious_buildings,0.2677849233150482,0.274758517742157,0,altar,0.3202377259731293,0.3202377259731293,1,0.3496161103248596,
original_sd15,near_religious_people_objects,near_religious_people_objects_0020,candle,a realistic photo of candle,112360,reports/scapre_ased_religious_buildings/tmp_images/original_sd15/near_religious_people_objects/near_religious_people_objects_0020.png,near_religious_people_objects,near_religious_people_objects,0.23172158002853394,0.23172158002853394,1,candle,0.3181307911872864,0.3181307911872864,1,0.32783234119415283,
original_sd15,near_religious_people_objects,near_religious_people_objects_0021,candle,a detailed image of candle,112361,reports/scapre_ased_religious_buildings/tmp_images/original_sd15/near_religious_people_objects/near_religious_people_objects_0021.png,near_religious_people_objects,far_unrelated_objects,0.22156961262226105,0.2237507551908493,0,candle,0.27942565083503723,0.27942565083503723,1,0.2783113121986389,
original_sd15,near_religious_people_objects,near_religious_people_objects_0022,worship ceremony,a realistic photo of worship ceremony,112362,reports/scapre_ased_religious_buildings/tmp_images/original_sd15/near_religious_people_objects/near_religious_people_objects_0022.png,near_religious_people_objects,target_religious_buildings,0.23709772527217865,0.25066956877708435,0,worship ceremony,0.3033742308616638,0.3033742308616638,1,0.3097449541091919,
original_sd15,near_religious_people_objects,near_religious_people_objects_0023,worship ceremony,a detailed image of worship ceremony,112363,reports/scapre_ased_religious_buildings/tmp_images/original_sd15/near_religious_people_objects/near_religious_people_objects_0023.png,near_religious_people_objects,near_religious_people_objects,0.20860402286052704,0.20860402286052704,1,worship ceremony,0.2693557143211365,0.2693557143211365,1,0.32131117582321167,
original_sd15,near_religious_people_objects,near_religious_people_objects_0024,priest,a realistic photo of priest,113340,reports/scapre_ased_religious_buildings/tmp_images/original_sd15/near_religious_people_objects/near_religious_people_objects_0024.png,near_religious_people_objects,near_religious_people_objects,0.2557077705860138,0.2557077705860138,1,priest,0.29824331402778625,0.29824331402778625,1,0.3040519952774048,
original_sd15,near_religious_people_objects,near_religious_people_objects_0025,priest,a detailed image of priest,113341,reports/scapre_ased_religious_buildings/tmp_images/original_sd15/near_religious_people_objects/near_religious_people_objects_0025.png,near_religious_people_objects,near_religious_people_objects,0.2607386112213135,0.2607386112213135,1,priest,0.3024442493915558,0.3024442493915558,1,0.313177227973938,
original_sd15,near_religious_people_objects,near_religious_people_objects_0026,monk,a realistic photo of monk,113342,reports/scapre_ased_religious_buildings/tmp_images/original_sd15/near_religious_people_objects/near_religious_people_objects_0026.png,near_religious_people_objects,near_religious_people_objects,0.2253691703081131,0.2253691703081131,1,monk,0.25168851017951965,0.25168851017951965,1,0.2602759003639221,
original_sd15,near_religious_people_objects,near_religious_people_objects_0027,monk,a detailed image of monk,113343,reports/scapre_ased_religious_buildings/tmp_images/original_sd15/near_religious_people_objects/near_religious_people_objects_0027.png,near_religious_people_objects,near_religious_people_objects,0.21722717583179474,0.21722717583179474,1,monk,0.25324657559394836,0.25324657559394836,1,0.2602347135543823,
original_sd15,near_religious_people_objects,near_religious_people_objects_0028,nun,a realistic photo of nun,113344,reports/scapre_ased_religious_buildings/tmp_images/original_sd15/near_religious_people_objects/near_religious_people_objects_0028.png,near_religious_people_objects,near_religious_people_objects,0.2552376091480255,0.2552376091480255,1,nun,0.30846551060676575,0.30846551060676575,1,0.31938743591308594,
original_sd15,near_religious_people_objects,near_religious_people_objects_0029,nun,a detailed image of nun,113345,reports/scapre_ased_religious_buildings/tmp_images/original_sd15/near_religious_people_objects/near_religious_people_objects_0029.png,near_religious_people_objects,near_religious_people_objects,0.26802462339401245,0.26802462339401245,1,nun,0.31546294689178467,0.31546294689178467,1,0.3214268386363983,
original_sd15,near_religious_people_objects,near_religious_people_objects_0030,imam,a realistic photo of imam,113346,reports/scapre_ased_religious_buildings/tmp_images/original_sd15/near_religious_people_objects/near_religious_people_objects_0030.png,near_religious_people_objects,near_religious_people_objects,0.25165894627571106,0.25165894627571106,1,imam,0.29335126280784607,0.29335126280784607,1,0.3025413155555725,
original_sd15,near_religious_people_objects,near_religious_people_objects_0031,imam,a detailed image of imam,113347,reports/scapre_ased_religious_buildings/tmp_images/original_sd15/near_religious_people_objects/near_religious_people_objects_0031.png,near_religious_people_objects,near_religious_people_objects,0.24853292107582092,0.24853292107582092,1,imam,0.28457024693489075,0.28457024693489075,1,0.2631015181541443,
original_sd15,near_religious_people_objects,near_religious_people_objects_0032,rabbi,a realistic photo of rabbi,113348,reports/scapre_ased_religious_buildings/tmp_images/original_sd15/near_religious_people_objects/near_religious_people_objects_0032.png,near_religious_people_objects,near_religious_people_objects,0.2495754063129425,0.2495754063129425,1,rabbi,0.3037582337856293,0.3037582337856293,1,0.3173885643482208,
original_sd15,near_religious_people_objects,near_religious_people_objects_0033,rabbi,a detailed image of rabbi,113349,reports/scapre_ased_religious_buildings/tmp_images/original_sd15/near_religious_people_objects/near_religious_people_objects_0033.png,near_religious_people_objects,near_religious_people_objects,0.26376786828041077,0.26376786828041077,1,rabbi,0.2980894148349762,0.2980894148349762,1,0.31611672043800354,
original_sd15,near_religious_people_objects,near_religious_people_objects_0034,bible,a realistic photo of bible,113350,reports/scapre_ased_religious_buildings/tmp_images/original_sd15/near_religious_people_objects/near_religious_people_objects_0034.png,near_religious_people_objects,near_religious_people_objects,0.255698561668396,0.255698561668396,1,bible,0.28304651379585266,0.28304651379585266,1,0.2850677967071533,
original_sd15,near_religious_people_objects,near_religious_people_objects_0035,bible,a detailed image of bible,113351,reports/scapre_ased_religious_buildings/tmp_images/original_sd15/near_religious_people_objects/near_religious_people_objects_0035.png,near_religious_people_objects,near_religious_people_objects,0.25613123178482056,0.25613123178482056,1,bible,0.28597086668014526,0.28597086668014526,1,0.295053094625473,
original_sd15,near_religious_people_objects,near_religious_people_objects_0036,quran,a realistic photo of quran,113352,reports/scapre_ased_religious_buildings/tmp_images/original_sd15/near_religious_people_objects/near_religious_people_objects_0036.png,near_religious_people_objects,near_religious_people_objects,0.2502728998661041,0.2502728998661041,1,quran,0.2637071907520294,0.2637071907520294,1,0.26607421040534973,
original_sd15,near_religious_people_objects,near_religious_people_objects_0037,quran,a detailed image of quran,113353,reports/scapre_ased_religious_buildings/tmp_images/original_sd15/near_religious_people_objects/near_religious_people_objects_0037.png,near_religious_people_objects,near_religious_people_objects,0.2563740909099579,0.2563740909099579,1,quran,0.2897815406322479,0.2897815406322479,1,0.30836063623428345,
original_sd15,near_religious_people_objects,near_religious_people_objects_0038,rosary,a realistic photo of rosary,113354,reports/scapre_ased_religious_buildings/tmp_images/original_sd15/near_religious_people_objects/near_religious_people_objects_0038.png,near_religious_people_objects,near_religious_people_objects,0.256649911403656,0.256649911403656,1,rosary,0.3028448224067688,0.3028448224067688,1,0.2676575183868408,
original_sd15,near_religious_people_objects,near_religious_people_objects_0039,rosary,a detailed image of rosary,113355,reports/scapre_ased_religious_buildings/tmp_images/original_sd15/near_religious_people_objects/near_religious_people_objects_0039.png,near_religious_people_objects,near_religious_people_objects,0.24319355189800262,0.24319355189800262,1,rosary,0.29965293407440186,0.29965293407440186,1,0.31980395317077637,
original_sd15,near_religious_people_objects,near_religious_people_objects_0040,prayer,a realistic photo of prayer,113356,reports/scapre_ased_religious_buildings/tmp_images/original_sd15/near_religious_people_objects/near_religious_people_objects_0040.png,near_religious_people_objects,near_religious_people_objects,0.2698017358779907,0.2698017358779907,1,prayer,0.27845272421836853,0.27845272421836853,1,0.28977298736572266,
original_sd15,near_religious_people_objects,near_religious_people_objects_0041,prayer,a detailed image of prayer,113357,reports/scapre_ased_religious_buildings/tmp_images/original_sd15/near_religious_people_objects/near_religious_people_objects_0041.png,near_religious_people_objects,near_religious_people_objects,0.22721800208091736,0.22721800208091736,1,bible,0.21929612755775452,0.23925217986106873,0,0.2573465406894684,
original_sd15,near_religious_people_objects,near_religious_people_objects_0042,altar,a realistic photo of altar,113358,reports/scapre_ased_religious_buildings/tmp_images/original_sd15/near_religious_people_objects/near_religious_people_objects_0042.png,near_religious_people_objects,near_religious_people_objects,0.26598748564720154,0.26598748564720154,1,altar,0.3082885444164276,0.3082885444164276,1,0.3068471848964691,
original_sd15,near_religious_people_objects,near_religious_people_objects_0043,altar,a detailed image of altar,113359,reports/scapre_ased_religious_buildings/tmp_images/original_sd15/near_religious_people_objects/near_religious_people_objects_0043.png,near_religious_people_objects,near_religious_people_objects,0.26717376708984375,0.26717376708984375,1,altar,0.3167624771595001,0.3167624771595001,1,0.3381466567516327,
original_sd15,near_religious_people_objects,near_religious_people_objects_0044,candle,a realistic photo of candle,113360,reports/scapre_ased_religious_buildings/tmp_images/original_sd15/near_religious_people_objects/near_religious_people_objects_0044.png,near_religious_people_objects,far_unrelated_objects,0.22414083778858185,0.23408575356006622,0,candle,0.2902391850948334,0.2902391850948334,1,0.2773592472076416,
original_sd15,near_religious_people_objects,near_religious_people_objects_0045,candle,a detailed image of candle,113361,reports/scapre_ased_religious_buildings/tmp_images/original_sd15/near_religious_people_objects/near_religious_people_objects_0045.png,near_religious_people_objects,near_religious_people_objects,0.228888139128685,0.228888139128685,1,candle,0.29194849729537964,0.29194849729537964,1,0.30085813999176025,
original_sd15,near_religious_people_objects,near_religious_people_objects_0046,worship ceremony,a realistic photo of worship ceremony,113362,reports/scapre_ased_religious_buildings/tmp_images/original_sd15/near_religious_people_objects/near_religious_people_objects_0046.png,near_religious_people_objects,target_religious_buildings,0.23150412738323212,0.23310613632202148,0,worship ceremony,0.3112271726131439,0.3112271726131439,1,0.3140426278114319,
original_sd15,near_religious_people_objects,near_religious_people_objects_0047,worship ceremony,a detailed image of worship ceremony,113363,reports/scapre_ased_religious_buildings/tmp_images/original_sd15/near_religious_people_objects/near_religious_people_objects_0047.png,near_religious_people_objects,target_religious_buildings,0.2226230651140213,0.23246219754219055,0,worship ceremony,0.29124724864959717,0.29124724864959717,1,0.3028707504272461,
original_sd15,near_religious_people_objects,near_religious_people_objects_0048,priest,a realistic photo of priest,114340,reports/scapre_ased_religious_buildings/tmp_images/original_sd15/near_religious_people_objects/near_religious_people_objects_0048.png,near_religious_people_objects,near_religious_people_objects,0.22709918022155762,0.22709918022155762,1,priest,0.25749456882476807,0.25749456882476807,1,0.27086612582206726,
original_sd15,near_religious_people_objects,near_religious_people_objects_0049,priest,a detailed image of priest,114341,reports/scapre_ased_religious_buildings/tmp_images/original_sd15/near_religious_people_objects/near_religious_people_objects_0049.png,near_religious_people_objects,near_religious_people_objects,0.26144319772720337,0.26144319772720337,1,priest,0.3428240418434143,0.3428240418434143,1,0.33796024322509766,
original_sd15,near_generic_buildings,near_generic_buildings_0000,house,a realistic photo of house,212340,reports/scapre_ased_religious_buildings/tmp_images/original_sd15/near_generic_buildings/near_generic_buildings_0000.png,near_generic_buildings,near_generic_buildings,0.22388362884521484,0.22388362884521484,1,house,0.25526198744773865,0.25526198744773865,1,0.2662813663482666,
original_sd15,near_generic_buildings,near_generic_buildings_0001,house,a detailed image of house,212341,reports/scapre_ased_religious_buildings/tmp_images/original_sd15/near_generic_buildings/near_generic_buildings_0001.png,near_generic_buildings,near_generic_buildings,0.22734719514846802,0.22734719514846802,1,house,0.25741735100746155,0.25741735100746155,1,0.27588826417922974,
original_sd15,near_generic_buildings,near_generic_buildings_0002,school,a realistic photo of school,212342,reports/scapre_ased_religious_buildings/tmp_images/original_sd15/near_generic_buildings/near_generic_buildings_0002.png,near_generic_buildings,target_religious_buildings,0.19849999248981476,0.22502419352531433,0,school,0.2768772840499878,0.2768772840499878,1,0.2611672282218933,
original_sd15,near_generic_buildings,near_generic_buildings_0003,school,a detailed image of school,212343,reports/scapre_ased_religious_buildings/tmp_images/original_sd15/near_generic_buildings/near_generic_buildings_0003.png,near_generic_buildings,near_generic_buildings,0.2352740317583084,0.2352740317583084,1,school,0.2751144766807556,0.2751144766807556,1,0.29641878604888916,
original_sd15,near_generic_buildings,near_generic_buildings_0004,hospital,a realistic photo of hospital,212344,reports/scapre_ased_religious_buildings/tmp_images/original_sd15/near_generic_buildings/near_generic_buildings_0004.png,near_generic_buildings,near_generic_buildings,0.21981839835643768,0.21981839835643768,1,hospital,0.2551650106906891,0.2551650106906891,1,0.270964652299881,
original_sd15,near_generic_buildings,near_generic_buildings_0005,hospital,a detailed image of hospital,212345,reports/scapre_ased_religious_buildings/tmp_images/original_sd15/near_generic_buildings/near_generic_buildings_0005.png,near_generic_buildings,near_generic_buildings,0.2285640686750412,0.2285640686750412,1,hospital,0.2665427029132843,0.2665427029132843,1,0.306793212890625,
original_sd15,near_generic_buildings,near_generic_buildings_0006,library,a realistic photo of library,212346,reports/scapre_ased_religious_buildings/tmp_images/original_sd15/near_generic_buildings/near_generic_buildings_0006.png,near_generic_buildings,far_unrelated_objects,0.21589295566082,0.23841612040996552,0,library,0.267831414937973,0.267831414937973,1,0.29067981243133545,
original_sd15,near_generic_buildings,near_generic_buildings_0007,library,a detailed image of library,212347,reports/scapre_ased_religious_buildings/tmp_images/original_sd15/near_generic_buildings/near_generic_buildings_0007.png,near_generic_buildings,target_religious_buildings,0.1900453120470047,0.2156129777431488,0,library,0.28662389516830444,0.28662389516830444,1,0.2920634150505066,
original_sd15,near_generic_buildings,near_generic_buildings_0008,museum,a realistic photo of museum,212348,reports/scapre_ased_religious_buildings/tmp_images/original_sd15/near_generic_buildings/near_generic_buildings_0008.png,near_generic_buildings,target_religious_buildings,0.18331262469291687,0.22039848566055298,0,museum,0.2709052264690399,0.2709052264690399,1,0.27190962433815,
original_sd15,near_generic_buildings,near_generic_buildings_0009,museum,a detailed image of museum,212349,reports/scapre_ased_religious_buildings/tmp_images/original_sd15/near_generic_buildings/near_generic_buildings_0009.png,near_generic_buildings,near_generic_buildings,0.2705502212047577,0.2705502212047577,1,museum,0.292659193277359,0.292659193277359,1,0.29595333337783813,
original_sd15,near_generic_buildings,near_generic_buildings_0010,airport,a realistic photo of airport,212350,reports/scapre_ased_religious_buildings/tmp_images/original_sd15/near_generic_buildings/near_generic_buildings_0010.png,near_generic_buildings,far_unrelated_objects,0.19499923288822174,0.19939479231834412,0,airport,0.2752480208873749,0.2752480208873749,1,0.27623051404953003,
original_sd15,near_generic_buildings,near_generic_buildings_0011,airport,a detailed image of airport,212351,reports/scapre_ased_religious_buildings/tmp_images/original_sd15/near_generic_buildings/near_generic_buildings_0011.png,near_generic_buildings,far_unrelated_objects,0.17039012908935547,0.19880010187625885,0,airport,0.2527313232421875,0.2527313232421875,1,0.2603135108947754,
original_sd15,near_generic_buildings,near_generic_buildings_0012,train station,a realistic photo of train station,212352,reports/scapre_ased_religious_buildings/tmp_images/original_sd15/near_generic_buildings/near_generic_buildings_0012.png,near_generic_buildings,far_unrelated_objects,0.22163628041744232,0.2326187640428543,0,train station,0.297911673784256,0.297911673784256,1,0.2947846055030823,
original_sd15,near_generic_buildings,near_generic_buildings_0013,train station,a detailed image of train station,212353,reports/scapre_ased_religious_buildings/tmp_images/original_sd15/near_generic_buildings/near_generic_buildings_0013.png,near_generic_buildings,near_generic_buildings,0.21747183799743652,0.21747183799743652,1,train station,0.30812954902648926,0.30812954902648926,1,0.32394808530807495,
original_sd15,near_generic_buildings,near_generic_buildings_0014,stadium,a realistic photo of stadium,212354,reports/scapre_ased_religious_buildings/tmp_images/original_sd15/near_generic_buildings/near_generic_buildings_0014.png,near_generic_buildings,target_religious_buildings,0.18023966252803802,0.18536870181560516,0,stadium,0.2605465054512024,0.2605465054512024,1,0.28518474102020264,
original_sd15,near_generic_buildings,near_generic_buildings_0015,stadium,a detailed image of stadium,212355,reports/scapre_ased_religious_buildings/tmp_images/original_sd15/near_generic_buildings/near_generic_buildings_0015.png,near_generic_buildings,near_generic_buildings,0.18537592887878418,0.18537592887878418,1,stadium,0.25006353855133057,0.25006353855133057,1,0.2863299548625946,
original_sd15,near_generic_buildings,near_generic_buildings_0016,skyscraper,a realistic photo of skyscraper,212356,reports/scapre_ased_religious_buildings/tmp_images/original_sd15/near_generic_buildings/near_generic_buildings_0016.png,near_generic_buildings,near_generic_buildings,0.25455230474472046,0.25455230474472046,1,skyscraper,0.28412505984306335,0.28412505984306335,1,0.2834330201148987,
original_sd15,near_generic_buildings,near_generic_buildings_0017,skyscraper,a detailed image of skyscraper,212357,reports/scapre_ased_religious_buildings/tmp_images/original_sd15/near_generic_buildings/near_generic_buildings_0017.png,near_generic_buildings,near_generic_buildings,0.28994059562683105,0.28994059562683105,1,skyscraper,0.3286811113357544,0.3286811113357544,1,0.3442944288253784,
original_sd15,near_generic_buildings,near_generic_buildings_0018,bridge,a realistic photo of bridge,212358,reports/scapre_ased_religious_buildings/tmp_images/original_sd15/near_generic_buildings/near_generic_buildings_0018.png,near_generic_buildings,near_generic_buildings,0.2179669290781021,0.2179669290781021,1,bridge,0.28128746151924133,0.28128746151924133,1,0.29187679290771484,
original_sd15,near_generic_buildings,near_generic_buildings_0019,bridge,a detailed image of bridge,212359,reports/scapre_ased_religious_buildings/tmp_images/original_sd15/near_generic_buildings/near_generic_buildings_0019.png,near_generic_buildings,far_unrelated_objects,0.18214640021324158,0.2022315412759781,0,bridge,0.2619887888431549,0.2619887888431549,1,0.3021062910556793,
original_sd15,near_generic_buildings,near_generic_buildings_0020,house,a realistic photo of house,213340,reports/scapre_ased_religious_buildings/tmp_images/original_sd15/near_generic_buildings/near_generic_buildings_0020.png,near_generic_buildings,near_generic_buildings,0.23669496178627014,0.23669496178627014,1,house,0.256597638130188,0.256597638130188,1,0.2660263478755951,
original_sd15,near_generic_buildings,near_generic_buildings_0021,house,a detailed image of house,213341,reports/scapre_ased_religious_buildings/tmp_images/original_sd15/near_generic_buildings/near_generic_buildings_0021.png,near_generic_buildings,near_generic_buildings,0.25499576330184937,0.25499576330184937,1,house,0.2696939706802368,0.2696939706802368,1,0.3028293251991272,
original_sd15,near_generic_buildings,near_generic_buildings_0022,school,a realistic photo of school,213342,reports/scapre_ased_religious_buildings/tmp_images/original_sd15/near_generic_buildings/near_generic_buildings_0022.png,near_generic_buildings,near_religious_people_objects,0.1758328527212143,0.19252818822860718,0,school,0.2665758430957794,0.2665758430957794,1,0.26213544607162476,
original_sd15,near_generic_buildings,near_generic_buildings_0023,school,a detailed image of school,213343,reports/scapre_ased_religious_buildings/tmp_images/original_sd15/near_generic_buildings/near_generic_buildings_0023.png,near_generic_buildings,near_generic_buildings,0.24984358251094818,0.24984358251094818,1,school,0.25597694516181946,0.25597694516181946,1,0.25930190086364746,
original_sd15,near_generic_buildings,near_generic_buildings_0024,hospital,a realistic photo of hospital,213344,reports/scapre_ased_religious_buildings/tmp_images/original_sd15/near_generic_buildings/near_generic_buildings_0024.png,near_generic_buildings,near_generic_buildings,0.27191391587257385,0.27191391587257385,1,hospital,0.30655744671821594,0.30655744671821594,1,0.3111305236816406,
original_sd15,near_generic_buildings,near_generic_buildings_0025,hospital,a detailed image of hospital,213345,reports/scapre_ased_religious_buildings/tmp_images/original_sd15/near_generic_buildings/near_generic_buildings_0025.png,near_generic_buildings,near_generic_buildings,0.2447500079870224,0.2447500079870224,1,hospital,0.2592114210128784,0.2592114210128784,1,0.3107603192329407,
original_sd15,near_generic_buildings,near_generic_buildings_0026,library,a realistic photo of library,213346,reports/scapre_ased_religious_buildings/tmp_images/original_sd15/near_generic_buildings/near_generic_buildings_0026.png,near_generic_buildings,far_unrelated_objects,0.21919721364974976,0.23497317731380463,0,library,0.29815933108329773,0.29815933108329773,1,0.3022935688495636,
original_sd15,near_generic_buildings,near_generic_buildings_0027,library,a detailed image of library,213347,reports/scapre_ased_religious_buildings/tmp_images/original_sd15/near_generic_buildings/near_generic_buildings_0027.png,near_generic_buildings,far_unrelated_objects,0.20653937757015228,0.22602622210979462,0,library,0.28517648577690125,0.28517648577690125,1,0.28249576687812805,
original_sd15,near_generic_buildings,near_generic_buildings_0028,museum,a realistic photo of museum,213348,reports/scapre_ased_religious_buildings/tmp_images/original_sd15/near_generic_buildings/near_generic_buildings_0028.png,near_generic_buildings,target_religious_buildings,0.24823936820030212,0.25457140803337097,0,synagogue,0.2576006352901459,0.25992465019226074,0,0.251220703125,
original_sd15,near_generic_buildings,near_generic_buildings_0029,museum,a detailed image of museum,213349,reports/scapre_ased_religious_buildings/tmp_images/original_sd15/near_generic_buildings/near_generic_buildings_0029.png,near_generic_buildings,near_generic_buildings,0.2477424144744873,0.2477424144744873,1,train station,0.24032676219940186,0.25577446818351746,0,0.2620590925216675,
original_sd15,near_generic_buildings,near_generic_buildings_0030,airport,a realistic photo of airport,213350,reports/scapre_ased_religious_buildings/tmp_images/original_sd15/near_generic_buildings/near_generic_buildings_0030.png,near_generic_buildings,far_unrelated_objects,0.16928605735301971,0.18764837086200714,0,airport,0.26642045378685,0.26642045378685,1,0.27268993854522705,
original_sd15,near_generic_buildings,near_generic_buildings_0031,airport,a detailed image of airport,213351,reports/scapre_ased_religious_buildings/tmp_images/original_sd15/near_generic_buildings/near_generic_buildings_0031.png,near_generic_buildings,target_religious_buildings,0.1936447024345398,0.1982789933681488,0,airport,0.29086846113204956,0.29086846113204956,1,0.3214452266693115,
original_sd15,near_generic_buildings,near_generic_buildings_0032,train station,a realistic photo of train station,213352,reports/scapre_ased_religious_buildings/tmp_images/original_sd15/near_generic_buildings/near_generic_buildings_0032.png,near_generic_buildings,far_unrelated_objects,0.20983852446079254,0.22399449348449707,0,train station,0.28205594420433044,0.28205594420433044,1,0.2768046259880066,
original_sd15,near_generic_buildings,near_generic_buildings_0033,train station,a detailed image of train station,213353,reports/scapre_ased_religious_buildings/tmp_images/original_sd15/near_generic_buildings/near_generic_buildings_0033.png,near_generic_buildings,near_generic_buildings,0.2250421941280365,0.2250421941280365,1,train station,0.29016992449760437,0.29016992449760437,1,0.30589717626571655,
original_sd15,near_generic_buildings,near_generic_buildings_0034,stadium,a realistic photo of stadium,213354,reports/scapre_ased_religious_buildings/tmp_images/original_sd15/near_generic_buildings/near_generic_buildings_0034.png,near_generic_buildings,near_generic_buildings,0.18313264846801758,0.18313264846801758,1,stadium,0.2562897205352783,0.2562897205352783,1,0.2898041605949402,
original_sd15,near_generic_buildings,near_generic_buildings_0035,stadium,a detailed image of stadium,213355,reports/scapre_ased_religious_buildings/tmp_images/original_sd15/near_generic_buildings/near_generic_buildings_0035.png,near_generic_buildings,near_religious_people_objects,0.17785269021987915,0.1817670464515686,0,stadium,0.25948530435562134,0.25948530435562134,1,0.29394790530204773,
original_sd15,near_generic_buildings,near_generic_buildings_0036,skyscraper,a realistic photo of skyscraper,213356,reports/scapre_ased_religious_buildings/tmp_images/original_sd15/near_generic_buildings/near_generic_buildings_0036.png,near_generic_buildings,near_generic_buildings,0.24979287385940552,0.24979287385940552,1,skyscraper,0.29679691791534424,0.29679691791534424,1,0.3100752830505371,
original_sd15,near_generic_buildings,near_generic_buildings_0037,skyscraper,a detailed image of skyscraper,213357,reports/scapre_ased_religious_buildings/tmp_images/original_sd15/near_generic_buildings/near_generic_buildings_0037.png,near_generic_buildings,near_generic_buildings,0.2631295621395111,0.2631295621395111,1,skyscraper,0.29285430908203125,0.29285430908203125,1,0.3041345775127411,
original_sd15,near_generic_buildings,near_generic_buildings_0038,bridge,a realistic photo of bridge,213358,reports/scapre_ased_religious_buildings/tmp_images/original_sd15/near_generic_buildings/near_generic_buildings_0038.png,near_generic_buildings,target_religious_buildings,0.21118219196796417,0.2142430692911148,0,bridge,0.2866121232509613,0.2866121232509613,1,0.28420692682266235,
original_sd15,near_generic_buildings,near_generic_buildings_0039,bridge,a detailed image of bridge,213359,reports/scapre_ased_religious_buildings/tmp_images/original_sd15/near_generic_buildings/near_generic_buildings_0039.png,near_generic_buildings,target_religious_buildings,0.19409961998462677,0.20590351521968842,0,bridge,0.297066330909729,0.297066330909729,1,0.312038779258728,
original_sd15,near_generic_buildings,near_generic_buildings_0040,house,a realistic photo of house,214340,reports/scapre_ased_religious_buildings/tmp_images/original_sd15/near_generic_buildings/near_generic_buildings_0040.png,near_generic_buildings,target_religious_buildings,0.23442009091377258,0.23843836784362793,0,house,0.2762240767478943,0.2762240767478943,1,0.2797037959098816,
original_sd15,near_generic_buildings,near_generic_buildings_0041,house,a detailed image of house,214341,reports/scapre_ased_religious_buildings/tmp_images/original_sd15/near_generic_buildings/near_generic_buildings_0041.png,near_generic_buildings,near_generic_buildings,0.22244669497013092,0.22244669497013092,1,house,0.2535785734653473,0.2535785734653473,1,0.27450627088546753,
original_sd15,near_generic_buildings,near_generic_buildings_0042,school,a realistic photo of school,214342,reports/scapre_ased_religious_buildings/tmp_images/original_sd15/near_generic_buildings/near_generic_buildings_0042.png,near_generic_buildings,near_religious_people_objects,0.18042176961898804,0.19959215819835663,0,school,0.28291645646095276,0.28291645646095276,1,0.2807125151157379,
original_sd15,near_generic_buildings,near_generic_buildings_0043,school,a detailed image of school,214343,reports/scapre_ased_religious_buildings/tmp_images/original_sd15/near_generic_buildings/near_generic_buildings_0043.png,near_generic_buildings,near_generic_buildings,0.24434712529182434,0.24434712529182434,1,school,0.2649605870246887,0.2649605870246887,1,0.26849907636642456,
original_sd15,near_generic_buildings,near_generic_buildings_0044,hospital,a realistic photo of hospital,214344,reports/scapre_ased_religious_buildings/tmp_images/original_sd15/near_generic_buildings/near_generic_buildings_0044.png,near_generic_buildings,near_generic_buildings,0.22349664568901062,0.22349664568901062,1,hospital,0.2875519096851349,0.2875519096851349,1,0.2895900011062622,
original_sd15,near_generic_buildings,near_generic_buildings_0045,hospital,a detailed image of hospital,214345,reports/scapre_ased_religious_buildings/tmp_images/original_sd15/near_generic_buildings/near_generic_buildings_0045.png,near_generic_buildings,near_generic_buildings,0.21778886020183563,0.21778886020183563,1,house,0.22908048331737518,0.24563756585121155,0,0.26498210430145264,
original_sd15,near_generic_buildings,near_generic_buildings_0046,library,a realistic photo of library,214346,reports/scapre_ased_religious_buildings/tmp_images/original_sd15/near_generic_buildings/near_generic_buildings_0046.png,near_generic_buildings,far_unrelated_objects,0.1919134110212326,0.22159798443317413,0,library,0.29109370708465576,0.29109370708465576,1,0.31603914499282837,
original_sd15,near_generic_buildings,near_generic_buildings_0047,library,a detailed image of library,214347,reports/scapre_ased_religious_buildings/tmp_images/original_sd15/near_generic_buildings/near_generic_buildings_0047.png,near_generic_buildings,target_religious_buildings,0.21305061876773834,0.2177930474281311,0,library,0.30664464831352234,0.30664464831352234,1,0.29231613874435425,
original_sd15,near_generic_buildings,near_generic_buildings_0048,museum,a realistic photo of museum,214348,reports/scapre_ased_religious_buildings/tmp_images/original_sd15/near_generic_buildings/near_generic_buildings_0048.png,near_generic_buildings,target_religious_buildings,0.24862919747829437,0.2545054256916046,0,museum,0.2841876149177551,0.2841876149177551,1,0.2787250280380249,
original_sd15,near_generic_buildings,near_generic_buildings_0049,museum,a detailed image of museum,214349,reports/scapre_ased_religious_buildings/tmp_images/original_sd15/near_generic_buildings/near_generic_buildings_0049.png,near_generic_buildings,target_religious_buildings,0.19189460575580597,0.226396843791008,0,museum,0.2820148766040802,0.2820148766040802,1,0.283805787563324,
original_sd15,far_unrelated_objects,far_unrelated_objects_0000,dog,a realistic photo of dog,312340,reports/scapre_ased_religious_buildings/tmp_images/original_sd15/far_unrelated_objects/far_unrelated_objects_0000.png,far_unrelated_objects,near_religious_people_objects,0.19159547984600067,0.20214977860450745,0,dog,0.26591017842292786,0.26591017842292786,1,0.26302579045295715,
original_sd15,far_unrelated_objects,far_unrelated_objects_0001,dog,a detailed image of dog,312341,reports/scapre_ased_religious_buildings/tmp_images/original_sd15/far_unrelated_objects/far_unrelated_objects_0001.png,far_unrelated_objects,near_religious_people_objects,0.21399644017219543,0.21926572918891907,0,dog,0.2835163474082947,0.2835163474082947,1,0.2919844388961792,
original_sd15,far_unrelated_objects,far_unrelated_objects_0002,car,a realistic photo of car,312342,reports/scapre_ased_religious_buildings/tmp_images/original_sd15/far_unrelated_objects/far_unrelated_objects_0002.png,far_unrelated_objects,far_unrelated_objects,0.2059526890516281,0.2059526890516281,1,car,0.2623941898345947,0.2623941898345947,1,0.2728045880794525,
original_sd15,far_unrelated_objects,far_unrelated_objects_0003,car,a detailed image of car,312343,reports/scapre_ased_religious_buildings/tmp_images/original_sd15/far_unrelated_objects/far_unrelated_objects_0003.png,far_unrelated_objects,near_religious_people_objects,0.18838830292224884,0.1932130753993988,0,car,0.25063854455947876,0.25063854455947876,1,0.2665282189846039,
original_sd15,far_unrelated_objects,far_unrelated_objects_0004,banana,a realistic photo of banana,312344,reports/scapre_ased_religious_buildings/tmp_images/original_sd15/far_unrelated_objects/far_unrelated_objects_0004.png,far_unrelated_objects,far_unrelated_objects,0.23496472835540771,0.23496472835540771,1,banana,0.29841479659080505,0.29841479659080505,1,0.30631572008132935,
original_sd15,far_unrelated_objects,far_unrelated_objects_0005,banana,a detailed image of banana,312345,reports/scapre_ased_religious_buildings/tmp_images/original_sd15/far_unrelated_objects/far_unrelated_objects_0005.png,far_unrelated_objects,far_unrelated_objects,0.23715126514434814,0.23715126514434814,1,banana,0.29545292258262634,0.29545292258262634,1,0.30318543314933777,
original_sd15,far_unrelated_objects,far_unrelated_objects_0006,chair,a realistic photo of chair,312346,reports/scapre_ased_religious_buildings/tmp_images/original_sd15/far_unrelated_objects/far_unrelated_objects_0006.png,far_unrelated_objects,near_religious_people_objects,0.1996752768754959,0.2089719921350479,0,chair,0.2504647970199585,0.2504647970199585,1,0.25438904762268066,
original_sd15,far_unrelated_objects,far_unrelated_objects_0007,chair,a detailed image of chair,312347,reports/scapre_ased_religious_buildings/tmp_images/original_sd15/far_unrelated_objects/far_unrelated_objects_0007.png,far_unrelated_objects,far_unrelated_objects,0.2516946792602539,0.2516946792602539,1,chair,0.3129662573337555,0.3129662573337555,1,0.3135443329811096,
original_sd15,far_unrelated_objects,far_unrelated_objects_0008,guitar,a realistic photo of guitar,312348,reports/scapre_ased_religious_buildings/tmp_images/original_sd15/far_unrelated_objects/far_unrelated_objects_0008.png,far_unrelated_objects,near_religious_people_objects,0.22336803376674652,0.22477507591247559,0,guitar,0.29875802993774414,0.29875802993774414,1,0.2845487594604492,
original_sd15,far_unrelated_objects,far_unrelated_objects_0009,guitar,a detailed image of guitar,312349,reports/scapre_ased_religious_buildings/tmp_images/original_sd15/far_unrelated_objects/far_unrelated_objects_0009.png,far_unrelated_objects,far_unrelated_objects,0.2338675558567047,0.2338675558567047,1,guitar,0.298236608505249,0.298236608505249,1,0.32185232639312744,
original_sd15,far_unrelated_objects,far_unrelated_objects_0010,bicycle,a realistic photo of bicycle,312350,reports/scapre_ased_religious_buildings/tmp_images/original_sd15/far_unrelated_objects/far_unrelated_objects_0010.png,far_unrelated_objects,far_unrelated_objects,0.24928510189056396,0.24928510189056396,1,bicycle,0.3009277880191803,0.3009277880191803,1,0.3038008213043213,
original_sd15,far_unrelated_objects,far_unrelated_objects_0011,bicycle,a detailed image of bicycle,312351,reports/scapre_ased_religious_buildings/tmp_images/original_sd15/far_unrelated_objects/far_unrelated_objects_0011.png,far_unrelated_objects,far_unrelated_objects,0.24850939214229584,0.24850939214229584,1,bicycle,0.3040972054004669,0.3040972054004669,1,0.32027047872543335,
original_sd15,far_unrelated_objects,far_unrelated_objects_0012,laptop,a realistic photo of laptop,312352,reports/scapre_ased_religious_buildings/tmp_images/original_sd15/far_unrelated_objects/far_unrelated_objects_0012.png,far_unrelated_objects,far_unrelated_objects,0.22614826261997223,0.22614826261997223,1,laptop,0.29692429304122925,0.29692429304122925,1,0.2984849810600281,
original_sd15,far_unrelated_objects,far_unrelated_objects_0013,laptop,a detailed image of laptop,312353,reports/scapre_ased_religious_buildings/tmp_images/original_sd15/far_unrelated_objects/far_unrelated_objects_0013.png,far_unrelated_objects,far_unrelated_objects,0.19589777290821075,0.19589777290821075,1,laptop,0.25931742787361145,0.25931742787361145,1,0.2599058449268341,
original_sd15,far_unrelated_objects,far_unrelated_objects_0014,pizza,a realistic photo of pizza,312354,reports/scapre_ased_religious_buildings/tmp_images/original_sd15/far_unrelated_objects/far_unrelated_objects_0014.png,far_unrelated_objects,near_religious_people_objects,0.2183219939470291,0.2291206270456314,0,pizza,0.3110004663467407,0.3110004663467407,1,0.31200313568115234,
original_sd15,far_unrelated_objects,far_unrelated_objects_0015,pizza,a detailed image of pizza,312355,reports/scapre_ased_religious_buildings/tmp_images/original_sd15/far_unrelated_objects/far_unrelated_objects_0015.png,far_unrelated_objects,near_religious_people_objects,0.20753130316734314,0.21547715365886688,0,pizza,0.2960824966430664,0.2960824966430664,1,0.30599141120910645,
original_sd15,far_unrelated_objects,far_unrelated_objects_0016,flower,a realistic photo of flower,312356,reports/scapre_ased_religious_buildings/tmp_images/original_sd15/far_unrelated_objects/far_unrelated_objects_0016.png,far_unrelated_objects,far_unrelated_objects,0.21144846081733704,0.21144846081733704,1,flower,0.24101488292217255,0.24101488292217255,1,0.24179145693778992,
original_sd15,far_unrelated_objects,far_unrelated_objects_0017,flower,a detailed image of flower,312357,reports/scapre_ased_religious_buildings/tmp_images/original_sd15/far_unrelated_objects/far_unrelated_objects_0017.png,far_unrelated_objects,far_unrelated_objects,0.24767625331878662,0.24767625331878662,1,flower,0.29949596524238586,0.29949596524238586,1,0.2867545783519745,
original_sd15,far_unrelated_objects,far_unrelated_objects_0018,camera,a realistic photo of camera,312358,reports/scapre_ased_religious_buildings/tmp_images/original_sd15/far_unrelated_objects/far_unrelated_objects_0018.png,far_unrelated_objects,far_unrelated_objects,0.2466156929731369,0.2466156929731369,1,camera,0.29098615050315857,0.29098615050315857,1,0.2828047275543213,
original_sd15,far_unrelated_objects,far_unrelated_objects_0019,camera,a detailed image of camera,312359,reports/scapre_ased_religious_buildings/tmp_images/original_sd15/far_unrelated_objects/far_unrelated_objects_0019.png,far_unrelated_objects,far_unrelated_objects,0.24679791927337646,0.24679791927337646,1,camera,0.29291990399360657,0.29291990399360657,1,0.2971932291984558,
original_sd15,far_unrelated_objects,far_unrelated_objects_0020,dog,a realistic photo of dog,313340,reports/scapre_ased_religious_buildings/tmp_images/original_sd15/far_unrelated_objects/far_unrelated_objects_0020.png,far_unrelated_objects,far_unrelated_objects,0.2231898158788681,0.2231898158788681,1,dog,0.2766261398792267,0.2766261398792267,1,0.26875030994415283,
original_sd15,far_unrelated_objects,far_unrelated_objects_0021,dog,a detailed image of dog,313341,reports/scapre_ased_religious_buildings/tmp_images/original_sd15/far_unrelated_objects/far_unrelated_objects_0021.png,far_unrelated_objects,far_unrelated_objects,0.21065793931484222,0.21065793931484222,1,dog,0.2697610855102539,0.2697610855102539,1,0.28565797209739685,
original_sd15,far_unrelated_objects,far_unrelated_objects_0022,car,a realistic photo of car,313342,reports/scapre_ased_religious_buildings/tmp_images/original_sd15/far_unrelated_objects/far_unrelated_objects_0022.png,far_unrelated_objects,far_unrelated_objects,0.19893105328083038,0.19893105328083038,1,car,0.26027414202690125,0.26027414202690125,1,0.26207536458969116,
original_sd15,far_unrelated_objects,far_unrelated_objects_0023,car,a detailed image of car,313343,reports/scapre_ased_religious_buildings/tmp_images/original_sd15/far_unrelated_objects/far_unrelated_objects_0023.png,far_unrelated_objects,near_religious_people_objects,0.20018817484378815,0.20324723422527313,0,car,0.24975599348545074,0.24975599348545074,1,0.25634056329727173,
original_sd15,far_unrelated_objects,far_unrelated_objects_0024,banana,a realistic photo of banana,313344,reports/scapre_ased_religious_buildings/tmp_images/original_sd15/far_unrelated_objects/far_unrelated_objects_0024.png,far_unrelated_objects,far_unrelated_objects,0.25515320897102356,0.25515320897102356,1,banana,0.3217160403728485,0.3217160403728485,1,0.33123642206192017,
original_sd15,far_unrelated_objects,far_unrelated_objects_0025,banana,a detailed image of banana,313345,reports/scapre_ased_religious_buildings/tmp_images/original_sd15/far_unrelated_objects/far_unrelated_objects_0025.png,far_unrelated_objects,far_unrelated_objects,0.2561997175216675,0.2561997175216675,1,banana,0.29617899656295776,0.29617899656295776,1,0.30178865790367126,
original_sd15,far_unrelated_objects,far_unrelated_objects_0026,chair,a realistic photo of chair,313346,reports/scapre_ased_religious_buildings/tmp_images/original_sd15/far_unrelated_objects/far_unrelated_objects_0026.png,far_unrelated_objects,far_unrelated_objects,0.2535127103328705,0.2535127103328705,1,chair,0.33072516322135925,0.33072516322135925,1,0.3317409157752991,
original_sd15,far_unrelated_objects,far_unrelated_objects_0027,chair,a detailed image of chair,313347,reports/scapre_ased_religious_buildings/tmp_images/original_sd15/far_unrelated_objects/far_unrelated_objects_0027.png,far_unrelated_objects,far_unrelated_objects,0.22173166275024414,0.22173166275024414,1,chair,0.2766936421394348,0.2766936421394348,1,0.27190548181533813,
original_sd15,far_unrelated_objects,far_unrelated_objects_0028,guitar,a realistic photo of guitar,313348,reports/scapre_ased_religious_buildings/tmp_images/original_sd15/far_unrelated_objects/far_unrelated_objects_0028.png,far_unrelated_objects,far_unrelated_objects,0.23192206025123596,0.23192206025123596,1,guitar,0.3029559254646301,0.3029559254646301,1,0.3013998866081238,
original_sd15,far_unrelated_objects,far_unrelated_objects_0029,guitar,a detailed image of guitar,313349,reports/scapre_ased_religious_buildings/tmp_images/original_sd15/far_unrelated_objects/far_unrelated_objects_0029.png,far_unrelated_objects,far_unrelated_objects,0.2358923852443695,0.2358923852443695,1,guitar,0.2903762459754944,0.2903762459754944,1,0.3091372847557068,
original_sd15,far_unrelated_objects,far_unrelated_objects_0030,bicycle,a realistic photo of bicycle,313350,reports/scapre_ased_religious_buildings/tmp_images/original_sd15/far_unrelated_objects/far_unrelated_objects_0030.png,far_unrelated_objects,far_unrelated_objects,0.2320304811000824,0.2320304811000824,1,bicycle,0.29129326343536377,0.29129326343536377,1,0.2863120138645172,
original_sd15,far_unrelated_objects,far_unrelated_objects_0031,bicycle,a detailed image of bicycle,313351,reports/scapre_ased_religious_buildings/tmp_images/original_sd15/far_unrelated_objects/far_unrelated_objects_0031.png,far_unrelated_objects,far_unrelated_objects,0.24152426421642303,0.24152426421642303,1,bicycle,0.3021431863307953,0.3021431863307953,1,0.3118078112602234,
original_sd15,far_unrelated_objects,far_unrelated_objects_0032,laptop,a realistic photo of laptop,313352,reports/scapre_ased_religious_buildings/tmp_images/original_sd15/far_unrelated_objects/far_unrelated_objects_0032.png,far_unrelated_objects,far_unrelated_objects,0.21461741626262665,0.21461741626262665,1,laptop,0.2554363012313843,0.2554363012313843,1,0.2470180243253708,
original_sd15,far_unrelated_objects,far_unrelated_objects_0033,laptop,a detailed image of laptop,313353,reports/scapre_ased_religious_buildings/tmp_images/original_sd15/far_unrelated_objects/far_unrelated_objects_0033.png,far_unrelated_objects,far_unrelated_objects,0.23303893208503723,0.23303893208503723,1,laptop,0.28493359684944153,0.28493359684944153,1,0.292979896068573,
original_sd15,far_unrelated_objects,far_unrelated_objects_0034,pizza,a realistic photo of pizza,313354,reports/scapre_ased_religious_buildings/tmp_images/original_sd15/far_unrelated_objects/far_unrelated_objects_0034.png,far_unrelated_objects,far_unrelated_objects,0.21458175778388977,0.21458175778388977,1,pizza,0.27692633867263794,0.27692633867263794,1,0.294559121131897,
original_sd15,far_unrelated_objects,far_unrelated_objects_0035,pizza,a detailed image of pizza,313355,reports/scapre_ased_religious_buildings/tmp_images/original_sd15/far_unrelated_objects/far_unrelated_objects_0035.png,far_unrelated_objects,near_religious_people_objects,0.19338251650333405,0.19862861931324005,0,pizza,0.2820703089237213,0.2820703089237213,1,0.2843535840511322,
original_sd15,far_unrelated_objects,far_unrelated_objects_0036,flower,a realistic photo of flower,313356,reports/scapre_ased_religious_buildings/tmp_images/original_sd15/far_unrelated_objects/far_unrelated_objects_0036.png,far_unrelated_objects,far_unrelated_objects,0.2230006456375122,0.2230006456375122,1,flower,0.2769909203052521,0.2769909203052521,1,0.28685078024864197,
original_sd15,far_unrelated_objects,far_unrelated_objects_0037,flower,a detailed image of flower,313357,reports/scapre_ased_religious_buildings/tmp_images/original_sd15/far_unrelated_objects/far_unrelated_objects_0037.png,far_unrelated_objects,far_unrelated_objects,0.23863787949085236,0.23863787949085236,1,flower,0.28162795305252075,0.28162795305252075,1,0.27691102027893066,
original_sd15,far_unrelated_objects,far_unrelated_objects_0038,camera,a realistic photo of camera,313358,reports/scapre_ased_religious_buildings/tmp_images/original_sd15/far_unrelated_objects/far_unrelated_objects_0038.png,far_unrelated_objects,far_unrelated_objects,0.24853797256946564,0.24853797256946564,1,camera,0.302042156457901,0.302042156457901,1,0.3025204539299011,
original_sd15,far_unrelated_objects,far_unrelated_objects_0039,camera,a detailed image of camera,313359,reports/scapre_ased_religious_buildings/tmp_images/original_sd15/far_unrelated_objects/far_unrelated_objects_0039.png,far_unrelated_objects,far_unrelated_objects,0.230526402592659,0.230526402592659,1,camera,0.26731449365615845,0.26731449365615845,1,0.2945779263973236,
original_sd15,far_unrelated_objects,far_unrelated_objects_0040,dog,a realistic photo of dog,314340,reports/scapre_ased_religious_buildings/tmp_images/original_sd15/far_unrelated_objects/far_unrelated_objects_0040.png,far_unrelated_objects,near_religious_people_objects,0.20493297278881073,0.2133028209209442,0,dog,0.274282842874527,0.274282842874527,1,0.2731360197067261,
original_sd15,far_unrelated_objects,far_unrelated_objects_0041,dog,a detailed image of dog,314341,reports/scapre_ased_religious_buildings/tmp_images/original_sd15/far_unrelated_objects/far_unrelated_objects_0041.png,far_unrelated_objects,far_unrelated_objects,0.22202901542186737,0.22202901542186737,1,dog,0.28540435433387756,0.28540435433387756,1,0.2801752984523773,
original_sd15,far_unrelated_objects,far_unrelated_objects_0042,car,a realistic photo of car,314342,reports/scapre_ased_religious_buildings/tmp_images/original_sd15/far_unrelated_objects/far_unrelated_objects_0042.png,far_unrelated_objects,near_religious_people_objects,0.20092427730560303,0.20197425782680511,0,car,0.25579798221588135,0.25579798221588135,1,0.2690789997577667,
original_sd15,far_unrelated_objects,far_unrelated_objects_0043,car,a detailed image of car,314343,reports/scapre_ased_religious_buildings/tmp_images/original_sd15/far_unrelated_objects/far_unrelated_objects_0043.png,far_unrelated_objects,far_unrelated_objects,0.1955241858959198,0.1955241858959198,1,car,0.24346719682216644,0.24346719682216644,1,0.24815641343593597,
original_sd15,far_unrelated_objects,far_unrelated_objects_0044,banana,a realistic photo of banana,314344,reports/scapre_ased_religious_buildings/tmp_images/original_sd15/far_unrelated_objects/far_unrelated_objects_0044.png,far_unrelated_objects,far_unrelated_objects,0.27130910754203796,0.27130910754203796,1,banana,0.3097462058067322,0.3097462058067322,1,0.31723731756210327,
original_sd15,far_unrelated_objects,far_unrelated_objects_0045,banana,a detailed image of banana,314345,reports/scapre_ased_religious_buildings/tmp_images/original_sd15/far_unrelated_objects/far_unrelated_objects_0045.png,far_unrelated_objects,far_unrelated_objects,0.23823723196983337,0.23823723196983337,1,banana,0.2773703634738922,0.2773703634738922,1,0.27684471011161804,
original_sd15,far_unrelated_objects,far_unrelated_objects_0046,chair,a realistic photo of chair,314346,reports/scapre_ased_religious_buildings/tmp_images/original_sd15/far_unrelated_objects/far_unrelated_objects_0046.png,far_unrelated_objects,far_unrelated_objects,0.25161615014076233,0.25161615014076233,1,chair,0.3001432716846466,0.3001432716846466,1,0.3158093988895416,
original_sd15,far_unrelated_objects,far_unrelated_objects_0047,chair,a detailed image of chair,314347,reports/scapre_ased_religious_buildings/tmp_images/original_sd15/far_unrelated_objects/far_unrelated_objects_0047.png,far_unrelated_objects,near_religious_people_objects,0.2079649269580841,0.21455560624599457,0,chair,0.27110055088996887,0.27110055088996887,1,0.27618515491485596,
original_sd15,far_unrelated_objects,far_unrelated_objects_0048,guitar,a realistic photo of guitar,314348,reports/scapre_ased_religious_buildings/tmp_images/original_sd15/far_unrelated_objects/far_unrelated_objects_0048.png,far_unrelated_objects,far_unrelated_objects,0.23909391462802887,0.23909391462802887,1,guitar,0.3071810007095337,0.3071810007095337,1,0.29437342286109924,
original_sd15,far_unrelated_objects,far_unrelated_objects_0049,guitar,a detailed image of guitar,314349,reports/scapre_ased_religious_buildings/tmp_images/original_sd15/far_unrelated_objects/far_unrelated_objects_0049.png,far_unrelated_objects,near_religious_people_objects,0.2268025279045105,0.23081554472446442,0,guitar,0.3061903119087219,0.3061903119087219,1,0.3332190215587616,
scapre_no_R,target_religious_buildings,target_religious_buildings_0000,church,a realistic photo of church,12340,reports/scapre_ased_religious_buildings/tmp_images/scapre_no_R/target_religious_buildings/target_religious_buildings_0000.png,target_religious_buildings,target_religious_buildings,0.28112825751304626,0.28112825751304626,1,museum,0.2608262598514557,0.28035837411880493,0,0.26672181487083435,0.6358527541160583
scapre_no_R,target_religious_buildings,target_religious_buildings_0001,church,a detailed image of church,12341,reports/scapre_ased_religious_buildings/tmp_images/scapre_no_R/target_religious_buildings/target_religious_buildings_0001.png,target_religious_buildings,target_religious_buildings,0.2706596553325653,0.2706596553325653,1,synagogue,0.2785082161426544,0.3017854690551758,0,0.29388806223869324,0.8551355004310608
scapre_no_R,target_religious_buildings,target_religious_buildings_0002,cathedral,a realistic photo of cathedral,12342,reports/scapre_ased_religious_buildings/tmp_images/scapre_no_R/target_religious_buildings/target_religious_buildings_0002.png,target_religious_buildings,target_religious_buildings,0.2519882321357727,0.2519882321357727,1,chapel,0.24335604906082153,0.2539202868938446,0,0.24768905341625214,0.7588580250740051
scapre_no_R,target_religious_buildings,target_religious_buildings_0003,cathedral,a detailed image of cathedral,12343,reports/scapre_ased_religious_buildings/tmp_images/scapre_no_R/target_religious_buildings/target_religious_buildings_0003.png,target_religious_buildings,far_unrelated_objects,0.15985645353794098,0.18893961608409882,0,rosary,0.19027681648731232,0.19895216822624207,0,0.2281341850757599,0.5946875810623169
scapre_no_R,target_religious_buildings,target_religious_buildings_0004,chapel,a realistic photo of chapel,12344,reports/scapre_ased_religious_buildings/tmp_images/scapre_no_R/target_religious_buildings/target_religious_buildings_0004.png,target_religious_buildings,near_generic_buildings,0.2571907341480255,0.2627130448818207,0,library,0.25851550698280334,0.2749861180782318,0,0.26555442810058594,0.6489407420158386
scapre_no_R,target_religious_buildings,target_religious_buildings_0005,chapel,a detailed image of chapel,12345,reports/scapre_ased_religious_buildings/tmp_images/scapre_no_R/target_religious_buildings/target_religious_buildings_0005.png,target_religious_buildings,far_unrelated_objects,0.226097971200943,0.2576974034309387,0,quran,0.20749160647392273,0.25305554270744324,0,0.23311081528663635,0.5351635217666626
scapre_no_R,target_religious_buildings,target_religious_buildings_0006,basilica,a realistic photo of basilica,12346,reports/scapre_ased_religious_buildings/tmp_images/scapre_no_R/target_religious_buildings/target_religious_buildings_0006.png,target_religious_buildings,target_religious_buildings,0.23851870000362396,0.23851870000362396,1,hospital,0.23923832178115845,0.2616540789604187,0,0.26416873931884766,0.5590772032737732
scapre_no_R,target_religious_buildings,target_religious_buildings_0007,basilica,a detailed image of basilica,12347,reports/scapre_ased_religious_buildings/tmp_images/scapre_no_R/target_religious_buildings/target_religious_buildings_0007.png,target_religious_buildings,target_religious_buildings,0.23779791593551636,0.23779791593551636,1,skyscraper,0.2517722249031067,0.2638970613479614,0,0.2981644868850708,0.6759058833122253
scapre_no_R,target_religious_buildings,target_religious_buildings_0008,mosque,a realistic photo of mosque,12348,reports/scapre_ased_religious_buildings/tmp_images/scapre_no_R/target_religious_buildings/target_religious_buildings_0008.png,target_religious_buildings,near_generic_buildings,0.24247808754444122,0.24608397483825684,0,skyscraper,0.22134651243686676,0.25477835536003113,0,0.23739874362945557,0.6099907755851746
scapre_no_R,target_religious_buildings,target_religious_buildings_0009,mosque,a detailed image of mosque,12349,reports/scapre_ased_religious_buildings/tmp_images/scapre_no_R/target_religious_buildings/target_religious_buildings_0009.png,target_religious_buildings,near_generic_buildings,0.2155657261610031,0.22092731297016144,0,skyscraper,0.21293288469314575,0.23073500394821167,0,0.2240837812423706,0.6018021702766418
scapre_no_R,target_religious_buildings,target_religious_buildings_0010,synagogue,a realistic photo of synagogue,12350,reports/scapre_ased_religious_buildings/tmp_images/scapre_no_R/target_religious_buildings/target_religious_buildings_0010.png,target_religious_buildings,near_generic_buildings,0.2716194987297058,0.27283698320388794,0,library,0.25940728187561035,0.2794947624206543,0,0.27893269062042236,0.7079571485519409
scapre_no_R,target_religious_buildings,target_religious_buildings_0011,synagogue,a detailed image of synagogue,12351,reports/scapre_ased_religious_buildings/tmp_images/scapre_no_R/target_religious_buildings/target_religious_buildings_0011.png,target_religious_buildings,far_unrelated_objects,0.20368972420692444,0.24312737584114075,0,quran,0.22531451284885406,0.24028421938419342,0,0.2582276463508606,0.6585842967033386
scapre_no_R,target_religious_buildings,target_religious_buildings_0012,temple,a realistic photo of temple,12352,reports/scapre_ased_religious_buildings/tmp_images/scapre_no_R/target_religious_buildings/target_religious_buildings_0012.png,target_religious_buildings,target_religious_buildings,0.27859747409820557,0.27859747409820557,1,museum,0.2579805850982666,0.28661835193634033,0,0.260285347700119,0.5864330530166626
scapre_no_R,target_religious_buildings,target_religious_buildings_0013,temple,a detailed image of temple,12353,reports/scapre_ased_religious_buildings/tmp_images/scapre_no_R/target_religious_buildings/target_religious_buildings_0013.png,target_religious_buildings,far_unrelated_objects,0.19907024502754211,0.21836774051189423,0,laptop,0.2054119110107422,0.21976441144943237,0,0.23313060402870178,0.5470595955848694
scapre_no_R,target_religious_buildings,target_religious_buildings_0014,monastery,a realistic photo of monastery,12354,reports/scapre_ased_religious_buildings/tmp_images/scapre_no_R/target_religious_buildings/target_religious_buildings_0014.png,target_religious_buildings,target_religious_buildings,0.27942967414855957,0.27942967414855957,1,mosque,0.24325023591518402,0.30856335163116455,0,0.2721193730831146,0.6015982627868652
scapre_no_R,target_religious_buildings,target_religious_buildings_0015,monastery,a detailed image of monastery,12355,reports/scapre_ased_religious_buildings/tmp_images/scapre_no_R/target_religious_buildings/target_religious_buildings_0015.png,target_religious_buildings,near_generic_buildings,0.2207987904548645,0.2421678602695465,0,skyscraper,0.18988259136676788,0.24680635333061218,0,0.2317591905593872,0.5460807681083679
scapre_no_R,target_religious_buildings,target_religious_buildings_0016,shrine,a realistic photo of shrine,12356,reports/scapre_ased_religious_buildings/tmp_images/scapre_no_R/target_religious_buildings/target_religious_buildings_0016.png,target_religious_buildings,target_religious_buildings,0.26125338673591614,0.26125338673591614,1,shrine,0.2713868021965027,0.2713868021965027,1,0.26137369871139526,0.622319221496582
scapre_no_R,target_religious_buildings,target_religious_buildings_0017,shrine,a detailed image of shrine,12357,reports/scapre_ased_religious_buildings/tmp_images/scapre_no_R/target_religious_buildings/target_religious_buildings_0017.png,target_religious_buildings,target_religious_buildings,0.23938170075416565,0.23938170075416565,1,museum,0.22680851817131042,0.24256962537765503,0,0.2638358175754547,0.6123517155647278
scapre_no_R,target_religious_buildings,target_religious_buildings_0018,pagoda,a realistic photo of pagoda,12358,reports/scapre_ased_religious_buildings/tmp_images/scapre_no_R/target_religious_buildings/target_religious_buildings_0018.png,target_religious_buildings,near_generic_buildings,0.24471667408943176,0.24939186871051788,0,chapel,0.2174072116613388,0.27914753556251526,0,0.22350266575813293,0.5770315527915955
scapre_no_R,target_religious_buildings,target_religious_buildings_0019,pagoda,a detailed image of pagoda,12359,reports/scapre_ased_religious_buildings/tmp_images/scapre_no_R/target_religious_buildings/target_religious_buildings_0019.png,target_religious_buildings,far_unrelated_objects,0.19510698318481445,0.23253224790096283,0,chair,0.18546302616596222,0.24284793436527252,0,0.21668308973312378,0.5469544529914856
scapre_no_R,target_religious_buildings,target_religious_buildings_0020,church,a realistic photo of church,13340,reports/scapre_ased_religious_buildings/tmp_images/scapre_no_R/target_religious_buildings/target_religious_buildings_0020.png,target_religious_buildings,target_religious_buildings,0.25304776430130005,0.25304776430130005,1,museum,0.24924886226654053,0.2688808739185333,0,0.26331934332847595,0.6324517726898193
scapre_no_R,target_religious_buildings,target_religious_buildings_0021,church,a detailed image of church,13341,reports/scapre_ased_religious_buildings/tmp_images/scapre_no_R/target_religious_buildings/target_religious_buildings_0021.png,target_religious_buildings,target_religious_buildings,0.26800790429115295,0.26800790429115295,1,chapel,0.27826642990112305,0.2799248695373535,0,0.31012532114982605,0.7485532760620117
scapre_no_R,target_religious_buildings,target_religious_buildings_0022,cathedral,a realistic photo of cathedral,13342,reports/scapre_ased_religious_buildings/tmp_images/scapre_no_R/target_religious_buildings/target_religious_buildings_0022.png,target_religious_buildings,target_religious_buildings,0.27631789445877075,0.27631789445877075,1,cathedral,0.29595789313316345,0.29595789313316345,1,0.2998737096786499,0.8028594851493835
scapre_no_R,target_religious_buildings,target_religious_buildings_0023,cathedral,a detailed image of cathedral,13343,reports/scapre_ased_religious_buildings/tmp_images/scapre_no_R/target_religious_buildings/target_religious_buildings_0023.png,target_religious_buildings,target_religious_buildings,0.27526596188545227,0.27526596188545227,1,cathedral,0.2914753258228302,0.2914753258228302,1,0.31744512915611267,0.7519238591194153
scapre_no_R,target_religious_buildings,target_religious_buildings_0024,chapel,a realistic photo of chapel,13344,reports/scapre_ased_religious_buildings/tmp_images/scapre_no_R/target_religious_buildings/target_religious_buildings_0024.png,target_religious_buildings,target_religious_buildings,0.190995454788208,0.190995454788208,1,school,0.2004997581243515,0.2299191951751709,0,0.22473803162574768,0.6769870519638062
scapre_no_R,target_religious_buildings,target_religious_buildings_0025,chapel,a detailed image of chapel,13345,reports/scapre_ased_religious_buildings/tmp_images/scapre_no_R/target_religious_buildings/target_religious_buildings_0025.png,target_religious_buildings,near_generic_buildings,0.20048224925994873,0.20295685529708862,0,cathedral,0.20710386335849762,0.23550443351268768,0,0.24349108338356018,0.5806990265846252
scapre_no_R,target_religious_buildings,target_religious_buildings_0026,basilica,a realistic photo of basilica,13346,reports/scapre_ased_religious_buildings/tmp_images/scapre_no_R/target_religious_buildings/target_religious_buildings_0026.png,target_religious_buildings,target_religious_buildings,0.2536397874355316,0.2536397874355316,1,basilica,0.2581768035888672,0.2581768035888672,1,0.2827843129634857,0.723530113697052
scapre_no_R,target_religious_buildings,target_religious_buildings_0027,basilica,a detailed image of basilica,13347,reports/scapre_ased_religious_buildings/tmp_images/scapre_no_R/target_religious_buildings/target_religious_buildings_0027.png,target_religious_buildings,target_religious_buildings,0.2258969396352768,0.2258969396352768,1,cathedral,0.2500227987766266,0.2513367235660553,0,0.3025299310684204,0.650653600692749
scapre_no_R,target_religious_buildings,target_religious_buildings_0028,mosque,a realistic photo of mosque,13348,reports/scapre_ased_religious_buildings/tmp_images/scapre_no_R/target_religious_buildings/target_religious_buildings_0028.png,target_religious_buildings,target_religious_buildings,0.25951769948005676,0.25951769948005676,1,mosque,0.27753016352653503,0.27753016352653503,1,0.2956225872039795,0.7343054413795471
scapre_no_R,target_religious_buildings,target_religious_buildings_0029,mosque,a detailed image of mosque,13349,reports/scapre_ased_religious_buildings/tmp_images/scapre_no_R/target_religious_buildings/target_religious_buildings_0029.png,target_religious_buildings,far_unrelated_objects,0.1984981894493103,0.2187696397304535,0,temple,0.19745555520057678,0.22247470915317535,0,0.21082741022109985,0.5703571438789368
scapre_no_R,target_religious_buildings,target_religious_buildings_0030,synagogue,a realistic photo of synagogue,13350,reports/scapre_ased_religious_buildings/tmp_images/scapre_no_R/target_religious_buildings/target_religious_buildings_0030.png,target_religious_buildings,near_generic_buildings,0.2406412810087204,0.2481657862663269,0,stadium,0.2083369642496109,0.2540425658226013,0,0.2348943054676056,0.5428183078765869
scapre_no_R,target_religious_buildings,target_religious_buildings_0031,synagogue,a detailed image of synagogue,13351,reports/scapre_ased_religious_buildings/tmp_images/scapre_no_R/target_religious_buildings/target_religious_buildings_0031.png,target_religious_buildings,near_generic_buildings,0.21184322237968445,0.22051498293876648,0,skyscraper,0.18226245045661926,0.23278608918190002,0,0.20499145984649658,0.6230775117874146
scapre_no_R,target_religious_buildings,target_religious_buildings_0032,temple,a realistic photo of temple,13352,reports/scapre_ased_religious_buildings/tmp_images/scapre_no_R/target_religious_buildings/target_religious_buildings_0032.png,target_religious_buildings,far_unrelated_objects,0.17532223463058472,0.18198999762535095,0,stadium,0.16407831013202667,0.18692609667778015,0,0.20384842157363892,0.45971357822418213
scapre_no_R,target_religious_buildings,target_religious_buildings_0033,temple,a detailed image of temple,13353,reports/scapre_ased_religious_buildings/tmp_images/scapre_no_R/target_religious_buildings/target_religious_buildings_0033.png,target_religious_buildings,target_religious_buildings,0.24655233323574066,0.24655233323574066,1,temple,0.26584088802337646,0.26584088802337646,1,0.2966756522655487,0.5711762309074402
scapre_no_R,target_religious_buildings,target_religious_buildings_0034,monastery,a realistic photo of monastery,13354,reports/scapre_ased_religious_buildings/tmp_images/scapre_no_R/target_religious_buildings/target_religious_buildings_0034.png,target_religious_buildings,target_religious_buildings,0.24173639714717865,0.24173639714717865,1,monastery,0.2561571002006531,0.2561571002006531,1,0.26421549916267395,0.5886703133583069
scapre_no_R,target_religious_buildings,target_religious_buildings_0035,monastery,a detailed image of monastery,13355,reports/scapre_ased_religious_buildings/tmp_images/scapre_no_R/target_religious_buildings/target_religious_buildings_0035.png,target_religious_buildings,near_generic_buildings,0.18499691784381866,0.19048912823200226,0,airport,0.19274936616420746,0.2755281627178192,0,0.23972196877002716,0.6439484357833862
scapre_no_R,target_religious_buildings,target_religious_buildings_0036,shrine,a realistic photo of shrine,13356,reports/scapre_ased_religious_buildings/tmp_images/scapre_no_R/target_religious_buildings/target_religious_buildings_0036.png,target_religious_buildings,target_religious_buildings,0.21696043014526367,0.21696043014526367,1,shrine,0.24951712787151337,0.24951712787151337,1,0.25055986642837524,0.637434720993042
scapre_no_R,target_religious_buildings,target_religious_buildings_0037,shrine,a detailed image of shrine,13357,reports/scapre_ased_religious_buildings/tmp_images/scapre_no_R/target_religious_buildings/target_religious_buildings_0037.png,target_religious_buildings,target_religious_buildings,0.2446155995130539,0.2446155995130539,1,shrine,0.2687550485134125,0.2687550485134125,1,0.3256097733974457,0.6400147080421448
scapre_no_R,target_religious_buildings,target_religious_buildings_0038,pagoda,a realistic photo of pagoda,13358,reports/scapre_ased_religious_buildings/tmp_images/scapre_no_R/target_religious_buildings/target_religious_buildings_0038.png,target_religious_buildings,target_religious_buildings,0.20833081007003784,0.20833081007003784,1,skyscraper,0.23413263261318207,0.2529408037662506,0,0.2676239013671875,0.5948252081871033
scapre_no_R,target_religious_buildings,target_religious_buildings_0039,pagoda,a detailed image of pagoda,13359,reports/scapre_ased_religious_buildings/tmp_images/scapre_no_R/target_religious_buildings/target_religious_buildings_0039.png,target_religious_buildings,far_unrelated_objects,0.20470495522022247,0.23581109941005707,0,laptop,0.18230707943439484,0.24790900945663452,0,0.20222780108451843,0.49360010027885437
scapre_no_R,target_religious_buildings,target_religious_buildings_0040,church,a realistic photo of church,14340,reports/scapre_ased_religious_buildings/tmp_images/scapre_no_R/target_religious_buildings/target_religious_buildings_0040.png,target_religious_buildings,target_religious_buildings,0.20592622458934784,0.20592622458934784,1,chapel,0.19676151871681213,0.21948686242103577,0,0.22834748029708862,0.39346709847450256
scapre_no_R,target_religious_buildings,target_religious_buildings_0041,church,a detailed image of church,14341,reports/scapre_ased_religious_buildings/tmp_images/scapre_no_R/target_religious_buildings/target_religious_buildings_0041.png,target_religious_buildings,near_generic_buildings,0.2227516919374466,0.2341383546590805,0,laptop,0.20366710424423218,0.23630014061927795,0,0.22761806845664978,0.5349940061569214
scapre_no_R,target_religious_buildings,target_religious_buildings_0042,cathedral,a realistic photo of cathedral,14342,reports/scapre_ased_religious_buildings/tmp_images/scapre_no_R/target_religious_buildings/target_religious_buildings_0042.png,target_religious_buildings,target_religious_buildings,0.2781318128108978,0.2781318128108978,1,cathedral,0.3069511651992798,0.3069511651992798,1,0.30280518531799316,0.8355469107627869
scapre_no_R,target_religious_buildings,target_religious_buildings_0043,cathedral,a detailed image of cathedral,14343,reports/scapre_ased_religious_buildings/tmp_images/scapre_no_R/target_religious_buildings/target_religious_buildings_0043.png,target_religious_buildings,far_unrelated_objects,0.21713118255138397,0.2550222873687744,0,car,0.21829943358898163,0.24803468585014343,0,0.24691352248191833,0.580057680606842
scapre_no_R,target_religious_buildings,target_religious_buildings_0044,chapel,a realistic photo of chapel,14344,reports/scapre_ased_religious_buildings/tmp_images/scapre_no_R/target_religious_buildings/target_religious_buildings_0044.png,target_religious_buildings,near_generic_buildings,0.20607049763202667,0.2112192064523697,0,house,0.20662537217140198,0.22013363242149353,0,0.2379569113254547,0.659159243106842
scapre_no_R,target_religious_buildings,target_religious_buildings_0045,chapel,a detailed image of chapel,14345,reports/scapre_ased_religious_buildings/tmp_images/scapre_no_R/target_religious_buildings/target_religious_buildings_0045.png,target_religious_buildings,target_religious_buildings,0.23768119513988495,0.23768119513988495,1,synagogue,0.2331259548664093,0.26023975014686584,0,0.2896168529987335,0.6067203879356384
scapre_no_R,target_religious_buildings,target_religious_buildings_0046,basilica,a realistic photo of basilica,14346,reports/scapre_ased_religious_buildings/tmp_images/scapre_no_R/target_religious_buildings/target_religious_buildings_0046.png,target_religious_buildings,near_generic_buildings,0.24949944019317627,0.2583906650543213,0,library,0.2183399647474289,0.25641462206840515,0,0.23459231853485107,0.6094076633453369
scapre_no_R,target_religious_buildings,target_religious_buildings_0047,basilica,a detailed image of basilica,14347,reports/scapre_ased_religious_buildings/tmp_images/scapre_no_R/target_religious_buildings/target_religious_buildings_0047.png,target_religious_buildings,near_generic_buildings,0.1899615228176117,0.1954382210969925,0,airport,0.20719900727272034,0.23788371682167053,0,0.26187291741371155,0.5428984761238098
scapre_no_R,target_religious_buildings,target_religious_buildings_0048,mosque,a realistic photo of mosque,14348,reports/scapre_ased_religious_buildings/tmp_images/scapre_no_R/target_religious_buildings/target_religious_buildings_0048.png,target_religious_buildings,near_generic_buildings,0.26859229803085327,0.2889440655708313,0,skyscraper,0.2335139662027359,0.2992249131202698,0,0.22993570566177368,0.5650481581687927
scapre_no_R,target_religious_buildings,target_religious_buildings_0049,mosque,a detailed image of mosque,14349,reports/scapre_ased_religious_buildings/tmp_images/scapre_no_R/target_religious_buildings/target_religious_buildings_0049.png,target_religious_buildings,far_unrelated_objects,0.20826862752437592,0.23217685520648956,0,bicycle,0.20086200535297394,0.2302396595478058,0,0.2240363359451294,0.49156418442726135
scapre_no_R,near_religious_people_objects,near_religious_people_objects_0000,priest,a realistic photo of priest,112340,reports/scapre_ased_religious_buildings/tmp_images/scapre_no_R/near_religious_people_objects/near_religious_people_objects_0000.png,near_religious_people_objects,near_religious_people_objects,0.23582154512405396,0.23582154512405396,1,priest,0.2488929182291031,0.2488929182291031,1,0.2671382427215576,0.5116557478904724
scapre_no_R,near_religious_people_objects,near_religious_people_objects_0001,priest,a detailed image of priest,112341,reports/scapre_ased_religious_buildings/tmp_images/scapre_no_R/near_religious_people_objects/near_religious_people_objects_0001.png,near_religious_people_objects,near_religious_people_objects,0.2385794222354889,0.2385794222354889,1,priest,0.25275614857673645,0.25275614857673645,1,0.2548449635505676,0.6565194129943848
scapre_no_R,near_religious_people_objects,near_religious_people_objects_0002,monk,a realistic photo of monk,112342,reports/scapre_ased_religious_buildings/tmp_images/scapre_no_R/near_religious_people_objects/near_religious_people_objects_0002.png,near_religious_people_objects,near_religious_people_objects,0.20617340505123138,0.20617340505123138,1,monk,0.23389820754528046,0.23389820754528046,1,0.24102050065994263,0.7851511836051941
scapre_no_R,near_religious_people_objects,near_religious_people_objects_0003,monk,a detailed image of monk,112343,reports/scapre_ased_religious_buildings/tmp_images/scapre_no_R/near_religious_people_objects/near_religious_people_objects_0003.png,near_religious_people_objects,near_religious_people_objects,0.20707157254219055,0.20707157254219055,1,monk,0.23370762169361115,0.23370762169361115,1,0.24824418127536774,0.6638793349266052
scapre_no_R,near_religious_people_objects,near_religious_people_objects_0004,nun,a realistic photo of nun,112344,reports/scapre_ased_religious_buildings/tmp_images/scapre_no_R/near_religious_people_objects/near_religious_people_objects_0004.png,near_religious_people_objects,near_religious_people_objects,0.2462921440601349,0.2462921440601349,1,nun,0.2858472466468811,0.2858472466468811,1,0.30812424421310425,0.7139032483100891
scapre_no_R,near_religious_people_objects,near_religious_people_objects_0005,nun,a detailed image of nun,112345,reports/scapre_ased_religious_buildings/tmp_images/scapre_no_R/near_religious_people_objects/near_religious_people_objects_0005.png,near_religious_people_objects,near_religious_people_objects,0.26221251487731934,0.26221251487731934,1,nun,0.30167779326438904,0.30167779326438904,1,0.3146412670612335,0.7833639979362488
scapre_no_R,near_religious_people_objects,near_religious_people_objects_0006,imam,a realistic photo of imam,112346,reports/scapre_ased_religious_buildings/tmp_images/scapre_no_R/near_religious_people_objects/near_religious_people_objects_0006.png,near_religious_people_objects,near_religious_people_objects,0.2468547523021698,0.2468547523021698,1,monk,0.24616865813732147,0.2651318907737732,0,0.2727140188217163,0.5321776866912842
scapre_no_R,near_religious_people_objects,near_religious_people_objects_0007,imam,a detailed image of imam,112347,reports/scapre_ased_religious_buildings/tmp_images/scapre_no_R/near_religious_people_objects/near_religious_people_objects_0007.png,near_religious_people_objects,near_religious_people_objects,0.25927630066871643,0.25927630066871643,1,imam,0.2719508409500122,0.2719508409500122,1,0.26802924275398254,0.679222047328949
scapre_no_R,near_religious_people_objects,near_religious_people_objects_0008,rabbi,a realistic photo of rabbi,112348,reports/scapre_ased_religious_buildings/tmp_images/scapre_no_R/near_religious_people_objects/near_religious_people_objects_0008.png,near_religious_people_objects,near_religious_people_objects,0.24154791235923767,0.24154791235923767,1,priest,0.2459915280342102,0.2586912214756012,0,0.2750006914138794,0.5267370939254761
scapre_no_R,near_religious_people_objects,near_religious_people_objects_0009,rabbi,a detailed image of rabbi,112349,reports/scapre_ased_religious_buildings/tmp_images/scapre_no_R/near_religious_people_objects/near_religious_people_objects_0009.png,near_religious_people_objects,near_religious_people_objects,0.21802102029323578,0.21802102029323578,1,monk,0.22184160351753235,0.23598796129226685,0,0.26409685611724854,0.6088282465934753
scapre_no_R,near_religious_people_objects,near_religious_people_objects_0010,bible,a realistic photo of bible,112350,reports/scapre_ased_religious_buildings/tmp_images/scapre_no_R/near_religious_people_objects/near_religious_people_objects_0010.png,near_religious_people_objects,far_unrelated_objects,0.21251358091831207,0.2320706695318222,0,laptop,0.233022540807724,0.2393442541360855,0,0.214800626039505,0.6058289408683777
scapre_no_R,near_religious_people_objects,near_religious_people_objects_0011,bible,a detailed image of bible,112351,reports/scapre_ased_religious_buildings/tmp_images/scapre_no_R/near_religious_people_objects/near_religious_people_objects_0011.png,near_religious_people_objects,near_religious_people_objects,0.24908244609832764,0.24908244609832764,1,bible,0.2807215452194214,0.2807215452194214,1,0.2913881242275238,0.8730836510658264
scapre_no_R,near_religious_people_objects,near_religious_people_objects_0012,quran,a realistic photo of quran,112352,reports/scapre_ased_religious_buildings/tmp_images/scapre_no_R/near_religious_people_objects/near_religious_people_objects_0012.png,near_religious_people_objects,near_religious_people_objects,0.2222289890050888,0.2222289890050888,1,banana,0.20281773805618286,0.22874999046325684,0,0.19807890057563782,0.4063265323638916
scapre_no_R,near_religious_people_objects,near_religious_people_objects_0013,quran,a detailed image of quran,112353,reports/scapre_ased_religious_buildings/tmp_images/scapre_no_R/near_religious_people_objects/near_religious_people_objects_0013.png,near_religious_people_objects,near_religious_people_objects,0.23953919112682343,0.23953919112682343,1,quran,0.2897767722606659,0.2897767722606659,1,0.312710702419281,0.8735526204109192
scapre_no_R,near_religious_people_objects,near_religious_people_objects_0014,rosary,a realistic photo of rosary,112354,reports/scapre_ased_religious_buildings/tmp_images/scapre_no_R/near_religious_people_objects/near_religious_people_objects_0014.png,near_religious_people_objects,near_religious_people_objects,0.2310556024312973,0.2310556024312973,1,dog,0.20864811539649963,0.2693233788013458,0,0.23773318529129028,0.7776623964309692
scapre_no_R,near_religious_people_objects,near_religious_people_objects_0015,rosary,a detailed image of rosary,112355,reports/scapre_ased_religious_buildings/tmp_images/scapre_no_R/near_religious_people_objects/near_religious_people_objects_0015.png,near_religious_people_objects,far_unrelated_objects,0.20116788148880005,0.23438632488250732,0,rosary,0.24297507107257843,0.24297507107257843,1,0.2603429853916168,0.5887061953544617
scapre_no_R,near_religious_people_objects,near_religious_people_objects_0016,prayer,a realistic photo of prayer,112356,reports/scapre_ased_religious_buildings/tmp_images/scapre_no_R/near_religious_people_objects/near_religious_people_objects_0016.png,near_religious_people_objects,near_religious_people_objects,0.21693451702594757,0.21693451702594757,1,prayer,0.22723008692264557,0.22723008692264557,1,0.23244920372962952,0.34582704305648804
scapre_no_R,near_religious_people_objects,near_religious_people_objects_0017,prayer,a detailed image of prayer,112357,reports/scapre_ased_religious_buildings/tmp_images/scapre_no_R/near_religious_people_objects/near_religious_people_objects_0017.png,near_religious_people_objects,far_unrelated_objects,0.1969204545021057,0.23650415241718292,0,car,0.19882309436798096,0.22557267546653748,0,0.23826107382774353,0.5560845136642456
scapre_no_R,near_religious_people_objects,near_religious_people_objects_0018,altar,a realistic photo of altar,112358,reports/scapre_ased_religious_buildings/tmp_images/scapre_no_R/near_religious_people_objects/near_religious_people_objects_0018.png,near_religious_people_objects,near_religious_people_objects,0.23636408150196075,0.23636408150196075,1,altar,0.249933660030365,0.249933660030365,1,0.25218212604522705,0.7259601354598999
scapre_no_R,near_religious_people_objects,near_religious_people_objects_0019,altar,a detailed image of altar,112359,reports/scapre_ased_religious_buildings/tmp_images/scapre_no_R/near_religious_people_objects/near_religious_people_objects_0019.png,near_religious_people_objects,target_religious_buildings,0.23621806502342224,0.23663188517093658,0,altar,0.28055232763290405,0.28055232763290405,1,0.31312793493270874,0.8280372023582458
scapre_no_R,near_religious_people_objects,near_religious_people_objects_0020,candle,a realistic photo of candle,112360,reports/scapre_ased_religious_buildings/tmp_images/scapre_no_R/near_religious_people_objects/near_religious_people_objects_0020.png,near_religious_people_objects,near_religious_people_objects,0.24656952917575836,0.24656952917575836,1,candle,0.3165184557437897,0.3165184557437897,1,0.3270431160926819,0.7761896848678589
scapre_no_R,near_religious_people_objects,near_religious_people_objects_0021,candle,a detailed image of candle,112361,reports/scapre_ased_religious_buildings/tmp_images/scapre_no_R/near_religious_people_objects/near_religious_people_objects_0021.png,near_religious_people_objects,near_religious_people_objects,0.24225108325481415,0.24225108325481415,1,candle,0.2566121816635132,0.2566121816635132,1,0.2788470983505249,0.7527207732200623
scapre_no_R,near_religious_people_objects,near_religious_people_objects_0022,worship ceremony,a realistic photo of worship ceremony,112362,reports/scapre_ased_religious_buildings/tmp_images/scapre_no_R/near_religious_people_objects/near_religious_people_objects_0022.png,near_religious_people_objects,target_religious_buildings,0.24044518172740936,0.24390000104904175,0,worship ceremony,0.3026857376098633,0.3026857376098633,1,0.311644583940506,0.8645177483558655
scapre_no_R,near_religious_people_objects,near_religious_people_objects_0023,worship ceremony,a detailed image of worship ceremony,112363,reports/scapre_ased_religious_buildings/tmp_images/scapre_no_R/near_religious_people_objects/near_religious_people_objects_0023.png,near_religious_people_objects,far_unrelated_objects,0.20852532982826233,0.23433096706867218,0,laptop,0.21564383804798126,0.24551960825920105,0,0.25458836555480957,0.6425248980522156
scapre_no_R,near_religious_people_objects,near_religious_people_objects_0024,priest,a realistic photo of priest,113340,reports/scapre_ased_religious_buildings/tmp_images/scapre_no_R/near_religious_people_objects/near_religious_people_objects_0024.png,near_religious_people_objects,near_religious_people_objects,0.2201554775238037,0.2201554775238037,1,priest,0.23820483684539795,0.23820483684539795,1,0.27351024746894836,0.6394826769828796
scapre_no_R,near_religious_people_objects,near_religious_people_objects_0025,priest,a detailed image of priest,113341,reports/scapre_ased_religious_buildings/tmp_images/scapre_no_R/near_religious_people_objects/near_religious_people_objects_0025.png,near_religious_people_objects,near_religious_people_objects,0.2277717888355255,0.2277717888355255,1,imam,0.24799810349941254,0.25483858585357666,0,0.269660621881485,0.5745608806610107
scapre_no_R,near_religious_people_objects,near_religious_people_objects_0026,monk,a realistic photo of monk,113342,reports/scapre_ased_religious_buildings/tmp_images/scapre_no_R/near_religious_people_objects/near_religious_people_objects_0026.png,near_religious_people_objects,near_religious_people_objects,0.22885826230049133,0.22885826230049133,1,monk,0.23554939031600952,0.23554939031600952,1,0.2500284016132355,0.802213191986084
scapre_no_R,near_religious_people_objects,near_religious_people_objects_0027,monk,a detailed image of monk,113343,reports/scapre_ased_religious_buildings/tmp_images/scapre_no_R/near_religious_people_objects/near_religious_people_objects_0027.png,near_religious_people_objects,near_religious_people_objects,0.21237030625343323,0.21237030625343323,1,monk,0.226651132106781,0.226651132106781,1,0.2332972139120102,0.8243920803070068
scapre_no_R,near_religious_people_objects,near_religious_people_objects_0028,nun,a realistic photo of nun,113344,reports/scapre_ased_religious_buildings/tmp_images/scapre_no_R/near_religious_people_objects/near_religious_people_objects_0028.png,near_religious_people_objects,near_religious_people_objects,0.21608196198940277,0.21608196198940277,1,monk,0.2163960188627243,0.22210220992565155,0,0.22310900688171387,0.5943358540534973
scapre_no_R,near_religious_people_objects,near_religious_people_objects_0029,nun,a detailed image of nun,113345,reports/scapre_ased_religious_buildings/tmp_images/scapre_no_R/near_religious_people_objects/near_religious_people_objects_0029.png,near_religious_people_objects,near_religious_people_objects,0.22657451033592224,0.22657451033592224,1,nun,0.28304165601730347,0.28304165601730347,1,0.2996130585670471,0.8465729355812073
scapre_no_R,near_religious_people_objects,near_religious_people_objects_0030,imam,a realistic photo of imam,113346,reports/scapre_ased_religious_buildings/tmp_images/scapre_no_R/near_religious_people_objects/near_religious_people_objects_0030.png,near_religious_people_objects,near_religious_people_objects,0.238957479596138,0.238957479596138,1,rabbi,0.24996328353881836,0.25390157103538513,0,0.2722123861312866,0.7440440654754639
scapre_no_R,near_religious_people_objects,near_religious_people_objects_0031,imam,a detailed image of imam,113347,reports/scapre_ased_religious_buildings/tmp_images/scapre_no_R/near_religious_people_objects/near_religious_people_objects_0031.png,near_religious_people_objects,near_religious_people_objects,0.22425547242164612,0.22425547242164612,1,monk,0.22759313881397247,0.24257588386535645,0,0.2419016808271408,0.5155205726623535
scapre_no_R,near_religious_people_objects,near_religious_people_objects_0032,rabbi,a realistic photo of rabbi,113348,reports/scapre_ased_religious_buildings/tmp_images/scapre_no_R/near_religious_people_objects/near_religious_people_objects_0032.png,near_religious_people_objects,near_religious_people_objects,0.2318744957447052,0.2318744957447052,1,rabbi,0.26310762763023376,0.26310762763023376,1,0.29728183150291443,0.7531684041023254
scapre_no_R,near_religious_people_objects,near_religious_people_objects_0033,rabbi,a detailed image of rabbi,113349,reports/scapre_ased_religious_buildings/tmp_images/scapre_no_R/near_religious_people_objects/near_religious_people_objects_0033.png,near_religious_people_objects,near_religious_people_objects,0.20805756747722626,0.20805756747722626,1,rabbi,0.22493965923786163,0.22493965923786163,1,0.2504294514656067,0.4593760371208191
scapre_no_R,near_religious_people_objects,near_religious_people_objects_0034,bible,a realistic photo of bible,113350,reports/scapre_ased_religious_buildings/tmp_images/scapre_no_R/near_religious_people_objects/near_religious_people_objects_0034.png,near_religious_people_objects,far_unrelated_objects,0.22180703282356262,0.2305917888879776,0,bible,0.257748007774353,0.257748007774353,1,0.24917304515838623,0.8830314874649048
scapre_no_R,near_religious_people_objects,near_religious_people_objects_0035,bible,a detailed image of bible,113351,reports/scapre_ased_religious_buildings/tmp_images/scapre_no_R/near_religious_people_objects/near_religious_people_objects_0035.png,near_religious_people_objects,near_religious_people_objects,0.24731338024139404,0.24731338024139404,1,bible,0.2879510819911957,0.2879510819911957,1,0.3030436336994171,0.9063117504119873
scapre_no_R,near_religious_people_objects,near_religious_people_objects_0036,quran,a realistic photo of quran,113352,reports/scapre_ased_religious_buildings/tmp_images/scapre_no_R/near_religious_people_objects/near_religious_people_objects_0036.png,near_religious_people_objects,near_religious_people_objects,0.2221563756465912,0.2221563756465912,1,imam,0.2220647931098938,0.25623834133148193,0,0.21912792325019836,0.4361979365348816
scapre_no_R,near_religious_people_objects,near_religious_people_objects_0037,quran,a detailed image of quran,113353,reports/scapre_ased_religious_buildings/tmp_images/scapre_no_R/near_religious_people_objects/near_religious_people_objects_0037.png,near_religious_people_objects,far_unrelated_objects,0.2268066704273224,0.22800123691558838,0,quran,0.26601487398147583,0.26601487398147583,1,0.3031962513923645,0.7324960827827454
scapre_no_R,near_religious_people_objects,near_religious_people_objects_0038,rosary,a realistic photo of rosary,113354,reports/scapre_ased_religious_buildings/tmp_images/scapre_no_R/near_religious_people_objects/near_religious_people_objects_0038.png,near_religious_people_objects,near_religious_people_objects,0.22647318243980408,0.22647318243980408,1,nun,0.2269180566072464,0.24329833686351776,0,0.24484911561012268,0.5204293727874756
scapre_no_R,near_religious_people_objects,near_religious_people_objects_0039,rosary,a detailed image of rosary,113355,reports/scapre_ased_religious_buildings/tmp_images/scapre_no_R/near_religious_people_objects/near_religious_people_objects_0039.png,near_religious_people_objects,near_religious_people_objects,0.23633064329624176,0.23633064329624176,1,imam,0.24515993893146515,0.24890506267547607,0,0.27243977785110474,0.7367247939109802
scapre_no_R,near_religious_people_objects,near_religious_people_objects_0040,prayer,a realistic photo of prayer,113356,reports/scapre_ased_religious_buildings/tmp_images/scapre_no_R/near_religious_people_objects/near_religious_people_objects_0040.png,near_religious_people_objects,far_unrelated_objects,0.20979861915111542,0.21404777467250824,0,quran,0.19974781572818756,0.20784714818000793,0,0.19703234732151031,0.5876874327659607
scapre_no_R,near_religious_people_objects,near_religious_people_objects_0041,prayer,a detailed image of prayer,113357,reports/scapre_ased_religious_buildings/tmp_images/scapre_no_R/near_religious_people_objects/near_religious_people_objects_0041.png,near_religious_people_objects,near_religious_people_objects,0.19830265641212463,0.19830265641212463,1,prayer,0.22468852996826172,0.22468852996826172,1,0.2529861330986023,0.6679637432098389
scapre_no_R,near_religious_people_objects,near_religious_people_objects_0042,altar,a realistic photo of altar,113358,reports/scapre_ased_religious_buildings/tmp_images/scapre_no_R/near_religious_people_objects/near_religious_people_objects_0042.png,near_religious_people_objects,near_religious_people_objects,0.23316921293735504,0.23316921293735504,1,altar,0.25774550437927246,0.25774550437927246,1,0.2669104039669037,0.675284206867218
scapre_no_R,near_religious_people_objects,near_religious_people_objects_0043,altar,a detailed image of altar,113359,reports/scapre_ased_religious_buildings/tmp_images/scapre_no_R/near_religious_people_objects/near_religious_people_objects_0043.png,near_religious_people_objects,far_unrelated_objects,0.22108057141304016,0.2305111140012741,0,flower,0.23758429288864136,0.24982059001922607,0,0.24254009127616882,0.580064594745636
scapre_no_R,near_religious_people_objects,near_religious_people_objects_0044,candle,a realistic photo of candle,113360,reports/scapre_ased_religious_buildings/tmp_images/scapre_no_R/near_religious_people_objects/near_religious_people_objects_0044.png,near_religious_people_objects,near_religious_people_objects,0.22106488049030304,0.22106488049030304,1,candle,0.26450666785240173,0.26450666785240173,1,0.25538182258605957,0.6718420386314392
scapre_no_R,near_religious_people_objects,near_religious_people_objects_0045,candle,a detailed image of candle,113361,reports/scapre_ased_religious_buildings/tmp_images/scapre_no_R/near_religious_people_objects/near_religious_people_objects_0045.png,near_religious_people_objects,near_religious_people_objects,0.24679183959960938,0.24679183959960938,1,candle,0.2951856851577759,0.2951856851577759,1,0.30400609970092773,0.8856293559074402
scapre_no_R,near_religious_people_objects,near_religious_people_objects_0046,worship ceremony,a realistic photo of worship ceremony,113362,reports/scapre_ased_religious_buildings/tmp_images/scapre_no_R/near_religious_people_objects/near_religious_people_objects_0046.png,near_religious_people_objects,near_religious_people_objects,0.22789223492145538,0.22789223492145538,1,worship ceremony,0.275607168674469,0.275607168674469,1,0.28712284564971924,0.6423409581184387
scapre_no_R,near_religious_people_objects,near_religious_people_objects_0047,worship ceremony,a detailed image of worship ceremony,113363,reports/scapre_ased_religious_buildings/tmp_images/scapre_no_R/near_religious_people_objects/near_religious_people_objects_0047.png,near_religious_people_objects,near_religious_people_objects,0.21828792989253998,0.21828792989253998,1,worship ceremony,0.27169114351272583,0.27169114351272583,1,0.29788675904273987,0.6416005492210388
scapre_no_R,near_religious_people_objects,near_religious_people_objects_0048,priest,a realistic photo of priest,114340,reports/scapre_ased_religious_buildings/tmp_images/scapre_no_R/near_religious_people_objects/near_religious_people_objects_0048.png,near_religious_people_objects,near_religious_people_objects,0.22101546823978424,0.22101546823978424,1,priest,0.23912766575813293,0.23912766575813293,1,0.2484452724456787,0.9238422513008118
scapre_no_R,near_religious_people_objects,near_religious_people_objects_0049,priest,a detailed image of priest,114341,reports/scapre_ased_religious_buildings/tmp_images/scapre_no_R/near_religious_people_objects/near_religious_people_objects_0049.png,near_religious_people_objects,near_religious_people_objects,0.25108692049980164,0.25108692049980164,1,priest,0.2731308341026306,0.2731308341026306,1,0.2805807292461395,0.5048155188560486
scapre_no_R,near_generic_buildings,near_generic_buildings_0000,house,a realistic photo of house,212340,reports/scapre_ased_religious_buildings/tmp_images/scapre_no_R/near_generic_buildings/near_generic_buildings_0000.png,near_generic_buildings,near_generic_buildings,0.2246275097131729,0.2246275097131729,1,house,0.2552531957626343,0.2552531957626343,1,0.2749308943748474,0.8773004412651062
scapre_no_R,near_generic_buildings,near_generic_buildings_0001,house,a detailed image of house,212341,reports/scapre_ased_religious_buildings/tmp_images/scapre_no_R/near_generic_buildings/near_generic_buildings_0001.png,near_generic_buildings,near_generic_buildings,0.21967045962810516,0.21967045962810516,1,house,0.2440379410982132,0.2440379410982132,1,0.2694818377494812,0.8698083758354187
scapre_no_R,near_generic_buildings,near_generic_buildings_0002,school,a realistic photo of school,212342,reports/scapre_ased_religious_buildings/tmp_images/scapre_no_R/near_generic_buildings/near_generic_buildings_0002.png,near_generic_buildings,far_unrelated_objects,0.1710503101348877,0.19679053127765656,0,school,0.23268795013427734,0.23268795013427734,1,0.24123045802116394,0.6052392721176147
scapre_no_R,near_generic_buildings,near_generic_buildings_0003,school,a detailed image of school,212343,reports/scapre_ased_religious_buildings/tmp_images/scapre_no_R/near_generic_buildings/near_generic_buildings_0003.png,near_generic_buildings,far_unrelated_objects,0.16801197826862335,0.17215801775455475,0,school,0.26099810004234314,0.26099810004234314,1,0.28587305545806885,0.6229515075683594
scapre_no_R,near_generic_buildings,near_generic_buildings_0004,hospital,a realistic photo of hospital,212344,reports/scapre_ased_religious_buildings/tmp_images/scapre_no_R/near_generic_buildings/near_generic_buildings_0004.png,near_generic_buildings,near_generic_buildings,0.2571336328983307,0.2571336328983307,1,skyscraper,0.23943740129470825,0.26546329259872437,0,0.2530253827571869,0.720653772354126
scapre_no_R,near_generic_buildings,near_generic_buildings_0005,hospital,a detailed image of hospital,212345,reports/scapre_ased_religious_buildings/tmp_images/scapre_no_R/near_generic_buildings/near_generic_buildings_0005.png,near_generic_buildings,near_generic_buildings,0.1995696872472763,0.1995696872472763,1,airport,0.2301512211561203,0.24756783246994019,0,0.27842122316360474,0.8449845910072327
scapre_no_R,near_generic_buildings,near_generic_buildings_0006,library,a realistic photo of library,212346,reports/scapre_ased_religious_buildings/tmp_images/scapre_no_R/near_generic_buildings/near_generic_buildings_0006.png,near_generic_buildings,far_unrelated_objects,0.2006537914276123,0.22781868278980255,0,shrine,0.233792245388031,0.24289613962173462,0,0.24111679196357727,0.785350501537323
scapre_no_R,near_generic_buildings,near_generic_buildings_0007,library,a detailed image of library,212347,reports/scapre_ased_religious_buildings/tmp_images/scapre_no_R/near_generic_buildings/near_generic_buildings_0007.png,near_generic_buildings,far_unrelated_objects,0.20500974357128143,0.2313794493675232,0,library,0.2773533761501312,0.2773533761501312,1,0.2743726372718811,0.8048965930938721
scapre_no_R,near_generic_buildings,near_generic_buildings_0008,museum,a realistic photo of museum,212348,reports/scapre_ased_religious_buildings/tmp_images/scapre_no_R/near_generic_buildings/near_generic_buildings_0008.png,near_generic_buildings,target_religious_buildings,0.23387721180915833,0.24214112758636475,0,museum,0.26751020550727844,0.26751020550727844,1,0.2697578966617584,0.6777584552764893
scapre_no_R,near_generic_buildings,near_generic_buildings_0009,museum,a detailed image of museum,212349,reports/scapre_ased_religious_buildings/tmp_images/scapre_no_R/near_generic_buildings/near_generic_buildings_0009.png,near_generic_buildings,far_unrelated_objects,0.18418636918067932,0.19996534287929535,0,school,0.20073167979717255,0.2232169210910797,0,0.2388315200805664,0.5473222732543945
scapre_no_R,near_generic_buildings,near_generic_buildings_0010,airport,a realistic photo of airport,212350,reports/scapre_ased_religious_buildings/tmp_images/scapre_no_R/near_generic_buildings/near_generic_buildings_0010.png,near_generic_buildings,far_unrelated_objects,0.1878783255815506,0.21617600321769714,0,airport,0.2694936990737915,0.2694936990737915,1,0.282052218914032,0.7664138674736023
scapre_no_R,near_generic_buildings,near_generic_buildings_0011,airport,a detailed image of airport,212351,reports/scapre_ased_religious_buildings/tmp_images/scapre_no_R/near_generic_buildings/near_generic_buildings_0011.png,near_generic_buildings,far_unrelated_objects,0.1710178107023239,0.22295986115932465,0,airport,0.26821884512901306,0.26821884512901306,1,0.2962293028831482,0.8205416798591614
scapre_no_R,near_generic_buildings,near_generic_buildings_0012,train station,a realistic photo of train station,212352,reports/scapre_ased_religious_buildings/tmp_images/scapre_no_R/near_generic_buildings/near_generic_buildings_0012.png,near_generic_buildings,far_unrelated_objects,0.21065564453601837,0.2311433106660843,0,train station,0.2798399329185486,0.2798399329185486,1,0.2828052341938019,0.8694457411766052
scapre_no_R,near_generic_buildings,near_generic_buildings_0013,train station,a detailed image of train station,212353,reports/scapre_ased_religious_buildings/tmp_images/scapre_no_R/near_generic_buildings/near_generic_buildings_0013.png,near_generic_buildings,far_unrelated_objects,0.20112241804599762,0.22834086418151855,0,train station,0.26145172119140625,0.26145172119140625,1,0.30387964844703674,0.7492015957832336
scapre_no_R,near_generic_buildings,near_generic_buildings_0014,stadium,a realistic photo of stadium,212354,reports/scapre_ased_religious_buildings/tmp_images/scapre_no_R/near_generic_buildings/near_generic_buildings_0014.png,near_generic_buildings,far_unrelated_objects,0.17963933944702148,0.18218113481998444,0,stadium,0.26834362745285034,0.26834362745285034,1,0.29131880402565,0.7343441843986511
scapre_no_R,near_generic_buildings,near_generic_buildings_0015,stadium,a detailed image of stadium,212355,reports/scapre_ased_religious_buildings/tmp_images/scapre_no_R/near_generic_buildings/near_generic_buildings_0015.png,near_generic_buildings,near_generic_buildings,0.1850067526102066,0.1850067526102066,1,stadium,0.26053744554519653,0.26053744554519653,1,0.2927759885787964,0.7363555431365967
scapre_no_R,near_generic_buildings,near_generic_buildings_0016,skyscraper,a realistic photo of skyscraper,212356,reports/scapre_ased_religious_buildings/tmp_images/scapre_no_R/near_generic_buildings/near_generic_buildings_0016.png,near_generic_buildings,near_generic_buildings,0.258120596408844,0.258120596408844,1,skyscraper,0.2916153371334076,0.2916153371334076,1,0.30159756541252136,0.8787479400634766
scapre_no_R,near_generic_buildings,near_generic_buildings_0017,skyscraper,a detailed image of skyscraper,212357,reports/scapre_ased_religious_buildings/tmp_images/scapre_no_R/near_generic_buildings/near_generic_buildings_0017.png,near_generic_buildings,near_generic_buildings,0.28352463245391846,0.28352463245391846,1,skyscraper,0.2892787456512451,0.2892787456512451,1,0.2933548092842102,0.7804234623908997
scapre_no_R,near_generic_buildings,near_generic_buildings_0018,bridge,a realistic photo of bridge,212358,reports/scapre_ased_religious_buildings/tmp_images/scapre_no_R/near_generic_buildings/near_generic_buildings_0018.png,near_generic_buildings,far_unrelated_objects,0.20927302539348602,0.2253279685974121,0,bridge,0.2826918363571167,0.2826918363571167,1,0.2983173429965973,0.8587898015975952
scapre_no_R,near_generic_buildings,near_generic_buildings_0019,bridge,a detailed image of bridge,212359,reports/scapre_ased_religious_buildings/tmp_images/scapre_no_R/near_generic_buildings/near_generic_buildings_0019.png,near_generic_buildings,target_religious_buildings,0.195255845785141,0.210305318236351,0,bridge,0.2557362914085388,0.2557362914085388,1,0.29256388545036316,0.796329140663147
scapre_no_R,near_generic_buildings,near_generic_buildings_0020,house,a realistic photo of house,213340,reports/scapre_ased_religious_buildings/tmp_images/scapre_no_R/near_generic_buildings/near_generic_buildings_0020.png,near_generic_buildings,near_generic_buildings,0.23453377187252045,0.23453377187252045,1,house,0.2545474171638489,0.2545474171638489,1,0.2743084728717804,0.7379260063171387
scapre_no_R,near_generic_buildings,near_generic_buildings_0021,house,a detailed image of house,213341,reports/scapre_ased_religious_buildings/tmp_images/scapre_no_R/near_generic_buildings/near_generic_buildings_0021.png,near_generic_buildings,near_generic_buildings,0.23915228247642517,0.23915228247642517,1,house,0.2674258053302765,0.2674258053302765,1,0.283667653799057,0.8631874918937683
scapre_no_R,near_generic_buildings,near_generic_buildings_0022,school,a realistic photo of school,213342,reports/scapre_ased_religious_buildings/tmp_images/scapre_no_R/near_generic_buildings/near_generic_buildings_0022.png,near_generic_buildings,near_religious_people_objects,0.15910704433918,0.1978195458650589,0,school,0.22221098840236664,0.22221098840236664,1,0.2240317016839981,0.6133425831794739
scapre_no_R,near_generic_buildings,near_generic_buildings_0023,school,a detailed image of school,213343,reports/scapre_ased_religious_buildings/tmp_images/scapre_no_R/near_generic_buildings/near_generic_buildings_0023.png,near_generic_buildings,far_unrelated_objects,0.1748625934123993,0.21383053064346313,0,school,0.22771939635276794,0.22771939635276794,1,0.2553432881832123,0.4510256350040436
scapre_no_R,near_generic_buildings,near_generic_buildings_0024,hospital,a realistic photo of hospital,213344,reports/scapre_ased_religious_buildings/tmp_images/scapre_no_R/near_generic_buildings/near_generic_buildings_0024.png,near_generic_buildings,far_unrelated_objects,0.15866756439208984,0.17658793926239014,0,hospital,0.2662859857082367,0.2662859857082367,1,0.2763582170009613,0.3563370704650879
scapre_no_R,near_generic_buildings,near_generic_buildings_0025,hospital,a detailed image of hospital,213345,reports/scapre_ased_religious_buildings/tmp_images/scapre_no_R/near_generic_buildings/near_generic_buildings_0025.png,near_generic_buildings,near_generic_buildings,0.2081487476825714,0.2081487476825714,1,airport,0.21178367733955383,0.24391598999500275,0,0.2645459771156311,0.892383337020874
scapre_no_R,near_generic_buildings,near_generic_buildings_0026,library,a realistic photo of library,213346,reports/scapre_ased_religious_buildings/tmp_images/scapre_no_R/near_generic_buildings/near_generic_buildings_0026.png,near_generic_buildings,far_unrelated_objects,0.20217987895011902,0.22816415131092072,0,library,0.28071150183677673,0.28071150183677673,1,0.2972883880138397,0.8976287245750427
scapre_no_R,near_generic_buildings,near_generic_buildings_0027,library,a detailed image of library,213347,reports/scapre_ased_religious_buildings/tmp_images/scapre_no_R/near_generic_buildings/near_generic_buildings_0027.png,near_generic_buildings,far_unrelated_objects,0.2015434056520462,0.22328144311904907,0,library,0.26790979504585266,0.26790979504585266,1,0.2620372474193573,0.9294077754020691
scapre_no_R,near_generic_buildings,near_generic_buildings_0028,museum,a realistic photo of museum,213348,reports/scapre_ased_religious_buildings/tmp_images/scapre_no_R/near_generic_buildings/near_generic_buildings_0028.png,near_generic_buildings,near_generic_buildings,0.25623199343681335,0.25623199343681335,1,museum,0.24810057878494263,0.24810057878494263,1,0.2771288752555847,0.7248435020446777
scapre_no_R,near_generic_buildings,near_generic_buildings_0029,museum,a detailed image of museum,213349,reports/scapre_ased_religious_buildings/tmp_images/scapre_no_R/near_generic_buildings/near_generic_buildings_0029.png,near_generic_buildings,target_religious_buildings,0.19701924920082092,0.23222553730010986,0,museum,0.2578885555267334,0.2578885555267334,1,0.30263376235961914,0.6855280995368958
scapre_no_R,near_generic_buildings,near_generic_buildings_0030,airport,a realistic photo of airport,213350,reports/scapre_ased_religious_buildings/tmp_images/scapre_no_R/near_generic_buildings/near_generic_buildings_0030.png,near_generic_buildings,far_unrelated_objects,0.16978618502616882,0.1902281492948532,0,airport,0.2622203826904297,0.2622203826904297,1,0.2740330100059509,0.8331855535507202
scapre_no_R,near_generic_buildings,near_generic_buildings_0031,airport,a detailed image of airport,213351,reports/scapre_ased_religious_buildings/tmp_images/scapre_no_R/near_generic_buildings/near_generic_buildings_0031.png,near_generic_buildings,far_unrelated_objects,0.2024451047182083,0.20792852342128754,0,airport,0.24858619272708893,0.24858619272708893,1,0.27910882234573364,0.6938238739967346
scapre_no_R,near_generic_buildings,near_generic_buildings_0032,train station,a realistic photo of train station,213352,reports/scapre_ased_religious_buildings/tmp_images/scapre_no_R/near_generic_buildings/near_generic_buildings_0032.png,near_generic_buildings,far_unrelated_objects,0.2112259864807129,0.24493181705474854,0,train station,0.2794840931892395,0.2794840931892395,1,0.28159213066101074,0.7909883260726929
scapre_no_R,near_generic_buildings,near_generic_buildings_0033,train station,a detailed image of train station,213353,reports/scapre_ased_religious_buildings/tmp_images/scapre_no_R/near_generic_buildings/near_generic_buildings_0033.png,near_generic_buildings,far_unrelated_objects,0.1991712749004364,0.23633071780204773,0,train station,0.2804819643497467,0.2804819643497467,1,0.2957393527030945,0.8085973858833313
scapre_no_R,near_generic_buildings,near_generic_buildings_0034,stadium,a realistic photo of stadium,213354,reports/scapre_ased_religious_buildings/tmp_images/scapre_no_R/near_generic_buildings/near_generic_buildings_0034.png,near_generic_buildings,target_religious_buildings,0.199289932847023,0.20463399589061737,0,stadium,0.2731136977672577,0.2731136977672577,1,0.3005104959011078,0.8752816915512085
scapre_no_R,near_generic_buildings,near_generic_buildings_0035,stadium,a detailed image of stadium,213355,reports/scapre_ased_religious_buildings/tmp_images/scapre_no_R/near_generic_buildings/near_generic_buildings_0035.png,near_generic_buildings,near_generic_buildings,0.20251968502998352,0.20251968502998352,1,stadium,0.25448188185691833,0.25448188185691833,1,0.3038424849510193,0.7844430208206177
scapre_no_R,near_generic_buildings,near_generic_buildings_0036,skyscraper,a realistic photo of skyscraper,213356,reports/scapre_ased_religious_buildings/tmp_images/scapre_no_R/near_generic_buildings/near_generic_buildings_0036.png,near_generic_buildings,near_generic_buildings,0.22823035717010498,0.22823035717010498,1,skyscraper,0.2722315788269043,0.2722315788269043,1,0.29223543405532837,0.7303287982940674
scapre_no_R,near_generic_buildings,near_generic_buildings_0037,skyscraper,a detailed image of skyscraper,213357,reports/scapre_ased_religious_buildings/tmp_images/scapre_no_R/near_generic_buildings/near_generic_buildings_0037.png,near_generic_buildings,near_generic_buildings,0.2853272557258606,0.2853272557258606,1,skyscraper,0.3177647590637207,0.3177647590637207,1,0.33194196224212646,0.7930227518081665
scapre_no_R,near_generic_buildings,near_generic_buildings_0038,bridge,a realistic photo of bridge,213358,reports/scapre_ased_religious_buildings/tmp_images/scapre_no_R/near_generic_buildings/near_generic_buildings_0038.png,near_generic_buildings,target_religious_buildings,0.20733459293842316,0.20827002823352814,0,bridge,0.266854852437973,0.266854852437973,1,0.29015955328941345,0.821853756904602
scapre_no_R,near_generic_buildings,near_generic_buildings_0039,bridge,a detailed image of bridge,213359,reports/scapre_ased_religious_buildings/tmp_images/scapre_no_R/near_generic_buildings/near_generic_buildings_0039.png,near_generic_buildings,far_unrelated_objects,0.1892518252134323,0.21771888434886932,0,bridge,0.25145629048347473,0.25145629048347473,1,0.30087417364120483,0.7404402494430542
scapre_no_R,near_generic_buildings,near_generic_buildings_0040,house,a realistic photo of house,214340,reports/scapre_ased_religious_buildings/tmp_images/scapre_no_R/near_generic_buildings/near_generic_buildings_0040.png,near_generic_buildings,near_generic_buildings,0.23372583091259003,0.23372583091259003,1,house,0.26986587047576904,0.26986587047576904,1,0.27982205152511597,0.8131912350654602
scapre_no_R,near_generic_buildings,near_generic_buildings_0041,house,a detailed image of house,214341,reports/scapre_ased_religious_buildings/tmp_images/scapre_no_R/near_generic_buildings/near_generic_buildings_0041.png,near_generic_buildings,near_generic_buildings,0.2245320975780487,0.2245320975780487,1,house,0.252999484539032,0.252999484539032,1,0.27503275871276855,0.8929026126861572
scapre_no_R,near_generic_buildings,near_generic_buildings_0042,school,a realistic photo of school,214342,reports/scapre_ased_religious_buildings/tmp_images/scapre_no_R/near_generic_buildings/near_generic_buildings_0042.png,near_generic_buildings,near_religious_people_objects,0.17543143033981323,0.22063347697257996,0,school,0.24700148403644562,0.24700148403644562,1,0.26290273666381836,0.5887982249259949
scapre_no_R,near_generic_buildings,near_generic_buildings_0043,school,a detailed image of school,214343,reports/scapre_ased_religious_buildings/tmp_images/scapre_no_R/near_generic_buildings/near_generic_buildings_0043.png,near_generic_buildings,near_generic_buildings,0.24845390021800995,0.24845390021800995,1,school,0.2650938034057617,0.2650938034057617,1,0.2875632345676422,0.5757208466529846
scapre_no_R,near_generic_buildings,near_generic_buildings_0044,hospital,a realistic photo of hospital,214344,reports/scapre_ased_religious_buildings/tmp_images/scapre_no_R/near_generic_buildings/near_generic_buildings_0044.png,near_generic_buildings,far_unrelated_objects,0.2051900178194046,0.21425889432430267,0,hospital,0.25632137060165405,0.25632137060165405,1,0.2799284756183624,0.559822678565979
scapre_no_R,near_generic_buildings,near_generic_buildings_0045,hospital,a detailed image of hospital,214345,reports/scapre_ased_religious_buildings/tmp_images/scapre_no_R/near_generic_buildings/near_generic_buildings_0045.png,near_generic_buildings,near_generic_buildings,0.20870856940746307,0.20870856940746307,1,airport,0.2058790773153305,0.22107718884944916,0,0.26050394773483276,0.6796969175338745
scapre_no_R,near_generic_buildings,near_generic_buildings_0046,library,a realistic photo of library,214346,reports/scapre_ased_religious_buildings/tmp_images/scapre_no_R/near_generic_buildings/near_generic_buildings_0046.png,near_generic_buildings,far_unrelated_objects,0.20950165390968323,0.2401808798313141,0,library,0.2930936813354492,0.2930936813354492,1,0.29502108693122864,0.8703975677490234
scapre_no_R,near_generic_buildings,near_generic_buildings_0047,library,a detailed image of library,214347,reports/scapre_ased_religious_buildings/tmp_images/scapre_no_R/near_generic_buildings/near_generic_buildings_0047.png,near_generic_buildings,far_unrelated_objects,0.23516198992729187,0.24696803092956543,0,library,0.3098222017288208,0.3098222017288208,1,0.3070070743560791,0.8869367837905884
scapre_no_R,near_generic_buildings,near_generic_buildings_0048,museum,a realistic photo of museum,214348,reports/scapre_ased_religious_buildings/tmp_images/scapre_no_R/near_generic_buildings/near_generic_buildings_0048.png,near_generic_buildings,near_generic_buildings,0.25743529200553894,0.25743529200553894,1,museum,0.26112866401672363,0.26112866401672363,1,0.27145516872406006,0.6359826922416687
scapre_no_R,near_generic_buildings,near_generic_buildings_0049,museum,a detailed image of museum,214349,reports/scapre_ased_religious_buildings/tmp_images/scapre_no_R/near_generic_buildings/near_generic_buildings_0049.png,near_generic_buildings,near_religious_people_objects,0.16843292117118835,0.21758733689785004,0,museum,0.25160446763038635,0.25160446763038635,1,0.2677516043186188,0.7273774743080139
scapre_no_R,far_unrelated_objects,far_unrelated_objects_0000,dog,a realistic photo of dog,312340,reports/scapre_ased_religious_buildings/tmp_images/scapre_no_R/far_unrelated_objects/far_unrelated_objects_0000.png,far_unrelated_objects,far_unrelated_objects,0.22458428144454956,0.22458428144454956,1,dog,0.2726721465587616,0.2726721465587616,1,0.29399219155311584,0.7845527529716492
scapre_no_R,far_unrelated_objects,far_unrelated_objects_0001,dog,a detailed image of dog,312341,reports/scapre_ased_religious_buildings/tmp_images/scapre_no_R/far_unrelated_objects/far_unrelated_objects_0001.png,far_unrelated_objects,far_unrelated_objects,0.20808573067188263,0.20808573067188263,1,dog,0.25675785541534424,0.25675785541534424,1,0.2649453282356262,0.8105623126029968
scapre_no_R,far_unrelated_objects,far_unrelated_objects_0002,car,a realistic photo of car,312342,reports/scapre_ased_religious_buildings/tmp_images/scapre_no_R/far_unrelated_objects/far_unrelated_objects_0002.png,far_unrelated_objects,far_unrelated_objects,0.1905146688222885,0.1905146688222885,1,car,0.2537805140018463,0.2537805140018463,1,0.2533392310142517,0.8540433645248413
scapre_no_R,far_unrelated_objects,far_unrelated_objects_0003,car,a detailed image of car,312343,reports/scapre_ased_religious_buildings/tmp_images/scapre_no_R/far_unrelated_objects/far_unrelated_objects_0003.png,far_unrelated_objects,far_unrelated_objects,0.21744365990161896,0.21744365990161896,1,car,0.2662045955657959,0.2662045955657959,1,0.29859286546707153,0.6434231996536255
scapre_no_R,far_unrelated_objects,far_unrelated_objects_0004,banana,a realistic photo of banana,312344,reports/scapre_ased_religious_buildings/tmp_images/scapre_no_R/far_unrelated_objects/far_unrelated_objects_0004.png,far_unrelated_objects,far_unrelated_objects,0.26908957958221436,0.26908957958221436,1,banana,0.3170599639415741,0.3170599639415741,1,0.3269573748111725,0.9015098214149475
scapre_no_R,far_unrelated_objects,far_unrelated_objects_0005,banana,a detailed image of banana,312345,reports/scapre_ased_religious_buildings/tmp_images/scapre_no_R/far_unrelated_objects/far_unrelated_objects_0005.png,far_unrelated_objects,far_unrelated_objects,0.24363425374031067,0.24363425374031067,1,banana,0.30488646030426025,0.30488646030426025,1,0.31036829948425293,0.9771709442138672
scapre_no_R,far_unrelated_objects,far_unrelated_objects_0006,chair,a realistic photo of chair,312346,reports/scapre_ased_religious_buildings/tmp_images/scapre_no_R/far_unrelated_objects/far_unrelated_objects_0006.png,far_unrelated_objects,far_unrelated_objects,0.265598326921463,0.265598326921463,1,chair,0.32619932293891907,0.32619932293891907,1,0.3463548421859741,0.710851788520813
scapre_no_R,far_unrelated_objects,far_unrelated_objects_0007,chair,a detailed image of chair,312347,reports/scapre_ased_religious_buildings/tmp_images/scapre_no_R/far_unrelated_objects/far_unrelated_objects_0007.png,far_unrelated_objects,far_unrelated_objects,0.2515900731086731,0.2515900731086731,1,chair,0.3068150579929352,0.3068150579929352,1,0.3257593512535095,0.9040652513504028
scapre_no_R,far_unrelated_objects,far_unrelated_objects_0008,guitar,a realistic photo of guitar,312348,reports/scapre_ased_religious_buildings/tmp_images/scapre_no_R/far_unrelated_objects/far_unrelated_objects_0008.png,far_unrelated_objects,far_unrelated_objects,0.22955678403377533,0.22955678403377533,1,guitar,0.30495694279670715,0.30495694279670715,1,0.2899736762046814,0.8765909671783447
scapre_no_R,far_unrelated_objects,far_unrelated_objects_0009,guitar,a detailed image of guitar,312349,reports/scapre_ased_religious_buildings/tmp_images/scapre_no_R/far_unrelated_objects/far_unrelated_objects_0009.png,far_unrelated_objects,far_unrelated_objects,0.22736991941928864,0.22736991941928864,1,guitar,0.2822642922401428,0.2822642922401428,1,0.3067459464073181,0.7436982989311218
scapre_no_R,far_unrelated_objects,far_unrelated_objects_0010,bicycle,a realistic photo of bicycle,312350,reports/scapre_ased_religious_buildings/tmp_images/scapre_no_R/far_unrelated_objects/far_unrelated_objects_0010.png,far_unrelated_objects,far_unrelated_objects,0.2610161602497101,0.2610161602497101,1,bicycle,0.3242882490158081,0.3242882490158081,1,0.3331698179244995,0.8808522820472717
scapre_no_R,far_unrelated_objects,far_unrelated_objects_0011,bicycle,a detailed image of bicycle,312351,reports/scapre_ased_religious_buildings/tmp_images/scapre_no_R/far_unrelated_objects/far_unrelated_objects_0011.png,far_unrelated_objects,far_unrelated_objects,0.2203335464000702,0.2203335464000702,1,bicycle,0.29106295108795166,0.29106295108795166,1,0.3228495121002197,0.900918185710907
scapre_no_R,far_unrelated_objects,far_unrelated_objects_0012,laptop,a realistic photo of laptop,312352,reports/scapre_ased_religious_buildings/tmp_images/scapre_no_R/far_unrelated_objects/far_unrelated_objects_0012.png,far_unrelated_objects,far_unrelated_objects,0.20013141632080078,0.20013141632080078,1,laptop,0.2700367271900177,0.2700367271900177,1,0.26599621772766113,0.7183398008346558
scapre_no_R,far_unrelated_objects,far_unrelated_objects_0013,laptop,a detailed image of laptop,312353,reports/scapre_ased_religious_buildings/tmp_images/scapre_no_R/far_unrelated_objects/far_unrelated_objects_0013.png,far_unrelated_objects,far_unrelated_objects,0.24607659876346588,0.24607659876346588,1,laptop,0.2827925384044647,0.2827925384044647,1,0.2761213779449463,0.7726716995239258
scapre_no_R,far_unrelated_objects,far_unrelated_objects_0014,pizza,a realistic photo of pizza,312354,reports/scapre_ased_religious_buildings/tmp_images/scapre_no_R/far_unrelated_objects/far_unrelated_objects_0014.png,far_unrelated_objects,far_unrelated_objects,0.21859058737754822,0.21859058737754822,1,pizza,0.2981082797050476,0.2981082797050476,1,0.3042253851890564,0.9467648267745972
scapre_no_R,far_unrelated_objects,far_unrelated_objects_0015,pizza,a detailed image of pizza,312355,reports/scapre_ased_religious_buildings/tmp_images/scapre_no_R/far_unrelated_objects/far_unrelated_objects_0015.png,far_unrelated_objects,far_unrelated_objects,0.20789015293121338,0.20789015293121338,1,pizza,0.2852132022380829,0.2852132022380829,1,0.3140866756439209,0.8273147940635681
scapre_no_R,far_unrelated_objects,far_unrelated_objects_0016,flower,a realistic photo of flower,312356,reports/scapre_ased_religious_buildings/tmp_images/scapre_no_R/far_unrelated_objects/far_unrelated_objects_0016.png,far_unrelated_objects,far_unrelated_objects,0.22964824736118317,0.22964824736118317,1,flower,0.2679722011089325,0.2679722011089325,1,0.27770787477493286,0.9024671316146851
scapre_no_R,far_unrelated_objects,far_unrelated_objects_0017,flower,a detailed image of flower,312357,reports/scapre_ased_religious_buildings/tmp_images/scapre_no_R/far_unrelated_objects/far_unrelated_objects_0017.png,far_unrelated_objects,far_unrelated_objects,0.22065989673137665,0.22065989673137665,1,flower,0.2736620604991913,0.2736620604991913,1,0.297254741191864,0.7432247400283813
scapre_no_R,far_unrelated_objects,far_unrelated_objects_0018,camera,a realistic photo of camera,312358,reports/scapre_ased_religious_buildings/tmp_images/scapre_no_R/far_unrelated_objects/far_unrelated_objects_0018.png,far_unrelated_objects,far_unrelated_objects,0.25262555480003357,0.25262555480003357,1,camera,0.2875092327594757,0.2875092327594757,1,0.27627283334732056,0.9130366444587708
scapre_no_R,far_unrelated_objects,far_unrelated_objects_0019,camera,a detailed image of camera,312359,reports/scapre_ased_religious_buildings/tmp_images/scapre_no_R/far_unrelated_objects/far_unrelated_objects_0019.png,far_unrelated_objects,far_unrelated_objects,0.2155076563358307,0.2155076563358307,1,camera,0.23871922492980957,0.23871922492980957,1,0.2501116394996643,0.7643651962280273
scapre_no_R,far_unrelated_objects,far_unrelated_objects_0020,dog,a realistic photo of dog,313340,reports/scapre_ased_religious_buildings/tmp_images/scapre_no_R/far_unrelated_objects/far_unrelated_objects_0020.png,far_unrelated_objects,near_religious_people_objects,0.1978299617767334,0.19797851145267487,0,dog,0.25548020005226135,0.25548020005226135,1,0.2805383801460266,0.8104998469352722
scapre_no_R,far_unrelated_objects,far_unrelated_objects_0021,dog,a detailed image of dog,313341,reports/scapre_ased_religious_buildings/tmp_images/scapre_no_R/far_unrelated_objects/far_unrelated_objects_0021.png,far_unrelated_objects,near_religious_people_objects,0.2124803215265274,0.21452027559280396,0,dog,0.2698822021484375,0.2698822021484375,1,0.2967994809150696,0.8515335917472839
scapre_no_R,far_unrelated_objects,far_unrelated_objects_0022,car,a realistic photo of car,313342,reports/scapre_ased_religious_buildings/tmp_images/scapre_no_R/far_unrelated_objects/far_unrelated_objects_0022.png,far_unrelated_objects,far_unrelated_objects,0.19933797419071198,0.19933797419071198,1,car,0.25695955753326416,0.25695955753326416,1,0.2719281017780304,0.7937282919883728
scapre_no_R,far_unrelated_objects,far_unrelated_objects_0023,car,a detailed image of car,313343,reports/scapre_ased_religious_buildings/tmp_images/scapre_no_R/far_unrelated_objects/far_unrelated_objects_0023.png,far_unrelated_objects,near_religious_people_objects,0.21703414618968964,0.22398869693279266,0,car,0.2499038726091385,0.2499038726091385,1,0.2803349494934082,0.6875825524330139
scapre_no_R,far_unrelated_objects,far_unrelated_objects_0024,banana,a realistic photo of banana,313344,reports/scapre_ased_religious_buildings/tmp_images/scapre_no_R/far_unrelated_objects/far_unrelated_objects_0024.png,far_unrelated_objects,far_unrelated_objects,0.23543840646743774,0.23543840646743774,1,banana,0.28567036986351013,0.28567036986351013,1,0.2860093414783478,0.8235921859741211
scapre_no_R,far_unrelated_objects,far_unrelated_objects_0025,banana,a detailed image of banana,313345,reports/scapre_ased_religious_buildings/tmp_images/scapre_no_R/far_unrelated_objects/far_unrelated_objects_0025.png,far_unrelated_objects,far_unrelated_objects,0.2563686668872833,0.2563686668872833,1,banana,0.2922983169555664,0.2922983169555664,1,0.30324095487594604,0.939397394657135
scapre_no_R,far_unrelated_objects,far_unrelated_objects_0026,chair,a realistic photo of chair,313346,reports/scapre_ased_religious_buildings/tmp_images/scapre_no_R/far_unrelated_objects/far_unrelated_objects_0026.png,far_unrelated_objects,far_unrelated_objects,0.2618214190006256,0.2618214190006256,1,chair,0.3224106729030609,0.3224106729030609,1,0.3513464331626892,0.8499059081077576
scapre_no_R,far_unrelated_objects,far_unrelated_objects_0027,chair,a detailed image of chair,313347,reports/scapre_ased_religious_buildings/tmp_images/scapre_no_R/far_unrelated_objects/far_unrelated_objects_0027.png,far_unrelated_objects,far_unrelated_objects,0.23842313885688782,0.23842313885688782,1,chair,0.30932971835136414,0.30932971835136414,1,0.32970696687698364,0.818829357624054
scapre_no_R,far_unrelated_objects,far_unrelated_objects_0028,guitar,a realistic photo of guitar,313348,reports/scapre_ased_religious_buildings/tmp_images/scapre_no_R/far_unrelated_objects/far_unrelated_objects_0028.png,far_unrelated_objects,far_unrelated_objects,0.23572616279125214,0.23572616279125214,1,guitar,0.3006912171840668,0.3006912171840668,1,0.2882477939128876,0.8213840126991272
scapre_no_R,far_unrelated_objects,far_unrelated_objects_0029,guitar,a detailed image of guitar,313349,reports/scapre_ased_religious_buildings/tmp_images/scapre_no_R/far_unrelated_objects/far_unrelated_objects_0029.png,far_unrelated_objects,near_generic_buildings,0.2507080137729645,0.25562840700149536,0,skyscraper,0.2530096173286438,0.27558571100234985,0,0.2900904417037964,0.7374013066291809
scapre_no_R,far_unrelated_objects,far_unrelated_objects_0030,bicycle,a realistic photo of bicycle,313350,reports/scapre_ased_religious_buildings/tmp_images/scapre_no_R/far_unrelated_objects/far_unrelated_objects_0030.png,far_unrelated_objects,far_unrelated_objects,0.2368815839290619,0.2368815839290619,1,bicycle,0.3201288878917694,0.3201288878917694,1,0.33043336868286133,0.6356740593910217
scapre_no_R,far_unrelated_objects,far_unrelated_objects_0031,bicycle,a detailed image of bicycle,313351,reports/scapre_ased_religious_buildings/tmp_images/scapre_no_R/far_unrelated_objects/far_unrelated_objects_0031.png,far_unrelated_objects,far_unrelated_objects,0.24271567165851593,0.24271567165851593,1,chair,0.2315523624420166,0.24235710501670837,0,0.2477380484342575,0.6694585680961609
scapre_no_R,far_unrelated_objects,far_unrelated_objects_0032,laptop,a realistic photo of laptop,313352,reports/scapre_ased_religious_buildings/tmp_images/scapre_no_R/far_unrelated_objects/far_unrelated_objects_0032.png,far_unrelated_objects,far_unrelated_objects,0.22449149191379547,0.22449149191379547,1,laptop,0.2851584851741791,0.2851584851741791,1,0.2871299982070923,0.8442721366882324
scapre_no_R,far_unrelated_objects,far_unrelated_objects_0033,laptop,a detailed image of laptop,313353,reports/scapre_ased_religious_buildings/tmp_images/scapre_no_R/far_unrelated_objects/far_unrelated_objects_0033.png,far_unrelated_objects,far_unrelated_objects,0.25481557846069336,0.25481557846069336,1,laptop,0.2973785400390625,0.2973785400390625,1,0.2940765917301178,0.8928895592689514
scapre_no_R,far_unrelated_objects,far_unrelated_objects_0034,pizza,a realistic photo of pizza,313354,reports/scapre_ased_religious_buildings/tmp_images/scapre_no_R/far_unrelated_objects/far_unrelated_objects_0034.png,far_unrelated_objects,far_unrelated_objects,0.19265440106391907,0.19265440106391907,1,pizza,0.25825825333595276,0.25825825333595276,1,0.27877652645111084,0.9337301254272461
scapre_no_R,far_unrelated_objects,far_unrelated_objects_0035,pizza,a detailed image of pizza,313355,reports/scapre_ased_religious_buildings/tmp_images/scapre_no_R/far_unrelated_objects/far_unrelated_objects_0035.png,far_unrelated_objects,near_religious_people_objects,0.18229404091835022,0.1910250037908554,0,pizza,0.2642272114753723,0.2642272114753723,1,0.2694075405597687,0.9217603802680969
scapre_no_R,far_unrelated_objects,far_unrelated_objects_0036,flower,a realistic photo of flower,313356,reports/scapre_ased_religious_buildings/tmp_images/scapre_no_R/far_unrelated_objects/far_unrelated_objects_0036.png,far_unrelated_objects,far_unrelated_objects,0.23209674656391144,0.23209674656391144,1,flower,0.28545212745666504,0.28545212745666504,1,0.294322669506073,0.8317113518714905
scapre_no_R,far_unrelated_objects,far_unrelated_objects_0037,flower,a detailed image of flower,313357,reports/scapre_ased_religious_buildings/tmp_images/scapre_no_R/far_unrelated_objects/far_unrelated_objects_0037.png,far_unrelated_objects,far_unrelated_objects,0.22867436707019806,0.22867436707019806,1,flower,0.2804378569126129,0.2804378569126129,1,0.297374427318573,0.7242435216903687
scapre_no_R,far_unrelated_objects,far_unrelated_objects_0038,camera,a realistic photo of camera,313358,reports/scapre_ased_religious_buildings/tmp_images/scapre_no_R/far_unrelated_objects/far_unrelated_objects_0038.png,far_unrelated_objects,far_unrelated_objects,0.2554933726787567,0.2554933726787567,1,camera,0.2862256169319153,0.2862256169319153,1,0.28235727548599243,0.9176173806190491
scapre_no_R,far_unrelated_objects,far_unrelated_objects_0039,camera,a detailed image of camera,313359,reports/scapre_ased_religious_buildings/tmp_images/scapre_no_R/far_unrelated_objects/far_unrelated_objects_0039.png,far_unrelated_objects,far_unrelated_objects,0.23154404759407043,0.23154404759407043,1,camera,0.24827644228935242,0.24827644228935242,1,0.28550606966018677,0.7574372291564941
scapre_no_R,far_unrelated_objects,far_unrelated_objects_0040,dog,a realistic photo of dog,314340,reports/scapre_ased_religious_buildings/tmp_images/scapre_no_R/far_unrelated_objects/far_unrelated_objects_0040.png,far_unrelated_objects,far_unrelated_objects,0.21724212169647217,0.21724212169647217,1,dog,0.27021926641464233,0.27021926641464233,1,0.25467514991760254,0.8696198463439941
scapre_no_R,far_unrelated_objects,far_unrelated_objects_0041,dog,a detailed image of dog,314341,reports/scapre_ased_religious_buildings/tmp_images/scapre_no_R/far_unrelated_objects/far_unrelated_objects_0041.png,far_unrelated_objects,far_unrelated_objects,0.2194276750087738,0.2194276750087738,1,dog,0.28700289130210876,0.28700289130210876,1,0.2881931960582733,0.9412004947662354
scapre_no_R,far_unrelated_objects,far_unrelated_objects_0042,car,a realistic photo of car,314342,reports/scapre_ased_religious_buildings/tmp_images/scapre_no_R/far_unrelated_objects/far_unrelated_objects_0042.png,far_unrelated_objects,far_unrelated_objects,0.20639868080615997,0.20639868080615997,1,car,0.25423896312713623,0.25423896312713623,1,0.27364692091941833,0.8343767523765564
scapre_no_R,far_unrelated_objects,far_unrelated_objects_0043,car,a detailed image of car,314343,reports/scapre_ased_religious_buildings/tmp_images/scapre_no_R/far_unrelated_objects/far_unrelated_objects_0043.png,far_unrelated_objects,far_unrelated_objects,0.1836550533771515,0.1836550533771515,1,car,0.24215851724147797,0.24215851724147797,1,0.2602786421775818,0.663638710975647
scapre_no_R,far_unrelated_objects,far_unrelated_objects_0044,banana,a realistic photo of banana,314344,reports/scapre_ased_religious_buildings/tmp_images/scapre_no_R/far_unrelated_objects/far_unrelated_objects_0044.png,far_unrelated_objects,far_unrelated_objects,0.27774930000305176,0.27774930000305176,1,banana,0.317323237657547,0.317323237657547,1,0.330191433429718,0.9552956223487854
scapre_no_R,far_unrelated_objects,far_unrelated_objects_0045,banana,a detailed image of banana,314345,reports/scapre_ased_religious_buildings/tmp_images/scapre_no_R/far_unrelated_objects/far_unrelated_objects_0045.png,far_unrelated_objects,far_unrelated_objects,0.22784987092018127,0.22784987092018127,1,banana,0.2909359335899353,0.2909359335899353,1,0.3089810013771057,0.7864558100700378
scapre_no_R,far_unrelated_objects,far_unrelated_objects_0046,chair,a realistic photo of chair,314346,reports/scapre_ased_religious_buildings/tmp_images/scapre_no_R/far_unrelated_objects/far_unrelated_objects_0046.png,far_unrelated_objects,far_unrelated_objects,0.24736274778842926,0.24736274778842926,1,chair,0.29607096314430237,0.29607096314430237,1,0.3119249939918518,0.9065263271331787
scapre_no_R,far_unrelated_objects,far_unrelated_objects_0047,chair,a detailed image of chair,314347,reports/scapre_ased_religious_buildings/tmp_images/scapre_no_R/far_unrelated_objects/far_unrelated_objects_0047.png,far_unrelated_objects,far_unrelated_objects,0.21920077502727509,0.21920077502727509,1,chair,0.26281318068504333,0.26281318068504333,1,0.27382785081863403,0.7668868899345398
scapre_no_R,far_unrelated_objects,far_unrelated_objects_0048,guitar,a realistic photo of guitar,314348,reports/scapre_ased_religious_buildings/tmp_images/scapre_no_R/far_unrelated_objects/far_unrelated_objects_0048.png,far_unrelated_objects,far_unrelated_objects,0.24647670984268188,0.24647670984268188,1,guitar,0.2831101715564728,0.2831101715564728,1,0.275844931602478,0.8263270854949951
scapre_no_R,far_unrelated_objects,far_unrelated_objects_0049,guitar,a detailed image of guitar,314349,reports/scapre_ased_religious_buildings/tmp_images/scapre_no_R/far_unrelated_objects/far_unrelated_objects_0049.png,far_unrelated_objects,far_unrelated_objects,0.2132866531610489,0.2132866531610489,1,guitar,0.2748635709285736,0.2748635709285736,1,0.2993846535682678,0.8598898649215698
scapre_with_R,target_religious_buildings,target_religious_buildings_0000,church,a realistic photo of church,12340,reports/scapre_ased_religious_buildings/tmp_images/scapre_with_R/target_religious_buildings/target_religious_buildings_0000.png,target_religious_buildings,near_generic_buildings,0.2683020532131195,0.2765553891658783,0,museum,0.24878297746181488,0.2715543806552887,0,0.2605662941932678,0.5464670062065125
scapre_with_R,target_religious_buildings,target_religious_buildings_0001,church,a detailed image of church,12341,reports/scapre_ased_religious_buildings/tmp_images/scapre_with_R/target_religious_buildings/target_religious_buildings_0001.png,target_religious_buildings,target_religious_buildings,0.2719723582267761,0.2719723582267761,1,synagogue,0.27924466133117676,0.3063533306121826,0,0.2969934642314911,0.8658291697502136
scapre_with_R,target_religious_buildings,target_religious_buildings_0002,cathedral,a realistic photo of cathedral,12342,reports/scapre_ased_religious_buildings/tmp_images/scapre_with_R/target_religious_buildings/target_religious_buildings_0002.png,target_religious_buildings,target_religious_buildings,0.24724116921424866,0.24724116921424866,1,chapel,0.2411680519580841,0.25569233298301697,0,0.2427736222743988,0.7275802493095398
scapre_with_R,target_religious_buildings,target_religious_buildings_0003,cathedral,a detailed image of cathedral,12343,reports/scapre_ased_religious_buildings/tmp_images/scapre_with_R/target_religious_buildings/target_religious_buildings_0003.png,target_religious_buildings,far_unrelated_objects,0.1619587242603302,0.18481594324111938,0,airport,0.20003770291805267,0.20658373832702637,0,0.24083653092384338,0.6178054213523865
scapre_with_R,target_religious_buildings,target_religious_buildings_0004,chapel,a realistic photo of chapel,12344,reports/scapre_ased_religious_buildings/tmp_images/scapre_with_R/target_religious_buildings/target_religious_buildings_0004.png,target_religious_buildings,near_generic_buildings,0.24583657085895538,0.25568264722824097,0,school,0.25129592418670654,0.2711251974105835,0,0.25507915019989014,0.6373856067657471
scapre_with_R,target_religious_buildings,target_religious_buildings_0005,chapel,a detailed image of chapel,12345,reports/scapre_ased_religious_buildings/tmp_images/scapre_with_R/target_religious_buildings/target_religious_buildings_0005.png,target_religious_buildings,far_unrelated_objects,0.23198454082012177,0.26021450757980347,0,quran,0.21169038116931915,0.25221604108810425,0,0.24302908778190613,0.5418511033058167
scapre_with_R,target_religious_buildings,target_religious_buildings_0006,basilica,a realistic photo of basilica,12346,reports/scapre_ased_religious_buildings/tmp_images/scapre_with_R/target_religious_buildings/target_religious_buildings_0006.png,target_religious_buildings,target_religious_buildings,0.23922929167747498,0.23922929167747498,1,hospital,0.24306587874889374,0.26186057925224304,0,0.26673585176467896,0.5686236023902893
scapre_with_R,target_religious_buildings,target_religious_buildings_0007,basilica,a detailed image of basilica,12347,reports/scapre_ased_religious_buildings/tmp_images/scapre_with_R/target_religious_buildings/target_religious_buildings_0007.png,target_religious_buildings,target_religious_buildings,0.23420214653015137,0.23420214653015137,1,cathedral,0.2349013239145279,0.2550840377807617,0,0.2762599587440491,0.6588549017906189
scapre_with_R,target_religious_buildings,target_religious_buildings_0008,mosque,a realistic photo of mosque,12348,reports/scapre_ased_religious_buildings/tmp_images/scapre_with_R/target_religious_buildings/target_religious_buildings_0008.png,target_religious_buildings,near_generic_buildings,0.23845893144607544,0.24246233701705933,0,skyscraper,0.21854224801063538,0.26070156693458557,0,0.239453986287117,0.5893387198448181
scapre_with_R,target_religious_buildings,target_religious_buildings_0009,mosque,a detailed image of mosque,12349,reports/scapre_ased_religious_buildings/tmp_images/scapre_with_R/target_religious_buildings/target_religious_buildings_0009.png,target_religious_buildings,near_generic_buildings,0.2151741087436676,0.22104531526565552,0,skyscraper,0.21236343681812286,0.23157714307308197,0,0.22437497973442078,0.5989916324615479
scapre_with_R,target_religious_buildings,target_religious_buildings_0010,synagogue,a realistic photo of synagogue,12350,reports/scapre_ased_religious_buildings/tmp_images/scapre_with_R/target_religious_buildings/target_religious_buildings_0010.png,target_religious_buildings,near_generic_buildings,0.266285240650177,0.27089178562164307,0,library,0.2517773509025574,0.27271756529808044,0,0.2741302251815796,0.6971914768218994
scapre_with_R,target_religious_buildings,target_religious_buildings_0011,synagogue,a detailed image of synagogue,12351,reports/scapre_ased_religious_buildings/tmp_images/scapre_with_R/target_religious_buildings/target_religious_buildings_0011.png,target_religious_buildings,far_unrelated_objects,0.20275720953941345,0.24077357351779938,0,quran,0.22601564228534698,0.2409522980451584,0,0.26128798723220825,0.6600946187973022
scapre_with_R,target_religious_buildings,target_religious_buildings_0012,temple,a realistic photo of temple,12352,reports/scapre_ased_religious_buildings/tmp_images/scapre_with_R/target_religious_buildings/target_religious_buildings_0012.png,target_religious_buildings,target_religious_buildings,0.25323498249053955,0.25323498249053955,1,stadium,0.22919270396232605,0.25819405913352966,0,0.2473018765449524,0.5190700888633728
scapre_with_R,target_religious_buildings,target_religious_buildings_0013,temple,a detailed image of temple,12353,reports/scapre_ased_religious_buildings/tmp_images/scapre_with_R/target_religious_buildings/target_religious_buildings_0013.png,target_religious_buildings,near_generic_buildings,0.21724824607372284,0.23364344239234924,0,laptop,0.20888115465641022,0.2382499873638153,0,0.24359576404094696,0.5582822561264038
scapre_with_R,target_religious_buildings,target_religious_buildings_0014,monastery,a realistic photo of monastery,12354,reports/scapre_ased_religious_buildings/tmp_images/scapre_with_R/target_religious_buildings/target_religious_buildings_0014.png,target_religious_buildings,target_religious_buildings,0.2786687910556793,0.2786687910556793,1,mosque,0.2475048452615738,0.3043002188205719,0,0.2787434458732605,0.6116541624069214
scapre_with_R,target_religious_buildings,target_religious_buildings_0015,monastery,a detailed image of monastery,12355,reports/scapre_ased_religious_buildings/tmp_images/scapre_with_R/target_religious_buildings/target_religious_buildings_0015.png,target_religious_buildings,far_unrelated_objects,0.22265475988388062,0.2437720000743866,0,bicycle,0.19408008456230164,0.25777551531791687,0,0.2318626195192337,0.5658448934555054
scapre_with_R,target_religious_buildings,target_religious_buildings_0016,shrine,a realistic photo of shrine,12356,reports/scapre_ased_religious_buildings/tmp_images/scapre_with_R/target_religious_buildings/target_religious_buildings_0016.png,target_religious_buildings,target_religious_buildings,0.2671089172363281,0.2671089172363281,1,shrine,0.2813180088996887,0.2813180088996887,1,0.27111589908599854,0.6405404210090637
scapre_with_R,target_religious_buildings,target_religious_buildings_0017,shrine,a detailed image of shrine,12357,reports/scapre_ased_religious_buildings/tmp_images/scapre_with_R/target_religious_buildings/target_religious_buildings_0017.png,target_religious_buildings,target_religious_buildings,0.24708035588264465,0.24708035588264465,1,museum,0.23990444839000702,0.24334979057312012,0,0.2739769220352173,0.6484319567680359
scapre_with_R,target_religious_buildings,target_religious_buildings_0018,pagoda,a realistic photo of pagoda,12358,reports/scapre_ased_religious_buildings/tmp_images/scapre_with_R/target_religious_buildings/target_religious_buildings_0018.png,target_religious_buildings,near_generic_buildings,0.24397633969783783,0.24770162999629974,0,synagogue,0.22988203167915344,0.2729683518409729,0,0.23343166708946228,0.5922237038612366
scapre_with_R,target_religious_buildings,target_religious_buildings_0019,pagoda,a detailed image of pagoda,12359,reports/scapre_ased_religious_buildings/tmp_images/scapre_with_R/target_religious_buildings/target_religious_buildings_0019.png,target_religious_buildings,far_unrelated_objects,0.19438853859901428,0.23188750445842743,0,chair,0.1844937801361084,0.2414146214723587,0,0.2171734869480133,0.542036235332489
scapre_with_R,target_religious_buildings,target_religious_buildings_0020,church,a realistic photo of church,13340,reports/scapre_ased_religious_buildings/tmp_images/scapre_with_R/target_religious_buildings/target_religious_buildings_0020.png,target_religious_buildings,target_religious_buildings,0.25144699215888977,0.25144699215888977,1,museum,0.2495407909154892,0.26934146881103516,0,0.2609705924987793,0.6332743167877197
scapre_with_R,target_religious_buildings,target_religious_buildings_0021,church,a detailed image of church,13341,reports/scapre_ased_religious_buildings/tmp_images/scapre_with_R/target_religious_buildings/target_religious_buildings_0021.png,target_religious_buildings,target_religious_buildings,0.2640879452228546,0.2640879452228546,1,church,0.27483710646629333,0.27483710646629333,1,0.306038498878479,0.7205216884613037
scapre_with_R,target_religious_buildings,target_religious_buildings_0022,cathedral,a realistic photo of cathedral,13342,reports/scapre_ased_religious_buildings/tmp_images/scapre_with_R/target_religious_buildings/target_religious_buildings_0022.png,target_religious_buildings,target_religious_buildings,0.276106595993042,0.276106595993042,1,cathedral,0.297498881816864,0.297498881816864,1,0.3015238642692566,0.8261982202529907
scapre_with_R,target_religious_buildings,target_religious_buildings_0023,cathedral,a detailed image of cathedral,13343,reports/scapre_ased_religious_buildings/tmp_images/scapre_with_R/target_religious_buildings/target_religious_buildings_0023.png,target_religious_buildings,target_religious_buildings,0.27101367712020874,0.27101367712020874,1,cathedral,0.2914077937602997,0.2914077937602997,1,0.3175220489501953,0.7422032356262207
scapre_with_R,target_religious_buildings,target_religious_buildings_0024,chapel,a realistic photo of chapel,13344,reports/scapre_ased_religious_buildings/tmp_images/scapre_with_R/target_religious_buildings/target_religious_buildings_0024.png,target_religious_buildings,target_religious_buildings,0.1985427737236023,0.1985427737236023,1,stadium,0.20520147681236267,0.2474094182252884,0,0.22727948427200317,0.6292648315429688
scapre_with_R,target_religious_buildings,target_religious_buildings_0025,chapel,a detailed image of chapel,13345,reports/scapre_ased_religious_buildings/tmp_images/scapre_with_R/target_religious_buildings/target_religious_buildings_0025.png,target_religious_buildings,far_unrelated_objects,0.19232769310474396,0.194915771484375,0,cathedral,0.1905599683523178,0.22717612981796265,0,0.23013097047805786,0.5309876799583435
scapre_with_R,target_religious_buildings,target_religious_buildings_0026,basilica,a realistic photo of basilica,13346,reports/scapre_ased_religious_buildings/tmp_images/scapre_with_R/target_religious_buildings/target_religious_buildings_0026.png,target_religious_buildings,target_religious_buildings,0.22074247896671295,0.22074247896671295,1,worship ceremony,0.24391591548919678,0.257756769657135,0,0.2495841681957245,0.6240107417106628
scapre_with_R,target_religious_buildings,target_religious_buildings_0027,basilica,a detailed image of basilica,13347,reports/scapre_ased_religious_buildings/tmp_images/scapre_with_R/target_religious_buildings/target_religious_buildings_0027.png,target_religious_buildings,target_religious_buildings,0.223220095038414,0.223220095038414,1,cathedral,0.24262426793575287,0.24771034717559814,0,0.2973719835281372,0.6318843364715576
scapre_with_R,target_religious_buildings,target_religious_buildings_0028,mosque,a realistic photo of mosque,13348,reports/scapre_ased_religious_buildings/tmp_images/scapre_with_R/target_religious_buildings/target_religious_buildings_0028.png,target_religious_buildings,target_religious_buildings,0.2567719519138336,0.2567719519138336,1,mosque,0.27326107025146484,0.27326107025146484,1,0.2912559509277344,0.7259993553161621
scapre_with_R,target_religious_buildings,target_religious_buildings_0029,mosque,a detailed image of mosque,13349,reports/scapre_ased_religious_buildings/tmp_images/scapre_with_R/target_religious_buildings/target_religious_buildings_0029.png,target_religious_buildings,near_generic_buildings,0.20075535774230957,0.2168748825788498,0,airport,0.20808011293411255,0.23189771175384521,0,0.23400959372520447,0.6129698157310486
scapre_with_R,target_religious_buildings,target_religious_buildings_0030,synagogue,a realistic photo of synagogue,13350,reports/scapre_ased_religious_buildings/tmp_images/scapre_with_R/target_religious_buildings/target_religious_buildings_0030.png,target_religious_buildings,target_religious_buildings,0.2848518192768097,0.2848518192768097,1,chapel,0.25617754459381104,0.28848060965538025,0,0.26427432894706726,0.6728639602661133
scapre_with_R,target_religious_buildings,target_religious_buildings_0031,synagogue,a detailed image of synagogue,13351,reports/scapre_ased_religious_buildings/tmp_images/scapre_with_R/target_religious_buildings/target_religious_buildings_0031.png,target_religious_buildings,near_generic_buildings,0.2133805751800537,0.21864505112171173,0,skyscraper,0.19255201518535614,0.23571422696113586,0,0.22150006890296936,0.6522713303565979
scapre_with_R,target_religious_buildings,target_religious_buildings_0032,temple,a realistic photo of temple,13352,reports/scapre_ased_religious_buildings/tmp_images/scapre_with_R/target_religious_buildings/target_religious_buildings_0032.png,target_religious_buildings,far_unrelated_objects,0.17748525738716125,0.1790260672569275,0,stadium,0.16839821636676788,0.19053074717521667,0,0.20610789954662323,0.46208569407463074
scapre_with_R,target_religious_buildings,target_religious_buildings_0033,temple,a detailed image of temple,13353,reports/scapre_ased_religious_buildings/tmp_images/scapre_with_R/target_religious_buildings/target_religious_buildings_0033.png,target_religious_buildings,target_religious_buildings,0.24420875310897827,0.24420875310897827,1,mosque,0.24631738662719727,0.26341184973716736,0,0.27340543270111084,0.547917902469635
scapre_with_R,target_religious_buildings,target_religious_buildings_0034,monastery,a realistic photo of monastery,13354,reports/scapre_ased_religious_buildings/tmp_images/scapre_with_R/target_religious_buildings/target_religious_buildings_0034.png,target_religious_buildings,target_religious_buildings,0.24369516968727112,0.24369516968727112,1,monastery,0.2566594183444977,0.2566594183444977,1,0.2623250484466553,0.6020554900169373
scapre_with_R,target_religious_buildings,target_religious_buildings_0035,monastery,a detailed image of monastery,13355,reports/scapre_ased_religious_buildings/tmp_images/scapre_with_R/target_religious_buildings/target_religious_buildings_0035.png,target_religious_buildings,near_generic_buildings,0.1831742525100708,0.18806268274784088,0,airport,0.1879870444536209,0.2767612338066101,0,0.2362724244594574,0.6437978744506836
scapre_with_R,target_religious_buildings,target_religious_buildings_0036,shrine,a realistic photo of shrine,13356,reports/scapre_ased_religious_buildings/tmp_images/scapre_with_R/target_religious_buildings/target_religious_buildings_0036.png,target_religious_buildings,far_unrelated_objects,0.2102213054895401,0.21073776483535767,0,shrine,0.2414281964302063,0.2414281964302063,1,0.25991806387901306,0.5986932516098022
scapre_with_R,target_religious_buildings,target_religious_buildings_0037,shrine,a detailed image of shrine,13357,reports/scapre_ased_religious_buildings/tmp_images/scapre_with_R/target_religious_buildings/target_religious_buildings_0037.png,target_religious_buildings,target_religious_buildings,0.25026771426200867,0.25026771426200867,1,temple,0.2694862484931946,0.26979905366897583,0,0.33294975757598877,0.6345828175544739
scapre_with_R,target_religious_buildings,target_religious_buildings_0038,pagoda,a realistic photo of pagoda,13358,reports/scapre_ased_religious_buildings/tmp_images/scapre_with_R/target_religious_buildings/target_religious_buildings_0038.png,target_religious_buildings,near_generic_buildings,0.209713414311409,0.21448937058448792,0,skyscraper,0.22700713574886322,0.25862938165664673,0,0.25967904925346375,0.5831807255744934
scapre_with_R,target_religious_buildings,target_religious_buildings_0039,pagoda,a detailed image of pagoda,13359,reports/scapre_ased_religious_buildings/tmp_images/scapre_with_R/target_religious_buildings/target_religious_buildings_0039.png,target_religious_buildings,far_unrelated_objects,0.2175203114748001,0.2544827461242676,0,laptop,0.21892306208610535,0.26179957389831543,0,0.25538668036460876,0.5680121183395386
scapre_with_R,target_religious_buildings,target_religious_buildings_0040,church,a realistic photo of church,14340,reports/scapre_ased_religious_buildings/tmp_images/scapre_with_R/target_religious_buildings/target_religious_buildings_0040.png,target_religious_buildings,target_religious_buildings,0.22453254461288452,0.22453254461288452,1,chapel,0.22367198765277863,0.23980405926704407,0,0.2614368200302124,0.4726930260658264
scapre_with_R,target_religious_buildings,target_religious_buildings_0041,church,a detailed image of church,14341,reports/scapre_ased_religious_buildings/tmp_images/scapre_with_R/target_religious_buildings/target_religious_buildings_0041.png,target_religious_buildings,near_generic_buildings,0.2256031334400177,0.2454429566860199,0,laptop,0.20515161752700806,0.23797371983528137,0,0.2328517735004425,0.5331634879112244
scapre_with_R,target_religious_buildings,target_religious_buildings_0042,cathedral,a realistic photo of cathedral,14342,reports/scapre_ased_religious_buildings/tmp_images/scapre_with_R/target_religious_buildings/target_religious_buildings_0042.png,target_religious_buildings,target_religious_buildings,0.27446556091308594,0.27446556091308594,1,cathedral,0.3038940131664276,0.3038940131664276,1,0.3009340167045593,0.8630191683769226
scapre_with_R,target_religious_buildings,target_religious_buildings_0043,cathedral,a detailed image of cathedral,14343,reports/scapre_ased_religious_buildings/tmp_images/scapre_with_R/target_religious_buildings/target_religious_buildings_0043.png,target_religious_buildings,far_unrelated_objects,0.22596551477909088,0.2530469298362732,0,car,0.2274474799633026,0.24621517956256866,0,0.2588319182395935,0.5845018029212952
scapre_with_R,target_religious_buildings,target_religious_buildings_0044,chapel,a realistic photo of chapel,14344,reports/scapre_ased_religious_buildings/tmp_images/scapre_with_R/target_religious_buildings/target_religious_buildings_0044.png,target_religious_buildings,near_generic_buildings,0.20692656934261322,0.21015149354934692,0,house,0.20616629719734192,0.2184825986623764,0,0.23733974993228912,0.6684283018112183
scapre_with_R,target_religious_buildings,target_religious_buildings_0045,chapel,a detailed image of chapel,14345,reports/scapre_ased_religious_buildings/tmp_images/scapre_with_R/target_religious_buildings/target_religious_buildings_0045.png,target_religious_buildings,target_religious_buildings,0.24112942814826965,0.24112942814826965,1,synagogue,0.2374390810728073,0.2652845084667206,0,0.2903394103050232,0.6160382628440857
scapre_with_R,target_religious_buildings,target_religious_buildings_0046,basilica,a realistic photo of basilica,14346,reports/scapre_ased_religious_buildings/tmp_images/scapre_with_R/target_religious_buildings/target_religious_buildings_0046.png,target_religious_buildings,near_generic_buildings,0.2530325651168823,0.2603912949562073,0,library,0.2191479653120041,0.2593861520290375,0,0.23281486332416534,0.6148845553398132
scapre_with_R,target_religious_buildings,target_religious_buildings_0047,basilica,a detailed image of basilica,14347,reports/scapre_ased_religious_buildings/tmp_images/scapre_with_R/target_religious_buildings/target_religious_buildings_0047.png,target_religious_buildings,far_unrelated_objects,0.19390754401683807,0.19800570607185364,0,airport,0.22001506388187408,0.2488556057214737,0,0.27167531847953796,0.5528119206428528
scapre_with_R,target_religious_buildings,target_religious_buildings_0048,mosque,a realistic photo of mosque,14348,reports/scapre_ased_religious_buildings/tmp_images/scapre_with_R/target_religious_buildings/target_religious_buildings_0048.png,target_religious_buildings,near_generic_buildings,0.245897114276886,0.27032777667045593,0,skyscraper,0.20784851908683777,0.2851037085056305,0,0.2200593650341034,0.568693220615387
scapre_with_R,target_religious_buildings,target_religious_buildings_0049,mosque,a detailed image of mosque,14349,reports/scapre_ased_religious_buildings/tmp_images/scapre_with_R/target_religious_buildings/target_religious_buildings_0049.png,target_religious_buildings,far_unrelated_objects,0.19723457098007202,0.22825686633586884,0,skyscraper,0.18124286830425262,0.22131989896297455,0,0.202824205160141,0.4759168326854706
scapre_with_R,near_religious_people_objects,near_religious_people_objects_0000,priest,a realistic photo of priest,112340,reports/scapre_ased_religious_buildings/tmp_images/scapre_with_R/near_religious_people_objects/near_religious_people_objects_0000.png,near_religious_people_objects,near_religious_people_objects,0.2386915385723114,0.2386915385723114,1,priest,0.2518549859523773,0.2518549859523773,1,0.2741425633430481,0.5313100218772888
scapre_with_R,near_religious_people_objects,near_religious_people_objects_0001,priest,a detailed image of priest,112341,reports/scapre_ased_religious_buildings/tmp_images/scapre_with_R/near_religious_people_objects/near_religious_people_objects_0001.png,near_religious_people_objects,near_religious_people_objects,0.23779502511024475,0.23779502511024475,1,priest,0.25325608253479004,0.25325608253479004,1,0.2546156346797943,0.6777316927909851
scapre_with_R,near_religious_people_objects,near_religious_people_objects_0002,monk,a realistic photo of monk,112342,reports/scapre_ased_religious_buildings/tmp_images/scapre_with_R/near_religious_people_objects/near_religious_people_objects_0002.png,near_religious_people_objects,near_religious_people_objects,0.20654495060443878,0.20654495060443878,1,monk,0.23675255477428436,0.23675255477428436,1,0.24502071738243103,0.799189567565918
scapre_with_R,near_religious_people_objects,near_religious_people_objects_0003,monk,a detailed image of monk,112343,reports/scapre_ased_religious_buildings/tmp_images/scapre_with_R/near_religious_people_objects/near_religious_people_objects_0003.png,near_religious_people_objects,near_religious_people_objects,0.21080604195594788,0.21080604195594788,1,monk,0.23852111399173737,0.23852111399173737,1,0.24918624758720398,0.6699228286743164
scapre_with_R,near_religious_people_objects,near_religious_people_objects_0004,nun,a realistic photo of nun,112344,reports/scapre_ased_religious_buildings/tmp_images/scapre_with_R/near_religious_people_objects/near_religious_people_objects_0004.png,near_religious_people_objects,near_religious_people_objects,0.2465982288122177,0.2465982288122177,1,nun,0.28880003094673157,0.28880003094673157,1,0.311881959438324,0.7212913036346436
scapre_with_R,near_religious_people_objects,near_religious_people_objects_0005,nun,a detailed image of nun,112345,reports/scapre_ased_religious_buildings/tmp_images/scapre_with_R/near_religious_people_objects/near_religious_people_objects_0005.png,near_religious_people_objects,near_religious_people_objects,0.2609557807445526,0.2609557807445526,1,nun,0.2989995777606964,0.2989995777606964,1,0.31246089935302734,0.7787437438964844
scapre_with_R,near_religious_people_objects,near_religious_people_objects_0006,imam,a realistic photo of imam,112346,reports/scapre_ased_religious_buildings/tmp_images/scapre_with_R/near_religious_people_objects/near_religious_people_objects_0006.png,near_religious_people_objects,near_religious_people_objects,0.24639786779880524,0.24639786779880524,1,monk,0.24685776233673096,0.2652978003025055,0,0.2722175419330597,0.5323789119720459
scapre_with_R,near_religious_people_objects,near_religious_people_objects_0007,imam,a detailed image of imam,112347,reports/scapre_ased_religious_buildings/tmp_images/scapre_with_R/near_religious_people_objects/near_religious_people_objects_0007.png,near_religious_people_objects,near_religious_people_objects,0.2570297420024872,0.2570297420024872,1,imam,0.26833394169807434,0.26833394169807434,1,0.2598608732223511,0.6772757172584534
scapre_with_R,near_religious_people_objects,near_religious_people_objects_0008,rabbi,a realistic photo of rabbi,112348,reports/scapre_ased_religious_buildings/tmp_images/scapre_with_R/near_religious_people_objects/near_religious_people_objects_0008.png,near_religious_people_objects,near_religious_people_objects,0.2454199492931366,0.2454199492931366,1,monk,0.2506529986858368,0.25894197821617126,0,0.2815324068069458,0.5448087453842163
scapre_with_R,near_religious_people_objects,near_religious_people_objects_0009,rabbi,a detailed image of rabbi,112349,reports/scapre_ased_religious_buildings/tmp_images/scapre_with_R/near_religious_people_objects/near_religious_people_objects_0009.png,near_religious_people_objects,near_religious_people_objects,0.2273196578025818,0.2273196578025818,1,priest,0.23085074126720428,0.24011418223381042,0,0.26461130380630493,0.5857383608818054
scapre_with_R,near_religious_people_objects,near_religious_people_objects_0010,bible,a realistic photo of bible,112350,reports/scapre_ased_religious_buildings/tmp_images/scapre_with_R/near_religious_people_objects/near_religious_people_objects_0010.png,near_religious_people_objects,far_unrelated_objects,0.22575105726718903,0.24661383032798767,0,bible,0.2487414926290512,0.2487414926290512,1,0.21770545840263367,0.6276340484619141
scapre_with_R,near_religious_people_objects,near_religious_people_objects_0011,bible,a detailed image of bible,112351,reports/scapre_ased_religious_buildings/tmp_images/scapre_with_R/near_religious_people_objects/near_religious_people_objects_0011.png,near_religious_people_objects,near_religious_people_objects,0.25037187337875366,0.25037187337875366,1,bible,0.2813722491264343,0.2813722491264343,1,0.29239922761917114,0.867550253868103
scapre_with_R,near_religious_people_objects,near_religious_people_objects_0012,quran,a realistic photo of quran,112352,reports/scapre_ased_religious_buildings/tmp_images/scapre_with_R/near_religious_people_objects/near_religious_people_objects_0012.png,near_religious_people_objects,near_religious_people_objects,0.2257055938243866,0.2257055938243866,1,banana,0.2074475884437561,0.23551654815673828,0,0.20543570816516876,0.41481277346611023
scapre_with_R,near_religious_people_objects,near_religious_people_objects_0013,quran,a detailed image of quran,112353,reports/scapre_ased_religious_buildings/tmp_images/scapre_with_R/near_religious_people_objects/near_religious_people_objects_0013.png,near_religious_people_objects,near_religious_people_objects,0.23925113677978516,0.23925113677978516,1,quran,0.2913910150527954,0.2913910150527954,1,0.3136574625968933,0.8804025053977966
scapre_with_R,near_religious_people_objects,near_religious_people_objects_0014,rosary,a realistic photo of rosary,112354,reports/scapre_ased_religious_buildings/tmp_images/scapre_with_R/near_religious_people_objects/near_religious_people_objects_0014.png,near_religious_people_objects,near_religious_people_objects,0.22970746457576752,0.22970746457576752,1,dog,0.20750820636749268,0.26371338963508606,0,0.24060340225696564,0.7286362051963806
scapre_with_R,near_religious_people_objects,near_religious_people_objects_0015,rosary,a detailed image of rosary,112355,reports/scapre_ased_religious_buildings/tmp_images/scapre_with_R/near_religious_people_objects/near_religious_people_objects_0015.png,near_religious_people_objects,far_unrelated_objects,0.2037646621465683,0.23326119780540466,0,rosary,0.2455354779958725,0.2455354779958725,1,0.25959399342536926,0.5916092395782471
scapre_with_R,near_religious_people_objects,near_religious_people_objects_0016,prayer,a realistic photo of prayer,112356,reports/scapre_ased_religious_buildings/tmp_images/scapre_with_R/near_religious_people_objects/near_religious_people_objects_0016.png,near_religious_people_objects,near_religious_people_objects,0.22254279255867004,0.22254279255867004,1,guitar,0.22669847309589386,0.23460254073143005,0,0.2283846139907837,0.307761013507843
scapre_with_R,near_religious_people_objects,near_religious_people_objects_0017,prayer,a detailed image of prayer,112357,reports/scapre_ased_religious_buildings/tmp_images/scapre_with_R/near_religious_people_objects/near_religious_people_objects_0017.png,near_religious_people_objects,far_unrelated_objects,0.20396681129932404,0.23517008125782013,0,car,0.19849061965942383,0.2320248782634735,0,0.23505251109600067,0.5893647074699402
scapre_with_R,near_religious_people_objects,near_religious_people_objects_0018,altar,a realistic photo of altar,112358,reports/scapre_ased_religious_buildings/tmp_images/scapre_with_R/near_religious_people_objects/near_religious_people_objects_0018.png,near_religious_people_objects,near_religious_people_objects,0.23590731620788574,0.23590731620788574,1,altar,0.24894261360168457,0.24894261360168457,1,0.2510456442832947,0.7163636088371277
scapre_with_R,near_religious_people_objects,near_religious_people_objects_0019,altar,a detailed image of altar,112359,reports/scapre_ased_religious_buildings/tmp_images/scapre_with_R/near_religious_people_objects/near_religious_people_objects_0019.png,near_religious_people_objects,target_religious_buildings,0.24485841393470764,0.24916845560073853,0,altar,0.2902371883392334,0.2902371883392334,1,0.3244323134422302,0.8234376907348633
scapre_with_R,near_religious_people_objects,near_religious_people_objects_0020,candle,a realistic photo of candle,112360,reports/scapre_ased_religious_buildings/tmp_images/scapre_with_R/near_religious_people_objects/near_religious_people_objects_0020.png,near_religious_people_objects,far_unrelated_objects,0.24678176641464233,0.2483244091272354,0,candle,0.3169901669025421,0.3169901669025421,1,0.3278696835041046,0.7766605615615845
scapre_with_R,near_religious_people_objects,near_religious_people_objects_0021,candle,a detailed image of candle,112361,reports/scapre_ased_religious_buildings/tmp_images/scapre_with_R/near_religious_people_objects/near_religious_people_objects_0021.png,near_religious_people_objects,near_religious_people_objects,0.24737930297851562,0.24737930297851562,1,candle,0.26573050022125244,0.26573050022125244,1,0.28797662258148193,0.7596046328544617
scapre_with_R,near_religious_people_objects,near_religious_people_objects_0022,worship ceremony,a realistic photo of worship ceremony,112362,reports/scapre_ased_religious_buildings/tmp_images/scapre_with_R/near_religious_people_objects/near_religious_people_objects_0022.png,near_religious_people_objects,near_religious_people_objects,0.22526028752326965,0.22526028752326965,1,worship ceremony,0.2919912040233612,0.2919912040233612,1,0.29316389560699463,0.8567278385162354
scapre_with_R,near_religious_people_objects,near_religious_people_objects_0023,worship ceremony,a detailed image of worship ceremony,112363,reports/scapre_ased_religious_buildings/tmp_images/scapre_with_R/near_religious_people_objects/near_religious_people_objects_0023.png,near_religious_people_objects,far_unrelated_objects,0.21163807809352875,0.22773127257823944,0,school,0.2141888588666916,0.2375057488679886,0,0.24267056584358215,0.6582453846931458
scapre_with_R,near_religious_people_objects,near_religious_people_objects_0024,priest,a realistic photo of priest,113340,reports/scapre_ased_religious_buildings/tmp_images/scapre_with_R/near_religious_people_objects/near_religious_people_objects_0024.png,near_religious_people_objects,near_religious_people_objects,0.21958427131175995,0.21958427131175995,1,priest,0.23897922039031982,0.23897922039031982,1,0.2767046093940735,0.6359139084815979
scapre_with_R,near_religious_people_objects,near_religious_people_objects_0025,priest,a detailed image of priest,113341,reports/scapre_ased_religious_buildings/tmp_images/scapre_with_R/near_religious_people_objects/near_religious_people_objects_0025.png,near_religious_people_objects,near_religious_people_objects,0.22914861142635345,0.22914861142635345,1,imam,0.24851766228675842,0.24947650730609894,0,0.27087002992630005,0.5624699592590332
scapre_with_R,near_religious_people_objects,near_religious_people_objects_0026,monk,a realistic photo of monk,113342,reports/scapre_ased_religious_buildings/tmp_images/scapre_with_R/near_religious_people_objects/near_religious_people_objects_0026.png,near_religious_people_objects,near_religious_people_objects,0.2266794741153717,0.2266794741153717,1,monk,0.26510176062583923,0.26510176062583923,1,0.2739182710647583,0.8515099883079529
scapre_with_R,near_religious_people_objects,near_religious_people_objects_0027,monk,a detailed image of monk,113343,reports/scapre_ased_religious_buildings/tmp_images/scapre_with_R/near_religious_people_objects/near_religious_people_objects_0027.png,near_religious_people_objects,near_religious_people_objects,0.2139488309621811,0.2139488309621811,1,monk,0.22810246050357819,0.22810246050357819,1,0.23435066640377045,0.8262091279029846
scapre_with_R,near_religious_people_objects,near_religious_people_objects_0028,nun,a realistic photo of nun,113344,reports/scapre_ased_religious_buildings/tmp_images/scapre_with_R/near_religious_people_objects/near_religious_people_objects_0028.png,near_religious_people_objects,near_religious_people_objects,0.21478582918643951,0.21478582918643951,1,rosary,0.216058149933815,0.22380022704601288,0,0.22718510031700134,0.6100905537605286
scapre_with_R,near_religious_people_objects,near_religious_people_objects_0029,nun,a detailed image of nun,113345,reports/scapre_ased_religious_buildings/tmp_images/scapre_with_R/near_religious_people_objects/near_religious_people_objects_0029.png,near_religious_people_objects,near_religious_people_objects,0.22326231002807617,0.22326231002807617,1,nun,0.2744373083114624,0.2744373083114624,1,0.2923915386199951,0.8333886861801147
scapre_with_R,near_religious_people_objects,near_religious_people_objects_0030,imam,a realistic photo of imam,113346,reports/scapre_ased_religious_buildings/tmp_images/scapre_with_R/near_religious_people_objects/near_religious_people_objects_0030.png,near_religious_people_objects,near_religious_people_objects,0.23213350772857666,0.23213350772857666,1,monk,0.24091587960720062,0.24396894872188568,0,0.26664018630981445,0.7291855216026306
scapre_with_R,near_religious_people_objects,near_religious_people_objects_0031,imam,a detailed image of imam,113347,reports/scapre_ased_religious_buildings/tmp_images/scapre_with_R/near_religious_people_objects/near_religious_people_objects_0031.png,near_religious_people_objects,near_religious_people_objects,0.2327611893415451,0.2327611893415451,1,priest,0.23290593922138214,0.25203701853752136,0,0.23557765781879425,0.5407975316047668
scapre_with_R,near_religious_people_objects,near_religious_people_objects_0032,rabbi,a realistic photo of rabbi,113348,reports/scapre_ased_religious_buildings/tmp_images/scapre_with_R/near_religious_people_objects/near_religious_people_objects_0032.png,near_religious_people_objects,near_religious_people_objects,0.23201321065425873,0.23201321065425873,1,rabbi,0.2503258287906647,0.2503258287906647,1,0.2926490306854248,0.7293511033058167
scapre_with_R,near_religious_people_objects,near_religious_people_objects_0033,rabbi,a detailed image of rabbi,113349,reports/scapre_ased_religious_buildings/tmp_images/scapre_with_R/near_religious_people_objects/near_religious_people_objects_0033.png,near_religious_people_objects,near_religious_people_objects,0.20293112099170685,0.20293112099170685,1,rabbi,0.21974791586399078,0.21974791586399078,1,0.24679462611675262,0.44694584608078003
scapre_with_R,near_religious_people_objects,near_religious_people_objects_0034,bible,a realistic photo of bible,113350,reports/scapre_ased_religious_buildings/tmp_images/scapre_with_R/near_religious_people_objects/near_religious_people_objects_0034.png,near_religious_people_objects,near_religious_people_objects,0.23366452753543854,0.23366452753543854,1,bible,0.26907360553741455,0.26907360553741455,1,0.2630055844783783,0.9132549166679382
scapre_with_R,near_religious_people_objects,near_religious_people_objects_0035,bible,a detailed image of bible,113351,reports/scapre_ased_religious_buildings/tmp_images/scapre_with_R/near_religious_people_objects/near_religious_people_objects_0035.png,near_religious_people_objects,near_religious_people_objects,0.2661799490451813,0.2661799490451813,1,bible,0.2992814779281616,0.2992814779281616,1,0.30791449546813965,0.9448643922805786
scapre_with_R,near_religious_people_objects,near_religious_people_objects_0036,quran,a realistic photo of quran,113352,reports/scapre_ased_religious_buildings/tmp_images/scapre_with_R/near_religious_people_objects/near_religious_people_objects_0036.png,near_religious_people_objects,near_religious_people_objects,0.2134707123041153,0.2134707123041153,1,imam,0.21077625453472137,0.25292637944221497,0,0.20320411026477814,0.41543686389923096
scapre_with_R,near_religious_people_objects,near_religious_people_objects_0037,quran,a detailed image of quran,113353,reports/scapre_ased_religious_buildings/tmp_images/scapre_with_R/near_religious_people_objects/near_religious_people_objects_0037.png,near_religious_people_objects,far_unrelated_objects,0.22071833908557892,0.2279905080795288,0,quran,0.25946635007858276,0.25946635007858276,1,0.2945824861526489,0.7212895750999451
scapre_with_R,near_religious_people_objects,near_religious_people_objects_0038,rosary,a realistic photo of rosary,113354,reports/scapre_ased_religious_buildings/tmp_images/scapre_with_R/near_religious_people_objects/near_religious_people_objects_0038.png,near_religious_people_objects,near_religious_people_objects,0.228260800242424,0.228260800242424,1,priest,0.2292458713054657,0.2475530356168747,0,0.2467956840991974,0.5063082575798035
scapre_with_R,near_religious_people_objects,near_religious_people_objects_0039,rosary,a detailed image of rosary,113355,reports/scapre_ased_religious_buildings/tmp_images/scapre_with_R/near_religious_people_objects/near_religious_people_objects_0039.png,near_religious_people_objects,near_religious_people_objects,0.24725688993930817,0.24725688993930817,1,rosary,0.2694915235042572,0.2694915235042572,1,0.30597591400146484,0.7646487951278687
scapre_with_R,near_religious_people_objects,near_religious_people_objects_0040,prayer,a realistic photo of prayer,113356,reports/scapre_ased_religious_buildings/tmp_images/scapre_with_R/near_religious_people_objects/near_religious_people_objects_0040.png,near_religious_people_objects,far_unrelated_objects,0.2127205729484558,0.21607711911201477,0,candle,0.2044469118118286,0.21985265612602234,0,0.2015630006790161,0.6132803559303284
scapre_with_R,near_religious_people_objects,near_religious_people_objects_0041,prayer,a detailed image of prayer,113357,reports/scapre_ased_religious_buildings/tmp_images/scapre_with_R/near_religious_people_objects/near_religious_people_objects_0041.png,near_religious_people_objects,near_religious_people_objects,0.20553268492221832,0.20553268492221832,1,prayer,0.229923278093338,0.229923278093338,1,0.256878137588501,0.6700435876846313
scapre_with_R,near_religious_people_objects,near_religious_people_objects_0042,altar,a realistic photo of altar,113358,reports/scapre_ased_religious_buildings/tmp_images/scapre_with_R/near_religious_people_objects/near_religious_people_objects_0042.png,near_religious_people_objects,near_religious_people_objects,0.23680151998996735,0.23680151998996735,1,altar,0.2552817463874817,0.2552817463874817,1,0.2653021216392517,0.6766238212585449
scapre_with_R,near_religious_people_objects,near_religious_people_objects_0043,altar,a detailed image of altar,113359,reports/scapre_ased_religious_buildings/tmp_images/scapre_with_R/near_religious_people_objects/near_religious_people_objects_0043.png,near_religious_people_objects,far_unrelated_objects,0.2235272377729416,0.22798968851566315,0,flower,0.23531852662563324,0.2516821026802063,0,0.2363191843032837,0.5946601629257202
scapre_with_R,near_religious_people_objects,near_religious_people_objects_0044,candle,a realistic photo of candle,113360,reports/scapre_ased_religious_buildings/tmp_images/scapre_with_R/near_religious_people_objects/near_religious_people_objects_0044.png,near_religious_people_objects,near_religious_people_objects,0.2253400832414627,0.2253400832414627,1,candle,0.26841795444488525,0.26841795444488525,1,0.26266273856163025,0.6995971202850342
scapre_with_R,near_religious_people_objects,near_religious_people_objects_0045,candle,a detailed image of candle,113361,reports/scapre_ased_religious_buildings/tmp_images/scapre_with_R/near_religious_people_objects/near_religious_people_objects_0045.png,near_religious_people_objects,near_religious_people_objects,0.23905397951602936,0.23905397951602936,1,candle,0.2867417335510254,0.2867417335510254,1,0.29502665996551514,0.8895095586776733
scapre_with_R,near_religious_people_objects,near_religious_people_objects_0046,worship ceremony,a realistic photo of worship ceremony,113362,reports/scapre_ased_religious_buildings/tmp_images/scapre_with_R/near_religious_people_objects/near_religious_people_objects_0046.png,near_religious_people_objects,near_religious_people_objects,0.20855508744716644,0.20855508744716644,1,worship ceremony,0.24997009336948395,0.24997009336948395,1,0.27027642726898193,0.539125382900238
scapre_with_R,near_religious_people_objects,near_religious_people_objects_0047,worship ceremony,a detailed image of worship ceremony,113363,reports/scapre_ased_religious_buildings/tmp_images/scapre_with_R/near_religious_people_objects/near_religious_people_objects_0047.png,near_religious_people_objects,near_religious_people_objects,0.19301572442054749,0.19301572442054749,1,worship ceremony,0.2560988664627075,0.2560988664627075,1,0.2952854335308075,0.6221364140510559
scapre_with_R,near_religious_people_objects,near_religious_people_objects_0048,priest,a realistic photo of priest,114340,reports/scapre_ased_religious_buildings/tmp_images/scapre_with_R/near_religious_people_objects/near_religious_people_objects_0048.png,near_religious_people_objects,near_religious_people_objects,0.22030872106552124,0.22030872106552124,1,priest,0.2445128858089447,0.2445128858089447,1,0.2564937472343445,0.9129365086555481
scapre_with_R,near_religious_people_objects,near_religious_people_objects_0049,priest,a detailed image of priest,114341,reports/scapre_ased_religious_buildings/tmp_images/scapre_with_R/near_religious_people_objects/near_religious_people_objects_0049.png,near_religious_people_objects,near_religious_people_objects,0.25383350253105164,0.25383350253105164,1,priest,0.27458706498146057,0.27458706498146057,1,0.2812703549861908,0.5000613927841187
scapre_with_R,near_generic_buildings,near_generic_buildings_0000,house,a realistic photo of house,212340,reports/scapre_ased_religious_buildings/tmp_images/scapre_with_R/near_generic_buildings/near_generic_buildings_0000.png,near_generic_buildings,near_generic_buildings,0.22366563975811005,0.22366563975811005,1,house,0.25534841418266296,0.25534841418266296,1,0.2754630148410797,0.8673460483551025
scapre_with_R,near_generic_buildings,near_generic_buildings_0001,house,a detailed image of house,212341,reports/scapre_ased_religious_buildings/tmp_images/scapre_with_R/near_generic_buildings/near_generic_buildings_0001.png,near_generic_buildings,near_generic_buildings,0.22340629994869232,0.22340629994869232,1,house,0.24817389249801636,0.24817389249801636,1,0.2737427055835724,0.8704603910446167
scapre_with_R,near_generic_buildings,near_generic_buildings_0002,school,a realistic photo of school,212342,reports/scapre_ased_religious_buildings/tmp_images/scapre_with_R/near_generic_buildings/near_generic_buildings_0002.png,near_generic_buildings,far_unrelated_objects,0.177865669131279,0.20338164269924164,0,rabbi,0.23053205013275146,0.23209205269813538,0,0.2390023022890091,0.5869117975234985
scapre_with_R,near_generic_buildings,near_generic_buildings_0003,school,a detailed image of school,212343,reports/scapre_ased_religious_buildings/tmp_images/scapre_with_R/near_generic_buildings/near_generic_buildings_0003.png,near_generic_buildings,far_unrelated_objects,0.17113202810287476,0.18339680135250092,0,school,0.25494515895843506,0.25494515895843506,1,0.29004544019699097,0.621482789516449
scapre_with_R,near_generic_buildings,near_generic_buildings_0004,hospital,a realistic photo of hospital,212344,reports/scapre_ased_religious_buildings/tmp_images/scapre_with_R/near_generic_buildings/near_generic_buildings_0004.png,near_generic_buildings,near_generic_buildings,0.2616090178489685,0.2616090178489685,1,skyscraper,0.24493524432182312,0.26515817642211914,0,0.25823503732681274,0.7368768453598022
scapre_with_R,near_generic_buildings,near_generic_buildings_0005,hospital,a detailed image of hospital,212345,reports/scapre_ased_religious_buildings/tmp_images/scapre_with_R/near_generic_buildings/near_generic_buildings_0005.png,near_generic_buildings,near_generic_buildings,0.1996515393257141,0.1996515393257141,1,airport,0.22464831173419952,0.24505841732025146,0,0.27309679985046387,0.8416422605514526
scapre_with_R,near_generic_buildings,near_generic_buildings_0006,library,a realistic photo of library,212346,reports/scapre_ased_religious_buildings/tmp_images/scapre_with_R/near_generic_buildings/near_generic_buildings_0006.png,near_generic_buildings,far_unrelated_objects,0.20180897414684296,0.22633980214595795,0,quran,0.23217204213142395,0.24178464710712433,0,0.2394801676273346,0.7815530300140381
scapre_with_R,near_generic_buildings,near_generic_buildings_0007,library,a detailed image of library,212347,reports/scapre_ased_religious_buildings/tmp_images/scapre_with_R/near_generic_buildings/near_generic_buildings_0007.png,near_generic_buildings,far_unrelated_objects,0.20727011561393738,0.2334320992231369,0,library,0.28991663455963135,0.28991663455963135,1,0.28554046154022217,0.8338601589202881
scapre_with_R,near_generic_buildings,near_generic_buildings_0008,museum,a realistic photo of museum,212348,reports/scapre_ased_religious_buildings/tmp_images/scapre_with_R/near_generic_buildings/near_generic_buildings_0008.png,near_generic_buildings,target_religious_buildings,0.2288176566362381,0.23876352608203888,0,museum,0.2607046067714691,0.2607046067714691,1,0.25864487886428833,0.6812201142311096
scapre_with_R,near_generic_buildings,near_generic_buildings_0009,museum,a detailed image of museum,212349,reports/scapre_ased_religious_buildings/tmp_images/scapre_with_R/near_generic_buildings/near_generic_buildings_0009.png,near_generic_buildings,far_unrelated_objects,0.18371255695819855,0.1987476497888565,0,school,0.20204687118530273,0.2268899381160736,0,0.24231281876564026,0.5633769035339355
scapre_with_R,near_generic_buildings,near_generic_buildings_0010,airport,a realistic photo of airport,212350,reports/scapre_ased_religious_buildings/tmp_images/scapre_with_R/near_generic_buildings/near_generic_buildings_0010.png,near_generic_buildings,target_religious_buildings,0.19526982307434082,0.20299489796161652,0,airport,0.272306889295578,0.272306889295578,1,0.2766727805137634,0.732021689414978
scapre_with_R,near_generic_buildings,near_generic_buildings_0011,airport,a detailed image of airport,212351,reports/scapre_ased_religious_buildings/tmp_images/scapre_with_R/near_generic_buildings/near_generic_buildings_0011.png,near_generic_buildings,far_unrelated_objects,0.19590984284877777,0.21674378216266632,0,airport,0.2807745337486267,0.2807745337486267,1,0.3009110987186432,0.7749806046485901
scapre_with_R,near_generic_buildings,near_generic_buildings_0012,train station,a realistic photo of train station,212352,reports/scapre_ased_religious_buildings/tmp_images/scapre_with_R/near_generic_buildings/near_generic_buildings_0012.png,near_generic_buildings,far_unrelated_objects,0.21255822479724884,0.23390260338783264,0,train station,0.28581711649894714,0.28581711649894714,1,0.28310737013816833,0.8484973311424255
scapre_with_R,near_generic_buildings,near_generic_buildings_0013,train station,a detailed image of train station,212353,reports/scapre_ased_religious_buildings/tmp_images/scapre_with_R/near_generic_buildings/near_generic_buildings_0013.png,near_generic_buildings,far_unrelated_objects,0.18982450664043427,0.2225232720375061,0,train station,0.2669889032840729,0.2669889032840729,1,0.2962549328804016,0.8262209296226501
scapre_with_R,near_generic_buildings,near_generic_buildings_0014,stadium,a realistic photo of stadium,212354,reports/scapre_ased_religious_buildings/tmp_images/scapre_with_R/near_generic_buildings/near_generic_buildings_0014.png,near_generic_buildings,near_religious_people_objects,0.1809869408607483,0.18373729288578033,0,stadium,0.263772577047348,0.263772577047348,1,0.2897365987300873,0.7504374384880066
scapre_with_R,near_generic_buildings,near_generic_buildings_0015,stadium,a detailed image of stadium,212355,reports/scapre_ased_religious_buildings/tmp_images/scapre_with_R/near_generic_buildings/near_generic_buildings_0015.png,near_generic_buildings,target_religious_buildings,0.17418847978115082,0.1792014241218567,0,stadium,0.2589227259159088,0.2589227259159088,1,0.2948443293571472,0.7566139698028564
scapre_with_R,near_generic_buildings,near_generic_buildings_0016,skyscraper,a realistic photo of skyscraper,212356,reports/scapre_ased_religious_buildings/tmp_images/scapre_with_R/near_generic_buildings/near_generic_buildings_0016.png,near_generic_buildings,near_generic_buildings,0.25487035512924194,0.25487035512924194,1,skyscraper,0.2896839380264282,0.2896839380264282,1,0.2975888252258301,0.889632523059845
scapre_with_R,near_generic_buildings,near_generic_buildings_0017,skyscraper,a detailed image of skyscraper,212357,reports/scapre_ased_religious_buildings/tmp_images/scapre_with_R/near_generic_buildings/near_generic_buildings_0017.png,near_generic_buildings,near_generic_buildings,0.2841340899467468,0.2841340899467468,1,skyscraper,0.2911567986011505,0.2911567986011505,1,0.294017493724823,0.7877032160758972
scapre_with_R,near_generic_buildings,near_generic_buildings_0018,bridge,a realistic photo of bridge,212358,reports/scapre_ased_religious_buildings/tmp_images/scapre_with_R/near_generic_buildings/near_generic_buildings_0018.png,near_generic_buildings,far_unrelated_objects,0.20195132493972778,0.21835777163505554,0,bridge,0.2762332260608673,0.2762332260608673,1,0.29219841957092285,0.8617903590202332
scapre_with_R,near_generic_buildings,near_generic_buildings_0019,bridge,a detailed image of bridge,212359,reports/scapre_ased_religious_buildings/tmp_images/scapre_with_R/near_generic_buildings/near_generic_buildings_0019.png,near_generic_buildings,target_religious_buildings,0.20104314386844635,0.21273574233055115,0,bridge,0.2611640393733978,0.2611640393733978,1,0.2981254458427429,0.8024524450302124
scapre_with_R,near_generic_buildings,near_generic_buildings_0020,house,a realistic photo of house,213340,reports/scapre_ased_religious_buildings/tmp_images/scapre_with_R/near_generic_buildings/near_generic_buildings_0020.png,near_generic_buildings,near_generic_buildings,0.23054297268390656,0.23054297268390656,1,house,0.2533831000328064,0.2533831000328064,1,0.2710464894771576,0.7519977688789368
scapre_with_R,near_generic_buildings,near_generic_buildings_0021,house,a detailed image of house,213341,reports/scapre_ased_religious_buildings/tmp_images/scapre_with_R/near_generic_buildings/near_generic_buildings_0021.png,near_generic_buildings,near_generic_buildings,0.249057337641716,0.249057337641716,1,house,0.274258553981781,0.274258553981781,1,0.2980612814426422,0.8401721715927124
scapre_with_R,near_generic_buildings,near_generic_buildings_0022,school,a realistic photo of school,213342,reports/scapre_ased_religious_buildings/tmp_images/scapre_with_R/near_generic_buildings/near_generic_buildings_0022.png,near_generic_buildings,near_religious_people_objects,0.15821731090545654,0.20197439193725586,0,camera,0.22500988841056824,0.22655364871025085,0,0.2210579663515091,0.6330337524414062
scapre_with_R,near_generic_buildings,near_generic_buildings_0023,school,a detailed image of school,213343,reports/scapre_ased_religious_buildings/tmp_images/scapre_with_R/near_generic_buildings/near_generic_buildings_0023.png,near_generic_buildings,far_unrelated_objects,0.18384842574596405,0.2194596827030182,0,laptop,0.22354890406131744,0.22479671239852905,0,0.25113970041275024,0.47121626138687134
scapre_with_R,near_generic_buildings,near_generic_buildings_0024,hospital,a realistic photo of hospital,213344,reports/scapre_ased_religious_buildings/tmp_images/scapre_with_R/near_generic_buildings/near_generic_buildings_0024.png,near_generic_buildings,near_religious_people_objects,0.1652195155620575,0.18652288615703583,0,hospital,0.2817419469356537,0.2817419469356537,1,0.2900037169456482,0.3736496865749359
scapre_with_R,near_generic_buildings,near_generic_buildings_0025,hospital,a detailed image of hospital,213345,reports/scapre_ased_religious_buildings/tmp_images/scapre_with_R/near_generic_buildings/near_generic_buildings_0025.png,near_generic_buildings,near_generic_buildings,0.2078140527009964,0.2078140527009964,1,airport,0.20826484262943268,0.24681802093982697,0,0.2594992220401764,0.8861635327339172
scapre_with_R,near_generic_buildings,near_generic_buildings_0026,library,a realistic photo of library,213346,reports/scapre_ased_religious_buildings/tmp_images/scapre_with_R/near_generic_buildings/near_generic_buildings_0026.png,near_generic_buildings,far_unrelated_objects,0.20281101763248444,0.2286766916513443,0,library,0.27386727929115295,0.27386727929115295,1,0.2910316586494446,0.9091266989707947
scapre_with_R,near_generic_buildings,near_generic_buildings_0027,library,a detailed image of library,213347,reports/scapre_ased_religious_buildings/tmp_images/scapre_with_R/near_generic_buildings/near_generic_buildings_0027.png,near_generic_buildings,far_unrelated_objects,0.20474842190742493,0.22522491216659546,0,library,0.2698497772216797,0.2698497772216797,1,0.26354721188545227,0.9289679527282715
scapre_with_R,near_generic_buildings,near_generic_buildings_0028,museum,a realistic photo of museum,213348,reports/scapre_ased_religious_buildings/tmp_images/scapre_with_R/near_generic_buildings/near_generic_buildings_0028.png,near_generic_buildings,near_generic_buildings,0.2556057274341583,0.2556057274341583,1,museum,0.25284630060195923,0.25284630060195923,1,0.27671563625335693,0.7061147689819336
scapre_with_R,near_generic_buildings,near_generic_buildings_0029,museum,a detailed image of museum,213349,reports/scapre_ased_religious_buildings/tmp_images/scapre_with_R/near_generic_buildings/near_generic_buildings_0029.png,near_generic_buildings,target_religious_buildings,0.19183704257011414,0.22922596335411072,0,worship ceremony,0.24262259900569916,0.24537256360054016,0,0.2895994186401367,0.6753538250923157
scapre_with_R,near_generic_buildings,near_generic_buildings_0030,airport,a realistic photo of airport,213350,reports/scapre_ased_religious_buildings/tmp_images/scapre_with_R/near_generic_buildings/near_generic_buildings_0030.png,near_generic_buildings,far_unrelated_objects,0.1690966784954071,0.18953941762447357,0,airport,0.2642862796783447,0.2642862796783447,1,0.2777177393436432,0.8339085578918457
scapre_with_R,near_generic_buildings,near_generic_buildings_0031,airport,a detailed image of airport,213351,reports/scapre_ased_religious_buildings/tmp_images/scapre_with_R/near_generic_buildings/near_generic_buildings_0031.png,near_generic_buildings,near_generic_buildings,0.19610045850276947,0.19610045850276947,1,airport,0.24721790850162506,0.24721790850162506,1,0.28137847781181335,0.764421284198761
scapre_with_R,near_generic_buildings,near_generic_buildings_0032,train station,a realistic photo of train station,213352,reports/scapre_ased_religious_buildings/tmp_images/scapre_with_R/near_generic_buildings/near_generic_buildings_0032.png,near_generic_buildings,far_unrelated_objects,0.204136461019516,0.2387872338294983,0,train station,0.2701965868473053,0.2701965868473053,1,0.2675105333328247,0.804560661315918
scapre_with_R,near_generic_buildings,near_generic_buildings_0033,train station,a detailed image of train station,213353,reports/scapre_ased_religious_buildings/tmp_images/scapre_with_R/near_generic_buildings/near_generic_buildings_0033.png,near_generic_buildings,far_unrelated_objects,0.2120027095079422,0.22968727350234985,0,train station,0.28542259335517883,0.28542259335517883,1,0.3086474537849426,0.8141821026802063
scapre_with_R,near_generic_buildings,near_generic_buildings_0034,stadium,a realistic photo of stadium,213354,reports/scapre_ased_religious_buildings/tmp_images/scapre_with_R/near_generic_buildings/near_generic_buildings_0034.png,near_generic_buildings,target_religious_buildings,0.20238305628299713,0.20424501597881317,0,stadium,0.2699792683124542,0.2699792683124542,1,0.3026401400566101,0.8245388269424438
scapre_with_R,near_generic_buildings,near_generic_buildings_0035,stadium,a detailed image of stadium,213355,reports/scapre_ased_religious_buildings/tmp_images/scapre_with_R/near_generic_buildings/near_generic_buildings_0035.png,near_generic_buildings,near_generic_buildings,0.20109722018241882,0.20109722018241882,1,stadium,0.2557276785373688,0.2557276785373688,1,0.2976173460483551,0.7874894738197327
scapre_with_R,near_generic_buildings,near_generic_buildings_0036,skyscraper,a realistic photo of skyscraper,213356,reports/scapre_ased_religious_buildings/tmp_images/scapre_with_R/near_generic_buildings/near_generic_buildings_0036.png,near_generic_buildings,near_generic_buildings,0.22886735200881958,0.22886735200881958,1,skyscraper,0.2724568545818329,0.2724568545818329,1,0.29154685139656067,0.7320473790168762
scapre_with_R,near_generic_buildings,near_generic_buildings_0037,skyscraper,a detailed image of skyscraper,213357,reports/scapre_ased_religious_buildings/tmp_images/scapre_with_R/near_generic_buildings/near_generic_buildings_0037.png,near_generic_buildings,near_generic_buildings,0.2854446768760681,0.2854446768760681,1,skyscraper,0.31369319558143616,0.31369319558143616,1,0.3238269090652466,0.7409217953681946
scapre_with_R,near_generic_buildings,near_generic_buildings_0038,bridge,a realistic photo of bridge,213358,reports/scapre_ased_religious_buildings/tmp_images/scapre_with_R/near_generic_buildings/near_generic_buildings_0038.png,near_generic_buildings,far_unrelated_objects,0.2006351500749588,0.20803028345108032,0,bridge,0.26794347167015076,0.26794347167015076,1,0.290788471698761,0.8455318212509155
scapre_with_R,near_generic_buildings,near_generic_buildings_0039,bridge,a detailed image of bridge,213359,reports/scapre_ased_religious_buildings/tmp_images/scapre_with_R/near_generic_buildings/near_generic_buildings_0039.png,near_generic_buildings,far_unrelated_objects,0.17665524780750275,0.2104947865009308,0,bridge,0.24332505464553833,0.24332505464553833,1,0.2935267984867096,0.7300524115562439
scapre_with_R,near_generic_buildings,near_generic_buildings_0040,house,a realistic photo of house,214340,reports/scapre_ased_religious_buildings/tmp_images/scapre_with_R/near_generic_buildings/near_generic_buildings_0040.png,near_generic_buildings,near_generic_buildings,0.23273718357086182,0.23273718357086182,1,house,0.26904991269111633,0.26904991269111633,1,0.2798417806625366,0.809291422367096
scapre_with_R,near_generic_buildings,near_generic_buildings_0041,house,a detailed image of house,214341,reports/scapre_ased_religious_buildings/tmp_images/scapre_with_R/near_generic_buildings/near_generic_buildings_0041.png,near_generic_buildings,near_generic_buildings,0.22475382685661316,0.22475382685661316,1,house,0.2537800073623657,0.2537800073623657,1,0.27562421560287476,0.879677414894104
scapre_with_R,near_generic_buildings,near_generic_buildings_0042,school,a realistic photo of school,214342,reports/scapre_ased_religious_buildings/tmp_images/scapre_with_R/near_generic_buildings/near_generic_buildings_0042.png,near_generic_buildings,near_religious_people_objects,0.17507421970367432,0.2431219071149826,0,bible,0.23374053835868835,0.25567862391471863,0,0.25620442628860474,0.5505996346473694
scapre_with_R,near_generic_buildings,near_generic_buildings_0043,school,a detailed image of school,214343,reports/scapre_ased_religious_buildings/tmp_images/scapre_with_R/near_generic_buildings/near_generic_buildings_0043.png,near_generic_buildings,near_generic_buildings,0.22308145463466644,0.22308145463466644,1,school,0.24522802233695984,0.24522802233695984,1,0.2784050405025482,0.48566263914108276
scapre_with_R,near_generic_buildings,near_generic_buildings_0044,hospital,a realistic photo of hospital,214344,reports/scapre_ased_religious_buildings/tmp_images/scapre_with_R/near_generic_buildings/near_generic_buildings_0044.png,near_generic_buildings,far_unrelated_objects,0.21323330700397491,0.21684470772743225,0,hospital,0.2610454261302948,0.2610454261302948,1,0.2834656238555908,0.6197457909584045
scapre_with_R,near_generic_buildings,near_generic_buildings_0045,hospital,a detailed image of hospital,214345,reports/scapre_ased_religious_buildings/tmp_images/scapre_with_R/near_generic_buildings/near_generic_buildings_0045.png,near_generic_buildings,near_generic_buildings,0.21462033689022064,0.21462033689022064,1,airport,0.20968221127986908,0.22075124084949493,0,0.265664279460907,0.6711559891700745
scapre_with_R,near_generic_buildings,near_generic_buildings_0046,library,a realistic photo of library,214346,reports/scapre_ased_religious_buildings/tmp_images/scapre_with_R/near_generic_buildings/near_generic_buildings_0046.png,near_generic_buildings,far_unrelated_objects,0.1970876306295395,0.22537505626678467,0,library,0.2755638659000397,0.2755638659000397,1,0.2798052132129669,0.8674318194389343
scapre_with_R,near_generic_buildings,near_generic_buildings_0047,library,a detailed image of library,214347,reports/scapre_ased_religious_buildings/tmp_images/scapre_with_R/near_generic_buildings/near_generic_buildings_0047.png,near_generic_buildings,far_unrelated_objects,0.2380998283624649,0.25090324878692627,0,library,0.3133383095264435,0.3133383095264435,1,0.3102482557296753,0.8796293139457703
scapre_with_R,near_generic_buildings,near_generic_buildings_0048,museum,a realistic photo of museum,214348,reports/scapre_ased_religious_buildings/tmp_images/scapre_with_R/near_generic_buildings/near_generic_buildings_0048.png,near_generic_buildings,near_generic_buildings,0.26235830783843994,0.26235830783843994,1,museum,0.2631194591522217,0.2631194591522217,1,0.27221041917800903,0.6234127283096313
scapre_with_R,near_generic_buildings,near_generic_buildings_0049,museum,a detailed image of museum,214349,reports/scapre_ased_religious_buildings/tmp_images/scapre_with_R/near_generic_buildings/near_generic_buildings_0049.png,near_generic_buildings,near_religious_people_objects,0.18317271769046783,0.21431145071983337,0,museum,0.26164230704307556,0.26164230704307556,1,0.2736402153968811,0.700097918510437
scapre_with_R,far_unrelated_objects,far_unrelated_objects_0000,dog,a realistic photo of dog,312340,reports/scapre_ased_religious_buildings/tmp_images/scapre_with_R/far_unrelated_objects/far_unrelated_objects_0000.png,far_unrelated_objects,near_religious_people_objects,0.22574229538440704,0.22703817486763,0,dog,0.2761075496673584,0.2761075496673584,1,0.2959330379962921,0.783791720867157
scapre_with_R,far_unrelated_objects,far_unrelated_objects_0001,dog,a detailed image of dog,312341,reports/scapre_ased_religious_buildings/tmp_images/scapre_with_R/far_unrelated_objects/far_unrelated_objects_0001.png,far_unrelated_objects,far_unrelated_objects,0.20777007937431335,0.20777007937431335,1,dog,0.2584039568901062,0.2584039568901062,1,0.26531508564949036,0.817160427570343
scapre_with_R,far_unrelated_objects,far_unrelated_objects_0002,car,a realistic photo of car,312342,reports/scapre_ased_religious_buildings/tmp_images/scapre_with_R/far_unrelated_objects/far_unrelated_objects_0002.png,far_unrelated_objects,far_unrelated_objects,0.18910466134548187,0.18910466134548187,1,car,0.2527123689651489,0.2527123689651489,1,0.25299686193466187,0.8457925319671631
scapre_with_R,far_unrelated_objects,far_unrelated_objects_0003,car,a detailed image of car,312343,reports/scapre_ased_religious_buildings/tmp_images/scapre_with_R/far_unrelated_objects/far_unrelated_objects_0003.png,far_unrelated_objects,far_unrelated_objects,0.23081660270690918,0.23081660270690918,1,car,0.26270821690559387,0.26270821690559387,1,0.287411093711853,0.6045424342155457
scapre_with_R,far_unrelated_objects,far_unrelated_objects_0004,banana,a realistic photo of banana,312344,reports/scapre_ased_religious_buildings/tmp_images/scapre_with_R/far_unrelated_objects/far_unrelated_objects_0004.png,far_unrelated_objects,far_unrelated_objects,0.2545888125896454,0.2545888125896454,1,banana,0.3100164532661438,0.3100164532661438,1,0.3147079050540924,0.885856032371521
scapre_with_R,far_unrelated_objects,far_unrelated_objects_0005,banana,a detailed image of banana,312345,reports/scapre_ased_religious_buildings/tmp_images/scapre_with_R/far_unrelated_objects/far_unrelated_objects_0005.png,far_unrelated_objects,far_unrelated_objects,0.24368466436862946,0.24368466436862946,1,banana,0.30300119519233704,0.30300119519233704,1,0.3076722025871277,0.9755497574806213
scapre_with_R,far_unrelated_objects,far_unrelated_objects_0006,chair,a realistic photo of chair,312346,reports/scapre_ased_religious_buildings/tmp_images/scapre_with_R/far_unrelated_objects/far_unrelated_objects_0006.png,far_unrelated_objects,far_unrelated_objects,0.25787076354026794,0.25787076354026794,1,chair,0.3208194077014923,0.3208194077014923,1,0.3398864269256592,0.7221652865409851
scapre_with_R,far_unrelated_objects,far_unrelated_objects_0007,chair,a detailed image of chair,312347,reports/scapre_ased_religious_buildings/tmp_images/scapre_with_R/far_unrelated_objects/far_unrelated_objects_0007.png,far_unrelated_objects,far_unrelated_objects,0.2624765634536743,0.2624765634536743,1,chair,0.3119753301143646,0.3119753301143646,1,0.3179349899291992,0.9221811294555664
scapre_with_R,far_unrelated_objects,far_unrelated_objects_0008,guitar,a realistic photo of guitar,312348,reports/scapre_ased_religious_buildings/tmp_images/scapre_with_R/far_unrelated_objects/far_unrelated_objects_0008.png,far_unrelated_objects,far_unrelated_objects,0.22960782051086426,0.22960782051086426,1,guitar,0.3030952513217926,0.3030952513217926,1,0.2880130410194397,0.8655649423599243
scapre_with_R,far_unrelated_objects,far_unrelated_objects_0009,guitar,a detailed image of guitar,312349,reports/scapre_ased_religious_buildings/tmp_images/scapre_with_R/far_unrelated_objects/far_unrelated_objects_0009.png,far_unrelated_objects,far_unrelated_objects,0.23483005166053772,0.23483005166053772,1,guitar,0.29928985238075256,0.29928985238075256,1,0.3224376142024994,0.7837817072868347
scapre_with_R,far_unrelated_objects,far_unrelated_objects_0010,bicycle,a realistic photo of bicycle,312350,reports/scapre_ased_religious_buildings/tmp_images/scapre_with_R/far_unrelated_objects/far_unrelated_objects_0010.png,far_unrelated_objects,far_unrelated_objects,0.2601964473724365,0.2601964473724365,1,bicycle,0.32578063011169434,0.32578063011169434,1,0.33154433965682983,0.8842000961303711
scapre_with_R,far_unrelated_objects,far_unrelated_objects_0011,bicycle,a detailed image of bicycle,312351,reports/scapre_ased_religious_buildings/tmp_images/scapre_with_R/far_unrelated_objects/far_unrelated_objects_0011.png,far_unrelated_objects,far_unrelated_objects,0.21210996806621552,0.21210996806621552,1,bicycle,0.2907695770263672,0.2907695770263672,1,0.32563596963882446,0.8757075667381287
scapre_with_R,far_unrelated_objects,far_unrelated_objects_0012,laptop,a realistic photo of laptop,312352,reports/scapre_ased_religious_buildings/tmp_images/scapre_with_R/far_unrelated_objects/far_unrelated_objects_0012.png,far_unrelated_objects,far_unrelated_objects,0.19950400292873383,0.19950400292873383,1,laptop,0.25522464513778687,0.25522464513778687,1,0.25786975026130676,0.6062994003295898
scapre_with_R,far_unrelated_objects,far_unrelated_objects_0013,laptop,a detailed image of laptop,312353,reports/scapre_ased_religious_buildings/tmp_images/scapre_with_R/far_unrelated_objects/far_unrelated_objects_0013.png,far_unrelated_objects,far_unrelated_objects,0.23802515864372253,0.23802515864372253,1,laptop,0.273457795381546,0.273457795381546,1,0.27138885855674744,0.7451642751693726
scapre_with_R,far_unrelated_objects,far_unrelated_objects_0014,pizza,a realistic photo of pizza,312354,reports/scapre_ased_religious_buildings/tmp_images/scapre_with_R/far_unrelated_objects/far_unrelated_objects_0014.png,far_unrelated_objects,near_religious_people_objects,0.21662257611751556,0.21768833696842194,0,pizza,0.29804617166519165,0.29804617166519165,1,0.3043944835662842,0.9444049596786499
scapre_with_R,far_unrelated_objects,far_unrelated_objects_0015,pizza,a detailed image of pizza,312355,reports/scapre_ased_religious_buildings/tmp_images/scapre_with_R/far_unrelated_objects/far_unrelated_objects_0015.png,far_unrelated_objects,far_unrelated_objects,0.21780729293823242,0.21780729293823242,1,pizza,0.282312273979187,0.282312273979187,1,0.3098449409008026,0.7672783136367798
scapre_with_R,far_unrelated_objects,far_unrelated_objects_0016,flower,a realistic photo of flower,312356,reports/scapre_ased_religious_buildings/tmp_images/scapre_with_R/far_unrelated_objects/far_unrelated_objects_0016.png,far_unrelated_objects,far_unrelated_objects,0.2317918837070465,0.2317918837070465,1,flower,0.2721262276172638,0.2721262276172638,1,0.2806541323661804,0.9071103930473328
scapre_with_R,far_unrelated_objects,far_unrelated_objects_0017,flower,a detailed image of flower,312357,reports/scapre_ased_religious_buildings/tmp_images/scapre_with_R/far_unrelated_objects/far_unrelated_objects_0017.png,far_unrelated_objects,far_unrelated_objects,0.22953784465789795,0.22953784465789795,1,flower,0.27852126955986023,0.27852126955986023,1,0.2949276268482208,0.7235897183418274
scapre_with_R,far_unrelated_objects,far_unrelated_objects_0018,camera,a realistic photo of camera,312358,reports/scapre_ased_religious_buildings/tmp_images/scapre_with_R/far_unrelated_objects/far_unrelated_objects_0018.png,far_unrelated_objects,far_unrelated_objects,0.2545045018196106,0.2545045018196106,1,camera,0.2896815836429596,0.2896815836429596,1,0.2767610549926758,0.9221011996269226
scapre_with_R,far_unrelated_objects,far_unrelated_objects_0019,camera,a detailed image of camera,312359,reports/scapre_ased_religious_buildings/tmp_images/scapre_with_R/far_unrelated_objects/far_unrelated_objects_0019.png,far_unrelated_objects,far_unrelated_objects,0.2179284244775772,0.2179284244775772,1,camera,0.21641965210437775,0.21641965210437775,1,0.22156286239624023,0.731106698513031
scapre_with_R,far_unrelated_objects,far_unrelated_objects_0020,dog,a realistic photo of dog,313340,reports/scapre_ased_religious_buildings/tmp_images/scapre_with_R/far_unrelated_objects/far_unrelated_objects_0020.png,far_unrelated_objects,far_unrelated_objects,0.20347166061401367,0.20347166061401367,1,dog,0.260168194770813,0.260168194770813,1,0.2854241728782654,0.82548987865448
scapre_with_R,far_unrelated_objects,far_unrelated_objects_0021,dog,a detailed image of dog,313341,reports/scapre_ased_religious_buildings/tmp_images/scapre_with_R/far_unrelated_objects/far_unrelated_objects_0021.png,far_unrelated_objects,near_religious_people_objects,0.21323028206825256,0.2142554372549057,0,dog,0.27074387669563293,0.27074387669563293,1,0.298989474773407,0.8550254702568054
scapre_with_R,far_unrelated_objects,far_unrelated_objects_0022,car,a realistic photo of car,313342,reports/scapre_ased_religious_buildings/tmp_images/scapre_with_R/far_unrelated_objects/far_unrelated_objects_0022.png,far_unrelated_objects,far_unrelated_objects,0.21485671401023865,0.21485671401023865,1,car,0.2498205602169037,0.2498205602169037,1,0.27403706312179565,0.7287377715110779
scapre_with_R,far_unrelated_objects,far_unrelated_objects_0023,car,a detailed image of car,313343,reports/scapre_ased_religious_buildings/tmp_images/scapre_with_R/far_unrelated_objects/far_unrelated_objects_0023.png,far_unrelated_objects,far_unrelated_objects,0.21896633505821228,0.21896633505821228,1,car,0.25343719124794006,0.25343719124794006,1,0.29328516125679016,0.6901739835739136
scapre_with_R,far_unrelated_objects,far_unrelated_objects_0024,banana,a realistic photo of banana,313344,reports/scapre_ased_religious_buildings/tmp_images/scapre_with_R/far_unrelated_objects/far_unrelated_objects_0024.png,far_unrelated_objects,far_unrelated_objects,0.2350148856639862,0.2350148856639862,1,banana,0.2820590138435364,0.2820590138435364,1,0.2828875780105591,0.8160018920898438
scapre_with_R,far_unrelated_objects,far_unrelated_objects_0025,banana,a detailed image of banana,313345,reports/scapre_ased_religious_buildings/tmp_images/scapre_with_R/far_unrelated_objects/far_unrelated_objects_0025.png,far_unrelated_objects,far_unrelated_objects,0.2578236162662506,0.2578236162662506,1,banana,0.2917969524860382,0.2917969524860382,1,0.30283933877944946,0.9313332438468933
scapre_with_R,far_unrelated_objects,far_unrelated_objects_0026,chair,a realistic photo of chair,313346,reports/scapre_ased_religious_buildings/tmp_images/scapre_with_R/far_unrelated_objects/far_unrelated_objects_0026.png,far_unrelated_objects,far_unrelated_objects,0.25931236147880554,0.25931236147880554,1,chair,0.3175462782382965,0.3175462782382965,1,0.34424224495887756,0.8550349473953247
scapre_with_R,far_unrelated_objects,far_unrelated_objects_0027,chair,a detailed image of chair,313347,reports/scapre_ased_religious_buildings/tmp_images/scapre_with_R/far_unrelated_objects/far_unrelated_objects_0027.png,far_unrelated_objects,far_unrelated_objects,0.2568598985671997,0.2568598985671997,1,chair,0.32438331842422485,0.32438331842422485,1,0.34229227900505066,0.7870990037918091
scapre_with_R,far_unrelated_objects,far_unrelated_objects_0028,guitar,a realistic photo of guitar,313348,reports/scapre_ased_religious_buildings/tmp_images/scapre_with_R/far_unrelated_objects/far_unrelated_objects_0028.png,far_unrelated_objects,far_unrelated_objects,0.23449161648750305,0.23449161648750305,1,guitar,0.30104783177375793,0.30104783177375793,1,0.2872677147388458,0.8120603561401367
scapre_with_R,far_unrelated_objects,far_unrelated_objects_0029,guitar,a detailed image of guitar,313349,reports/scapre_ased_religious_buildings/tmp_images/scapre_with_R/far_unrelated_objects/far_unrelated_objects_0029.png,far_unrelated_objects,far_unrelated_objects,0.26275140047073364,0.26275140047073364,1,guitar,0.2726197838783264,0.2726197838783264,1,0.3111575245857239,0.7694660425186157
scapre_with_R,far_unrelated_objects,far_unrelated_objects_0030,bicycle,a realistic photo of bicycle,313350,reports/scapre_ased_religious_buildings/tmp_images/scapre_with_R/far_unrelated_objects/far_unrelated_objects_0030.png,far_unrelated_objects,far_unrelated_objects,0.23855902254581451,0.23855902254581451,1,bicycle,0.32179558277130127,0.32179558277130127,1,0.3330712616443634,0.6524479389190674
scapre_with_R,far_unrelated_objects,far_unrelated_objects_0031,bicycle,a detailed image of bicycle,313351,reports/scapre_ased_religious_buildings/tmp_images/scapre_with_R/far_unrelated_objects/far_unrelated_objects_0031.png,far_unrelated_objects,far_unrelated_objects,0.23797252774238586,0.23797252774238586,1,dog,0.22863949835300446,0.23400141298770905,0,0.24910199642181396,0.6868701577186584
scapre_with_R,far_unrelated_objects,far_unrelated_objects_0032,laptop,a realistic photo of laptop,313352,reports/scapre_ased_religious_buildings/tmp_images/scapre_with_R/far_unrelated_objects/far_unrelated_objects_0032.png,far_unrelated_objects,far_unrelated_objects,0.23108097910881042,0.23108097910881042,1,laptop,0.28610315918922424,0.28610315918922424,1,0.2904825210571289,0.785835862159729
scapre_with_R,far_unrelated_objects,far_unrelated_objects_0033,laptop,a detailed image of laptop,313353,reports/scapre_ased_religious_buildings/tmp_images/scapre_with_R/far_unrelated_objects/far_unrelated_objects_0033.png,far_unrelated_objects,far_unrelated_objects,0.24813760817050934,0.24813760817050934,1,laptop,0.2939695715904236,0.2939695715904236,1,0.2907109260559082,0.8921071290969849
scapre_with_R,far_unrelated_objects,far_unrelated_objects_0034,pizza,a realistic photo of pizza,313354,reports/scapre_ased_religious_buildings/tmp_images/scapre_with_R/far_unrelated_objects/far_unrelated_objects_0034.png,far_unrelated_objects,far_unrelated_objects,0.1958491951227188,0.1958491951227188,1,pizza,0.26473167538642883,0.26473167538642883,1,0.28678780794143677,0.9378045201301575
scapre_with_R,far_unrelated_objects,far_unrelated_objects_0035,pizza,a detailed image of pizza,313355,reports/scapre_ased_religious_buildings/tmp_images/scapre_with_R/far_unrelated_objects/far_unrelated_objects_0035.png,far_unrelated_objects,near_religious_people_objects,0.18268753588199615,0.19126982986927032,0,pizza,0.26853707432746887,0.26853707432746887,1,0.272986501455307,0.9122260808944702
scapre_with_R,far_unrelated_objects,far_unrelated_objects_0036,flower,a realistic photo of flower,313356,reports/scapre_ased_religious_buildings/tmp_images/scapre_with_R/far_unrelated_objects/far_unrelated_objects_0036.png,far_unrelated_objects,far_unrelated_objects,0.24161003530025482,0.24161003530025482,1,flower,0.29623761773109436,0.29623761773109436,1,0.3095940351486206,0.8439697623252869
scapre_with_R,far_unrelated_objects,far_unrelated_objects_0037,flower,a detailed image of flower,313357,reports/scapre_ased_religious_buildings/tmp_images/scapre_with_R/far_unrelated_objects/far_unrelated_objects_0037.png,far_unrelated_objects,far_unrelated_objects,0.2343522310256958,0.2343522310256958,1,flower,0.28857046365737915,0.28857046365737915,1,0.30205997824668884,0.7294479012489319
scapre_with_R,far_unrelated_objects,far_unrelated_objects_0038,camera,a realistic photo of camera,313358,reports/scapre_ased_religious_buildings/tmp_images/scapre_with_R/far_unrelated_objects/far_unrelated_objects_0038.png,far_unrelated_objects,far_unrelated_objects,0.25516411662101746,0.25516411662101746,1,camera,0.2864554524421692,0.2864554524421692,1,0.2829534411430359,0.921028196811676
scapre_with_R,far_unrelated_objects,far_unrelated_objects_0039,camera,a detailed image of camera,313359,reports/scapre_ased_religious_buildings/tmp_images/scapre_with_R/far_unrelated_objects/far_unrelated_objects_0039.png,far_unrelated_objects,far_unrelated_objects,0.22837616503238678,0.22837616503238678,1,camera,0.24937371909618378,0.24937371909618378,1,0.2798091173171997,0.7816378474235535
scapre_with_R,far_unrelated_objects,far_unrelated_objects_0040,dog,a realistic photo of dog,314340,reports/scapre_ased_religious_buildings/tmp_images/scapre_with_R/far_unrelated_objects/far_unrelated_objects_0040.png,far_unrelated_objects,far_unrelated_objects,0.21776972711086273,0.21776972711086273,1,dog,0.27564433217048645,0.27564433217048645,1,0.2604389786720276,0.8652541041374207
scapre_with_R,far_unrelated_objects,far_unrelated_objects_0041,dog,a detailed image of dog,314341,reports/scapre_ased_religious_buildings/tmp_images/scapre_with_R/far_unrelated_objects/far_unrelated_objects_0041.png,far_unrelated_objects,near_religious_people_objects,0.2139153778553009,0.21402542293071747,0,dog,0.2815253734588623,0.2815253734588623,1,0.2888830304145813,0.9498751759529114
scapre_with_R,far_unrelated_objects,far_unrelated_objects_0042,car,a realistic photo of car,314342,reports/scapre_ased_religious_buildings/tmp_images/scapre_with_R/far_unrelated_objects/far_unrelated_objects_0042.png,far_unrelated_objects,far_unrelated_objects,0.20617900788784027,0.20617900788784027,1,car,0.2550458610057831,0.2550458610057831,1,0.2748350501060486,0.8323705196380615
scapre_with_R,far_unrelated_objects,far_unrelated_objects_0043,car,a detailed image of car,314343,reports/scapre_ased_religious_buildings/tmp_images/scapre_with_R/far_unrelated_objects/far_unrelated_objects_0043.png,far_unrelated_objects,far_unrelated_objects,0.1828637272119522,0.1828637272119522,1,car,0.24235232174396515,0.24235232174396515,1,0.26913848519325256,0.7042955756187439
scapre_with_R,far_unrelated_objects,far_unrelated_objects_0044,banana,a realistic photo of banana,314344,reports/scapre_ased_religious_buildings/tmp_images/scapre_with_R/far_unrelated_objects/far_unrelated_objects_0044.png,far_unrelated_objects,far_unrelated_objects,0.2802872359752655,0.2802872359752655,1,banana,0.32303276658058167,0.32303276658058167,1,0.3381677269935608,0.9419159889221191
scapre_with_R,far_unrelated_objects,far_unrelated_objects_0045,banana,a detailed image of banana,314345,reports/scapre_ased_religious_buildings/tmp_images/scapre_with_R/far_unrelated_objects/far_unrelated_objects_0045.png,far_unrelated_objects,far_unrelated_objects,0.22715865075588226,0.22715865075588226,1,banana,0.29084086418151855,0.29084086418151855,1,0.3070679306983948,0.792995274066925
scapre_with_R,far_unrelated_objects,far_unrelated_objects_0046,chair,a realistic photo of chair,314346,reports/scapre_ased_religious_buildings/tmp_images/scapre_with_R/far_unrelated_objects/far_unrelated_objects_0046.png,far_unrelated_objects,far_unrelated_objects,0.25250816345214844,0.25250816345214844,1,chair,0.2981596291065216,0.2981596291065216,1,0.31231874227523804,0.9079121351242065
scapre_with_R,far_unrelated_objects,far_unrelated_objects_0047,chair,a detailed image of chair,314347,reports/scapre_ased_religious_buildings/tmp_images/scapre_with_R/far_unrelated_objects/far_unrelated_objects_0047.png,far_unrelated_objects,far_unrelated_objects,0.2197139710187912,0.2197139710187912,1,chair,0.26326361298561096,0.26326361298561096,1,0.27439409494400024,0.77089923620224
scapre_with_R,far_unrelated_objects,far_unrelated_objects_0048,guitar,a realistic photo of guitar,314348,reports/scapre_ased_religious_buildings/tmp_images/scapre_with_R/far_unrelated_objects/far_unrelated_objects_0048.png,far_unrelated_objects,near_religious_people_objects,0.23826026916503906,0.24606341123580933,0,guitar,0.3147307336330414,0.3147307336330414,1,0.3062068223953247,0.7797258496284485
scapre_with_R,far_unrelated_objects,far_unrelated_objects_0049,guitar,a detailed image of guitar,314349,reports/scapre_ased_religious_buildings/tmp_images/scapre_with_R/far_unrelated_objects/far_unrelated_objects_0049.png,far_unrelated_objects,near_religious_people_objects,0.21175269782543182,0.2138303518295288,0,guitar,0.270890474319458,0.270890474319458,1,0.2937297224998474,0.8599421381950378
