group,checkpoint,concept,prompt,sample_index,seed,image_path,expected_label,predicted_label,correct,expected_probability,image_retention,prob_airplane,prob_automobile,prob_bird,prob_cat,prob_deer,prob_dog,prob_frog,prob_horse,prob_ship,prob_truck,sample_origin,artifact_root
retain_once,W03,bird,a photo of the bird,0,42,images/retain_once/W03/bird/index_000_seed_42.png,bird,deer,False,0.007700938265770674,delete-after-eval,3.132483107037842e-05,0.0023054282646626234,0.007700938265770674,0.031953126192092896,0.7243634462356567,0.17537756264209747,0.001174845965579152,0.05612892657518387,0.00042826117714866996,0.0005362191004678607,existing_v1_100,/home/tslin/Documents/jupyter_data/anLi/machine_unlearning/orthogonal-concept-erasure/experiments/sequential_object_persistence/outputs/sequential_oce_object_v1_online
retain_once,W03,bird,a photo of the bird,1,43,images/retain_once/W03/bird/index_001_seed_43.png,bird,bird,True,0.6974484324455261,delete-after-eval,0.00036819480010308325,0.0030528514180332422,0.6974484324455261,0.058669887483119965,0.057749830186367035,0.13783645629882812,0.0014178729616105556,0.039586201310157776,0.0030682096257805824,0.0008019505185075104,existing_v1_100,/home/tslin/Documents/jupyter_data/anLi/machine_unlearning/orthogonal-concept-erasure/experiments/sequential_object_persistence/outputs/sequential_oce_object_v1_online
retain_once,W03,bird,a photo of the bird,2,44,images/retain_once/W03/bird/index_002_seed_44.png,bird,bird,True,0.6063302159309387,delete-after-eval,6.565828516613692e-05,0.0005920262192375958,0.6063302159309387,0.026015328243374825,0.0018227449618279934,0.3491677939891815,0.002541010268032551,0.012396260164678097,0.000550108787138015,0.0005188534851185977,existing_v1_100,/home/tslin/Documents/jupyter_data/anLi/machine_unlearning/orthogonal-concept-erasure/experiments/sequential_object_persistence/outputs/sequential_oce_object_v1_online
retain_once,W03,bird,a photo of the bird,3,45,images/retain_once/W03/bird/index_003_seed_45.png,bird,bird,True,0.9933288097381592,delete-after-eval,3.892469248967245e-05,0.0003284116100985557,0.9933288097381592,0.0005632100510410964,0.00013733045489061624,0.0019884523935616016,0.00017913454212248325,0.003241476370021701,8.815675391815603e-05,0.00010607177682686597,existing_v1_100,/home/tslin/Documents/jupyter_data/anLi/machine_unlearning/orthogonal-concept-erasure/experiments/sequential_object_persistence/outputs/sequential_oce_object_v1_online
retain_once,W03,bird,a photo of the bird,4,46,images/retain_once/W03/bird/index_004_seed_46.png,bird,bird,True,0.9924037456512451,delete-after-eval,0.000934051931835711,0.00016596729983575642,0.9924037456512451,0.0017366614192724228,0.0001958835346158594,0.0020291046239435673,0.0016795034753158689,0.0005777512560598552,7.23869088687934e-05,0.000204924275749363,existing_v1_100,/home/tslin/Documents/jupyter_data/anLi/machine_unlearning/orthogonal-concept-erasure/experiments/sequential_object_persistence/outputs/sequential_oce_object_v1_online
retain_once,W03,bird,a photo of the bird,5,47,images/retain_once/W03/bird/index_005_seed_47.png,bird,cat,False,0.001247646170668304,delete-after-eval,7.855061994632706e-06,0.00017499471141491085,0.001247646170668304,0.9708356261253357,0.020496081560850143,0.005933766718953848,5.1164315664209425e-05,0.0009145034709945321,0.00011105406156275421,0.00022728389012627304,existing_v1_100,/home/tslin/Documents/jupyter_data/anLi/machine_unlearning/orthogonal-concept-erasure/experiments/sequential_object_persistence/outputs/sequential_oce_object_v1_online
retain_once,W03,bird,a photo of the bird,6,48,images/retain_once/W03/bird/index_006_seed_48.png,bird,bird,True,0.9885959029197693,delete-after-eval,4.2894898797385395e-05,0.00019116840849164873,0.9885959029197693,0.0008922165143303573,0.0009660842479206622,0.0061850883066654205,4.638088648789562e-05,0.0021675124298781157,0.00020341970957815647,0.000709214189555496,existing_v1_100,/home/tslin/Documents/jupyter_data/anLi/machine_unlearning/orthogonal-concept-erasure/experiments/sequential_object_persistence/outputs/sequential_oce_object_v1_online
retain_once,W03,bird,a photo of the bird,7,49,images/retain_once/W03/bird/index_007_seed_49.png,bird,cat,False,0.05491924658417702,delete-after-eval,0.038930729031562805,0.058650098741054535,0.05491924658417702,0.459210067987442,0.11942026019096375,0.10003222525119781,0.11043261736631393,0.02466779202222824,0.02133513055741787,0.012401830404996872,existing_v1_100,/home/tslin/Documents/jupyter_data/anLi/machine_unlearning/orthogonal-concept-erasure/experiments/sequential_object_persistence/outputs/sequential_oce_object_v1_online
retain_once,W03,bird,a photo of the bird,8,50,images/retain_once/W03/bird/index_008_seed_50.png,bird,cat,False,0.016770226880908012,delete-after-eval,0.00023093701747711748,0.0011418660869821906,0.016770226880908012,0.7880499958992004,0.03336436301469803,0.14345873892307281,0.0032484224066138268,0.011556992307305336,0.0017808069242164493,0.00039771944284439087,existing_v1_100,/home/tslin/Documents/jupyter_data/anLi/machine_unlearning/orthogonal-concept-erasure/experiments/sequential_object_persistence/outputs/sequential_oce_object_v1_online
retain_once,W03,bird,a photo of the bird,9,51,images/retain_once/W03/bird/index_009_seed_51.png,bird,deer,False,0.004840074107050896,delete-after-eval,9.765517461346462e-06,9.184522059513256e-05,0.004840074107050896,0.0006103853811509907,0.9217217564582825,0.0033913063816726208,0.00010407069203210995,0.06907429546117783,5.7793840824160725e-05,9.86660597845912e-05,existing_v1_100,/home/tslin/Documents/jupyter_data/anLi/machine_unlearning/orthogonal-concept-erasure/experiments/sequential_object_persistence/outputs/sequential_oce_object_v1_online
retain_once,W03,bird,a photo of the bird,10,52,images/retain_once/W03/bird/index_010_seed_52.png,bird,bird,True,0.6742411851882935,delete-after-eval,0.00034171435981988907,0.007030261214822531,0.6742411851882935,0.03734956309199333,0.00046924781054258347,0.17502591013908386,0.019247371703386307,0.0803740993142128,0.0039718663319945335,0.0019487545359879732,existing_v1_100,/home/tslin/Documents/jupyter_data/anLi/machine_unlearning/orthogonal-concept-erasure/experiments/sequential_object_persistence/outputs/sequential_oce_object_v1_online
retain_once,W03,bird,a photo of the bird,11,53,images/retain_once/W03/bird/index_011_seed_53.png,bird,cat,False,0.07278359681367874,delete-after-eval,0.00039491261122748256,0.009289434179663658,0.07278359681367874,0.31777530908584595,0.16241678595542908,0.1358594298362732,0.007669768761843443,0.2888684570789337,0.0013693295186385512,0.0035729221999645233,existing_v1_100,/home/tslin/Documents/jupyter_data/anLi/machine_unlearning/orthogonal-concept-erasure/experiments/sequential_object_persistence/outputs/sequential_oce_object_v1_online
retain_once,W03,bird,a photo of the bird,12,54,images/retain_once/W03/bird/index_012_seed_54.png,bird,cat,False,0.004812510218471289,delete-after-eval,0.0002221569011453539,0.0024120528250932693,0.004812510218471289,0.771221935749054,0.014036311767995358,0.1804627627134323,0.0032444100361317396,0.02215782180428505,0.0012736397329717875,0.00015643902588635683,existing_v1_100,/home/tslin/Documents/jupyter_data/anLi/machine_unlearning/orthogonal-concept-erasure/experiments/sequential_object_persistence/outputs/sequential_oce_object_v1_online
retain_once,W03,bird,a photo of the bird,13,55,images/retain_once/W03/bird/index_013_seed_55.png,bird,horse,False,0.07621344178915024,delete-after-eval,0.00012511905515566468,0.0010404244530946016,0.07621344178915024,0.010501342825591564,0.052052613347768784,0.07108347117900848,0.0014059473760426044,0.7868091464042664,0.0004589690070133656,0.0003095527645200491,existing_v1_100,/home/tslin/Documents/jupyter_data/anLi/machine_unlearning/orthogonal-concept-erasure/experiments/sequential_object_persistence/outputs/sequential_oce_object_v1_online
retain_once,W03,bird,a photo of the bird,14,56,images/retain_once/W03/bird/index_014_seed_56.png,bird,cat,False,0.019759979099035263,delete-after-eval,0.0005245996289886534,0.0020537397358566523,0.019759979099035263,0.680237889289856,0.11727742850780487,0.13777418434619904,0.012225985527038574,0.027709312736988068,0.0017223514150828123,0.0007145306444726884,existing_v1_100,/home/tslin/Documents/jupyter_data/anLi/machine_unlearning/orthogonal-concept-erasure/experiments/sequential_object_persistence/outputs/sequential_oce_object_v1_online
retain_once,W03,bird,a photo of the bird,15,57,images/retain_once/W03/bird/index_015_seed_57.png,bird,dog,False,0.001259232172742486,delete-after-eval,2.977202893816866e-05,0.00016442500054836273,0.001259232172742486,0.11620908975601196,0.002246592892333865,0.8368730545043945,6.952001422178e-05,0.042546436190605164,0.0003325209836475551,0.0002693443384487182,existing_v1_100,/home/tslin/Documents/jupyter_data/anLi/machine_unlearning/orthogonal-concept-erasure/experiments/sequential_object_persistence/outputs/sequential_oce_object_v1_online
retain_once,W03,bird,a photo of the bird,16,58,images/retain_once/W03/bird/index_016_seed_58.png,bird,bird,True,0.9747632741928101,delete-after-eval,3.6145123885944486e-05,0.00015696983609814197,0.9747632741928101,0.016868969425559044,0.0004818917950615287,0.003517188597470522,0.0033439332619309425,0.00021429345360957086,0.00033903319854289293,0.00027825040160678327,existing_v1_100,/home/tslin/Documents/jupyter_data/anLi/machine_unlearning/orthogonal-concept-erasure/experiments/sequential_object_persistence/outputs/sequential_oce_object_v1_online
retain_once,W03,bird,a photo of the bird,17,59,images/retain_once/W03/bird/index_017_seed_59.png,bird,bird,True,0.9941884279251099,delete-after-eval,3.174969242536463e-05,0.0002317096950719133,0.9941884279251099,0.0002424950507702306,6.340647087199613e-05,0.0031187040731310844,0.0008563335286453366,0.0008967967587523162,0.0002534244558773935,0.00011697164154611528,existing_v1_100,/home/tslin/Documents/jupyter_data/anLi/machine_unlearning/orthogonal-concept-erasure/experiments/sequential_object_persistence/outputs/sequential_oce_object_v1_online
retain_once,W03,bird,a photo of the bird,18,60,images/retain_once/W03/bird/index_018_seed_60.png,bird,deer,False,0.1580764651298523,delete-after-eval,0.0007265295716933906,0.007873947732150555,0.1580764651298523,0.077613465487957,0.6238704323768616,0.03725149482488632,0.05135761946439743,0.03730695694684982,0.0023334198631346226,0.0035896829795092344,existing_v1_100,/home/tslin/Documents/jupyter_data/anLi/machine_unlearning/orthogonal-concept-erasure/experiments/sequential_object_persistence/outputs/sequential_oce_object_v1_online
retain_once,W03,bird,a photo of the bird,19,61,images/retain_once/W03/bird/index_019_seed_61.png,bird,bird,True,0.7779772281646729,delete-after-eval,0.00014095705409999937,0.0007300174911506474,0.7779772281646729,0.06808867305517197,0.0012674730969592929,0.0865672305226326,0.002320721046999097,0.0610702745616436,0.001273966277949512,0.0005635094712488353,existing_v1_100,/home/tslin/Documents/jupyter_data/anLi/machine_unlearning/orthogonal-concept-erasure/experiments/sequential_object_persistence/outputs/sequential_oce_object_v1_online
retain_once,W03,bird,a photo of the bird,20,62,images/retain_once/W03/bird/index_020_seed_62.png,bird,deer,False,0.22151267528533936,delete-after-eval,2.162426790164318e-05,0.0002544810704421252,0.22151267528533936,0.0024087270721793175,0.4260949492454529,0.05546976625919342,0.0005013546324335039,0.2933911383152008,3.6239605833543465e-05,0.0003090465033892542,existing_v1_100,/home/tslin/Documents/jupyter_data/anLi/machine_unlearning/orthogonal-concept-erasure/experiments/sequential_object_persistence/outputs/sequential_oce_object_v1_online
retain_once,W03,bird,a photo of the bird,21,63,images/retain_once/W03/bird/index_021_seed_63.png,bird,bird,True,0.9940379858016968,delete-after-eval,0.00028663326520472765,0.000338081328663975,0.9940379858016968,0.0008713742136023939,0.0008617581333965063,0.0016145516419783235,0.0005470160976983607,0.0006318347877822816,0.00011069176252931356,0.0007000860059633851,existing_v1_100,/home/tslin/Documents/jupyter_data/anLi/machine_unlearning/orthogonal-concept-erasure/experiments/sequential_object_persistence/outputs/sequential_oce_object_v1_online
retain_once,W03,bird,a photo of the bird,22,64,images/retain_once/W03/bird/index_022_seed_64.png,bird,cat,False,0.0014350579585880041,delete-after-eval,9.067363134818152e-05,0.0004770281375385821,0.0014350579585880041,0.9827054738998413,0.00025617473875172436,0.009709982201457024,0.000254102167673409,0.004745255224406719,0.00018416345119476318,0.00014195995754562318,existing_v1_100,/home/tslin/Documents/jupyter_data/anLi/machine_unlearning/orthogonal-concept-erasure/experiments/sequential_object_persistence/outputs/sequential_oce_object_v1_online
retain_once,W03,bird,a photo of the bird,23,65,images/retain_once/W03/bird/index_023_seed_65.png,bird,bird,True,0.6124550104141235,delete-after-eval,0.0014839330688118935,0.002111170906573534,0.6124550104141235,0.0028110139537602663,0.18305562436580658,0.016466869041323662,0.003565424121916294,0.17268367111682892,0.00028571486473083496,0.005081542767584324,existing_v1_100,/home/tslin/Documents/jupyter_data/anLi/machine_unlearning/orthogonal-concept-erasure/experiments/sequential_object_persistence/outputs/sequential_oce_object_v1_online
retain_once,W03,bird,a photo of the bird,24,66,images/retain_once/W03/bird/index_024_seed_66.png,bird,deer,False,0.03655518591403961,delete-after-eval,0.00018101806927006692,0.0008727092645131052,0.03655518591403961,0.07451512664556503,0.4491669535636902,0.3816257119178772,0.00953646283596754,0.045693762600421906,0.0005185169284231961,0.0013345862971618772,existing_v1_100,/home/tslin/Documents/jupyter_data/anLi/machine_unlearning/orthogonal-concept-erasure/experiments/sequential_object_persistence/outputs/sequential_oce_object_v1_online
retain_once,W03,bird,a photo of the bird,25,67,images/retain_once/W03/bird/index_025_seed_67.png,bird,bird,True,0.8609836101531982,delete-after-eval,0.0006417881813831627,0.0010612038895487785,0.8609836101531982,0.0832379162311554,0.0030841196421533823,0.00610493216663599,0.04235238954424858,0.0011829377617686987,0.00016586302081122994,0.001185135100968182,existing_v1_100,/home/tslin/Documents/jupyter_data/anLi/machine_unlearning/orthogonal-concept-erasure/experiments/sequential_object_persistence/outputs/sequential_oce_object_v1_online
retain_once,W03,bird,a photo of the bird,26,68,images/retain_once/W03/bird/index_026_seed_68.png,bird,bird,True,0.8747502565383911,delete-after-eval,0.0006859150598756969,0.0019577168859541416,0.8747502565383911,0.04518949240446091,0.015594806522130966,0.007953389547765255,0.008327039889991283,0.040659550577402115,0.0037239331286400557,0.0011579105630517006,existing_v1_100,/home/tslin/Documents/jupyter_data/anLi/machine_unlearning/orthogonal-concept-erasure/experiments/sequential_object_persistence/outputs/sequential_oce_object_v1_online
retain_once,W03,bird,a photo of the bird,27,69,images/retain_once/W03/bird/index_027_seed_69.png,bird,bird,True,0.9575814604759216,delete-after-eval,0.000326719309668988,0.0003527823428157717,0.9575814604759216,0.002090845024213195,0.0016299707349389791,0.02213391661643982,0.00015221415378618985,0.013161196373403072,9.909034997690469e-05,0.002471906365826726,existing_v1_100,/home/tslin/Documents/jupyter_data/anLi/machine_unlearning/orthogonal-concept-erasure/experiments/sequential_object_persistence/outputs/sequential_oce_object_v1_online
retain_once,W03,bird,a photo of the bird,28,70,images/retain_once/W03/bird/index_028_seed_70.png,bird,bird,True,0.9756244421005249,delete-after-eval,2.4977087377919815e-05,0.00014687229122500867,0.9756244421005249,0.0006799186230637133,0.0006696431082673371,0.01590370573103428,0.001891772379167378,0.004839109722524881,3.635919711086899e-05,0.00018317153444513679,existing_v1_100,/home/tslin/Documents/jupyter_data/anLi/machine_unlearning/orthogonal-concept-erasure/experiments/sequential_object_persistence/outputs/sequential_oce_object_v1_online
retain_once,W03,bird,a photo of the bird,29,71,images/retain_once/W03/bird/index_029_seed_71.png,bird,dog,False,0.0014419029466807842,delete-after-eval,0.00028003420447930694,0.0043466235511004925,0.0014419029466807842,0.06841685622930527,0.008682546205818653,0.8835735321044922,0.0006309801829047501,0.03148782625794411,0.0002665925130713731,0.0008730800473131239,existing_v1_100,/home/tslin/Documents/jupyter_data/anLi/machine_unlearning/orthogonal-concept-erasure/experiments/sequential_object_persistence/outputs/sequential_oce_object_v1_online
retain_once,W03,bird,a photo of the bird,30,72,images/retain_once/W03/bird/index_030_seed_72.png,bird,bird,True,0.9914292693138123,delete-after-eval,2.9593340514111333e-05,0.0003030525695066899,0.9914292693138123,0.0013042069040238857,0.0006045755580998957,0.0016259344993159175,0.0005765974638052285,0.00388602283783257,0.0001640699920244515,7.659446418983862e-05,existing_v1_100,/home/tslin/Documents/jupyter_data/anLi/machine_unlearning/orthogonal-concept-erasure/experiments/sequential_object_persistence/outputs/sequential_oce_object_v1_online
retain_once,W03,bird,a photo of the bird,31,73,images/retain_once/W03/bird/index_031_seed_73.png,bird,dog,False,0.011995607055723667,delete-after-eval,0.00085700728232041,0.0009094182169064879,0.011995607055723667,0.013236734084784985,0.03097449615597725,0.9053800702095032,0.0020499294623732567,0.030172081664204597,0.001981946872547269,0.0024427655152976513,existing_v1_100,/home/tslin/Documents/jupyter_data/anLi/machine_unlearning/orthogonal-concept-erasure/experiments/sequential_object_persistence/outputs/sequential_oce_object_v1_online
retain_once,W03,bird,a photo of the bird,32,74,images/retain_once/W03/bird/index_032_seed_74.png,bird,bird,True,0.920647919178009,delete-after-eval,9.855919051915407e-05,0.0008111933711916208,0.920647919178009,0.04225294291973114,0.004994560498744249,0.014204020611941814,0.014501364901661873,0.0005327033577486873,0.0008260732283815742,0.0011305628577247262,existing_v1_100,/home/tslin/Documents/jupyter_data/anLi/machine_unlearning/orthogonal-concept-erasure/experiments/sequential_object_persistence/outputs/sequential_oce_object_v1_online
retain_once,W03,bird,a photo of the bird,33,75,images/retain_once/W03/bird/index_033_seed_75.png,bird,cat,False,0.30991387367248535,delete-after-eval,0.01859201118350029,0.004090539179742336,0.30991387367248535,0.5413675904273987,0.007355425972491503,0.07337535917758942,0.01984635554254055,0.009834540076553822,0.012505725026130676,0.0031186561100184917,existing_v1_100,/home/tslin/Documents/jupyter_data/anLi/machine_unlearning/orthogonal-concept-erasure/experiments/sequential_object_persistence/outputs/sequential_oce_object_v1_online
retain_once,W03,bird,a photo of the bird,34,76,images/retain_once/W03/bird/index_034_seed_76.png,bird,bird,True,0.37233617901802063,delete-after-eval,0.0008913215133361518,0.00642243679612875,0.37233617901802063,0.3377476930618286,0.013302434235811234,0.18280237913131714,0.06275328248739243,0.00840098224580288,0.006651721894741058,0.00869156327098608,existing_v1_100,/home/tslin/Documents/jupyter_data/anLi/machine_unlearning/orthogonal-concept-erasure/experiments/sequential_object_persistence/outputs/sequential_oce_object_v1_online
retain_once,W03,bird,a photo of the bird,35,77,images/retain_once/W03/bird/index_035_seed_77.png,bird,bird,True,0.9966889023780823,delete-after-eval,3.256932177464478e-05,0.00021443214791361243,0.9966889023780823,0.0005065466393716633,0.00032446140539832413,0.0016048017423599958,0.0003221937804482877,0.0001803686172934249,2.676158146641683e-05,9.894890536088496e-05,existing_v1_100,/home/tslin/Documents/jupyter_data/anLi/machine_unlearning/orthogonal-concept-erasure/experiments/sequential_object_persistence/outputs/sequential_oce_object_v1_online
retain_once,W03,bird,a photo of the bird,36,78,images/retain_once/W03/bird/index_036_seed_78.png,bird,cat,False,0.417844295501709,delete-after-eval,0.0007035088492557406,0.0007961619412526488,0.417844295501709,0.46143999695777893,0.04084014520049095,0.03150078281760216,0.029334252700209618,0.016758907586336136,0.00031287522870115936,0.0004690483910962939,existing_v1_100,/home/tslin/Documents/jupyter_data/anLi/machine_unlearning/orthogonal-concept-erasure/experiments/sequential_object_persistence/outputs/sequential_oce_object_v1_online
retain_once,W03,bird,a photo of the bird,37,79,images/retain_once/W03/bird/index_037_seed_79.png,bird,bird,True,0.9950518012046814,delete-after-eval,1.2663796042033937e-05,0.00035455392207950354,0.9950518012046814,0.0017144297016784549,0.00011315182928228751,0.0012404900044202805,0.0009774024365469813,0.0003454697725828737,8.150067151291296e-05,0.00010844410280697048,existing_v1_100,/home/tslin/Documents/jupyter_data/anLi/machine_unlearning/orthogonal-concept-erasure/experiments/sequential_object_persistence/outputs/sequential_oce_object_v1_online
retain_once,W03,bird,a photo of the bird,38,80,images/retain_once/W03/bird/index_038_seed_80.png,bird,frog,False,0.16938133537769318,delete-after-eval,0.0029283305630087852,0.0113050676882267,0.16938133537769318,0.05111998692154884,0.04387988895177841,0.2112005203962326,0.41301634907722473,0.08521382510662079,0.0015207430114969611,0.010434003546833992,existing_v1_100,/home/tslin/Documents/jupyter_data/anLi/machine_unlearning/orthogonal-concept-erasure/experiments/sequential_object_persistence/outputs/sequential_oce_object_v1_online
retain_once,W03,bird,a photo of the bird,39,81,images/retain_once/W03/bird/index_039_seed_81.png,bird,bird,True,0.8339019417762756,delete-after-eval,6.907252100063488e-05,0.00070403196150437,0.8339019417762756,0.03036630153656006,0.007659008726477623,0.06387929618358612,0.005761167500168085,0.056667912751436234,0.0008262819610536098,0.00016500410856679082,existing_v1_100,/home/tslin/Documents/jupyter_data/anLi/machine_unlearning/orthogonal-concept-erasure/experiments/sequential_object_persistence/outputs/sequential_oce_object_v1_online
retain_once,W03,bird,a photo of the bird,40,82,images/retain_once/W03/bird/index_040_seed_82.png,bird,dog,False,0.04986283555626869,delete-after-eval,0.006380422506481409,0.01014949381351471,0.04986283555626869,0.19877971708774567,0.11795967072248459,0.436867892742157,0.004318947438150644,0.1559942364692688,0.0019906028173863888,0.017696117982268333,existing_v1_100,/home/tslin/Documents/jupyter_data/anLi/machine_unlearning/orthogonal-concept-erasure/experiments/sequential_object_persistence/outputs/sequential_oce_object_v1_online
retain_once,W03,bird,a photo of the bird,41,83,images/retain_once/W03/bird/index_041_seed_83.png,bird,cat,False,0.0020409049466252327,delete-after-eval,2.061281156784389e-05,0.0003697129723150283,0.0020409049466252327,0.7861770987510681,0.09325561672449112,0.10368195176124573,0.0002041499683400616,0.01379837654531002,0.00010043664224212989,0.00035115997889079154,existing_v1_100,/home/tslin/Documents/jupyter_data/anLi/machine_unlearning/orthogonal-concept-erasure/experiments/sequential_object_persistence/outputs/sequential_oce_object_v1_online
retain_once,W03,bird,a photo of the bird,42,84,images/retain_once/W03/bird/index_042_seed_84.png,bird,dog,False,0.016570840030908585,delete-after-eval,0.00026516488287597895,0.0007924110977910459,0.016570840030908585,0.035222336649894714,0.08650942891836166,0.7865666747093201,0.010279123671352863,0.06255940347909927,0.0007223646389320493,0.000512150174472481,existing_v1_100,/home/tslin/Documents/jupyter_data/anLi/machine_unlearning/orthogonal-concept-erasure/experiments/sequential_object_persistence/outputs/sequential_oce_object_v1_online
retain_once,W03,bird,a photo of the bird,43,85,images/retain_once/W03/bird/index_043_seed_85.png,bird,bird,True,0.969031810760498,delete-after-eval,0.000599044025875628,0.0008946506422944367,0.969031810760498,0.013352529145777225,0.00013156163913663477,0.0073724896647036076,0.004219774156808853,0.0018667152617126703,0.002193122636526823,0.00033830851316452026,existing_v1_100,/home/tslin/Documents/jupyter_data/anLi/machine_unlearning/orthogonal-concept-erasure/experiments/sequential_object_persistence/outputs/sequential_oce_object_v1_online
retain_once,W03,bird,a photo of the bird,44,86,images/retain_once/W03/bird/index_044_seed_86.png,bird,deer,False,0.07736314088106155,delete-after-eval,0.00031275334185920656,0.0006678608478978276,0.07736314088106155,0.12869736552238464,0.3607204258441925,0.33045297861099243,0.015147827565670013,0.08532732725143433,0.0004596716316882521,0.0008506609592586756,existing_v1_100,/home/tslin/Documents/jupyter_data/anLi/machine_unlearning/orthogonal-concept-erasure/experiments/sequential_object_persistence/outputs/sequential_oce_object_v1_online
retain_once,W03,bird,a photo of the bird,45,87,images/retain_once/W03/bird/index_045_seed_87.png,bird,bird,True,0.9968761205673218,delete-after-eval,0.00023961752594914287,0.00013128755381330848,0.9968761205673218,0.00042258904431946576,0.00031577612389810383,0.0005319879855960608,0.001097288099117577,0.0001561882090754807,7.680666749365628e-05,0.00015223611262626946,existing_v1_100,/home/tslin/Documents/jupyter_data/anLi/machine_unlearning/orthogonal-concept-erasure/experiments/sequential_object_persistence/outputs/sequential_oce_object_v1_online
retain_once,W03,bird,a photo of the bird,46,88,images/retain_once/W03/bird/index_046_seed_88.png,bird,cat,False,0.0009498224244453013,delete-after-eval,1.3975204637972638e-05,0.00025991376605816185,0.0009498224244453013,0.9295428991317749,0.005926993675529957,0.060792747884988785,0.0003248559369239956,0.0018983419286087155,0.00019029375107493252,0.00010013995051849633,existing_v1_100,/home/tslin/Documents/jupyter_data/anLi/machine_unlearning/orthogonal-concept-erasure/experiments/sequential_object_persistence/outputs/sequential_oce_object_v1_online
retain_once,W03,bird,a photo of the bird,47,89,images/retain_once/W03/bird/index_047_seed_89.png,bird,bird,True,0.9821402430534363,delete-after-eval,0.0001672060025157407,0.0005654511041939259,0.9821402430534363,0.004138974938541651,0.00015358530799858272,0.002840156899765134,0.006987161934375763,0.0022141365334391594,0.0005151241202838719,0.0002779750502668321,existing_v1_100,/home/tslin/Documents/jupyter_data/anLi/machine_unlearning/orthogonal-concept-erasure/experiments/sequential_object_persistence/outputs/sequential_oce_object_v1_online
retain_once,W03,bird,a photo of the bird,48,90,images/retain_once/W03/bird/index_048_seed_90.png,bird,bird,True,0.9419170618057251,delete-after-eval,0.001163689885288477,0.003264158731326461,0.9419170618057251,0.006419965997338295,0.003819290781393647,0.020123647525906563,0.0015743700787425041,0.01871156319975853,0.0006293448968790472,0.002376912860199809,existing_v1_100,/home/tslin/Documents/jupyter_data/anLi/machine_unlearning/orthogonal-concept-erasure/experiments/sequential_object_persistence/outputs/sequential_oce_object_v1_online
retain_once,W03,bird,a photo of the bird,49,91,images/retain_once/W03/bird/index_049_seed_91.png,bird,bird,True,0.6454919576644897,delete-after-eval,0.0004932602168992162,0.003721018088981509,0.6454919576644897,0.22361919283866882,0.0017221630550920963,0.0765802264213562,0.020632410421967506,0.023751428350806236,0.0015963079640641809,0.002392090391367674,existing_v1_100,/home/tslin/Documents/jupyter_data/anLi/machine_unlearning/orthogonal-concept-erasure/experiments/sequential_object_persistence/outputs/sequential_oce_object_v1_online
retain_once,W03,bird,a photo of the bird,50,92,images/retain_once/W03/bird/index_050_seed_92.png,bird,dog,False,0.21007999777793884,delete-after-eval,0.0003308309242129326,0.02534506283700466,0.21007999777793884,0.11279334127902985,0.0016683372668921947,0.3053831160068512,0.2012915164232254,0.08906415849924088,0.026354342699050903,0.027689320966601372,existing_v1_100,/home/tslin/Documents/jupyter_data/anLi/machine_unlearning/orthogonal-concept-erasure/experiments/sequential_object_persistence/outputs/sequential_oce_object_v1_online
retain_once,W03,bird,a photo of the bird,51,93,images/retain_once/W03/bird/index_051_seed_93.png,bird,cat,False,0.2802902162075043,delete-after-eval,0.0009133659768849611,0.0011800439096987247,0.2802902162075043,0.3167586326599121,0.05757654830813408,0.037839002907276154,0.29986900091171265,0.0004470048879738897,0.0006893370300531387,0.004436821211129427,existing_v1_100,/home/tslin/Documents/jupyter_data/anLi/machine_unlearning/orthogonal-concept-erasure/experiments/sequential_object_persistence/outputs/sequential_oce_object_v1_online
retain_once,W03,bird,a photo of the bird,52,94,images/retain_once/W03/bird/index_052_seed_94.png,bird,bird,True,0.5400030016899109,delete-after-eval,0.0009096217690967023,0.0015791706973686814,0.5400030016899109,0.12969888746738434,0.03126082941889763,0.16010788083076477,0.12272175401449203,0.010554238222539425,0.002036435529589653,0.0011281282640993595,existing_v1_100,/home/tslin/Documents/jupyter_data/anLi/machine_unlearning/orthogonal-concept-erasure/experiments/sequential_object_persistence/outputs/sequential_oce_object_v1_online
retain_once,W03,bird,a photo of the bird,53,95,images/retain_once/W03/bird/index_053_seed_95.png,bird,cat,False,0.11703075468540192,delete-after-eval,2.7762172976508737e-05,0.0009840860730037093,0.11703075468540192,0.6425737738609314,0.030578890815377235,0.20096638798713684,0.006584050599485636,0.0005505911540240049,0.00013473708531819284,0.0005689493264071643,existing_v1_100,/home/tslin/Documents/jupyter_data/anLi/machine_unlearning/orthogonal-concept-erasure/experiments/sequential_object_persistence/outputs/sequential_oce_object_v1_online
retain_once,W03,bird,a photo of the bird,54,96,images/retain_once/W03/bird/index_054_seed_96.png,bird,cat,False,0.014448493719100952,delete-after-eval,0.0005872784531675279,0.001630786107853055,0.014448493719100952,0.8279722929000854,0.00460041593760252,0.12887778878211975,0.009138154797255993,0.012047303840517998,0.0004066376422997564,0.0002908625756390393,existing_v1_100,/home/tslin/Documents/jupyter_data/anLi/machine_unlearning/orthogonal-concept-erasure/experiments/sequential_object_persistence/outputs/sequential_oce_object_v1_online
retain_once,W03,bird,a photo of the bird,55,97,images/retain_once/W03/bird/index_055_seed_97.png,bird,cat,False,0.1408093273639679,delete-after-eval,4.640284168999642e-05,0.0003814753727056086,0.1408093273639679,0.8237060308456421,0.0005923741846345365,0.02028891257941723,0.013368422165513039,0.0003581845958251506,0.00014263369666878134,0.00030631310073658824,existing_v1_100,/home/tslin/Documents/jupyter_data/anLi/machine_unlearning/orthogonal-concept-erasure/experiments/sequential_object_persistence/outputs/sequential_oce_object_v1_online
retain_once,W03,bird,a photo of the bird,56,98,images/retain_once/W03/bird/index_056_seed_98.png,bird,bird,True,0.6274701952934265,delete-after-eval,9.834148659138009e-05,0.0017080276738852262,0.6274701952934265,0.3385515809059143,0.013702110387384892,0.005790318828076124,0.005416755564510822,0.006429538130760193,0.00045649055391550064,0.00037669611629098654,existing_v1_100,/home/tslin/Documents/jupyter_data/anLi/machine_unlearning/orthogonal-concept-erasure/experiments/sequential_object_persistence/outputs/sequential_oce_object_v1_online
retain_once,W03,bird,a photo of the bird,57,99,images/retain_once/W03/bird/index_057_seed_99.png,bird,horse,False,0.022760283201932907,delete-after-eval,0.00016864409553818405,0.000219138921238482,0.022760283201932907,0.008114716969430447,0.010255439206957817,0.02036983333528042,0.0011643159668892622,0.9353557229042053,0.000601820822339505,0.000989951309747994,existing_v1_100,/home/tslin/Documents/jupyter_data/anLi/machine_unlearning/orthogonal-concept-erasure/experiments/sequential_object_persistence/outputs/sequential_oce_object_v1_online
retain_once,W03,bird,a photo of the bird,58,100,images/retain_once/W03/bird/index_058_seed_100.png,bird,bird,True,0.8732647895812988,delete-after-eval,0.0003243761311750859,0.0008298004395328462,0.8732647895812988,0.01398453302681446,0.00021606705558951944,0.05585247650742531,0.05242382735013962,0.0016353621613234282,0.0012628064723685384,0.0002059521502815187,existing_v1_100,/home/tslin/Documents/jupyter_data/anLi/machine_unlearning/orthogonal-concept-erasure/experiments/sequential_object_persistence/outputs/sequential_oce_object_v1_online
retain_once,W03,bird,a photo of the bird,59,101,images/retain_once/W03/bird/index_059_seed_101.png,bird,bird,True,0.9476290941238403,delete-after-eval,0.00015728289145044982,0.0009008757770061493,0.9476290941238403,0.010128727182745934,0.005591715220361948,0.027988189831376076,0.0021020348649472,0.0020681319292634726,0.0002696867741178721,0.003164146561175585,existing_v1_100,/home/tslin/Documents/jupyter_data/anLi/machine_unlearning/orthogonal-concept-erasure/experiments/sequential_object_persistence/outputs/sequential_oce_object_v1_online
retain_once,W03,bird,a photo of the bird,60,102,images/retain_once/W03/bird/index_060_seed_102.png,bird,horse,False,0.001373257371596992,delete-after-eval,2.4895543901948258e-05,0.00034238933585584164,0.001373257371596992,0.002801284659653902,0.432460755109787,0.03520771488547325,3.4732693166006356e-05,0.5275989770889282,6.601159839192405e-05,8.998859266284853e-05,existing_v1_100,/home/tslin/Documents/jupyter_data/anLi/machine_unlearning/orthogonal-concept-erasure/experiments/sequential_object_persistence/outputs/sequential_oce_object_v1_online
retain_once,W03,bird,a photo of the bird,61,103,images/retain_once/W03/bird/index_061_seed_103.png,bird,bird,True,0.9979456067085266,delete-after-eval,0.00011306500528007746,0.00023314142890740186,0.9979456067085266,0.00040449455264024436,2.1245659809210338e-05,0.0005756377940997481,0.000249761447776109,0.00018755963537842035,0.00010031057172454894,0.00016928934201132506,existing_v1_100,/home/tslin/Documents/jupyter_data/anLi/machine_unlearning/orthogonal-concept-erasure/experiments/sequential_object_persistence/outputs/sequential_oce_object_v1_online
retain_once,W03,bird,a photo of the bird,62,104,images/retain_once/W03/bird/index_062_seed_104.png,bird,bird,True,0.5252645611763,delete-after-eval,0.00016111812146846205,0.0006035345140844584,0.5252645611763,0.05725632235407829,0.19097623229026794,0.10893291980028152,0.00277658156119287,0.11243006587028503,0.0005301311612129211,0.001068531651981175,existing_v1_100,/home/tslin/Documents/jupyter_data/anLi/machine_unlearning/orthogonal-concept-erasure/experiments/sequential_object_persistence/outputs/sequential_oce_object_v1_online
retain_once,W03,bird,a photo of the bird,63,105,images/retain_once/W03/bird/index_063_seed_105.png,bird,bird,True,0.791290819644928,delete-after-eval,0.00029725817148573697,0.002768449019640684,0.791290819644928,0.0035621568094938993,0.02041790820658207,0.027177220210433006,0.0057856799103319645,0.14675231277942657,0.000599569350015372,0.0013486039824783802,existing_v1_100,/home/tslin/Documents/jupyter_data/anLi/machine_unlearning/orthogonal-concept-erasure/experiments/sequential_object_persistence/outputs/sequential_oce_object_v1_online
retain_once,W03,bird,a photo of the bird,64,106,images/retain_once/W03/bird/index_064_seed_106.png,bird,bird,True,0.611858606338501,delete-after-eval,0.0007056866306811571,0.010622834786772728,0.611858606338501,0.04399491474032402,0.02917069010436535,0.17230208218097687,0.06291783601045609,0.06115969642996788,0.006129852496087551,0.001137799583375454,existing_v1_100,/home/tslin/Documents/jupyter_data/anLi/machine_unlearning/orthogonal-concept-erasure/experiments/sequential_object_persistence/outputs/sequential_oce_object_v1_online
retain_once,W03,bird,a photo of the bird,65,107,images/retain_once/W03/bird/index_065_seed_107.png,bird,cat,False,0.29113513231277466,delete-after-eval,6.538769230246544e-05,0.000740146148018539,0.29113513231277466,0.6751815676689148,0.011708367615938187,0.008217872120440006,0.005671102087944746,0.00700882263481617,0.00016490121197421104,0.00010669163020793349,existing_v1_100,/home/tslin/Documents/jupyter_data/anLi/machine_unlearning/orthogonal-concept-erasure/experiments/sequential_object_persistence/outputs/sequential_oce_object_v1_online
retain_once,W03,bird,a photo of the bird,66,108,images/retain_once/W03/bird/index_066_seed_108.png,bird,cat,False,0.052148185670375824,delete-after-eval,2.002463224926032e-05,0.0009670479921624064,0.052148185670375824,0.5956785082817078,0.3111400604248047,0.03313305228948593,0.0006670153816230595,0.0052904654294252396,0.00016337404667865485,0.0007922211079858243,existing_v1_100,/home/tslin/Documents/jupyter_data/anLi/machine_unlearning/orthogonal-concept-erasure/experiments/sequential_object_persistence/outputs/sequential_oce_object_v1_online
retain_once,W03,bird,a photo of the bird,67,109,images/retain_once/W03/bird/index_067_seed_109.png,bird,cat,False,0.009779508225619793,delete-after-eval,7.788643415551633e-06,0.00013641215628013015,0.009779508225619793,0.9630417823791504,0.0007149040466174483,0.02472025901079178,0.00023408351989928633,0.0013094961177557707,2.348136513319332e-05,3.240653677494265e-05,existing_v1_100,/home/tslin/Documents/jupyter_data/anLi/machine_unlearning/orthogonal-concept-erasure/experiments/sequential_object_persistence/outputs/sequential_oce_object_v1_online
retain_once,W03,bird,a photo of the bird,68,110,images/retain_once/W03/bird/index_068_seed_110.png,bird,cat,False,0.0008781570941209793,delete-after-eval,1.9990582586615346e-05,0.0005941500421613455,0.0008781570941209793,0.9889779686927795,0.004971209913492203,0.002746431389823556,8.122272265609354e-05,0.001149035175330937,0.0001261616125702858,0.000455657544080168,existing_v1_100,/home/tslin/Documents/jupyter_data/anLi/machine_unlearning/orthogonal-concept-erasure/experiments/sequential_object_persistence/outputs/sequential_oce_object_v1_online
retain_once,W03,bird,a photo of the bird,69,111,images/retain_once/W03/bird/index_069_seed_111.png,bird,deer,False,0.2176205962896347,delete-after-eval,0.00016244662401732057,0.005150496959686279,0.2176205962896347,0.019780399277806282,0.6595337390899658,0.08325683325529099,0.004612782504409552,0.008503744378685951,0.0006148951943032444,0.0007640403346158564,existing_v1_100,/home/tslin/Documents/jupyter_data/anLi/machine_unlearning/orthogonal-concept-erasure/experiments/sequential_object_persistence/outputs/sequential_oce_object_v1_online
retain_once,W03,bird,a photo of the bird,70,112,images/retain_once/W03/bird/index_070_seed_112.png,bird,bird,True,0.972510814666748,delete-after-eval,0.0001606218283995986,0.00036307869595475495,0.972510814666748,0.0011994855012744665,0.002004469744861126,0.008032366633415222,0.0012984307250007987,0.014097270555794239,0.00017736031441017985,0.00015607573732268065,existing_v1_100,/home/tslin/Documents/jupyter_data/anLi/machine_unlearning/orthogonal-concept-erasure/experiments/sequential_object_persistence/outputs/sequential_oce_object_v1_online
retain_once,W03,bird,a photo of the bird,71,113,images/retain_once/W03/bird/index_071_seed_113.png,bird,cat,False,0.0017637723358348012,delete-after-eval,1.55410871229833e-05,0.0007134064217098057,0.0017637723358348012,0.8857778906822205,0.06812015175819397,0.031920209527015686,0.0006598257459700108,0.010623405687510967,0.00020160546409897506,0.0002042306587100029,existing_v1_100,/home/tslin/Documents/jupyter_data/anLi/machine_unlearning/orthogonal-concept-erasure/experiments/sequential_object_persistence/outputs/sequential_oce_object_v1_online
retain_once,W03,bird,a photo of the bird,72,114,images/retain_once/W03/bird/index_072_seed_114.png,bird,dog,False,0.011022531427443027,delete-after-eval,1.0892373211390804e-05,0.00014002213720232248,0.011022531427443027,0.02185595966875553,0.16012297570705414,0.7915500998497009,0.0014412489254027605,0.01366000808775425,4.897794860880822e-05,0.00014726795780006796,existing_v1_100,/home/tslin/Documents/jupyter_data/anLi/machine_unlearning/orthogonal-concept-erasure/experiments/sequential_object_persistence/outputs/sequential_oce_object_v1_online
retain_once,W03,bird,a photo of the bird,73,115,images/retain_once/W03/bird/index_073_seed_115.png,bird,cat,False,0.04916917905211449,delete-after-eval,0.0001170777395600453,0.0004987688735127449,0.04916917905211449,0.8474879860877991,0.009032041765749454,0.07784610986709595,0.013087114319205284,0.0011719331378117204,0.0007708980701863766,0.000818881206214428,existing_v1_100,/home/tslin/Documents/jupyter_data/anLi/machine_unlearning/orthogonal-concept-erasure/experiments/sequential_object_persistence/outputs/sequential_oce_object_v1_online
retain_once,W03,bird,a photo of the bird,74,116,images/retain_once/W03/bird/index_074_seed_116.png,bird,deer,False,0.049708783626556396,delete-after-eval,0.00013273415970616043,0.001885778270661831,0.049708783626556396,0.07556242495775223,0.6102776527404785,0.19508250057697296,0.0030456504318863153,0.06354855746030807,0.00020665675401687622,0.0005493393982760608,existing_v1_100,/home/tslin/Documents/jupyter_data/anLi/machine_unlearning/orthogonal-concept-erasure/experiments/sequential_object_persistence/outputs/sequential_oce_object_v1_online
retain_once,W03,bird,a photo of the bird,75,117,images/retain_once/W03/bird/index_075_seed_117.png,bird,deer,False,0.003992964513599873,delete-after-eval,4.0496106521459296e-05,0.0005514163640327752,0.003992964513599873,0.018179913982748985,0.7679712176322937,0.12101688235998154,0.0012072973186150193,0.08608037233352661,0.0004193777858745307,0.0005400521331466734,existing_v1_100,/home/tslin/Documents/jupyter_data/anLi/machine_unlearning/orthogonal-concept-erasure/experiments/sequential_object_persistence/outputs/sequential_oce_object_v1_online
retain_once,W03,bird,a photo of the bird,76,118,images/retain_once/W03/bird/index_076_seed_118.png,bird,bird,True,0.4586910605430603,delete-after-eval,0.0005282203201204538,0.0002002547844313085,0.4586910605430603,0.3257095217704773,0.023797884583473206,0.06736411154270172,0.0031562254298478365,0.11790230125188828,0.0022395295090973377,0.00041086398414336145,existing_v1_100,/home/tslin/Documents/jupyter_data/anLi/machine_unlearning/orthogonal-concept-erasure/experiments/sequential_object_persistence/outputs/sequential_oce_object_v1_online
retain_once,W03,bird,a photo of the bird,77,119,images/retain_once/W03/bird/index_077_seed_119.png,bird,bird,True,0.9911841154098511,delete-after-eval,0.0005179395666345954,0.00016672186029609293,0.9911841154098511,0.0015622308710590005,0.00013926946849096566,0.004941896069794893,8.899569365894422e-05,0.0009631805587559938,0.00029199442360550165,0.00014369528798852116,existing_v1_100,/home/tslin/Documents/jupyter_data/anLi/machine_unlearning/orthogonal-concept-erasure/experiments/sequential_object_persistence/outputs/sequential_oce_object_v1_online
retain_once,W03,bird,a photo of the bird,78,120,images/retain_once/W03/bird/index_078_seed_120.png,bird,dog,False,0.010321875102818012,delete-after-eval,0.00020064931595698,0.0009405110031366348,0.010321875102818012,0.21890175342559814,0.052526794373989105,0.5353136658668518,0.004059558268636465,0.17574594914913177,0.00045809400035068393,0.001531081972643733,existing_v1_100,/home/tslin/Documents/jupyter_data/anLi/machine_unlearning/orthogonal-concept-erasure/experiments/sequential_object_persistence/outputs/sequential_oce_object_v1_online
retain_once,W03,bird,a photo of the bird,79,121,images/retain_once/W03/bird/index_079_seed_121.png,bird,bird,True,0.9951920509338379,delete-after-eval,0.0001495690521551296,0.0002359964419156313,0.9951920509338379,0.0015446097822859883,4.927544068777934e-05,0.001632525585591793,0.0005627660430036485,0.00022849664674140513,8.231677929870784e-05,0.0003223290550522506,existing_v1_100,/home/tslin/Documents/jupyter_data/anLi/machine_unlearning/orthogonal-concept-erasure/experiments/sequential_object_persistence/outputs/sequential_oce_object_v1_online
retain_once,W03,bird,a photo of the bird,80,122,images/retain_once/W03/bird/index_080_seed_122.png,bird,bird,True,0.8787187933921814,delete-after-eval,2.3310167307499796e-05,0.000663528626319021,0.8787187933921814,0.005880424752831459,0.004237256478518248,0.0677543431520462,0.00078106316505,0.04108740761876106,0.00032902727252803743,0.0005249243695288897,existing_v1_100,/home/tslin/Documents/jupyter_data/anLi/machine_unlearning/orthogonal-concept-erasure/experiments/sequential_object_persistence/outputs/sequential_oce_object_v1_online
retain_once,W03,bird,a photo of the bird,81,123,images/retain_once/W03/bird/index_081_seed_123.png,bird,deer,False,0.0038826654199510813,delete-after-eval,0.0002982721198350191,0.0014342904323711991,0.0038826654199510813,0.0029396910686045885,0.7279574275016785,0.04313397780060768,0.0001657109969528392,0.2186487764120102,0.00015278946375474334,0.0013864468783140182,existing_v1_100,/home/tslin/Documents/jupyter_data/anLi/machine_unlearning/orthogonal-concept-erasure/experiments/sequential_object_persistence/outputs/sequential_oce_object_v1_online
retain_once,W03,bird,a photo of the bird,82,124,images/retain_once/W03/bird/index_082_seed_124.png,bird,horse,False,0.008578568696975708,delete-after-eval,3.272665344411507e-05,0.0002315813471795991,0.008578568696975708,0.0028309139888733625,0.07447182387113571,0.055531177669763565,0.0004750925290863961,0.8576908111572266,5.25212635693606e-05,0.00010475565795786679,existing_v1_100,/home/tslin/Documents/jupyter_data/anLi/machine_unlearning/orthogonal-concept-erasure/experiments/sequential_object_persistence/outputs/sequential_oce_object_v1_online
retain_once,W03,bird,a photo of the bird,83,125,images/retain_once/W03/bird/index_083_seed_125.png,bird,dog,False,0.03053356520831585,delete-after-eval,0.0001035057648550719,0.002075070748105645,0.03053356520831585,0.14898116886615753,0.11167797446250916,0.6194408535957336,0.0036295673344284296,0.08244314044713974,0.0005026289727538824,0.0006124614737927914,existing_v1_100,/home/tslin/Documents/jupyter_data/anLi/machine_unlearning/orthogonal-concept-erasure/experiments/sequential_object_persistence/outputs/sequential_oce_object_v1_online
retain_once,W03,bird,a photo of the bird,84,126,images/retain_once/W03/bird/index_084_seed_126.png,bird,bird,True,0.4812755584716797,delete-after-eval,0.00015404810255859047,0.0012817872921004891,0.4812755584716797,0.09061996638774872,0.06373746693134308,0.30771276354789734,0.03369803726673126,0.019085804000496864,0.000333948468323797,0.0021006311289966106,existing_v1_100,/home/tslin/Documents/jupyter_data/anLi/machine_unlearning/orthogonal-concept-erasure/experiments/sequential_object_persistence/outputs/sequential_oce_object_v1_online
retain_once,W03,bird,a photo of the bird,85,127,images/retain_once/W03/bird/index_085_seed_127.png,bird,horse,False,0.0781639888882637,delete-after-eval,7.798130536684766e-05,0.00021430333436001092,0.0781639888882637,0.0008835382177494466,0.005366829689592123,0.012361442670226097,0.00015066019841469824,0.9024896621704102,9.038659482030198e-05,0.00020124296133872122,existing_v1_100,/home/tslin/Documents/jupyter_data/anLi/machine_unlearning/orthogonal-concept-erasure/experiments/sequential_object_persistence/outputs/sequential_oce_object_v1_online
retain_once,W03,bird,a photo of the bird,86,128,images/retain_once/W03/bird/index_086_seed_128.png,bird,horse,False,0.003260054625570774,delete-after-eval,8.941400301409885e-05,0.0006381984567269683,0.003260054625570774,0.041239745914936066,0.07470688223838806,0.2824219763278961,0.0005639315932057798,0.5961349010467529,0.000532014761120081,0.0004129079170525074,existing_v1_100,/home/tslin/Documents/jupyter_data/anLi/machine_unlearning/orthogonal-concept-erasure/experiments/sequential_object_persistence/outputs/sequential_oce_object_v1_online
retain_once,W03,bird,a photo of the bird,87,129,images/retain_once/W03/bird/index_087_seed_129.png,bird,deer,False,0.0370166189968586,delete-after-eval,0.00014308313257060945,0.0014127603499218822,0.0370166189968586,0.03674600273370743,0.6605263352394104,0.2433219850063324,0.0016324074240401387,0.016264813020825386,0.0003092255792580545,0.002626818371936679,existing_v1_100,/home/tslin/Documents/jupyter_data/anLi/machine_unlearning/orthogonal-concept-erasure/experiments/sequential_object_persistence/outputs/sequential_oce_object_v1_online
retain_once,W03,bird,a photo of the bird,88,130,images/retain_once/W03/bird/index_088_seed_130.png,bird,cat,False,0.10866894572973251,delete-after-eval,3.3504198654554784e-05,0.00015396180970128626,0.10866894572973251,0.8864282369613647,0.0007226557936519384,0.0019425001228228211,0.0012232773005962372,0.00035470552393235266,0.00027192896232008934,0.00020032969769090414,existing_v1_100,/home/tslin/Documents/jupyter_data/anLi/machine_unlearning/orthogonal-concept-erasure/experiments/sequential_object_persistence/outputs/sequential_oce_object_v1_online
retain_once,W03,bird,a photo of the bird,89,131,images/retain_once/W03/bird/index_089_seed_131.png,bird,bird,True,0.8250533938407898,delete-after-eval,0.00032248429488390684,0.0013391408137977123,0.8250533938407898,0.09426786750555038,0.0016167699359357357,0.0654454454779625,0.008411968126893044,0.0020219553261995316,0.0006309169111773372,0.0008901105611585081,existing_v1_100,/home/tslin/Documents/jupyter_data/anLi/machine_unlearning/orthogonal-concept-erasure/experiments/sequential_object_persistence/outputs/sequential_oce_object_v1_online
retain_once,W03,bird,a photo of the bird,90,132,images/retain_once/W03/bird/index_090_seed_132.png,bird,deer,False,0.06963855773210526,delete-after-eval,5.3379397286335006e-05,0.0027600768953561783,0.06963855773210526,0.14022985100746155,0.3885890245437622,0.35598722100257874,0.023630861192941666,0.016994526609778404,0.0011665833881124854,0.0009498429135419428,existing_v1_100,/home/tslin/Documents/jupyter_data/anLi/machine_unlearning/orthogonal-concept-erasure/experiments/sequential_object_persistence/outputs/sequential_oce_object_v1_online
retain_once,W03,bird,a photo of the bird,91,133,images/retain_once/W03/bird/index_091_seed_133.png,bird,bird,True,0.5250790119171143,delete-after-eval,0.22067463397979736,0.06462053954601288,0.5250790119171143,0.008708802051842213,0.012811235152184963,0.013016928918659687,0.035668548196554184,0.025170931592583656,0.057201072573661804,0.03704826906323433,existing_v1_100,/home/tslin/Documents/jupyter_data/anLi/machine_unlearning/orthogonal-concept-erasure/experiments/sequential_object_persistence/outputs/sequential_oce_object_v1_online
retain_once,W03,bird,a photo of the bird,92,134,images/retain_once/W03/bird/index_092_seed_134.png,bird,bird,True,0.917881965637207,delete-after-eval,4.98123154102359e-05,0.0006228580605238676,0.917881965637207,0.004105197731405497,0.03932083398103714,0.013701270334422588,0.004101816564798355,0.019094375893473625,0.0008119557169266045,0.0003098002343904227,existing_v1_100,/home/tslin/Documents/jupyter_data/anLi/machine_unlearning/orthogonal-concept-erasure/experiments/sequential_object_persistence/outputs/sequential_oce_object_v1_online
retain_once,W03,bird,a photo of the bird,93,135,images/retain_once/W03/bird/index_093_seed_135.png,bird,bird,True,0.9374665021896362,delete-after-eval,8.01322385086678e-05,0.0007509934366680682,0.9374665021896362,0.0030359390657395124,0.003643244970589876,0.018175549805164337,0.03259941563010216,0.003532757516950369,0.00016506105021107942,0.0005504034925252199,existing_v1_100,/home/tslin/Documents/jupyter_data/anLi/machine_unlearning/orthogonal-concept-erasure/experiments/sequential_object_persistence/outputs/sequential_oce_object_v1_online
retain_once,W03,bird,a photo of the bird,94,136,images/retain_once/W03/bird/index_094_seed_136.png,bird,deer,False,0.003322185482829809,delete-after-eval,0.0001308868231717497,0.003082433482632041,0.003322185482829809,0.006072313990443945,0.6859611868858337,0.11886253952980042,8.604847971582785e-05,0.18111033737659454,0.0003662307863123715,0.001005840371362865,existing_v1_100,/home/tslin/Documents/jupyter_data/anLi/machine_unlearning/orthogonal-concept-erasure/experiments/sequential_object_persistence/outputs/sequential_oce_object_v1_online
retain_once,W03,bird,a photo of the bird,95,137,images/retain_once/W03/bird/index_095_seed_137.png,bird,bird,True,0.9786231517791748,delete-after-eval,1.1964130862907041e-05,0.0001342672621831298,0.9786231517791748,0.012700790539383888,0.0008986865868791938,0.004975893069058657,0.0009962040930986404,0.0015849611954763532,3.0470124329440296e-05,4.36497648479417e-05,existing_v1_100,/home/tslin/Documents/jupyter_data/anLi/machine_unlearning/orthogonal-concept-erasure/experiments/sequential_object_persistence/outputs/sequential_oce_object_v1_online
retain_once,W03,bird,a photo of the bird,96,138,images/retain_once/W03/bird/index_096_seed_138.png,bird,cat,False,0.3087873160839081,delete-after-eval,0.005119665991514921,0.0007650029729120433,0.3087873160839081,0.5030981302261353,0.0362064503133297,0.06037876754999161,0.055796414613723755,0.02623062953352928,0.0019069879781454802,0.0017105480656027794,existing_v1_100,/home/tslin/Documents/jupyter_data/anLi/machine_unlearning/orthogonal-concept-erasure/experiments/sequential_object_persistence/outputs/sequential_oce_object_v1_online
retain_once,W03,bird,a photo of the bird,97,139,images/retain_once/W03/bird/index_097_seed_139.png,bird,cat,False,0.02835230343043804,delete-after-eval,1.1846786037494894e-05,0.0011209265794605017,0.02835230343043804,0.9347485303878784,0.0044642286375164986,0.025444429367780685,0.0005793524323962629,0.004691276699304581,0.00047252283548004925,0.000114594200567808,existing_v1_100,/home/tslin/Documents/jupyter_data/anLi/machine_unlearning/orthogonal-concept-erasure/experiments/sequential_object_persistence/outputs/sequential_oce_object_v1_online
retain_once,W03,bird,a photo of the bird,98,140,images/retain_once/W03/bird/index_098_seed_140.png,bird,bird,True,0.9824767112731934,delete-after-eval,0.00021367977024056017,0.0020151815842837095,0.9824767112731934,0.008372506126761436,3.4610806324053556e-05,0.0018015765817835927,0.0032993536442518234,0.00021758607181254774,0.00039024968282319605,0.0011785610113292933,existing_v1_100,/home/tslin/Documents/jupyter_data/anLi/machine_unlearning/orthogonal-concept-erasure/experiments/sequential_object_persistence/outputs/sequential_oce_object_v1_online
retain_once,W03,bird,a photo of the bird,99,141,images/retain_once/W03/bird/index_099_seed_141.png,bird,bird,True,0.7228593826293945,delete-after-eval,0.00024252328148577362,0.00015229494601953775,0.7228593826293945,0.013925679959356785,0.01600077748298645,0.18606464564800262,0.027773497626185417,0.032247208058834076,0.00016117861378006637,0.0005727438256144524,existing_v1_100,/home/tslin/Documents/jupyter_data/anLi/machine_unlearning/orthogonal-concept-erasure/experiments/sequential_object_persistence/outputs/sequential_oce_object_v1_online
retain_once,W03,bird,a photo of the bird,100,142,images/experiment1_sequential_own_step/retain_once/W03/bird/index_100_seed_142.png,bird,cat,False,0.02462819032371044,delete-after-eval,7.804956112522632e-05,0.0036622388288378716,0.02462819032371044,0.8569828867912292,0.019232438877224922,0.0655357763171196,0.008240006864070892,0.020078144967556,0.0012645863462239504,0.00029762592748738825,new_followup_supplement,/home/tslin/Documents/jupyter_data/anLi/machine_unlearning/orthogonal-concept-erasure/experiments/sequential_object_followup/outputs/sequential_oce_object_followup_v1
retain_once,W03,bird,a photo of the bird,101,143,images/experiment1_sequential_own_step/retain_once/W03/bird/index_101_seed_143.png,bird,bird,True,0.3064866065979004,delete-after-eval,0.006737752817571163,0.02070486918091774,0.3064866065979004,0.03605099022388458,0.05329667776823044,0.07177175581455231,0.2789565324783325,0.19833606481552124,0.02233871817588806,0.005320047028362751,new_followup_supplement,/home/tslin/Documents/jupyter_data/anLi/machine_unlearning/orthogonal-concept-erasure/experiments/sequential_object_followup/outputs/sequential_oce_object_followup_v1
retain_once,W03,bird,a photo of the bird,102,144,images/experiment1_sequential_own_step/retain_once/W03/bird/index_102_seed_144.png,bird,horse,False,0.036559827625751495,delete-after-eval,0.00023147508909460157,0.0009304617415182292,0.036559827625751495,0.05430291220545769,0.2668517529964447,0.09152355790138245,0.001379922847263515,0.5436118245124817,0.000920953752938658,0.0036872487980872393,new_followup_supplement,/home/tslin/Documents/jupyter_data/anLi/machine_unlearning/orthogonal-concept-erasure/experiments/sequential_object_followup/outputs/sequential_oce_object_followup_v1
retain_once,W03,bird,a photo of the bird,103,145,images/experiment1_sequential_own_step/retain_once/W03/bird/index_103_seed_145.png,bird,cat,False,0.0007801813189871609,delete-after-eval,1.1540705600054935e-05,0.0009093641419894993,0.0007801813189871609,0.9772624969482422,0.01434426661580801,0.0024349030572921038,1.634973887121305e-05,0.003668388118967414,7.198819366749376e-05,0.0005005585262551904,new_followup_supplement,/home/tslin/Documents/jupyter_data/anLi/machine_unlearning/orthogonal-concept-erasure/experiments/sequential_object_followup/outputs/sequential_oce_object_followup_v1
retain_once,W03,bird,a photo of the bird,104,146,images/experiment1_sequential_own_step/retain_once/W03/bird/index_104_seed_146.png,bird,bird,True,0.9630935192108154,delete-after-eval,2.585814945632592e-05,0.0007638910319656134,0.9630935192108154,0.004925811663269997,7.378310692729428e-05,0.016966011375188828,0.0053534796461462975,0.008440151810646057,0.00011813443416031078,0.0002393980830674991,new_followup_supplement,/home/tslin/Documents/jupyter_data/anLi/machine_unlearning/orthogonal-concept-erasure/experiments/sequential_object_followup/outputs/sequential_oce_object_followup_v1
retain_once,W03,bird,a photo of the bird,105,147,images/experiment1_sequential_own_step/retain_once/W03/bird/index_105_seed_147.png,bird,dog,False,0.20952977240085602,delete-after-eval,7.025468221399933e-05,0.013582156971096992,0.20952977240085602,0.14066410064697266,0.011909686960279942,0.3879818022251129,0.22459548711776733,0.008786075748503208,0.0014586758334189653,0.0014219996519386768,new_followup_supplement,/home/tslin/Documents/jupyter_data/anLi/machine_unlearning/orthogonal-concept-erasure/experiments/sequential_object_followup/outputs/sequential_oce_object_followup_v1
retain_once,W03,bird,a photo of the bird,106,148,images/experiment1_sequential_own_step/retain_once/W03/bird/index_106_seed_148.png,bird,cat,False,0.006559704430401325,delete-after-eval,3.0912793590687215e-05,0.000782202638220042,0.006559704430401325,0.97728031873703,0.001172987394966185,0.011263315565884113,0.00026930973399430513,0.0024737268686294556,5.692548074875958e-05,0.00011057467054342851,new_followup_supplement,/home/tslin/Documents/jupyter_data/anLi/machine_unlearning/orthogonal-concept-erasure/experiments/sequential_object_followup/outputs/sequential_oce_object_followup_v1
retain_once,W03,bird,a photo of the bird,107,149,images/experiment1_sequential_own_step/retain_once/W03/bird/index_107_seed_149.png,bird,bird,True,0.9966058731079102,delete-after-eval,4.895284655503929e-05,0.00010541846131673083,0.9966058731079102,0.0002612881944514811,0.0003402598958928138,0.0009832066716626287,0.0004828870005439967,0.0009151463164016604,0.00015288729628082365,0.00010406040382804349,new_followup_supplement,/home/tslin/Documents/jupyter_data/anLi/machine_unlearning/orthogonal-concept-erasure/experiments/sequential_object_followup/outputs/sequential_oce_object_followup_v1
retain_once,W03,bird,a photo of the bird,108,150,images/experiment1_sequential_own_step/retain_once/W03/bird/index_108_seed_150.png,bird,horse,False,0.01380241196602583,delete-after-eval,0.000507516204379499,0.008310764096677303,0.01380241196602583,0.2535077631473541,0.17685984075069427,0.17697963118553162,0.0019502677023410797,0.3618553876876831,0.0013753026723861694,0.00485114986076951,new_followup_supplement,/home/tslin/Documents/jupyter_data/anLi/machine_unlearning/orthogonal-concept-erasure/experiments/sequential_object_followup/outputs/sequential_oce_object_followup_v1
retain_once,W03,bird,a photo of the bird,109,151,images/experiment1_sequential_own_step/retain_once/W03/bird/index_109_seed_151.png,bird,dog,False,0.23328903317451477,delete-after-eval,0.0009607757092453539,0.021607406437397003,0.23328903317451477,0.07122081518173218,0.15971438586711884,0.3214813768863678,0.015404698438942432,0.1668100208044052,0.00763434823602438,0.0018771577160805464,new_followup_supplement,/home/tslin/Documents/jupyter_data/anLi/machine_unlearning/orthogonal-concept-erasure/experiments/sequential_object_followup/outputs/sequential_oce_object_followup_v1
retain_once,W03,bird,a photo of the bird,110,152,images/experiment1_sequential_own_step/retain_once/W03/bird/index_110_seed_152.png,bird,cat,False,0.005454052239656448,delete-after-eval,3.209744318155572e-05,0.002190737286582589,0.005454052239656448,0.7343185544013977,0.07915513217449188,0.1595766395330429,0.008188986219465733,0.010527810081839561,0.00011907213774975389,0.00043693813495337963,new_followup_supplement,/home/tslin/Documents/jupyter_data/anLi/machine_unlearning/orthogonal-concept-erasure/experiments/sequential_object_followup/outputs/sequential_oce_object_followup_v1
retain_once,W03,bird,a photo of the bird,111,153,images/experiment1_sequential_own_step/retain_once/W03/bird/index_111_seed_153.png,bird,bird,True,0.9912487268447876,delete-after-eval,0.00015331339091062546,0.00013600908278021961,0.9912487268447876,0.0017547394381836057,0.0007250432390719652,0.003786909393966198,0.0004868062969762832,0.0012526643695309758,0.00027428093017078936,0.00018153431301470846,new_followup_supplement,/home/tslin/Documents/jupyter_data/anLi/machine_unlearning/orthogonal-concept-erasure/experiments/sequential_object_followup/outputs/sequential_oce_object_followup_v1
retain_once,W03,bird,a photo of the bird,112,154,images/experiment1_sequential_own_step/retain_once/W03/bird/index_112_seed_154.png,bird,dog,False,0.029457269236445427,delete-after-eval,6.205932004377246e-05,0.003592893248423934,0.029457269236445427,0.3954622447490692,0.07605244964361191,0.41936296224594116,0.033253006637096405,0.04095372557640076,0.0016590404557064176,0.0001444029330741614,new_followup_supplement,/home/tslin/Documents/jupyter_data/anLi/machine_unlearning/orthogonal-concept-erasure/experiments/sequential_object_followup/outputs/sequential_oce_object_followup_v1
retain_once,W03,bird,a photo of the bird,113,155,images/experiment1_sequential_own_step/retain_once/W03/bird/index_113_seed_155.png,bird,deer,False,0.012856818735599518,delete-after-eval,5.1979091949760914e-05,0.00023452160530723631,0.012856818735599518,0.009096301160752773,0.8612509369850159,0.04340488091111183,0.0006561971385963261,0.07136613130569458,0.00031745119486004114,0.0007648345781490207,new_followup_supplement,/home/tslin/Documents/jupyter_data/anLi/machine_unlearning/orthogonal-concept-erasure/experiments/sequential_object_followup/outputs/sequential_oce_object_followup_v1
retain_once,W03,bird,a photo of the bird,114,156,images/experiment1_sequential_own_step/retain_once/W03/bird/index_114_seed_156.png,bird,bird,True,0.9977363348007202,delete-after-eval,0.00020728357776533812,0.00018751781317405403,0.9977363348007202,0.0002574092650320381,0.000162489726790227,0.00013327143096830696,9.393727850692812e-06,0.0008664735360071063,0.00034651748137548566,9.335521463071927e-05,new_followup_supplement,/home/tslin/Documents/jupyter_data/anLi/machine_unlearning/orthogonal-concept-erasure/experiments/sequential_object_followup/outputs/sequential_oce_object_followup_v1
retain_once,W03,bird,a photo of the bird,115,157,images/experiment1_sequential_own_step/retain_once/W03/bird/index_115_seed_157.png,bird,cat,False,0.0067145866341888905,delete-after-eval,0.0003162592474836856,0.0003084179770667106,0.0067145866341888905,0.9272370338439941,0.013576908968389034,0.0417342446744442,0.0018999821040779352,0.006863350979983807,0.0007803194457665086,0.0005689209210686386,new_followup_supplement,/home/tslin/Documents/jupyter_data/anLi/machine_unlearning/orthogonal-concept-erasure/experiments/sequential_object_followup/outputs/sequential_oce_object_followup_v1
retain_once,W03,bird,a photo of the bird,116,158,images/experiment1_sequential_own_step/retain_once/W03/bird/index_116_seed_158.png,bird,cat,False,0.006111317314207554,delete-after-eval,3.23129424941726e-05,0.000634744472336024,0.006111317314207554,0.9407447576522827,0.0062011899426579475,0.037699904292821884,0.0035869544371962547,0.0044091856107115746,0.000432301196269691,0.000147309634485282,new_followup_supplement,/home/tslin/Documents/jupyter_data/anLi/machine_unlearning/orthogonal-concept-erasure/experiments/sequential_object_followup/outputs/sequential_oce_object_followup_v1
retain_once,W03,bird,a photo of the bird,117,159,images/experiment1_sequential_own_step/retain_once/W03/bird/index_117_seed_159.png,bird,bird,True,0.98490971326828,delete-after-eval,4.361974060884677e-05,9.883270104182884e-05,0.98490971326828,0.005359136965125799,0.0010182855185121298,0.004178295843303204,0.003532309550791979,0.0005929917097091675,7.77470922912471e-05,0.00018905746401287615,new_followup_supplement,/home/tslin/Documents/jupyter_data/anLi/machine_unlearning/orthogonal-concept-erasure/experiments/sequential_object_followup/outputs/sequential_oce_object_followup_v1
retain_once,W03,bird,a photo of the bird,118,160,images/experiment1_sequential_own_step/retain_once/W03/bird/index_118_seed_160.png,bird,deer,False,0.27617818117141724,delete-after-eval,0.00014041918620932847,0.00024483539164066315,0.27617818117141724,0.024862483143806458,0.5845621824264526,0.04866752028465271,0.05122540146112442,0.013262267224490643,9.174342994811013e-05,0.0007649476174265146,new_followup_supplement,/home/tslin/Documents/jupyter_data/anLi/machine_unlearning/orthogonal-concept-erasure/experiments/sequential_object_followup/outputs/sequential_oce_object_followup_v1
retain_once,W03,bird,a photo of the bird,119,161,images/experiment1_sequential_own_step/retain_once/W03/bird/index_119_seed_161.png,bird,bird,True,0.8781623244285583,delete-after-eval,0.0002744876255746931,0.0014128286857157946,0.8781623244285583,0.040428031235933304,0.017710207030177116,0.04639182612299919,0.007025954779237509,0.006872617639601231,0.000808998360298574,0.0009127529338002205,new_followup_supplement,/home/tslin/Documents/jupyter_data/anLi/machine_unlearning/orthogonal-concept-erasure/experiments/sequential_object_followup/outputs/sequential_oce_object_followup_v1
retain_once,W03,bird,a photo of the bird,120,162,images/experiment1_sequential_own_step/retain_once/W03/bird/index_120_seed_162.png,bird,cat,False,0.0005014791386201978,delete-after-eval,1.5380159311462194e-05,0.0003830743080470711,0.0005014791386201978,0.9789683222770691,4.6674544137204066e-05,0.019502725452184677,0.00014469563029706478,0.0002750369312707335,0.0001265229657292366,3.611534339142963e-05,new_followup_supplement,/home/tslin/Documents/jupyter_data/anLi/machine_unlearning/orthogonal-concept-erasure/experiments/sequential_object_followup/outputs/sequential_oce_object_followup_v1
retain_once,W03,bird,a photo of the bird,121,163,images/experiment1_sequential_own_step/retain_once/W03/bird/index_121_seed_163.png,bird,bird,True,0.9960565567016602,delete-after-eval,0.0001164732311735861,0.00015032905503176153,0.9960565567016602,0.0005360845825634897,0.0006305881543084979,0.000990602420642972,0.0003006771730724722,0.0007882435456849635,0.000115854614705313,0.0003146613307762891,new_followup_supplement,/home/tslin/Documents/jupyter_data/anLi/machine_unlearning/orthogonal-concept-erasure/experiments/sequential_object_followup/outputs/sequential_oce_object_followup_v1
retain_once,W03,bird,a photo of the bird,122,164,images/experiment1_sequential_own_step/retain_once/W03/bird/index_122_seed_164.png,bird,cat,False,0.016705621033906937,delete-after-eval,3.161144195473753e-05,0.000998141011223197,0.016705621033906937,0.7949026823043823,0.020590558648109436,0.1500745415687561,0.001997338142246008,0.013620590791106224,0.0001861939235823229,0.0008927640155889094,new_followup_supplement,/home/tslin/Documents/jupyter_data/anLi/machine_unlearning/orthogonal-concept-erasure/experiments/sequential_object_followup/outputs/sequential_oce_object_followup_v1
retain_once,W03,bird,a photo of the bird,123,165,images/experiment1_sequential_own_step/retain_once/W03/bird/index_123_seed_165.png,bird,bird,True,0.8984417915344238,delete-after-eval,0.00026057587820105255,0.0009869809728115797,0.8984417915344238,0.005573037080466747,0.018463628366589546,0.060532283037900925,0.009749339893460274,0.004328571259975433,0.0003314122441224754,0.0013324135215952992,new_followup_supplement,/home/tslin/Documents/jupyter_data/anLi/machine_unlearning/orthogonal-concept-erasure/experiments/sequential_object_followup/outputs/sequential_oce_object_followup_v1
retain_once,W03,bird,a photo of the bird,124,166,images/experiment1_sequential_own_step/retain_once/W03/bird/index_124_seed_166.png,bird,bird,True,0.9920217990875244,delete-after-eval,5.356702604331076e-05,0.0001357840228592977,0.9920217990875244,0.0014467244036495686,0.00016812146350275725,0.0030250020790845156,0.0005342012736946344,0.00226682354696095,0.00010853123239940032,0.0002394483599346131,new_followup_supplement,/home/tslin/Documents/jupyter_data/anLi/machine_unlearning/orthogonal-concept-erasure/experiments/sequential_object_followup/outputs/sequential_oce_object_followup_v1
retain_once,W03,bird,a photo of the bird,125,167,images/experiment1_sequential_own_step/retain_once/W03/bird/index_125_seed_167.png,bird,dog,False,0.0032240457367151976,delete-after-eval,5.6626347941346467e-05,0.0006177988834679127,0.0032240457367151976,0.05136333405971527,0.3053044378757477,0.5695521831512451,7.47774465708062e-05,0.06924835592508316,0.0002437245420878753,0.0003147328970953822,new_followup_supplement,/home/tslin/Documents/jupyter_data/anLi/machine_unlearning/orthogonal-concept-erasure/experiments/sequential_object_followup/outputs/sequential_oce_object_followup_v1
retain_once,W03,bird,a photo of the bird,126,168,images/experiment1_sequential_own_step/retain_once/W03/bird/index_126_seed_168.png,bird,dog,False,0.056500211358070374,delete-after-eval,0.00024091218074318022,0.0017264052294194698,0.056500211358070374,0.24693579971790314,0.07858429104089737,0.5611907243728638,0.024342279881238937,0.027538366615772247,0.0023438502103090286,0.0005971727659925818,new_followup_supplement,/home/tslin/Documents/jupyter_data/anLi/machine_unlearning/orthogonal-concept-erasure/experiments/sequential_object_followup/outputs/sequential_oce_object_followup_v1
retain_once,W03,bird,a photo of the bird,127,169,images/experiment1_sequential_own_step/retain_once/W03/bird/index_127_seed_169.png,bird,cat,False,0.23132134974002838,delete-after-eval,0.0014814354944974184,0.0014671030221506953,0.23132134974002838,0.6404224634170532,0.004525913391262293,0.07444643974304199,0.031513527035713196,0.013521110638976097,0.0010864305077120662,0.0002142236044164747,new_followup_supplement,/home/tslin/Documents/jupyter_data/anLi/machine_unlearning/orthogonal-concept-erasure/experiments/sequential_object_followup/outputs/sequential_oce_object_followup_v1
retain_once,W03,bird,a photo of the bird,128,170,images/experiment1_sequential_own_step/retain_once/W03/bird/index_128_seed_170.png,bird,horse,False,0.08061240613460541,delete-after-eval,0.002378505887463689,0.006295196246355772,0.08061240613460541,0.14555874466896057,0.03810221701860428,0.2488199919462204,0.055768758058547974,0.40663182735443115,0.0074881319887936115,0.008344171568751335,new_followup_supplement,/home/tslin/Documents/jupyter_data/anLi/machine_unlearning/orthogonal-concept-erasure/experiments/sequential_object_followup/outputs/sequential_oce_object_followup_v1
retain_once,W03,bird,a photo of the bird,129,171,images/experiment1_sequential_own_step/retain_once/W03/bird/index_129_seed_171.png,bird,horse,False,0.0023140052799135447,delete-after-eval,5.2872270316584036e-05,0.000898347410839051,0.0023140052799135447,0.005951753817498684,0.022912217304110527,0.019682856276631355,0.00010875182488234714,0.9475070834159851,0.00034224148839712143,0.00022994674509391189,new_followup_supplement,/home/tslin/Documents/jupyter_data/anLi/machine_unlearning/orthogonal-concept-erasure/experiments/sequential_object_followup/outputs/sequential_oce_object_followup_v1
retain_once,W03,bird,a photo of the bird,130,172,images/experiment1_sequential_own_step/retain_once/W03/bird/index_130_seed_172.png,bird,bird,True,0.9610805511474609,delete-after-eval,0.0010228506289422512,0.0004968469147570431,0.9610805511474609,0.0018387711606919765,0.015720533207058907,0.008354943245649338,0.003062340896576643,0.006445715669542551,0.0003468040667939931,0.0016307303449139,new_followup_supplement,/home/tslin/Documents/jupyter_data/anLi/machine_unlearning/orthogonal-concept-erasure/experiments/sequential_object_followup/outputs/sequential_oce_object_followup_v1
retain_once,W03,bird,a photo of the bird,131,173,images/experiment1_sequential_own_step/retain_once/W03/bird/index_131_seed_173.png,bird,bird,True,0.5280125141143799,delete-after-eval,0.002838578075170517,0.004188430029898882,0.5280125141143799,0.2516287565231323,0.03423144668340683,0.10918289422988892,0.04838801547884941,0.016820818185806274,0.002530406229197979,0.0021781199611723423,new_followup_supplement,/home/tslin/Documents/jupyter_data/anLi/machine_unlearning/orthogonal-concept-erasure/experiments/sequential_object_followup/outputs/sequential_oce_object_followup_v1
retain_once,W03,bird,a photo of the bird,132,174,images/experiment1_sequential_own_step/retain_once/W03/bird/index_132_seed_174.png,bird,deer,False,0.14347004890441895,delete-after-eval,0.0004194249049760401,0.0004226782184559852,0.14347004890441895,0.006729088723659515,0.6029931902885437,0.05870293453335762,0.005065595731139183,0.18045322597026825,0.001467853900976479,0.00027591732214204967,new_followup_supplement,/home/tslin/Documents/jupyter_data/anLi/machine_unlearning/orthogonal-concept-erasure/experiments/sequential_object_followup/outputs/sequential_oce_object_followup_v1
retain_once,W03,bird,a photo of the bird,133,175,images/experiment1_sequential_own_step/retain_once/W03/bird/index_133_seed_175.png,bird,bird,True,0.874972939491272,delete-after-eval,0.0003791607159655541,0.00029757374431937933,0.874972939491272,0.004215429071336985,0.0018749252194538713,0.043713320046663284,0.0053558447398245335,0.06556029617786407,0.0014425237895920873,0.002188033191487193,new_followup_supplement,/home/tslin/Documents/jupyter_data/anLi/machine_unlearning/orthogonal-concept-erasure/experiments/sequential_object_followup/outputs/sequential_oce_object_followup_v1
retain_once,W03,bird,a photo of the bird,134,176,images/experiment1_sequential_own_step/retain_once/W03/bird/index_134_seed_176.png,bird,bird,True,0.8831309080123901,delete-after-eval,0.0014785322127863765,0.0043012662790715694,0.8831309080123901,0.011805555783212185,0.011446921154856682,0.013648970983922482,0.01402166299521923,0.045453764498233795,0.002891696523874998,0.011820630170404911,new_followup_supplement,/home/tslin/Documents/jupyter_data/anLi/machine_unlearning/orthogonal-concept-erasure/experiments/sequential_object_followup/outputs/sequential_oce_object_followup_v1
retain_once,W03,bird,a photo of the bird,135,177,images/experiment1_sequential_own_step/retain_once/W03/bird/index_135_seed_177.png,bird,bird,True,0.3931613862514496,delete-after-eval,0.13379399478435516,0.027684886008501053,0.3931613862514496,0.104008249938488,0.03851708769798279,0.026075541973114014,0.10401558130979538,0.11303994804620743,0.045598190277814865,0.01410509180277586,new_followup_supplement,/home/tslin/Documents/jupyter_data/anLi/machine_unlearning/orthogonal-concept-erasure/experiments/sequential_object_followup/outputs/sequential_oce_object_followup_v1
retain_once,W03,bird,a photo of the bird,136,178,images/experiment1_sequential_own_step/retain_once/W03/bird/index_136_seed_178.png,bird,cat,False,0.001003312529064715,delete-after-eval,2.7850848709931597e-05,0.0003655850305221975,0.001003312529064715,0.9472554326057434,0.015660420060157776,0.03190755471587181,0.00023161357967182994,0.0028425902128219604,0.0002794400497805327,0.0004262927395757288,new_followup_supplement,/home/tslin/Documents/jupyter_data/anLi/machine_unlearning/orthogonal-concept-erasure/experiments/sequential_object_followup/outputs/sequential_oce_object_followup_v1
retain_once,W03,bird,a photo of the bird,137,179,images/experiment1_sequential_own_step/retain_once/W03/bird/index_137_seed_179.png,bird,dog,False,0.23233044147491455,delete-after-eval,0.000604166358243674,0.0028195080813020468,0.23233044147491455,0.0516011007130146,0.08582228422164917,0.32823702692985535,0.005394549109041691,0.287638783454895,0.0014891184400767088,0.004063027910888195,new_followup_supplement,/home/tslin/Documents/jupyter_data/anLi/machine_unlearning/orthogonal-concept-erasure/experiments/sequential_object_followup/outputs/sequential_oce_object_followup_v1
retain_once,W03,bird,a photo of the bird,138,180,images/experiment1_sequential_own_step/retain_once/W03/bird/index_138_seed_180.png,bird,bird,True,0.7287788391113281,delete-after-eval,0.00015373696805909276,0.0018925927579402924,0.7287788391113281,0.0061947996728122234,0.1911616027355194,0.03638654202222824,0.0031901660840958357,0.030356723815202713,7.744045433355495e-05,0.0018076441483572125,new_followup_supplement,/home/tslin/Documents/jupyter_data/anLi/machine_unlearning/orthogonal-concept-erasure/experiments/sequential_object_followup/outputs/sequential_oce_object_followup_v1
retain_once,W03,bird,a photo of the bird,139,181,images/experiment1_sequential_own_step/retain_once/W03/bird/index_139_seed_181.png,bird,cat,False,0.004698961041867733,delete-after-eval,3.409261626075022e-05,0.00010359084262745455,0.004698961041867733,0.9709156155586243,0.014209876768290997,0.005738966166973114,0.002498613903298974,0.001610161503776908,0.00011294116848148406,7.717858534306288e-05,new_followup_supplement,/home/tslin/Documents/jupyter_data/anLi/machine_unlearning/orthogonal-concept-erasure/experiments/sequential_object_followup/outputs/sequential_oce_object_followup_v1
retain_once,W03,bird,a photo of the bird,140,182,images/experiment1_sequential_own_step/retain_once/W03/bird/index_140_seed_182.png,bird,cat,False,0.2829103171825409,delete-after-eval,0.0010079755447804928,0.02243833616375923,0.2829103171825409,0.4063470661640167,0.009855319745838642,0.03834438696503639,0.06841731071472168,0.13946697115898132,0.02893497608602047,0.0022773081436753273,new_followup_supplement,/home/tslin/Documents/jupyter_data/anLi/machine_unlearning/orthogonal-concept-erasure/experiments/sequential_object_followup/outputs/sequential_oce_object_followup_v1
retain_once,W03,bird,a photo of the bird,141,183,images/experiment1_sequential_own_step/retain_once/W03/bird/index_141_seed_183.png,bird,bird,True,0.873932957649231,delete-after-eval,0.006943872198462486,0.004957254976034164,0.873932957649231,0.028886210173368454,0.0017254229169338942,0.013610179536044598,0.01944439858198166,0.03407147526741028,0.014373431913554668,0.002054782584309578,new_followup_supplement,/home/tslin/Documents/jupyter_data/anLi/machine_unlearning/orthogonal-concept-erasure/experiments/sequential_object_followup/outputs/sequential_oce_object_followup_v1
retain_once,W03,bird,a photo of the bird,142,184,images/experiment1_sequential_own_step/retain_once/W03/bird/index_142_seed_184.png,bird,bird,True,0.9525923132896423,delete-after-eval,9.45382853387855e-05,0.0006584838265553117,0.9525923132896423,0.0013625910505652428,0.020276164636015892,0.01148534007370472,0.0009401559946127236,0.012031620368361473,0.00016122042143251747,0.00039755363832227886,new_followup_supplement,/home/tslin/Documents/jupyter_data/anLi/machine_unlearning/orthogonal-concept-erasure/experiments/sequential_object_followup/outputs/sequential_oce_object_followup_v1
retain_once,W03,bird,a photo of the bird,143,185,images/experiment1_sequential_own_step/retain_once/W03/bird/index_143_seed_185.png,bird,dog,False,0.029522832483053207,delete-after-eval,0.0003634159220382571,0.004341977648437023,0.029522832483053207,0.2625836133956909,0.17829081416130066,0.5063430666923523,0.00034701271215453744,0.008046621456742287,0.002141447039321065,0.008019211702048779,new_followup_supplement,/home/tslin/Documents/jupyter_data/anLi/machine_unlearning/orthogonal-concept-erasure/experiments/sequential_object_followup/outputs/sequential_oce_object_followup_v1
retain_once,W03,bird,a photo of the bird,144,186,images/experiment1_sequential_own_step/retain_once/W03/bird/index_144_seed_186.png,bird,bird,True,0.27452483773231506,delete-after-eval,0.03477327153086662,0.21341921389102936,0.27452483773231506,0.02083941549062729,0.047933921217918396,0.09850064665079117,0.015044175088405609,0.18187497556209564,0.08993647247552872,0.02315308339893818,new_followup_supplement,/home/tslin/Documents/jupyter_data/anLi/machine_unlearning/orthogonal-concept-erasure/experiments/sequential_object_followup/outputs/sequential_oce_object_followup_v1
retain_once,W03,bird,a photo of the bird,145,187,images/experiment1_sequential_own_step/retain_once/W03/bird/index_145_seed_187.png,bird,cat,False,0.0047861551865935326,delete-after-eval,6.885627954034135e-06,0.0005026150029152632,0.0047861551865935326,0.9752970337867737,0.00064085639314726,0.010694505646824837,0.0003561573103070259,0.007586419116705656,7.385485514532775e-05,5.549712659558281e-05,new_followup_supplement,/home/tslin/Documents/jupyter_data/anLi/machine_unlearning/orthogonal-concept-erasure/experiments/sequential_object_followup/outputs/sequential_oce_object_followup_v1
retain_once,W03,bird,a photo of the bird,146,188,images/experiment1_sequential_own_step/retain_once/W03/bird/index_146_seed_188.png,bird,dog,False,0.03177735209465027,delete-after-eval,0.0009097137954086065,0.009349290281534195,0.03177735209465027,0.3753584921360016,0.009090673178434372,0.4347297251224518,0.030245164409279823,0.09864601492881775,0.008173545822501183,0.0017200099537149072,new_followup_supplement,/home/tslin/Documents/jupyter_data/anLi/machine_unlearning/orthogonal-concept-erasure/experiments/sequential_object_followup/outputs/sequential_oce_object_followup_v1
retain_once,W03,bird,a photo of the bird,147,189,images/experiment1_sequential_own_step/retain_once/W03/bird/index_147_seed_189.png,bird,cat,False,0.12517404556274414,delete-after-eval,0.0006532499101012945,0.032745346426963806,0.12517404556274414,0.6685152053833008,0.008510162122547626,0.10980421304702759,0.03384232521057129,0.0050233094953000546,0.01077999547123909,0.004952121991664171,new_followup_supplement,/home/tslin/Documents/jupyter_data/anLi/machine_unlearning/orthogonal-concept-erasure/experiments/sequential_object_followup/outputs/sequential_oce_object_followup_v1
retain_once,W03,bird,a photo of the bird,148,190,images/experiment1_sequential_own_step/retain_once/W03/bird/index_148_seed_190.png,bird,deer,False,0.0006390130147337914,delete-after-eval,8.971584065875504e-06,0.00021669948182534426,0.0006390130147337914,0.02786877192556858,0.9610335230827332,0.004266386851668358,0.0003051677194889635,0.0054117352701723576,2.9920402084826492e-05,0.00021984557679388672,new_followup_supplement,/home/tslin/Documents/jupyter_data/anLi/machine_unlearning/orthogonal-concept-erasure/experiments/sequential_object_followup/outputs/sequential_oce_object_followup_v1
retain_once,W03,bird,a photo of the bird,149,191,images/experiment1_sequential_own_step/retain_once/W03/bird/index_149_seed_191.png,bird,bird,True,0.6509758830070496,delete-after-eval,0.0002410723827779293,0.0007282636943273246,0.6509758830070496,0.08743274956941605,0.04162192717194557,0.19025300443172455,0.0033821980468928814,0.02455204166471958,0.00013912604481447488,0.000673733011353761,new_followup_supplement,/home/tslin/Documents/jupyter_data/anLi/machine_unlearning/orthogonal-concept-erasure/experiments/sequential_object_followup/outputs/sequential_oce_object_followup_v1
retain_once,W03,bird,a photo of the bird,150,192,images/experiment1_sequential_own_step/retain_once/W03/bird/index_150_seed_192.png,bird,bird,True,0.9977918863296509,delete-after-eval,6.376811506925151e-05,0.00015929104120004922,0.9977918863296509,0.000529127602931112,2.2547417756868526e-05,0.0005886373692192137,4.423335485626012e-05,0.0006539477035403252,0.00010792488319566473,3.864965765387751e-05,new_followup_supplement,/home/tslin/Documents/jupyter_data/anLi/machine_unlearning/orthogonal-concept-erasure/experiments/sequential_object_followup/outputs/sequential_oce_object_followup_v1
retain_once,W03,bird,a photo of the bird,151,193,images/experiment1_sequential_own_step/retain_once/W03/bird/index_151_seed_193.png,bird,bird,True,0.45963314175605774,delete-after-eval,0.076631098985672,0.029992176219820976,0.45963314175605774,0.2810908854007721,0.0027815348003059626,0.0576012060046196,0.0038531047757714987,0.03960152715444565,0.01490076445043087,0.033914484083652496,new_followup_supplement,/home/tslin/Documents/jupyter_data/anLi/machine_unlearning/orthogonal-concept-erasure/experiments/sequential_object_followup/outputs/sequential_oce_object_followup_v1
retain_once,W03,bird,a photo of the bird,152,194,images/experiment1_sequential_own_step/retain_once/W03/bird/index_152_seed_194.png,bird,cat,False,0.007845091633498669,delete-after-eval,0.00017659958393778652,0.0005649936501868069,0.007845091633498669,0.9542456269264221,0.00439838133752346,0.023974016308784485,0.005762231536209583,0.0023980499245226383,0.00044070204603485763,0.00019425769278313965,new_followup_supplement,/home/tslin/Documents/jupyter_data/anLi/machine_unlearning/orthogonal-concept-erasure/experiments/sequential_object_followup/outputs/sequential_oce_object_followup_v1
retain_once,W03,bird,a photo of the bird,153,195,images/experiment1_sequential_own_step/retain_once/W03/bird/index_153_seed_195.png,bird,cat,False,0.05751928314566612,delete-after-eval,1.3069964552414604e-05,0.0004243273288011551,0.05751928314566612,0.6600888967514038,0.0030960263684391975,0.231380432844162,0.040829237550497055,0.005495188292115927,0.0002236184518551454,0.0009299024823121727,new_followup_supplement,/home/tslin/Documents/jupyter_data/anLi/machine_unlearning/orthogonal-concept-erasure/experiments/sequential_object_followup/outputs/sequential_oce_object_followup_v1
retain_once,W03,bird,a photo of the bird,154,196,images/experiment1_sequential_own_step/retain_once/W03/bird/index_154_seed_196.png,bird,bird,True,0.9619003534317017,delete-after-eval,9.924493497237563e-05,0.00012048467760905623,0.9619003534317017,0.002166102174669504,0.005779777187854052,0.01372747402638197,0.0012241359800100327,0.014317668043076992,0.0003377690736670047,0.00032691459637135267,new_followup_supplement,/home/tslin/Documents/jupyter_data/anLi/machine_unlearning/orthogonal-concept-erasure/experiments/sequential_object_followup/outputs/sequential_oce_object_followup_v1
retain_once,W03,bird,a photo of the bird,155,197,images/experiment1_sequential_own_step/retain_once/W03/bird/index_155_seed_197.png,bird,bird,True,0.33828073740005493,delete-after-eval,0.0014124452136456966,0.025049421936273575,0.33828073740005493,0.2701539993286133,0.009171348065137863,0.06643201410770416,0.2731722295284271,0.004659955855458975,0.00788517203181982,0.0037826979532837868,new_followup_supplement,/home/tslin/Documents/jupyter_data/anLi/machine_unlearning/orthogonal-concept-erasure/experiments/sequential_object_followup/outputs/sequential_oce_object_followup_v1
retain_once,W03,bird,a photo of the bird,156,198,images/experiment1_sequential_own_step/retain_once/W03/bird/index_156_seed_198.png,bird,cat,False,0.18773740530014038,delete-after-eval,0.0004504661774262786,0.010650654323399067,0.18773740530014038,0.5197704434394836,0.0772969126701355,0.13614504039287567,0.03204422444105148,0.02957135997712612,0.003356936387717724,0.002976560965180397,new_followup_supplement,/home/tslin/Documents/jupyter_data/anLi/machine_unlearning/orthogonal-concept-erasure/experiments/sequential_object_followup/outputs/sequential_oce_object_followup_v1
retain_once,W03,bird,a photo of the bird,157,199,images/experiment1_sequential_own_step/retain_once/W03/bird/index_157_seed_199.png,bird,bird,True,0.9950717091560364,delete-after-eval,4.689272464020178e-05,7.45898432796821e-05,0.9950717091560364,0.0002867316361516714,0.0003592423745431006,0.0014522160636261106,7.881609781179577e-05,0.002534466562792659,2.7373580451239832e-05,6.789423787267879e-05,new_followup_supplement,/home/tslin/Documents/jupyter_data/anLi/machine_unlearning/orthogonal-concept-erasure/experiments/sequential_object_followup/outputs/sequential_oce_object_followup_v1
retain_once,W03,bird,a photo of the bird,158,200,images/experiment1_sequential_own_step/retain_once/W03/bird/index_158_seed_200.png,bird,cat,False,0.00034324973239563406,delete-after-eval,9.184848750010133e-06,0.00011554187949514017,0.00034324973239563406,0.9954749941825867,0.00012326093565206975,0.00304878456518054,0.00025650960742495954,0.0005760040367022157,4.35795882367529e-05,8.943855391407851e-06,new_followup_supplement,/home/tslin/Documents/jupyter_data/anLi/machine_unlearning/orthogonal-concept-erasure/experiments/sequential_object_followup/outputs/sequential_oce_object_followup_v1
retain_once,W03,bird,a photo of the bird,159,201,images/experiment1_sequential_own_step/retain_once/W03/bird/index_159_seed_201.png,bird,cat,False,0.00416631530970335,delete-after-eval,0.00015840469859540462,0.00103120191488415,0.00416631530970335,0.5931922793388367,0.003812281647697091,0.38129982352256775,0.007885584607720375,0.006849207449704409,0.0009818613762035966,0.0006229993887245655,new_followup_supplement,/home/tslin/Documents/jupyter_data/anLi/machine_unlearning/orthogonal-concept-erasure/experiments/sequential_object_followup/outputs/sequential_oce_object_followup_v1
retain_once,W03,bird,a photo of the bird,160,202,images/experiment1_sequential_own_step/retain_once/W03/bird/index_160_seed_202.png,bird,bird,True,0.9904710054397583,delete-after-eval,2.1208627003943548e-05,0.0003476079145912081,0.9904710054397583,0.0010383417829871178,0.0012259300565347075,0.0030199908651411533,0.002879970008507371,0.0004918324993923306,8.05151867098175e-05,0.0004236611712258309,new_followup_supplement,/home/tslin/Documents/jupyter_data/anLi/machine_unlearning/orthogonal-concept-erasure/experiments/sequential_object_followup/outputs/sequential_oce_object_followup_v1
retain_once,W03,bird,a photo of the bird,161,203,images/experiment1_sequential_own_step/retain_once/W03/bird/index_161_seed_203.png,bird,bird,True,0.6462416052818298,delete-after-eval,0.0003131238336209208,0.00045523029984906316,0.6462416052818298,0.011102734133601189,0.0816260427236557,0.1363302320241928,0.00030192534904927015,0.12139879167079926,0.0004073977470397949,0.001822955789975822,new_followup_supplement,/home/tslin/Documents/jupyter_data/anLi/machine_unlearning/orthogonal-concept-erasure/experiments/sequential_object_followup/outputs/sequential_oce_object_followup_v1
retain_once,W03,bird,a photo of the bird,162,204,images/experiment1_sequential_own_step/retain_once/W03/bird/index_162_seed_204.png,bird,bird,True,0.9979436993598938,delete-after-eval,2.293032048328314e-05,4.274463572073728e-05,0.9979436993598938,0.0004528223362285644,0.0001853504654718563,0.000514626270160079,0.00019756703113671392,0.0005859609809704125,3.5914697946282104e-05,1.8292839740752243e-05,new_followup_supplement,/home/tslin/Documents/jupyter_data/anLi/machine_unlearning/orthogonal-concept-erasure/experiments/sequential_object_followup/outputs/sequential_oce_object_followup_v1
retain_once,W03,bird,a photo of the bird,163,205,images/experiment1_sequential_own_step/retain_once/W03/bird/index_163_seed_205.png,bird,bird,True,0.2848135232925415,delete-after-eval,0.1579066812992096,0.08052786439657211,0.2848135232925415,0.007936999201774597,0.03010093979537487,0.029942955821752548,0.26869797706604004,0.10185348242521286,0.017723871394991875,0.020495722070336342,new_followup_supplement,/home/tslin/Documents/jupyter_data/anLi/machine_unlearning/orthogonal-concept-erasure/experiments/sequential_object_followup/outputs/sequential_oce_object_followup_v1
retain_once,W03,bird,a photo of the bird,164,206,images/experiment1_sequential_own_step/retain_once/W03/bird/index_164_seed_206.png,bird,bird,True,0.9909391403198242,delete-after-eval,0.00033898596302606165,0.0004068560665473342,0.9909391403198242,0.0017681149765849113,0.0001417028106516227,0.0038732707034796476,0.0010184968123212457,0.0009752341429702938,0.00025188029394485056,0.00028634147020056844,new_followup_supplement,/home/tslin/Documents/jupyter_data/anLi/machine_unlearning/orthogonal-concept-erasure/experiments/sequential_object_followup/outputs/sequential_oce_object_followup_v1
retain_once,W03,bird,a photo of the bird,165,207,images/experiment1_sequential_own_step/retain_once/W03/bird/index_165_seed_207.png,bird,cat,False,0.04675407335162163,delete-after-eval,0.0018062908202409744,0.0003394554369151592,0.04675407335162163,0.5069217681884766,0.002176381181925535,0.42367660999298096,0.01184640359133482,0.005116977728903294,0.001100272056646645,0.00026181151042692363,new_followup_supplement,/home/tslin/Documents/jupyter_data/anLi/machine_unlearning/orthogonal-concept-erasure/experiments/sequential_object_followup/outputs/sequential_oce_object_followup_v1
retain_once,W03,bird,a photo of the bird,166,208,images/experiment1_sequential_own_step/retain_once/W03/bird/index_166_seed_208.png,bird,cat,False,0.003012348897755146,delete-after-eval,0.00021418753021862358,0.008652977645397186,0.003012348897755146,0.6951239109039307,0.1760171800851822,0.07538963854312897,0.0012416155077517033,0.03886711597442627,0.0004330893571022898,0.0010479488410055637,new_followup_supplement,/home/tslin/Documents/jupyter_data/anLi/machine_unlearning/orthogonal-concept-erasure/experiments/sequential_object_followup/outputs/sequential_oce_object_followup_v1
retain_once,W03,bird,a photo of the bird,167,209,images/experiment1_sequential_own_step/retain_once/W03/bird/index_167_seed_209.png,bird,bird,True,0.864297091960907,delete-after-eval,0.00029408984119072556,0.0018275236943736672,0.864297091960907,0.00521904556080699,0.0028641463723033667,0.05770847201347351,0.002482558833435178,0.0630762130022049,0.0005811257869936526,0.001649742596782744,new_followup_supplement,/home/tslin/Documents/jupyter_data/anLi/machine_unlearning/orthogonal-concept-erasure/experiments/sequential_object_followup/outputs/sequential_oce_object_followup_v1
retain_once,W03,bird,a photo of the bird,168,210,images/experiment1_sequential_own_step/retain_once/W03/bird/index_168_seed_210.png,bird,dog,False,0.0386832170188427,delete-after-eval,0.0029925601556897163,0.000678122800309211,0.0386832170188427,0.06327705085277557,0.3000067174434662,0.5071207284927368,0.0073867375031113625,0.07795408368110657,0.0005641858442686498,0.0013365063350647688,new_followup_supplement,/home/tslin/Documents/jupyter_data/anLi/machine_unlearning/orthogonal-concept-erasure/experiments/sequential_object_followup/outputs/sequential_oce_object_followup_v1
retain_once,W03,bird,a photo of the bird,169,211,images/experiment1_sequential_own_step/retain_once/W03/bird/index_169_seed_211.png,bird,bird,True,0.9394129514694214,delete-after-eval,0.00024138465232681483,0.0015357666416093707,0.9394129514694214,0.008128025569021702,0.01728040724992752,0.024027923122048378,0.003356925444677472,0.004456059541553259,0.0004289069038350135,0.0011316820746287704,new_followup_supplement,/home/tslin/Documents/jupyter_data/anLi/machine_unlearning/orthogonal-concept-erasure/experiments/sequential_object_followup/outputs/sequential_oce_object_followup_v1
retain_once,W03,bird,a photo of the bird,170,212,images/experiment1_sequential_own_step/retain_once/W03/bird/index_170_seed_212.png,bird,bird,True,0.9952074885368347,delete-after-eval,1.6413743651355617e-05,6.246180419111624e-05,0.9952074885368347,0.0008958036778494716,0.00029680479201488197,0.002319632563740015,0.0002144269092241302,0.0008793440065346658,7.128180004656315e-05,3.6403573176357895e-05,new_followup_supplement,/home/tslin/Documents/jupyter_data/anLi/machine_unlearning/orthogonal-concept-erasure/experiments/sequential_object_followup/outputs/sequential_oce_object_followup_v1
retain_once,W03,bird,a photo of the bird,171,213,images/experiment1_sequential_own_step/retain_once/W03/bird/index_171_seed_213.png,bird,deer,False,0.07136481255292892,delete-after-eval,0.0004784553893841803,0.0012660510838031769,0.07136481255292892,0.060646530240774155,0.40852615237236023,0.3642444312572479,0.0014744465006515384,0.09007740020751953,0.0008879282977432013,0.001033852924592793,new_followup_supplement,/home/tslin/Documents/jupyter_data/anLi/machine_unlearning/orthogonal-concept-erasure/experiments/sequential_object_followup/outputs/sequential_oce_object_followup_v1
retain_once,W03,bird,a photo of the bird,172,214,images/experiment1_sequential_own_step/retain_once/W03/bird/index_172_seed_214.png,bird,cat,False,0.03058614395558834,delete-after-eval,3.944929630961269e-05,0.0005340130301192403,0.03058614395558834,0.9527109861373901,0.00015052047092467546,0.011726404540240765,0.0012001231079921126,0.0027379130478948355,0.0001754390395944938,0.00013903832586947829,new_followup_supplement,/home/tslin/Documents/jupyter_data/anLi/machine_unlearning/orthogonal-concept-erasure/experiments/sequential_object_followup/outputs/sequential_oce_object_followup_v1
retain_once,W03,bird,a photo of the bird,173,215,images/experiment1_sequential_own_step/retain_once/W03/bird/index_173_seed_215.png,bird,bird,True,0.9476012587547302,delete-after-eval,8.904827700462192e-05,0.0007451484561897814,0.9476012587547302,0.000804894370958209,0.017855051904916763,0.017460579052567482,0.00014809290587436408,0.014501499943435192,0.00017335789743810892,0.0006210517603904009,new_followup_supplement,/home/tslin/Documents/jupyter_data/anLi/machine_unlearning/orthogonal-concept-erasure/experiments/sequential_object_followup/outputs/sequential_oce_object_followup_v1
retain_once,W03,bird,a photo of the bird,174,216,images/experiment1_sequential_own_step/retain_once/W03/bird/index_174_seed_216.png,bird,cat,False,0.0028389482758939266,delete-after-eval,3.942752300645225e-05,0.00208597956225276,0.0028389482758939266,0.9491143822669983,0.000966117309872061,0.03684905916452408,0.004432896617799997,0.0018375798827037215,0.0015376649098470807,0.0002979288110509515,new_followup_supplement,/home/tslin/Documents/jupyter_data/anLi/machine_unlearning/orthogonal-concept-erasure/experiments/sequential_object_followup/outputs/sequential_oce_object_followup_v1
retain_once,W03,bird,a photo of the bird,175,217,images/experiment1_sequential_own_step/retain_once/W03/bird/index_175_seed_217.png,bird,bird,True,0.9231843948364258,delete-after-eval,8.768518455326557e-05,0.0005003669066354632,0.9231843948364258,0.010049235075712204,0.0036088654305785894,0.018748966977000237,0.00101293227635324,0.04180685803294182,0.00036975048715248704,0.0006309372838586569,new_followup_supplement,/home/tslin/Documents/jupyter_data/anLi/machine_unlearning/orthogonal-concept-erasure/experiments/sequential_object_followup/outputs/sequential_oce_object_followup_v1
retain_once,W03,bird,a photo of the bird,176,218,images/experiment1_sequential_own_step/retain_once/W03/bird/index_176_seed_218.png,bird,bird,True,0.9597765207290649,delete-after-eval,0.0002531791978981346,0.000988168059848249,0.9597765207290649,0.0038437636103481054,0.017129767686128616,0.003879005089402199,0.002126261591911316,0.01134411245584488,0.0002383411629125476,0.0004208610625937581,new_followup_supplement,/home/tslin/Documents/jupyter_data/anLi/machine_unlearning/orthogonal-concept-erasure/experiments/sequential_object_followup/outputs/sequential_oce_object_followup_v1
retain_once,W03,bird,a photo of the bird,177,219,images/experiment1_sequential_own_step/retain_once/W03/bird/index_177_seed_219.png,bird,bird,True,0.8863167762756348,delete-after-eval,0.00010997448407579213,0.00035827598185278475,0.8863167762756348,0.020693523809313774,0.04990919306874275,0.031788479536771774,0.0012113155098631978,0.008866963908076286,0.0002742615179158747,0.0004712009395007044,new_followup_supplement,/home/tslin/Documents/jupyter_data/anLi/machine_unlearning/orthogonal-concept-erasure/experiments/sequential_object_followup/outputs/sequential_oce_object_followup_v1
retain_once,W03,bird,a photo of the bird,178,220,images/experiment1_sequential_own_step/retain_once/W03/bird/index_178_seed_220.png,bird,bird,True,0.6723313331604004,delete-after-eval,0.0016471331473439932,0.0047430312260985374,0.6723313331604004,0.06425530463457108,0.02854810655117035,0.03390275314450264,0.014460580423474312,0.17116552591323853,0.007664766162633896,0.0012815389782190323,new_followup_supplement,/home/tslin/Documents/jupyter_data/anLi/machine_unlearning/orthogonal-concept-erasure/experiments/sequential_object_followup/outputs/sequential_oce_object_followup_v1
retain_once,W03,bird,a photo of the bird,179,221,images/experiment1_sequential_own_step/retain_once/W03/bird/index_179_seed_221.png,bird,horse,False,0.06419429928064346,delete-after-eval,0.001975662773475051,0.009114661253988743,0.06419429928064346,0.004418176133185625,0.05437552183866501,0.01679845154285431,0.00012919888831675053,0.8380236029624939,0.0035835416056215763,0.007386840879917145,new_followup_supplement,/home/tslin/Documents/jupyter_data/anLi/machine_unlearning/orthogonal-concept-erasure/experiments/sequential_object_followup/outputs/sequential_oce_object_followup_v1
retain_once,W03,bird,a photo of the bird,180,222,images/experiment1_sequential_own_step/retain_once/W03/bird/index_180_seed_222.png,bird,deer,False,0.0006848008488304913,delete-after-eval,2.2762304070056416e-05,8.110226917779073e-05,0.0006848008488304913,0.04987736791372299,0.836727499961853,0.11066030710935593,0.0005972642684355378,0.0011963008437305689,3.9527974877273664e-05,0.00011319322948111221,new_followup_supplement,/home/tslin/Documents/jupyter_data/anLi/machine_unlearning/orthogonal-concept-erasure/experiments/sequential_object_followup/outputs/sequential_oce_object_followup_v1
retain_once,W03,bird,a photo of the bird,181,223,images/experiment1_sequential_own_step/retain_once/W03/bird/index_181_seed_223.png,bird,bird,True,0.9656936526298523,delete-after-eval,0.00017237724387086928,0.0015594067517668009,0.9656936526298523,0.005404784344136715,0.003904535435140133,0.019004566594958305,0.0004350698727648705,0.0015500864246860147,0.00029556109802797437,0.001979983178898692,new_followup_supplement,/home/tslin/Documents/jupyter_data/anLi/machine_unlearning/orthogonal-concept-erasure/experiments/sequential_object_followup/outputs/sequential_oce_object_followup_v1
retain_once,W03,bird,a photo of the bird,182,224,images/experiment1_sequential_own_step/retain_once/W03/bird/index_182_seed_224.png,bird,bird,True,0.9203115105628967,delete-after-eval,0.0007127030985429883,0.0013800743035972118,0.9203115105628967,0.011387839913368225,0.012497889809310436,0.008115982636809349,0.03560507670044899,0.005562197417020798,0.004297527018934488,0.00012921438610646874,new_followup_supplement,/home/tslin/Documents/jupyter_data/anLi/machine_unlearning/orthogonal-concept-erasure/experiments/sequential_object_followup/outputs/sequential_oce_object_followup_v1
retain_once,W03,bird,a photo of the bird,183,225,images/experiment1_sequential_own_step/retain_once/W03/bird/index_183_seed_225.png,bird,bird,True,0.16324642300605774,delete-after-eval,0.02215816080570221,0.12143807113170624,0.16324642300605774,0.09957758337259293,0.003513595089316368,0.16059601306915283,0.1562943160533905,0.08619695156812668,0.07826989144086838,0.10870905965566635,new_followup_supplement,/home/tslin/Documents/jupyter_data/anLi/machine_unlearning/orthogonal-concept-erasure/experiments/sequential_object_followup/outputs/sequential_oce_object_followup_v1
retain_once,W03,bird,a photo of the bird,184,226,images/experiment1_sequential_own_step/retain_once/W03/bird/index_184_seed_226.png,bird,dog,False,0.0008647643262520432,delete-after-eval,5.3242627473082393e-05,0.01812148280441761,0.0008647643262520432,0.2929019331932068,0.01766412891447544,0.6193275451660156,0.0003074597043450922,0.03932368382811546,0.0002397048519924283,0.011195947416126728,new_followup_supplement,/home/tslin/Documents/jupyter_data/anLi/machine_unlearning/orthogonal-concept-erasure/experiments/sequential_object_followup/outputs/sequential_oce_object_followup_v1
retain_once,W03,bird,a photo of the bird,185,227,images/experiment1_sequential_own_step/retain_once/W03/bird/index_185_seed_227.png,bird,bird,True,0.5954195857048035,delete-after-eval,4.318762876209803e-05,0.0008427651482634246,0.5954195857048035,0.3779926896095276,0.0003574691654648632,0.020725004374980927,0.001835768693126738,0.0023690862581133842,0.0003023830067832023,0.00011206635826965794,new_followup_supplement,/home/tslin/Documents/jupyter_data/anLi/machine_unlearning/orthogonal-concept-erasure/experiments/sequential_object_followup/outputs/sequential_oce_object_followup_v1
retain_once,W03,bird,a photo of the bird,186,228,images/experiment1_sequential_own_step/retain_once/W03/bird/index_186_seed_228.png,bird,dog,False,0.051945701241493225,delete-after-eval,0.0002582841261755675,0.0015270703006535769,0.051945701241493225,0.09272199869155884,0.10771233588457108,0.4113926887512207,0.10397748649120331,0.22911693155765533,0.00042593677062541246,0.0009216348989866674,new_followup_supplement,/home/tslin/Documents/jupyter_data/anLi/machine_unlearning/orthogonal-concept-erasure/experiments/sequential_object_followup/outputs/sequential_oce_object_followup_v1
retain_once,W03,bird,a photo of the bird,187,229,images/experiment1_sequential_own_step/retain_once/W03/bird/index_187_seed_229.png,bird,cat,False,0.012030454352498055,delete-after-eval,0.005226287059485912,0.023618685081601143,0.012030454352498055,0.6198875308036804,0.0450499951839447,0.18060584366321564,0.031248819082975388,0.06839652359485626,0.009669637307524681,0.004266197793185711,new_followup_supplement,/home/tslin/Documents/jupyter_data/anLi/machine_unlearning/orthogonal-concept-erasure/experiments/sequential_object_followup/outputs/sequential_oce_object_followup_v1
retain_once,W03,bird,a photo of the bird,188,230,images/experiment1_sequential_own_step/retain_once/W03/bird/index_188_seed_230.png,bird,bird,True,0.5781064629554749,delete-after-eval,0.0001213243740494363,0.00027519906871020794,0.5781064629554749,0.20501156151294708,0.019081415608525276,0.17734016478061676,0.017646314576268196,0.0017252166289836168,5.016978320782073e-05,0.0006421456928364933,new_followup_supplement,/home/tslin/Documents/jupyter_data/anLi/machine_unlearning/orthogonal-concept-erasure/experiments/sequential_object_followup/outputs/sequential_oce_object_followup_v1
retain_once,W03,bird,a photo of the bird,189,231,images/experiment1_sequential_own_step/retain_once/W03/bird/index_189_seed_231.png,bird,deer,False,0.006720342207700014,delete-after-eval,0.00010438341269036755,0.0010193469934165478,0.006720342207700014,0.45095744729042053,0.5194014310836792,0.013468251563608646,0.0015177278546616435,0.006029202602803707,0.00033821642864495516,0.0004436631570570171,new_followup_supplement,/home/tslin/Documents/jupyter_data/anLi/machine_unlearning/orthogonal-concept-erasure/experiments/sequential_object_followup/outputs/sequential_oce_object_followup_v1
retain_once,W03,bird,a photo of the bird,190,232,images/experiment1_sequential_own_step/retain_once/W03/bird/index_190_seed_232.png,bird,dog,False,0.17688342928886414,delete-after-eval,0.0018670267891138792,0.010461117140948772,0.17688342928886414,0.08924505114555359,0.026978379115462303,0.41582298278808594,0.21231436729431152,0.05691434070467949,0.005025679711252451,0.004487631842494011,new_followup_supplement,/home/tslin/Documents/jupyter_data/anLi/machine_unlearning/orthogonal-concept-erasure/experiments/sequential_object_followup/outputs/sequential_oce_object_followup_v1
retain_once,W03,bird,a photo of the bird,191,233,images/experiment1_sequential_own_step/retain_once/W03/bird/index_191_seed_233.png,bird,bird,True,0.9180475473403931,delete-after-eval,0.0013113335007801652,0.00134146842174232,0.9180475473403931,0.03436883166432381,0.001586550148203969,0.014370495453476906,0.014757285825908184,0.011162057518959045,0.0012094679987058043,0.0018449538620188832,new_followup_supplement,/home/tslin/Documents/jupyter_data/anLi/machine_unlearning/orthogonal-concept-erasure/experiments/sequential_object_followup/outputs/sequential_oce_object_followup_v1
retain_once,W03,bird,a photo of the bird,192,234,images/experiment1_sequential_own_step/retain_once/W03/bird/index_192_seed_234.png,bird,cat,False,0.012197237461805344,delete-after-eval,1.2865272765338887e-05,0.00044499500654637814,0.012197237461805344,0.4689551591873169,0.013540903106331825,0.4329398274421692,0.0003986034425906837,0.07120399177074432,0.00021931504306849092,8.700502075953409e-05,new_followup_supplement,/home/tslin/Documents/jupyter_data/anLi/machine_unlearning/orthogonal-concept-erasure/experiments/sequential_object_followup/outputs/sequential_oce_object_followup_v1
retain_once,W03,bird,a photo of the bird,193,235,images/experiment1_sequential_own_step/retain_once/W03/bird/index_193_seed_235.png,bird,deer,False,0.008472406305372715,delete-after-eval,0.0009384625591337681,0.0016784238396212459,0.008472406305372715,0.0186891071498394,0.8442668914794922,0.07820290327072144,0.002117105992510915,0.043532952666282654,0.0008916082442738116,0.0012101277243345976,new_followup_supplement,/home/tslin/Documents/jupyter_data/anLi/machine_unlearning/orthogonal-concept-erasure/experiments/sequential_object_followup/outputs/sequential_oce_object_followup_v1
retain_once,W03,bird,a photo of the bird,194,236,images/experiment1_sequential_own_step/retain_once/W03/bird/index_194_seed_236.png,bird,cat,False,0.005635599140077829,delete-after-eval,0.000463550299173221,0.019397860392928123,0.005635599140077829,0.8029312491416931,0.0025406773202121258,0.13838569819927216,0.0056029739789664745,0.01750415936112404,0.005435241851955652,0.0021030076313763857,new_followup_supplement,/home/tslin/Documents/jupyter_data/anLi/machine_unlearning/orthogonal-concept-erasure/experiments/sequential_object_followup/outputs/sequential_oce_object_followup_v1
retain_once,W03,bird,a photo of the bird,195,237,images/experiment1_sequential_own_step/retain_once/W03/bird/index_195_seed_237.png,bird,bird,True,0.8887429237365723,delete-after-eval,3.736196595127694e-05,0.0018193894065916538,0.8887429237365723,0.019234266132116318,0.02343440055847168,0.02532283216714859,0.021109726279973984,0.019132839515805244,0.0010974828619509935,6.878094427520409e-05,new_followup_supplement,/home/tslin/Documents/jupyter_data/anLi/machine_unlearning/orthogonal-concept-erasure/experiments/sequential_object_followup/outputs/sequential_oce_object_followup_v1
retain_once,W03,bird,a photo of the bird,196,238,images/experiment1_sequential_own_step/retain_once/W03/bird/index_196_seed_238.png,bird,cat,False,0.27106598019599915,delete-after-eval,0.005938262213021517,0.0037293615750968456,0.27106598019599915,0.4082717299461365,0.04280199483036995,0.05502786859869957,0.18387652933597565,0.008416197262704372,0.0062993536703288555,0.014572732150554657,new_followup_supplement,/home/tslin/Documents/jupyter_data/anLi/machine_unlearning/orthogonal-concept-erasure/experiments/sequential_object_followup/outputs/sequential_oce_object_followup_v1
retain_once,W03,bird,a photo of the bird,197,239,images/experiment1_sequential_own_step/retain_once/W03/bird/index_197_seed_239.png,bird,cat,False,0.016891026869416237,delete-after-eval,0.0005299961776472628,0.0018004280282184482,0.016891026869416237,0.8242014050483704,0.004719356074929237,0.120697982609272,0.018774351105093956,0.011141781695187092,0.00044310043449513614,0.0008006084826774895,new_followup_supplement,/home/tslin/Documents/jupyter_data/anLi/machine_unlearning/orthogonal-concept-erasure/experiments/sequential_object_followup/outputs/sequential_oce_object_followup_v1
retain_once,W03,bird,a photo of the bird,198,240,images/experiment1_sequential_own_step/retain_once/W03/bird/index_198_seed_240.png,bird,bird,True,0.9778316020965576,delete-after-eval,3.7965386582072824e-05,0.00042789423605427146,0.9778316020965576,0.0015259055653586984,0.0012382334098219872,0.010531007312238216,0.0001764582411851734,0.00764267984777689,8.363867527805269e-05,0.0005045260186307132,new_followup_supplement,/home/tslin/Documents/jupyter_data/anLi/machine_unlearning/orthogonal-concept-erasure/experiments/sequential_object_followup/outputs/sequential_oce_object_followup_v1
retain_once,W03,bird,a photo of the bird,199,241,images/experiment1_sequential_own_step/retain_once/W03/bird/index_199_seed_241.png,bird,cat,False,0.005887934938073158,delete-after-eval,5.16883737873286e-05,0.0012548099039122462,0.005887934938073158,0.8635099530220032,0.007889499887824059,0.11191684752702713,0.0012322094989940524,0.00719608785584569,0.00029924363479949534,0.0007617385126650333,new_followup_supplement,/home/tslin/Documents/jupyter_data/anLi/machine_unlearning/orthogonal-concept-erasure/experiments/sequential_object_followup/outputs/sequential_oce_object_followup_v1
