group,checkpoint,concept,prompt,sample_index,seed,image_path,expected_label,predicted_label,correct,expected_probability,image_retention,prob_airplane,prob_automobile,prob_bird,prob_cat,prob_deer,prob_dog,prob_frog,prob_horse,prob_ship,prob_truck,sample_origin,artifact_root
retain_always,W04,cat,a photo of the cat,0,42,images/retain_always/W04/cat/index_000_seed_42.png,cat,dog,False,0.002292414428666234,delete-after-eval,0.00022577898926101625,0.0004320047446526587,0.00068046769592911,0.002292414428666234,0.0020081631373614073,0.9809221625328064,0.00017796996689867228,0.012199265882372856,0.00012845177843701094,0.0009332984918728471,existing_v1_100,/home/tslin/Documents/jupyter_data/anLi/machine_unlearning/orthogonal-concept-erasure/experiments/sequential_object_persistence/outputs/sequential_oce_object_v1_online
retain_always,W04,cat,a photo of the cat,1,43,images/retain_always/W04/cat/index_001_seed_43.png,cat,dog,False,0.0008269376703538001,delete-after-eval,0.00010493078298168257,0.0004559220396913588,0.0010354864643886685,0.0008269376703538001,0.0035920122172683477,0.9880715608596802,0.001830653054639697,0.003552534617483616,7.029284461168572e-05,0.00045961709110997617,existing_v1_100,/home/tslin/Documents/jupyter_data/anLi/machine_unlearning/orthogonal-concept-erasure/experiments/sequential_object_persistence/outputs/sequential_oce_object_v1_online
retain_always,W04,cat,a photo of the cat,2,44,images/retain_always/W04/cat/index_002_seed_44.png,cat,dog,False,0.0013020287733525038,delete-after-eval,6.694216426694766e-05,0.0002706350351218134,0.0005419293884187937,0.0013020287733525038,0.0006854694802314043,0.9883642196655273,0.000483142415760085,0.007365162950009108,9.776638762559742e-05,0.0008226558566093445,existing_v1_100,/home/tslin/Documents/jupyter_data/anLi/machine_unlearning/orthogonal-concept-erasure/experiments/sequential_object_persistence/outputs/sequential_oce_object_v1_online
retain_always,W04,cat,a photo of the cat,3,45,images/retain_always/W04/cat/index_003_seed_45.png,cat,dog,False,0.0012224281672388315,delete-after-eval,3.3553435059729964e-05,0.0003424474853090942,0.00025104123051278293,0.0012224281672388315,0.0003420029825065285,0.9933661818504333,0.0007625388680025935,0.0032541430555284023,6.016571933287196e-05,0.00036546005867421627,existing_v1_100,/home/tslin/Documents/jupyter_data/anLi/machine_unlearning/orthogonal-concept-erasure/experiments/sequential_object_persistence/outputs/sequential_oce_object_v1_online
retain_always,W04,cat,a photo of the cat,4,46,images/retain_always/W04/cat/index_004_seed_46.png,cat,dog,False,0.0027020806446671486,delete-after-eval,5.724436050513759e-05,0.00018473842646926641,0.00061416020616889,0.0027020806446671486,0.00016498177137691528,0.9942500591278076,0.0003887626517098397,0.0013438538881018758,8.283329952973872e-05,0.00021127912623342127,existing_v1_100,/home/tslin/Documents/jupyter_data/anLi/machine_unlearning/orthogonal-concept-erasure/experiments/sequential_object_persistence/outputs/sequential_oce_object_v1_online
retain_always,W04,cat,a photo of the cat,5,47,images/retain_always/W04/cat/index_005_seed_47.png,cat,dog,False,0.0011028790613636374,delete-after-eval,4.7770332457730547e-05,0.0010837528388947248,0.00043461655150167644,0.0011028790613636374,0.0013317400589585304,0.9904108047485352,0.00042382857645861804,0.004270364064723253,4.3883199396077543e-05,0.000850421900395304,existing_v1_100,/home/tslin/Documents/jupyter_data/anLi/machine_unlearning/orthogonal-concept-erasure/experiments/sequential_object_persistence/outputs/sequential_oce_object_v1_online
retain_always,W04,cat,a photo of the cat,6,48,images/retain_always/W04/cat/index_006_seed_48.png,cat,dog,False,0.0031180710066109896,delete-after-eval,0.00018715472833719105,0.0002830929297488183,0.0007934374734759331,0.0031180710066109896,0.0010559806833043694,0.979015052318573,0.001989625161513686,0.012495631352066994,0.00014898327935952693,0.0009129431564360857,existing_v1_100,/home/tslin/Documents/jupyter_data/anLi/machine_unlearning/orthogonal-concept-erasure/experiments/sequential_object_persistence/outputs/sequential_oce_object_v1_online
retain_always,W04,cat,a photo of the cat,7,49,images/retain_always/W04/cat/index_007_seed_49.png,cat,dog,False,0.02179860696196556,delete-after-eval,2.6365361918578856e-05,0.0015016471734270453,0.0013507538242265582,0.02179860696196556,0.274442583322525,0.6416325569152832,0.0020735443104058504,0.056109413504600525,5.3787491196999326e-05,0.0010107324924319983,existing_v1_100,/home/tslin/Documents/jupyter_data/anLi/machine_unlearning/orthogonal-concept-erasure/experiments/sequential_object_persistence/outputs/sequential_oce_object_v1_online
retain_always,W04,cat,a photo of the cat,8,50,images/retain_always/W04/cat/index_008_seed_50.png,cat,dog,False,0.000966628547757864,delete-after-eval,0.00022184188128449023,0.0006294268532656133,0.0003604827797971666,0.000966628547757864,0.00037625388358719647,0.9927440881729126,0.0012500397861003876,0.0018701431108638644,4.59630427940283e-05,0.001535198651254177,existing_v1_100,/home/tslin/Documents/jupyter_data/anLi/machine_unlearning/orthogonal-concept-erasure/experiments/sequential_object_persistence/outputs/sequential_oce_object_v1_online
retain_always,W04,cat,a photo of the cat,9,51,images/retain_always/W04/cat/index_009_seed_51.png,cat,dog,False,0.001623449381440878,delete-after-eval,6.814105290686712e-05,0.0005641771713271737,0.0006702850223518908,0.001623449381440878,0.00024552768445573747,0.9934492707252502,0.0012323374394327402,0.0009821939747780561,0.0001932133745867759,0.0009713308536447585,existing_v1_100,/home/tslin/Documents/jupyter_data/anLi/machine_unlearning/orthogonal-concept-erasure/experiments/sequential_object_persistence/outputs/sequential_oce_object_v1_online
retain_always,W04,cat,a photo of the cat,10,52,images/retain_always/W04/cat/index_010_seed_52.png,cat,dog,False,0.00161812175065279,delete-after-eval,0.0003367973258718848,0.0014815167523920536,0.0005312641733326018,0.00161812175065279,0.0008903654525056481,0.9894469976425171,0.001003268756903708,0.002926710993051529,0.00019987148698419333,0.0015651547582820058,existing_v1_100,/home/tslin/Documents/jupyter_data/anLi/machine_unlearning/orthogonal-concept-erasure/experiments/sequential_object_persistence/outputs/sequential_oce_object_v1_online
retain_always,W04,cat,a photo of the cat,11,53,images/retain_always/W04/cat/index_011_seed_53.png,cat,dog,False,0.0014519358519464731,delete-after-eval,7.792473479639739e-05,0.0010633394122123718,0.0003308844461571425,0.0014519358519464731,0.0001472834701417014,0.9909159541130066,0.00038254266837611794,0.004579050000756979,0.0001166867368738167,0.0009343769634142518,existing_v1_100,/home/tslin/Documents/jupyter_data/anLi/machine_unlearning/orthogonal-concept-erasure/experiments/sequential_object_persistence/outputs/sequential_oce_object_v1_online
retain_always,W04,cat,a photo of the cat,12,54,images/retain_always/W04/cat/index_012_seed_54.png,cat,dog,False,0.001546670449897647,delete-after-eval,9.812497592065483e-05,0.00010997129720635712,0.0003222374652978033,0.001546670449897647,0.0013733067316934466,0.9901897311210632,0.00014096694940235466,0.005385986529290676,0.00014382408699020743,0.0006891249213367701,existing_v1_100,/home/tslin/Documents/jupyter_data/anLi/machine_unlearning/orthogonal-concept-erasure/experiments/sequential_object_persistence/outputs/sequential_oce_object_v1_online
retain_always,W04,cat,a photo of the cat,13,55,images/retain_always/W04/cat/index_013_seed_55.png,cat,dog,False,0.001104392809793353,delete-after-eval,3.952987754018977e-05,0.00021772930631414056,0.00019108993001282215,0.001104392809793353,0.00026602213620208204,0.9950234889984131,7.679007831029594e-05,0.0021471513900905848,7.853932038415223e-05,0.0008553641964681447,existing_v1_100,/home/tslin/Documents/jupyter_data/anLi/machine_unlearning/orthogonal-concept-erasure/experiments/sequential_object_persistence/outputs/sequential_oce_object_v1_online
retain_always,W04,cat,a photo of the cat,14,56,images/retain_always/W04/cat/index_014_seed_56.png,cat,dog,False,0.0009599275654181838,delete-after-eval,0.0003305010905023664,0.001048114849254489,0.0004984856932424009,0.0009599275654181838,0.0002958735858555883,0.9861441850662231,0.0017529905308037996,0.001384356408379972,0.00017913458577822894,0.007406354881823063,existing_v1_100,/home/tslin/Documents/jupyter_data/anLi/machine_unlearning/orthogonal-concept-erasure/experiments/sequential_object_persistence/outputs/sequential_oce_object_v1_online
retain_always,W04,cat,a photo of the cat,15,57,images/retain_always/W04/cat/index_015_seed_57.png,cat,dog,False,0.0007736988482065499,delete-after-eval,7.525177352363244e-05,0.0003686584532260895,0.0007939735660329461,0.0007736988482065499,0.005756326951086521,0.985582172870636,0.0003567827807273716,0.005669040139764547,3.8611411582678556e-05,0.0005855219787918031,existing_v1_100,/home/tslin/Documents/jupyter_data/anLi/machine_unlearning/orthogonal-concept-erasure/experiments/sequential_object_persistence/outputs/sequential_oce_object_v1_online
retain_always,W04,cat,a photo of the cat,16,58,images/retain_always/W04/cat/index_016_seed_58.png,cat,dog,False,0.0013981221709400415,delete-after-eval,0.00010380171443102881,0.00016154060722328722,0.0003813994990196079,0.0013981221709400415,0.001103512942790985,0.9845198392868042,0.0009330161265097558,0.010875287465751171,6.618229963351041e-05,0.00045737397158518434,existing_v1_100,/home/tslin/Documents/jupyter_data/anLi/machine_unlearning/orthogonal-concept-erasure/experiments/sequential_object_persistence/outputs/sequential_oce_object_v1_online
retain_always,W04,cat,a photo of the cat,17,59,images/retain_always/W04/cat/index_017_seed_59.png,cat,dog,False,0.0014815513277426362,delete-after-eval,0.00027531106024980545,0.0005998443230055273,0.0013722563162446022,0.0014815513277426362,0.0008090515621006489,0.9780207276344299,0.00036547513445839286,0.015664612874388695,0.0001793825504137203,0.0012317354558035731,existing_v1_100,/home/tslin/Documents/jupyter_data/anLi/machine_unlearning/orthogonal-concept-erasure/experiments/sequential_object_persistence/outputs/sequential_oce_object_v1_online
retain_always,W04,cat,a photo of the cat,18,60,images/retain_always/W04/cat/index_018_seed_60.png,cat,dog,False,0.0015385430306196213,delete-after-eval,0.00020857370691373944,0.0004416524898260832,0.00034653471084311604,0.0015385430306196213,0.0013369668740779161,0.991426944732666,0.000753333792090416,0.003196626901626587,0.000112909845483955,0.0006378977559506893,existing_v1_100,/home/tslin/Documents/jupyter_data/anLi/machine_unlearning/orthogonal-concept-erasure/experiments/sequential_object_persistence/outputs/sequential_oce_object_v1_online
retain_always,W04,cat,a photo of the cat,19,61,images/retain_always/W04/cat/index_019_seed_61.png,cat,dog,False,0.003165086032822728,delete-after-eval,1.5036945114843547e-05,0.00022329461353365332,0.00031606925767846406,0.003165086032822728,0.0003323965647723526,0.9907656908035278,9.983267227653414e-05,0.004220225382596254,0.0001371245743939653,0.000725198769941926,existing_v1_100,/home/tslin/Documents/jupyter_data/anLi/machine_unlearning/orthogonal-concept-erasure/experiments/sequential_object_persistence/outputs/sequential_oce_object_v1_online
retain_always,W04,cat,a photo of the cat,20,62,images/retain_always/W04/cat/index_020_seed_62.png,cat,dog,False,0.0015232227742671967,delete-after-eval,0.0006136313895694911,0.0014587573241442442,0.004095065873116255,0.0015232227742671967,0.0015667175175622106,0.9720788598060608,0.007439459674060345,0.009789492003619671,0.0002537383115850389,0.001180986175313592,existing_v1_100,/home/tslin/Documents/jupyter_data/anLi/machine_unlearning/orthogonal-concept-erasure/experiments/sequential_object_persistence/outputs/sequential_oce_object_v1_online
retain_always,W04,cat,a photo of the cat,21,63,images/retain_always/W04/cat/index_021_seed_63.png,cat,dog,False,0.0008197973947972059,delete-after-eval,3.248554639867507e-05,0.00025108453701250255,0.00018136548169422895,0.0008197973947972059,0.0002338870253879577,0.995930016040802,0.00014819709758739918,0.001789035159163177,3.662242306745611e-05,0.0005774523015134037,existing_v1_100,/home/tslin/Documents/jupyter_data/anLi/machine_unlearning/orthogonal-concept-erasure/experiments/sequential_object_persistence/outputs/sequential_oce_object_v1_online
retain_always,W04,cat,a photo of the cat,22,64,images/retain_always/W04/cat/index_022_seed_64.png,cat,dog,False,0.0015922746388241649,delete-after-eval,0.00014009003643877804,0.0003905320481862873,0.0002868326846510172,0.0015922746388241649,0.009068083018064499,0.974082350730896,0.0007327477796934545,0.012690054252743721,0.0002656834840308875,0.0007513874443247914,existing_v1_100,/home/tslin/Documents/jupyter_data/anLi/machine_unlearning/orthogonal-concept-erasure/experiments/sequential_object_persistence/outputs/sequential_oce_object_v1_online
retain_always,W04,cat,a photo of the cat,23,65,images/retain_always/W04/cat/index_023_seed_65.png,cat,dog,False,0.0024471133947372437,delete-after-eval,8.930627518566325e-05,0.00025909687974490225,0.0003950521640945226,0.0024471133947372437,0.0019373514223843813,0.9781529903411865,0.001294995192438364,0.014591583982110023,0.00023109783069230616,0.0006015043472871184,existing_v1_100,/home/tslin/Documents/jupyter_data/anLi/machine_unlearning/orthogonal-concept-erasure/experiments/sequential_object_persistence/outputs/sequential_oce_object_v1_online
retain_always,W04,cat,a photo of the cat,24,66,images/retain_always/W04/cat/index_024_seed_66.png,cat,dog,False,0.0009131200495176017,delete-after-eval,0.000326502718962729,0.0005617249407805502,0.0005546968313865364,0.0009131200495176017,0.008166071958839893,0.9772754311561584,0.0024035079404711723,0.008604864589869976,0.0001058576672221534,0.0010882230708375573,existing_v1_100,/home/tslin/Documents/jupyter_data/anLi/machine_unlearning/orthogonal-concept-erasure/experiments/sequential_object_persistence/outputs/sequential_oce_object_v1_online
retain_always,W04,cat,a photo of the cat,25,67,images/retain_always/W04/cat/index_025_seed_67.png,cat,dog,False,0.00191027473192662,delete-after-eval,5.284189319354482e-05,0.0006631705909967422,0.0003938324225600809,0.00191027473192662,0.0006577864405699074,0.9883471131324768,0.0001150120806414634,0.0073386309668421745,9.916041744872928e-05,0.00042222405318170786,existing_v1_100,/home/tslin/Documents/jupyter_data/anLi/machine_unlearning/orthogonal-concept-erasure/experiments/sequential_object_persistence/outputs/sequential_oce_object_v1_online
retain_always,W04,cat,a photo of the cat,26,68,images/retain_always/W04/cat/index_026_seed_68.png,cat,dog,False,0.002081997925415635,delete-after-eval,0.00011399832146707922,0.0010287920013070107,0.00024933929671533406,0.002081997925415635,0.003049707505851984,0.9748079180717468,0.00042843507253564894,0.01780746690928936,4.3600593926385045e-05,0.0003886701015289873,existing_v1_100,/home/tslin/Documents/jupyter_data/anLi/machine_unlearning/orthogonal-concept-erasure/experiments/sequential_object_persistence/outputs/sequential_oce_object_v1_online
retain_always,W04,cat,a photo of the cat,27,69,images/retain_always/W04/cat/index_027_seed_69.png,cat,dog,False,0.0019337133271619678,delete-after-eval,0.00021920650033280253,0.000725859310477972,0.0028460605535656214,0.0019337133271619678,0.0063049704767763615,0.9684781432151794,0.0009422135190106928,0.01706942729651928,0.00015697926573920995,0.0013234906364232302,existing_v1_100,/home/tslin/Documents/jupyter_data/anLi/machine_unlearning/orthogonal-concept-erasure/experiments/sequential_object_persistence/outputs/sequential_oce_object_v1_online
retain_always,W04,cat,a photo of the cat,28,70,images/retain_always/W04/cat/index_028_seed_70.png,cat,dog,False,0.0034662801772356033,delete-after-eval,9.396563109476119e-05,0.0006240830407477915,0.0008412528550252318,0.0034662801772356033,0.001579037751071155,0.9777144193649292,0.0003712225880008191,0.014555666595697403,0.00022674034698866308,0.0005273118149489164,existing_v1_100,/home/tslin/Documents/jupyter_data/anLi/machine_unlearning/orthogonal-concept-erasure/experiments/sequential_object_persistence/outputs/sequential_oce_object_v1_online
retain_always,W04,cat,a photo of the cat,29,71,images/retain_always/W04/cat/index_029_seed_71.png,cat,dog,False,0.003067524405196309,delete-after-eval,0.0001343072362942621,0.0005519661935977638,0.0004094258474651724,0.003067524405196309,0.0010479373158887029,0.9861896634101868,0.000735039880964905,0.007433983031660318,0.00012356098159216344,0.0003065697674173862,existing_v1_100,/home/tslin/Documents/jupyter_data/anLi/machine_unlearning/orthogonal-concept-erasure/experiments/sequential_object_persistence/outputs/sequential_oce_object_v1_online
retain_always,W04,cat,a photo of the cat,30,72,images/retain_always/W04/cat/index_030_seed_72.png,cat,dog,False,0.0011300385231152177,delete-after-eval,0.0004980971571058035,0.0002806666598189622,0.000624882522970438,0.0011300385231152177,0.0013992387102916837,0.98846834897995,0.00046827789628878236,0.0059787193313241005,0.0002799027133733034,0.0008718266617506742,existing_v1_100,/home/tslin/Documents/jupyter_data/anLi/machine_unlearning/orthogonal-concept-erasure/experiments/sequential_object_persistence/outputs/sequential_oce_object_v1_online
retain_always,W04,cat,a photo of the cat,31,73,images/retain_always/W04/cat/index_031_seed_73.png,cat,dog,False,0.0033583627082407475,delete-after-eval,7.285761239472777e-05,0.0006473163375630975,0.0006863336893729866,0.0033583627082407475,0.00021766411373391747,0.990341067314148,0.0005140657303854823,0.0025126696564257145,0.0001177643789560534,0.0015319236554205418,existing_v1_100,/home/tslin/Documents/jupyter_data/anLi/machine_unlearning/orthogonal-concept-erasure/experiments/sequential_object_persistence/outputs/sequential_oce_object_v1_online
retain_always,W04,cat,a photo of the cat,32,74,images/retain_always/W04/cat/index_032_seed_74.png,cat,dog,False,0.001513458089902997,delete-after-eval,8.27236581244506e-05,0.00029843568336218596,0.0005759985069744289,0.001513458089902997,0.001993688056245446,0.9884519577026367,5.773363227490336e-05,0.006339783780276775,0.0001191170813399367,0.0005672124098055065,existing_v1_100,/home/tslin/Documents/jupyter_data/anLi/machine_unlearning/orthogonal-concept-erasure/experiments/sequential_object_persistence/outputs/sequential_oce_object_v1_online
retain_always,W04,cat,a photo of the cat,33,75,images/retain_always/W04/cat/index_033_seed_75.png,cat,dog,False,0.0036813290789723396,delete-after-eval,0.00015843431174289435,0.0006883281166665256,0.00044261530274525285,0.0036813290789723396,0.001981973648071289,0.9885525703430176,0.0006564878858625889,0.0019375315168872476,8.973497460829094e-05,0.001811079797334969,existing_v1_100,/home/tslin/Documents/jupyter_data/anLi/machine_unlearning/orthogonal-concept-erasure/experiments/sequential_object_persistence/outputs/sequential_oce_object_v1_online
retain_always,W04,cat,a photo of the cat,34,76,images/retain_always/W04/cat/index_034_seed_76.png,cat,dog,False,0.0006744898273609579,delete-after-eval,3.803056461038068e-05,0.00036744048702530563,0.0002860347449313849,0.0006744898273609579,0.00030865849112160504,0.9934618473052979,0.00028011095128022134,0.004100262187421322,5.142748341313563e-05,0.00043166769319213927,existing_v1_100,/home/tslin/Documents/jupyter_data/anLi/machine_unlearning/orthogonal-concept-erasure/experiments/sequential_object_persistence/outputs/sequential_oce_object_v1_online
retain_always,W04,cat,a photo of the cat,35,77,images/retain_always/W04/cat/index_035_seed_77.png,cat,dog,False,0.006537879817187786,delete-after-eval,6.55585463391617e-05,0.0001645760639803484,0.0008753587026149035,0.006537879817187786,0.0024446682073175907,0.9833924174308777,0.0007869026158004999,0.005177278071641922,6.46827757009305e-05,0.0004906216636300087,existing_v1_100,/home/tslin/Documents/jupyter_data/anLi/machine_unlearning/orthogonal-concept-erasure/experiments/sequential_object_persistence/outputs/sequential_oce_object_v1_online
retain_always,W04,cat,a photo of the cat,36,78,images/retain_always/W04/cat/index_036_seed_78.png,cat,dog,False,0.0017946319421753287,delete-after-eval,0.0003711238969117403,0.000249271048232913,0.00037404036265797913,0.0017946319421753287,0.006973364390432835,0.9856056571006775,0.0007083297823555768,0.002805701456964016,7.556640775874257e-05,0.0010422809282317758,existing_v1_100,/home/tslin/Documents/jupyter_data/anLi/machine_unlearning/orthogonal-concept-erasure/experiments/sequential_object_persistence/outputs/sequential_oce_object_v1_online
retain_always,W04,cat,a photo of the cat,37,79,images/retain_always/W04/cat/index_037_seed_79.png,cat,dog,False,0.0012376836966723204,delete-after-eval,0.0001639647816773504,0.0007306645857170224,0.00045601974125020206,0.0012376836966723204,0.0026564172003418207,0.9792112708091736,0.0005702775088138878,0.012694420292973518,0.0001412066339980811,0.0021381257101893425,existing_v1_100,/home/tslin/Documents/jupyter_data/anLi/machine_unlearning/orthogonal-concept-erasure/experiments/sequential_object_persistence/outputs/sequential_oce_object_v1_online
retain_always,W04,cat,a photo of the cat,38,80,images/retain_always/W04/cat/index_038_seed_80.png,cat,dog,False,0.0016972413286566734,delete-after-eval,0.00020260259043425322,0.0003018205752596259,0.0004893055302090943,0.0016972413286566734,0.004011568147689104,0.9831047654151917,0.0004603706765919924,0.00881672278046608,7.634261419298127e-05,0.0008392985328100622,existing_v1_100,/home/tslin/Documents/jupyter_data/anLi/machine_unlearning/orthogonal-concept-erasure/experiments/sequential_object_persistence/outputs/sequential_oce_object_v1_online
retain_always,W04,cat,a photo of the cat,39,81,images/retain_always/W04/cat/index_039_seed_81.png,cat,dog,False,0.0013397126458585262,delete-after-eval,9.413923544343561e-05,0.00023731373948976398,0.0002132958616130054,0.0013397126458585262,0.0018362135160714388,0.9896163940429688,0.00018171858391724527,0.005126346368342638,7.693245424889028e-05,0.0012779898243024945,existing_v1_100,/home/tslin/Documents/jupyter_data/anLi/machine_unlearning/orthogonal-concept-erasure/experiments/sequential_object_persistence/outputs/sequential_oce_object_v1_online
retain_always,W04,cat,a photo of the cat,40,82,images/retain_always/W04/cat/index_040_seed_82.png,cat,dog,False,0.0023424988612532616,delete-after-eval,3.332910637254827e-05,0.00015995147987268865,0.00019046368834096938,0.0023424988612532616,0.0012325773714110255,0.9941849112510681,0.0007952064042910933,0.0008273302228190005,6.926087371539325e-05,0.00016449589747935534,existing_v1_100,/home/tslin/Documents/jupyter_data/anLi/machine_unlearning/orthogonal-concept-erasure/experiments/sequential_object_persistence/outputs/sequential_oce_object_v1_online
retain_always,W04,cat,a photo of the cat,41,83,images/retain_always/W04/cat/index_041_seed_83.png,cat,dog,False,0.0011603385210037231,delete-after-eval,0.0006551306578330696,0.0006599164335057139,0.0009792373748496175,0.0011603385210037231,0.017773322761058807,0.9549853205680847,0.0045671360567212105,0.014906072057783604,0.00034630062873475254,0.003967254888266325,existing_v1_100,/home/tslin/Documents/jupyter_data/anLi/machine_unlearning/orthogonal-concept-erasure/experiments/sequential_object_persistence/outputs/sequential_oce_object_v1_online
retain_always,W04,cat,a photo of the cat,42,84,images/retain_always/W04/cat/index_042_seed_84.png,cat,dog,False,0.005989985540509224,delete-after-eval,0.0004906377289444208,0.0008845936390571296,0.0009958281880244613,0.005989985540509224,0.0006708436412736773,0.9822025299072266,0.0011409367434680462,0.005483180284500122,0.0004507543926592916,0.0016906231176108122,existing_v1_100,/home/tslin/Documents/jupyter_data/anLi/machine_unlearning/orthogonal-concept-erasure/experiments/sequential_object_persistence/outputs/sequential_oce_object_v1_online
retain_always,W04,cat,a photo of the cat,43,85,images/retain_always/W04/cat/index_043_seed_85.png,cat,dog,False,0.0033590346574783325,delete-after-eval,0.0001871474232757464,0.00027170334942638874,0.0004211909545119852,0.0033590346574783325,0.0018038696143776178,0.991936445236206,0.0004788100777659565,0.001208402798511088,6.396584649337456e-05,0.00026944500859826803,existing_v1_100,/home/tslin/Documents/jupyter_data/anLi/machine_unlearning/orthogonal-concept-erasure/experiments/sequential_object_persistence/outputs/sequential_oce_object_v1_online
retain_always,W04,cat,a photo of the cat,44,86,images/retain_always/W04/cat/index_044_seed_86.png,cat,dog,False,0.0009018825949169695,delete-after-eval,8.959515253081918e-05,0.00017670696252025664,0.0005057095550000668,0.0009018825949169695,0.00196223147213459,0.9812009930610657,0.00013047983520664275,0.012914690189063549,9.590328409103677e-05,0.002021783497184515,existing_v1_100,/home/tslin/Documents/jupyter_data/anLi/machine_unlearning/orthogonal-concept-erasure/experiments/sequential_object_persistence/outputs/sequential_oce_object_v1_online
retain_always,W04,cat,a photo of the cat,45,87,images/retain_always/W04/cat/index_045_seed_87.png,cat,dog,False,0.0009853701340034604,delete-after-eval,4.135871131438762e-05,0.00012710642477031797,0.00021531732636503875,0.0009853701340034604,0.0018296597991138697,0.9927194118499756,0.0013508186675608158,0.002397448755800724,3.998757165390998e-05,0.0002935868105851114,existing_v1_100,/home/tslin/Documents/jupyter_data/anLi/machine_unlearning/orthogonal-concept-erasure/experiments/sequential_object_persistence/outputs/sequential_oce_object_v1_online
retain_always,W04,cat,a photo of the cat,46,88,images/retain_always/W04/cat/index_046_seed_88.png,cat,dog,False,0.0006684517138637602,delete-after-eval,3.1862840842222795e-05,8.36593535495922e-05,7.587849540868774e-05,0.0006684517138637602,0.0007467095274478197,0.996590256690979,0.00028195668710395694,0.0013180060777813196,2.7339114240021445e-05,0.0001757869467837736,existing_v1_100,/home/tslin/Documents/jupyter_data/anLi/machine_unlearning/orthogonal-concept-erasure/experiments/sequential_object_persistence/outputs/sequential_oce_object_v1_online
retain_always,W04,cat,a photo of the cat,47,89,images/retain_always/W04/cat/index_047_seed_89.png,cat,dog,False,0.000979990465566516,delete-after-eval,4.3830033973790705e-05,0.0002074844524031505,0.0011389444116503,0.000979990465566516,0.0005740927299484611,0.9906987547874451,0.00033221629564650357,0.005771980620920658,3.643575473688543e-05,0.00021631915296893567,existing_v1_100,/home/tslin/Documents/jupyter_data/anLi/machine_unlearning/orthogonal-concept-erasure/experiments/sequential_object_persistence/outputs/sequential_oce_object_v1_online
retain_always,W04,cat,a photo of the cat,48,90,images/retain_always/W04/cat/index_048_seed_90.png,cat,dog,False,0.006622198969125748,delete-after-eval,8.768157385929953e-06,0.001241263933479786,0.0004696655087172985,0.006622198969125748,0.003078310750424862,0.9768933057785034,8.183027239283547e-05,0.0104450024664402,1.6467787645524368e-05,0.0011431962484493852,existing_v1_100,/home/tslin/Documents/jupyter_data/anLi/machine_unlearning/orthogonal-concept-erasure/experiments/sequential_object_persistence/outputs/sequential_oce_object_v1_online
retain_always,W04,cat,a photo of the cat,49,91,images/retain_always/W04/cat/index_049_seed_91.png,cat,dog,False,0.0023281192407011986,delete-after-eval,2.2012674889992923e-05,0.00026556974626146257,0.0005302641657181084,0.0023281192407011986,0.0010200232500210404,0.9905369877815247,0.0024153494741767645,0.0025534494780004025,1.6970800061244518e-05,0.00031124858651310205,existing_v1_100,/home/tslin/Documents/jupyter_data/anLi/machine_unlearning/orthogonal-concept-erasure/experiments/sequential_object_persistence/outputs/sequential_oce_object_v1_online
retain_always,W04,cat,a photo of the cat,50,92,images/retain_always/W04/cat/index_050_seed_92.png,cat,dog,False,0.002548288321122527,delete-after-eval,1.7963044228963554e-05,0.0003183867665939033,0.00024110780213959515,0.002548288321122527,0.0009167934767901897,0.9939156174659729,0.0005605689948424697,0.0008398347999900579,0.00010307446063961834,0.0005383180687204003,existing_v1_100,/home/tslin/Documents/jupyter_data/anLi/machine_unlearning/orthogonal-concept-erasure/experiments/sequential_object_persistence/outputs/sequential_oce_object_v1_online
retain_always,W04,cat,a photo of the cat,51,93,images/retain_always/W04/cat/index_051_seed_93.png,cat,dog,False,0.0010742450831457973,delete-after-eval,1.786355278454721e-05,0.0002414391638012603,8.399577927775681e-05,0.0010742450831457973,0.0007664847071282566,0.9931615591049194,0.00016643526032567024,0.004144241102039814,1.866038110165391e-05,0.0003250642621424049,existing_v1_100,/home/tslin/Documents/jupyter_data/anLi/machine_unlearning/orthogonal-concept-erasure/experiments/sequential_object_persistence/outputs/sequential_oce_object_v1_online
retain_always,W04,cat,a photo of the cat,52,94,images/retain_always/W04/cat/index_052_seed_94.png,cat,dog,False,0.0026129824109375477,delete-after-eval,0.00021921064762864262,0.00011242579785175622,0.0006381198181770742,0.0026129824109375477,0.001288202009163797,0.9899841547012329,0.000567762297578156,0.0035660096909850836,0.00012870444334112108,0.0008823699317872524,existing_v1_100,/home/tslin/Documents/jupyter_data/anLi/machine_unlearning/orthogonal-concept-erasure/experiments/sequential_object_persistence/outputs/sequential_oce_object_v1_online
retain_always,W04,cat,a photo of the cat,53,95,images/retain_always/W04/cat/index_053_seed_95.png,cat,dog,False,0.0008744142251089215,delete-after-eval,3.818989353021607e-05,0.0004692120128311217,0.00024222303181886673,0.0008744142251089215,0.0020430951844900846,0.9883605241775513,0.00016688837786205113,0.007526819594204426,3.7635261833202094e-05,0.00024100088921841234,existing_v1_100,/home/tslin/Documents/jupyter_data/anLi/machine_unlearning/orthogonal-concept-erasure/experiments/sequential_object_persistence/outputs/sequential_oce_object_v1_online
retain_always,W04,cat,a photo of the cat,54,96,images/retain_always/W04/cat/index_054_seed_96.png,cat,dog,False,0.0002806758275255561,delete-after-eval,0.00010639180982252583,0.00038504734402522445,0.00045365080586634576,0.0002806758275255561,0.0014171486254781485,0.9858909845352173,0.0003431449586059898,0.009922796860337257,7.904889935161918e-05,0.001121022505685687,existing_v1_100,/home/tslin/Documents/jupyter_data/anLi/machine_unlearning/orthogonal-concept-erasure/experiments/sequential_object_persistence/outputs/sequential_oce_object_v1_online
retain_always,W04,cat,a photo of the cat,55,97,images/retain_always/W04/cat/index_055_seed_97.png,cat,dog,False,0.001186585403047502,delete-after-eval,0.00013004770153202116,0.00028317453688941896,0.0006875254330225289,0.001186585403047502,0.0020261991303414106,0.9900192022323608,0.00043863116297870874,0.004000546410679817,5.324366793502122e-05,0.0011747829848900437,existing_v1_100,/home/tslin/Documents/jupyter_data/anLi/machine_unlearning/orthogonal-concept-erasure/experiments/sequential_object_persistence/outputs/sequential_oce_object_v1_online
retain_always,W04,cat,a photo of the cat,56,98,images/retain_always/W04/cat/index_056_seed_98.png,cat,dog,False,0.0016164614353328943,delete-after-eval,7.941332296468318e-05,0.00039168616058304906,0.0003092824190389365,0.0016164614353328943,0.00011168782657478005,0.9937266111373901,0.0010839333990588784,0.0019950205460190773,0.00010608613956719637,0.000579721003305167,existing_v1_100,/home/tslin/Documents/jupyter_data/anLi/machine_unlearning/orthogonal-concept-erasure/experiments/sequential_object_persistence/outputs/sequential_oce_object_v1_online
retain_always,W04,cat,a photo of the cat,57,99,images/retain_always/W04/cat/index_057_seed_99.png,cat,dog,False,0.0013035424053668976,delete-after-eval,9.096282883547246e-05,0.0010519585339352489,0.0010809776140376925,0.0013035424053668976,5.634958506561816e-05,0.9855334162712097,0.0020749259274452925,0.006599813234061003,0.00023783277720212936,0.0019703092984855175,existing_v1_100,/home/tslin/Documents/jupyter_data/anLi/machine_unlearning/orthogonal-concept-erasure/experiments/sequential_object_persistence/outputs/sequential_oce_object_v1_online
retain_always,W04,cat,a photo of the cat,58,100,images/retain_always/W04/cat/index_058_seed_100.png,cat,dog,False,0.0015677099581807852,delete-after-eval,0.00010705497697927058,0.0004132104804739356,0.000748787191696465,0.0015677099581807852,0.0025820950977504253,0.9878992438316345,0.00041402067290619016,0.0052957008592784405,8.068890019785613e-05,0.000891439791303128,existing_v1_100,/home/tslin/Documents/jupyter_data/anLi/machine_unlearning/orthogonal-concept-erasure/experiments/sequential_object_persistence/outputs/sequential_oce_object_v1_online
retain_always,W04,cat,a photo of the cat,59,101,images/retain_always/W04/cat/index_059_seed_101.png,cat,dog,False,0.0029027843847870827,delete-after-eval,8.262806659331545e-05,0.0009666784317232668,0.0006276107160374522,0.0029027843847870827,0.0011554608354344964,0.9880537390708923,0.0018862317083403468,0.001357436180114746,6.569150718860328e-05,0.0029017494525760412,existing_v1_100,/home/tslin/Documents/jupyter_data/anLi/machine_unlearning/orthogonal-concept-erasure/experiments/sequential_object_persistence/outputs/sequential_oce_object_v1_online
retain_always,W04,cat,a photo of the cat,60,102,images/retain_always/W04/cat/index_060_seed_102.png,cat,dog,False,0.0021020008716732264,delete-after-eval,0.0004025312955491245,0.00011611999070737511,0.0006478703580796719,0.0021020008716732264,0.010338224470615387,0.9767324328422546,0.0006059422739781439,0.007581834215670824,0.0002409150474704802,0.0012321159010753036,existing_v1_100,/home/tslin/Documents/jupyter_data/anLi/machine_unlearning/orthogonal-concept-erasure/experiments/sequential_object_persistence/outputs/sequential_oce_object_v1_online
retain_always,W04,cat,a photo of the cat,61,103,images/retain_always/W04/cat/index_061_seed_103.png,cat,dog,False,0.004665788263082504,delete-after-eval,2.9815255402354524e-05,0.00036444555735215545,0.0006620903732255101,0.004665788263082504,0.0003678402572404593,0.9916029572486877,0.0005089239566586912,0.0015036971308290958,5.896719449083321e-05,0.00023547702585346997,existing_v1_100,/home/tslin/Documents/jupyter_data/anLi/machine_unlearning/orthogonal-concept-erasure/experiments/sequential_object_persistence/outputs/sequential_oce_object_v1_online
retain_always,W04,cat,a photo of the cat,62,104,images/retain_always/W04/cat/index_062_seed_104.png,cat,dog,False,0.0012009323108941317,delete-after-eval,4.5118598791304976e-05,0.00045781172229908407,0.0007467205286957324,0.0012009323108941317,0.001262119272723794,0.9913572072982788,0.0007337624556384981,0.00330510176718235,7.984838885022327e-05,0.0008113200310617685,existing_v1_100,/home/tslin/Documents/jupyter_data/anLi/machine_unlearning/orthogonal-concept-erasure/experiments/sequential_object_persistence/outputs/sequential_oce_object_v1_online
retain_always,W04,cat,a photo of the cat,63,105,images/retain_always/W04/cat/index_063_seed_105.png,cat,dog,False,0.0016987341223284602,delete-after-eval,8.033155609155074e-06,9.977770241675898e-05,0.00013852259144186974,0.0016987341223284602,0.00018789316527545452,0.997096061706543,4.4852033170172945e-05,0.0006003860617056489,3.17566045850981e-05,9.401394345331937e-05,existing_v1_100,/home/tslin/Documents/jupyter_data/anLi/machine_unlearning/orthogonal-concept-erasure/experiments/sequential_object_persistence/outputs/sequential_oce_object_v1_online
retain_always,W04,cat,a photo of the cat,64,106,images/retain_always/W04/cat/index_064_seed_106.png,cat,dog,False,0.03757339343428612,delete-after-eval,9.57645897869952e-05,0.011986407451331615,0.0003030446241609752,0.03757339343428612,0.001137087936513126,0.9290413856506348,0.0005361151415854692,0.013051711954176426,0.0002710791304707527,0.006003955844789743,existing_v1_100,/home/tslin/Documents/jupyter_data/anLi/machine_unlearning/orthogonal-concept-erasure/experiments/sequential_object_persistence/outputs/sequential_oce_object_v1_online
retain_always,W04,cat,a photo of the cat,65,107,images/retain_always/W04/cat/index_065_seed_107.png,cat,dog,False,0.0039937449619174,delete-after-eval,0.00012424227315932512,0.0006522494950331748,0.00033613372943364084,0.0039937449619174,0.0012372988276183605,0.9860501885414124,0.003385396208614111,0.0033038717228919268,0.00010473789734533057,0.0008121217251755297,existing_v1_100,/home/tslin/Documents/jupyter_data/anLi/machine_unlearning/orthogonal-concept-erasure/experiments/sequential_object_persistence/outputs/sequential_oce_object_v1_online
retain_always,W04,cat,a photo of the cat,66,108,images/retain_always/W04/cat/index_066_seed_108.png,cat,dog,False,0.0007151287863962352,delete-after-eval,4.886621900368482e-05,0.00013135075278114527,0.0001743054308462888,0.0007151287863962352,0.0011794709134846926,0.9934505224227905,9.556306758895516e-05,0.0038128579035401344,4.967628410668112e-05,0.00034229957964271307,existing_v1_100,/home/tslin/Documents/jupyter_data/anLi/machine_unlearning/orthogonal-concept-erasure/experiments/sequential_object_persistence/outputs/sequential_oce_object_v1_online
retain_always,W04,cat,a photo of the cat,67,109,images/retain_always/W04/cat/index_067_seed_109.png,cat,dog,False,0.007862917147576809,delete-after-eval,0.0003073627594858408,0.00027138073346577585,0.000824092305265367,0.007862917147576809,0.02119762822985649,0.9622416496276855,0.0036501435097306967,0.0023755019064992666,0.00014151414507068694,0.0011278000893071294,existing_v1_100,/home/tslin/Documents/jupyter_data/anLi/machine_unlearning/orthogonal-concept-erasure/experiments/sequential_object_persistence/outputs/sequential_oce_object_v1_online
retain_always,W04,cat,a photo of the cat,68,110,images/retain_always/W04/cat/index_068_seed_110.png,cat,dog,False,0.0027154902927577496,delete-after-eval,0.00033325928961858153,0.0006657070480287075,0.0008429607260040939,0.0027154902927577496,0.0013089467538520694,0.9882310032844543,0.0004728571802843362,0.004687902983278036,0.00018969789380207658,0.0005521420971490443,existing_v1_100,/home/tslin/Documents/jupyter_data/anLi/machine_unlearning/orthogonal-concept-erasure/experiments/sequential_object_persistence/outputs/sequential_oce_object_v1_online
retain_always,W04,cat,a photo of the cat,69,111,images/retain_always/W04/cat/index_069_seed_111.png,cat,dog,False,0.0012777737574651837,delete-after-eval,2.6747842639451846e-05,0.000254950049566105,0.0003563414211384952,0.0012777737574651837,0.00031087768729776144,0.9888265132904053,0.00014382536755874753,0.008455258794128895,7.304330210899934e-05,0.00027461559511721134,existing_v1_100,/home/tslin/Documents/jupyter_data/anLi/machine_unlearning/orthogonal-concept-erasure/experiments/sequential_object_persistence/outputs/sequential_oce_object_v1_online
retain_always,W04,cat,a photo of the cat,70,112,images/retain_always/W04/cat/index_070_seed_112.png,cat,dog,False,0.0008141458965837955,delete-after-eval,1.6859426978044212e-05,0.00013245368609204888,0.00019072057330049574,0.0008141458965837955,0.00019893555145245045,0.9955770969390869,1.816434451029636e-05,0.0026444068644195795,1.571486245666165e-05,0.0003915803390555084,existing_v1_100,/home/tslin/Documents/jupyter_data/anLi/machine_unlearning/orthogonal-concept-erasure/experiments/sequential_object_persistence/outputs/sequential_oce_object_v1_online
retain_always,W04,cat,a photo of the cat,71,113,images/retain_always/W04/cat/index_071_seed_113.png,cat,dog,False,0.0023695332929491997,delete-after-eval,0.00010933240264421329,0.00020967521413695067,0.0002875337959267199,0.0023695332929491997,0.0012573268031701446,0.9909402132034302,0.0006121284677647054,0.003603306831791997,9.38443117775023e-05,0.0005171024822629988,existing_v1_100,/home/tslin/Documents/jupyter_data/anLi/machine_unlearning/orthogonal-concept-erasure/experiments/sequential_object_persistence/outputs/sequential_oce_object_v1_online
retain_always,W04,cat,a photo of the cat,72,114,images/retain_always/W04/cat/index_072_seed_114.png,cat,dog,False,0.0012352151097729802,delete-after-eval,3.3999480365309864e-05,0.00029092683689668775,0.00032790738623589277,0.0012352151097729802,0.0009577353484928608,0.9910094738006592,0.0001961770176421851,0.0054741110652685165,2.5653680495452136e-05,0.00044880365021526814,existing_v1_100,/home/tslin/Documents/jupyter_data/anLi/machine_unlearning/orthogonal-concept-erasure/experiments/sequential_object_persistence/outputs/sequential_oce_object_v1_online
retain_always,W04,cat,a photo of the cat,73,115,images/retain_always/W04/cat/index_073_seed_115.png,cat,dog,False,0.0036576788406819105,delete-after-eval,0.00015764031559228897,0.00015894489479251206,7.443149661412463e-05,0.0036576788406819105,0.04603220522403717,0.941794753074646,0.0008274189312942326,0.006214721594005823,0.00015159629401750863,0.0009306648280471563,existing_v1_100,/home/tslin/Documents/jupyter_data/anLi/machine_unlearning/orthogonal-concept-erasure/experiments/sequential_object_persistence/outputs/sequential_oce_object_v1_online
retain_always,W04,cat,a photo of the cat,74,116,images/retain_always/W04/cat/index_074_seed_116.png,cat,dog,False,0.004632432945072651,delete-after-eval,0.00026603229343891144,0.0004410998080857098,0.0007141167297959328,0.004632432945072651,0.006802141200751066,0.9796999096870422,0.0010495143942534924,0.003362150862812996,0.00035138241946697235,0.0026812152937054634,existing_v1_100,/home/tslin/Documents/jupyter_data/anLi/machine_unlearning/orthogonal-concept-erasure/experiments/sequential_object_persistence/outputs/sequential_oce_object_v1_online
retain_always,W04,cat,a photo of the cat,75,117,images/retain_always/W04/cat/index_075_seed_117.png,cat,dog,False,0.003550107590854168,delete-after-eval,0.0005323650548234582,0.0007355253910645843,0.0007622039993293583,0.003550107590854168,0.013057084754109383,0.957663893699646,0.005369553808122873,0.015617510303854942,0.0007697162218391895,0.0019420398166403174,existing_v1_100,/home/tslin/Documents/jupyter_data/anLi/machine_unlearning/orthogonal-concept-erasure/experiments/sequential_object_persistence/outputs/sequential_oce_object_v1_online
retain_always,W04,cat,a photo of the cat,76,118,images/retain_always/W04/cat/index_076_seed_118.png,cat,dog,False,0.0017669580411165953,delete-after-eval,1.1824965440609958e-05,0.00019640862592495978,0.00011924516002181917,0.0017669580411165953,0.000584039487875998,0.9936794638633728,5.245178545010276e-05,0.0031065840739756823,3.565042788977735e-05,0.00044737430289387703,existing_v1_100,/home/tslin/Documents/jupyter_data/anLi/machine_unlearning/orthogonal-concept-erasure/experiments/sequential_object_persistence/outputs/sequential_oce_object_v1_online
retain_always,W04,cat,a photo of the cat,77,119,images/retain_always/W04/cat/index_077_seed_119.png,cat,dog,False,0.0009985445067286491,delete-after-eval,0.0001934954634634778,0.0005661605973728001,0.0005479436949826777,0.0009985445067286491,0.005769795272499323,0.9836671352386475,0.0006649559363722801,0.006511204410344362,0.00014565105084329844,0.0009351571789011359,existing_v1_100,/home/tslin/Documents/jupyter_data/anLi/machine_unlearning/orthogonal-concept-erasure/experiments/sequential_object_persistence/outputs/sequential_oce_object_v1_online
retain_always,W04,cat,a photo of the cat,78,120,images/retain_always/W04/cat/index_078_seed_120.png,cat,dog,False,0.0020334268920123577,delete-after-eval,0.0004575086059048772,0.001057230168953538,0.0017348555848002434,0.0020334268920123577,0.001302960328757763,0.9696359038352966,0.014143993146717548,0.004471570253372192,0.0007001767517067492,0.004462351556867361,existing_v1_100,/home/tslin/Documents/jupyter_data/anLi/machine_unlearning/orthogonal-concept-erasure/experiments/sequential_object_persistence/outputs/sequential_oce_object_v1_online
retain_always,W04,cat,a photo of the cat,79,121,images/retain_always/W04/cat/index_079_seed_121.png,cat,dog,False,0.007255255244672298,delete-after-eval,6.852290243841708e-05,0.00012152873387094587,0.0025423981714993715,0.007255255244672298,0.008493942208588123,0.968870997428894,0.002260673325508833,0.009953388944268227,7.75211228756234e-05,0.00035573236527852714,existing_v1_100,/home/tslin/Documents/jupyter_data/anLi/machine_unlearning/orthogonal-concept-erasure/experiments/sequential_object_persistence/outputs/sequential_oce_object_v1_online
retain_always,W04,cat,a photo of the cat,80,122,images/retain_always/W04/cat/index_080_seed_122.png,cat,dog,False,0.0028663023840636015,delete-after-eval,0.00021536994609050453,0.000915194395929575,0.0009925344493240118,0.0028663023840636015,0.0005898692179471254,0.9897305965423584,0.00057509372709319,0.003134883474558592,0.0002421076933387667,0.0007380520110018551,existing_v1_100,/home/tslin/Documents/jupyter_data/anLi/machine_unlearning/orthogonal-concept-erasure/experiments/sequential_object_persistence/outputs/sequential_oce_object_v1_online
retain_always,W04,cat,a photo of the cat,81,123,images/retain_always/W04/cat/index_081_seed_123.png,cat,dog,False,0.0013352081878110766,delete-after-eval,6.79236400173977e-05,0.0005243481718935072,0.0002416646748315543,0.0013352081878110766,0.0005485937581397593,0.9922611117362976,0.00039182379259727895,0.002653176663443446,0.00013070268323644996,0.0018454098608344793,existing_v1_100,/home/tslin/Documents/jupyter_data/anLi/machine_unlearning/orthogonal-concept-erasure/experiments/sequential_object_persistence/outputs/sequential_oce_object_v1_online
retain_always,W04,cat,a photo of the cat,82,124,images/retain_always/W04/cat/index_082_seed_124.png,cat,dog,False,0.0025367008056491613,delete-after-eval,0.00032838917104527354,0.0007296688272617757,0.0005217056022956967,0.0025367008056491613,0.001695353421382606,0.9895886182785034,0.0010409527458250523,0.0026978275272995234,0.00031186590786091983,0.0005489622126333416,existing_v1_100,/home/tslin/Documents/jupyter_data/anLi/machine_unlearning/orthogonal-concept-erasure/experiments/sequential_object_persistence/outputs/sequential_oce_object_v1_online
retain_always,W04,cat,a photo of the cat,83,125,images/retain_always/W04/cat/index_083_seed_125.png,cat,dog,False,0.0009348923922516406,delete-after-eval,3.5612167266663164e-05,0.00012133503332734108,9.627341933082789e-05,0.0009348923922516406,0.00012697842612396926,0.997188150882721,8.424983388977125e-05,0.0010077410843223333,2.6878551580011845e-05,0.000377938209567219,existing_v1_100,/home/tslin/Documents/jupyter_data/anLi/machine_unlearning/orthogonal-concept-erasure/experiments/sequential_object_persistence/outputs/sequential_oce_object_v1_online
retain_always,W04,cat,a photo of the cat,84,126,images/retain_always/W04/cat/index_084_seed_126.png,cat,dog,False,0.0010566480923444033,delete-after-eval,3.53155737684574e-05,0.0004959782818332314,0.0003924214979633689,0.0010566480923444033,0.001333653461188078,0.9902818202972412,9.320898243458942e-05,0.005954138468950987,3.77055439457763e-05,0.0003190473944414407,existing_v1_100,/home/tslin/Documents/jupyter_data/anLi/machine_unlearning/orthogonal-concept-erasure/experiments/sequential_object_persistence/outputs/sequential_oce_object_v1_online
retain_always,W04,cat,a photo of the cat,85,127,images/retain_always/W04/cat/index_085_seed_127.png,cat,dog,False,0.0005515582161024213,delete-after-eval,2.8657350412686355e-05,0.00021593108249362558,0.00017722953634802252,0.0005515582161024213,0.0005696529406122863,0.9935061931610107,9.926479833666235e-05,0.0044228690676391125,5.0480077334214e-05,0.00037815928226336837,existing_v1_100,/home/tslin/Documents/jupyter_data/anLi/machine_unlearning/orthogonal-concept-erasure/experiments/sequential_object_persistence/outputs/sequential_oce_object_v1_online
retain_always,W04,cat,a photo of the cat,86,128,images/retain_always/W04/cat/index_086_seed_128.png,cat,dog,False,0.0015601207269355655,delete-after-eval,7.323622412513942e-05,0.00021960341837257147,0.0003144635702483356,0.0015601207269355655,0.003333864500746131,0.9874297976493835,0.0006376361707225442,0.006119202822446823,4.832242484553717e-05,0.0002636733988765627,existing_v1_100,/home/tslin/Documents/jupyter_data/anLi/machine_unlearning/orthogonal-concept-erasure/experiments/sequential_object_persistence/outputs/sequential_oce_object_v1_online
retain_always,W04,cat,a photo of the cat,87,129,images/retain_always/W04/cat/index_087_seed_129.png,cat,dog,False,0.0015255809994414449,delete-after-eval,3.916968125849962e-05,0.00029677580459974706,0.0001400108594680205,0.0015255809994414449,8.085190347628668e-05,0.9941522479057312,0.001967117888852954,0.0013801364693790674,6.99859083397314e-05,0.000348218425642699,existing_v1_100,/home/tslin/Documents/jupyter_data/anLi/machine_unlearning/orthogonal-concept-erasure/experiments/sequential_object_persistence/outputs/sequential_oce_object_v1_online
retain_always,W04,cat,a photo of the cat,88,130,images/retain_always/W04/cat/index_088_seed_130.png,cat,dog,False,0.0014222293393686414,delete-after-eval,0.0002686661318875849,0.00032511266181245446,0.0001816447329474613,0.0014222293393686414,0.00025560084031894803,0.9930329322814941,0.0010543741518631577,0.0012081889435648918,0.00014271961117628962,0.002108519896864891,existing_v1_100,/home/tslin/Documents/jupyter_data/anLi/machine_unlearning/orthogonal-concept-erasure/experiments/sequential_object_persistence/outputs/sequential_oce_object_v1_online
retain_always,W04,cat,a photo of the cat,89,131,images/retain_always/W04/cat/index_089_seed_131.png,cat,dog,False,0.0016697976971045136,delete-after-eval,0.00020581319404300302,0.00022935261949896812,0.0008383611566387117,0.0016697976971045136,0.007688338868319988,0.9784750938415527,0.0005575929535552859,0.009541848674416542,0.00012443905870895833,0.0006694064359180629,existing_v1_100,/home/tslin/Documents/jupyter_data/anLi/machine_unlearning/orthogonal-concept-erasure/experiments/sequential_object_persistence/outputs/sequential_oce_object_v1_online
retain_always,W04,cat,a photo of the cat,90,132,images/retain_always/W04/cat/index_090_seed_132.png,cat,dog,False,0.0013078175252303481,delete-after-eval,0.00015269441064447165,0.0015433270018547773,0.0014738220488652587,0.0013078175252303481,0.0002382862294325605,0.984176516532898,0.0014167174231261015,0.007685539778321981,0.0001574194902786985,0.001847783220000565,existing_v1_100,/home/tslin/Documents/jupyter_data/anLi/machine_unlearning/orthogonal-concept-erasure/experiments/sequential_object_persistence/outputs/sequential_oce_object_v1_online
retain_always,W04,cat,a photo of the cat,91,133,images/retain_always/W04/cat/index_091_seed_133.png,cat,dog,False,0.0006676723132841289,delete-after-eval,0.0001573987683514133,0.0007404850912280381,0.0005575622199103236,0.0006676723132841289,0.00014370189455803484,0.9904680848121643,0.00011878000077558681,0.0031926461961120367,0.00014034546620678157,0.003813364775851369,existing_v1_100,/home/tslin/Documents/jupyter_data/anLi/machine_unlearning/orthogonal-concept-erasure/experiments/sequential_object_persistence/outputs/sequential_oce_object_v1_online
retain_always,W04,cat,a photo of the cat,92,134,images/retain_always/W04/cat/index_092_seed_134.png,cat,dog,False,0.00143121974542737,delete-after-eval,5.817139754071832e-05,0.0002804072864819318,0.0008010549354366958,0.00143121974542737,0.0005136970430612564,0.9914862513542175,0.0011503048008307815,0.0035883949603885412,7.57495072321035e-05,0.0006147925741970539,existing_v1_100,/home/tslin/Documents/jupyter_data/anLi/machine_unlearning/orthogonal-concept-erasure/experiments/sequential_object_persistence/outputs/sequential_oce_object_v1_online
retain_always,W04,cat,a photo of the cat,93,135,images/retain_always/W04/cat/index_093_seed_135.png,cat,dog,False,0.0008850205922499299,delete-after-eval,0.00010391393880126998,0.00022824740153737366,0.0006194640300236642,0.0008850205922499299,0.005791745614260435,0.9862781167030334,0.0011375751346349716,0.004375785123556852,8.53300080052577e-05,0.0004948264686390758,existing_v1_100,/home/tslin/Documents/jupyter_data/anLi/machine_unlearning/orthogonal-concept-erasure/experiments/sequential_object_persistence/outputs/sequential_oce_object_v1_online
retain_always,W04,cat,a photo of the cat,94,136,images/retain_always/W04/cat/index_094_seed_136.png,cat,dog,False,0.001388559932820499,delete-after-eval,0.00010210316395387053,9.639775089453906e-05,0.00035215800744481385,0.001388559932820499,0.0012631001882255077,0.9924986958503723,0.0002294094010721892,0.0033572609536349773,6.698298966512084e-05,0.0006453783134929836,existing_v1_100,/home/tslin/Documents/jupyter_data/anLi/machine_unlearning/orthogonal-concept-erasure/experiments/sequential_object_persistence/outputs/sequential_oce_object_v1_online
retain_always,W04,cat,a photo of the cat,95,137,images/retain_always/W04/cat/index_095_seed_137.png,cat,dog,False,0.002721234690397978,delete-after-eval,9.896606206893921e-05,0.0006371926865540445,0.0014096943195909262,0.002721234690397978,1.4508877939078957e-05,0.9929942488670349,0.0003672682505566627,0.0015624650986865163,4.39574068877846e-05,0.0001504244573879987,existing_v1_100,/home/tslin/Documents/jupyter_data/anLi/machine_unlearning/orthogonal-concept-erasure/experiments/sequential_object_persistence/outputs/sequential_oce_object_v1_online
retain_always,W04,cat,a photo of the cat,96,138,images/retain_always/W04/cat/index_096_seed_138.png,cat,dog,False,0.0016709385672584176,delete-after-eval,7.663897122256458e-05,0.00024177893646992743,0.0002657570585142821,0.0016709385672584176,0.0006005960167385638,0.9838143587112427,8.94178738235496e-05,0.012190044857561588,7.951973384479061e-05,0.0009709611185826361,existing_v1_100,/home/tslin/Documents/jupyter_data/anLi/machine_unlearning/orthogonal-concept-erasure/experiments/sequential_object_persistence/outputs/sequential_oce_object_v1_online
retain_always,W04,cat,a photo of the cat,97,139,images/retain_always/W04/cat/index_097_seed_139.png,cat,dog,False,0.0024112958926707506,delete-after-eval,4.741749580716714e-05,0.0005705012008547783,0.0006060884334146976,0.0024112958926707506,0.0007704980671405792,0.989559531211853,0.0019669951871037483,0.0030695758759975433,0.00024373883206862956,0.0007543583051301539,existing_v1_100,/home/tslin/Documents/jupyter_data/anLi/machine_unlearning/orthogonal-concept-erasure/experiments/sequential_object_persistence/outputs/sequential_oce_object_v1_online
retain_always,W04,cat,a photo of the cat,98,140,images/retain_always/W04/cat/index_098_seed_140.png,cat,dog,False,0.0012878485722467303,delete-after-eval,2.1428626496344805e-05,0.0006329139578156173,0.00027484860038384795,0.0012878485722467303,0.0007601402467116714,0.9942460656166077,0.0003028361243195832,0.0019109885906800628,2.7882069844054058e-05,0.0005351346335373819,existing_v1_100,/home/tslin/Documents/jupyter_data/anLi/machine_unlearning/orthogonal-concept-erasure/experiments/sequential_object_persistence/outputs/sequential_oce_object_v1_online
retain_always,W04,cat,a photo of the cat,99,141,images/retain_always/W04/cat/index_099_seed_141.png,cat,dog,False,0.0023378226906061172,delete-after-eval,4.072532829013653e-05,0.000599067599978298,0.0004859843757003546,0.0023378226906061172,0.0012694919714704156,0.9873937368392944,0.0001539102231618017,0.0066420393995940685,9.810747724259272e-05,0.0009791180491447449,existing_v1_100,/home/tslin/Documents/jupyter_data/anLi/machine_unlearning/orthogonal-concept-erasure/experiments/sequential_object_persistence/outputs/sequential_oce_object_v1_online
retain_always,W04,cat,a photo of the cat,100,142,images/experiment1_sequential_own_step/retain_always/W04/cat/index_100_seed_142.png,cat,dog,False,0.0011715770233422518,delete-after-eval,9.710264566820115e-05,0.00025215110508725047,0.0003689379373099655,0.0011715770233422518,0.0010478978510946035,0.9815923571586609,0.0006191524444147944,0.013684908859431744,0.00012520393647719175,0.0010407093213871121,new_followup_supplement,/home/tslin/Documents/jupyter_data/anLi/machine_unlearning/orthogonal-concept-erasure/experiments/sequential_object_followup/outputs/sequential_oce_object_followup_v1
retain_always,W04,cat,a photo of the cat,101,143,images/experiment1_sequential_own_step/retain_always/W04/cat/index_101_seed_143.png,cat,dog,False,0.0006814791122451425,delete-after-eval,0.00015029188944026828,0.0007281478028744459,0.0008584507158957422,0.0006814791122451425,0.0012415375094860792,0.9881871342658997,0.0007996346103027463,0.004667949862778187,0.0001071102888090536,0.0025781767908483744,new_followup_supplement,/home/tslin/Documents/jupyter_data/anLi/machine_unlearning/orthogonal-concept-erasure/experiments/sequential_object_followup/outputs/sequential_oce_object_followup_v1
retain_always,W04,cat,a photo of the cat,102,144,images/experiment1_sequential_own_step/retain_always/W04/cat/index_102_seed_144.png,cat,dog,False,0.0008159816497936845,delete-after-eval,7.303298480110243e-05,0.00027724436949938536,0.00019631540635600686,0.0008159816497936845,0.000107621839561034,0.991523265838623,0.0008983163279481232,0.005822702776640654,6.817076064180583e-05,0.00021741412638220936,new_followup_supplement,/home/tslin/Documents/jupyter_data/anLi/machine_unlearning/orthogonal-concept-erasure/experiments/sequential_object_followup/outputs/sequential_oce_object_followup_v1
retain_always,W04,cat,a photo of the cat,103,145,images/experiment1_sequential_own_step/retain_always/W04/cat/index_103_seed_145.png,cat,dog,False,0.0015819803811609745,delete-after-eval,0.000121865734399762,0.0002317316539119929,0.0006276931380853057,0.0015819803811609745,0.0025718561373651028,0.9867671132087708,0.0005567335756495595,0.006866856478154659,0.00011893876944668591,0.0005551959620788693,new_followup_supplement,/home/tslin/Documents/jupyter_data/anLi/machine_unlearning/orthogonal-concept-erasure/experiments/sequential_object_followup/outputs/sequential_oce_object_followup_v1
retain_always,W04,cat,a photo of the cat,104,146,images/experiment1_sequential_own_step/retain_always/W04/cat/index_104_seed_146.png,cat,dog,False,0.00326141226105392,delete-after-eval,0.00043902400648221374,0.0006536436849273741,0.0014230700908228755,0.00326141226105392,0.0009576973970979452,0.9755359292030334,0.009435409680008888,0.004365892615169287,0.0003313459164928645,0.00359663856215775,new_followup_supplement,/home/tslin/Documents/jupyter_data/anLi/machine_unlearning/orthogonal-concept-erasure/experiments/sequential_object_followup/outputs/sequential_oce_object_followup_v1
retain_always,W04,cat,a photo of the cat,105,147,images/experiment1_sequential_own_step/retain_always/W04/cat/index_105_seed_147.png,cat,dog,False,0.002112699206918478,delete-after-eval,2.0755282093887217e-05,0.0002079924161080271,0.0003287243307568133,0.002112699206918478,0.0009603009675629437,0.9921472668647766,0.0002500001573935151,0.0035547325387597084,6.653303717030212e-05,0.00035104964626953006,new_followup_supplement,/home/tslin/Documents/jupyter_data/anLi/machine_unlearning/orthogonal-concept-erasure/experiments/sequential_object_followup/outputs/sequential_oce_object_followup_v1
retain_always,W04,cat,a photo of the cat,106,148,images/experiment1_sequential_own_step/retain_always/W04/cat/index_106_seed_148.png,cat,dog,False,0.004229160025715828,delete-after-eval,0.00013461911294143647,0.00025939950137399137,0.0006742108380421996,0.004229160025715828,0.0007325360202230513,0.979162871837616,0.0005281141493469477,0.013278898783028126,0.00015081081073731184,0.0008492656634189188,new_followup_supplement,/home/tslin/Documents/jupyter_data/anLi/machine_unlearning/orthogonal-concept-erasure/experiments/sequential_object_followup/outputs/sequential_oce_object_followup_v1
retain_always,W04,cat,a photo of the cat,107,149,images/experiment1_sequential_own_step/retain_always/W04/cat/index_107_seed_149.png,cat,dog,False,0.0015879516722634435,delete-after-eval,0.00012220749340485781,0.0006193685112521052,0.000334189273416996,0.0015879516722634435,0.0032178862020373344,0.9779481887817383,0.001198507146909833,0.014296814799308777,7.794235716573894e-05,0.0005968965124338865,new_followup_supplement,/home/tslin/Documents/jupyter_data/anLi/machine_unlearning/orthogonal-concept-erasure/experiments/sequential_object_followup/outputs/sequential_oce_object_followup_v1
retain_always,W04,cat,a photo of the cat,108,150,images/experiment1_sequential_own_step/retain_always/W04/cat/index_108_seed_150.png,cat,dog,False,0.0011712727136909962,delete-after-eval,4.1169980249833316e-05,0.00047600982361473143,0.00044965356937609613,0.0011712727136909962,0.0002406331041129306,0.9906389713287354,0.0015149187529459596,0.004837856628000736,4.607039227266796e-05,0.0005834641633555293,new_followup_supplement,/home/tslin/Documents/jupyter_data/anLi/machine_unlearning/orthogonal-concept-erasure/experiments/sequential_object_followup/outputs/sequential_oce_object_followup_v1
retain_always,W04,cat,a photo of the cat,109,151,images/experiment1_sequential_own_step/retain_always/W04/cat/index_109_seed_151.png,cat,dog,False,0.0016867105150595307,delete-after-eval,4.5046723244013265e-05,0.0002043770218733698,0.0003839480341412127,0.0016867105150595307,0.0006760021788068116,0.9885196089744568,0.0006458028801716864,0.007537039462476969,5.039262032369152e-05,0.0002511278144083917,new_followup_supplement,/home/tslin/Documents/jupyter_data/anLi/machine_unlearning/orthogonal-concept-erasure/experiments/sequential_object_followup/outputs/sequential_oce_object_followup_v1
retain_always,W04,cat,a photo of the cat,110,152,images/experiment1_sequential_own_step/retain_always/W04/cat/index_110_seed_152.png,cat,dog,False,0.001056631444953382,delete-after-eval,5.2438885177252814e-05,0.00014626896881964058,0.00019726762548089027,0.001056631444953382,0.008840403519570827,0.9841804504394531,0.0002493501524440944,0.004846424330025911,7.865314546506852e-05,0.00035208705230616033,new_followup_supplement,/home/tslin/Documents/jupyter_data/anLi/machine_unlearning/orthogonal-concept-erasure/experiments/sequential_object_followup/outputs/sequential_oce_object_followup_v1
retain_always,W04,cat,a photo of the cat,111,153,images/experiment1_sequential_own_step/retain_always/W04/cat/index_111_seed_153.png,cat,dog,False,0.00465472973883152,delete-after-eval,9.448394121136516e-05,0.0006024824688211083,0.0003921819443348795,0.00465472973883152,0.0016842823242768645,0.9878122210502625,0.0003985137154813856,0.002961633959785104,8.205290941987187e-05,0.0013174018822610378,new_followup_supplement,/home/tslin/Documents/jupyter_data/anLi/machine_unlearning/orthogonal-concept-erasure/experiments/sequential_object_followup/outputs/sequential_oce_object_followup_v1
retain_always,W04,cat,a photo of the cat,112,154,images/experiment1_sequential_own_step/retain_always/W04/cat/index_112_seed_154.png,cat,dog,False,0.002406467217952013,delete-after-eval,0.00016841162869241089,0.0014794489834457636,0.0003521466860547662,0.002406467217952013,0.00011183596507180482,0.9899919629096985,0.0007542059756815434,0.00404340261593461,0.0002681950863916427,0.00042396216304041445,new_followup_supplement,/home/tslin/Documents/jupyter_data/anLi/machine_unlearning/orthogonal-concept-erasure/experiments/sequential_object_followup/outputs/sequential_oce_object_followup_v1
retain_always,W04,cat,a photo of the cat,113,155,images/experiment1_sequential_own_step/retain_always/W04/cat/index_113_seed_155.png,cat,dog,False,0.003249179106205702,delete-after-eval,0.00012584301293827593,0.0008433916955254972,0.0020368709228932858,0.003249179106205702,0.0014101003762334585,0.9829617142677307,0.0028652201872318983,0.005506038665771484,9.164211223833263e-05,0.000910064612980932,new_followup_supplement,/home/tslin/Documents/jupyter_data/anLi/machine_unlearning/orthogonal-concept-erasure/experiments/sequential_object_followup/outputs/sequential_oce_object_followup_v1
retain_always,W04,cat,a photo of the cat,114,156,images/experiment1_sequential_own_step/retain_always/W04/cat/index_114_seed_156.png,cat,dog,False,0.0010168059961870313,delete-after-eval,0.0001510422007413581,0.00010684135486371815,0.0014601594302803278,0.0010168059961870313,0.008434092625975609,0.977811336517334,0.002220455091446638,0.008032914251089096,0.00012606647214852273,0.0006403454462997615,new_followup_supplement,/home/tslin/Documents/jupyter_data/anLi/machine_unlearning/orthogonal-concept-erasure/experiments/sequential_object_followup/outputs/sequential_oce_object_followup_v1
retain_always,W04,cat,a photo of the cat,115,157,images/experiment1_sequential_own_step/retain_always/W04/cat/index_115_seed_157.png,cat,dog,False,0.004032058175653219,delete-after-eval,0.00021348388690967113,0.0003245847765356302,0.00047313360846601427,0.004032058175653219,0.0010766185587272048,0.9850495457649231,0.006651367526501417,0.0013814120320603251,0.00011791454744525254,0.0006798467948101461,new_followup_supplement,/home/tslin/Documents/jupyter_data/anLi/machine_unlearning/orthogonal-concept-erasure/experiments/sequential_object_followup/outputs/sequential_oce_object_followup_v1
retain_always,W04,cat,a photo of the cat,116,158,images/experiment1_sequential_own_step/retain_always/W04/cat/index_116_seed_158.png,cat,dog,False,0.0012603078503161669,delete-after-eval,3.6879129766020924e-05,0.00026626611361280084,0.0003938334994018078,0.0012603078503161669,0.010940377600491047,0.9238333106040955,0.0001473889860790223,0.062053143978118896,4.516914486885071e-05,0.0010233789216727018,new_followup_supplement,/home/tslin/Documents/jupyter_data/anLi/machine_unlearning/orthogonal-concept-erasure/experiments/sequential_object_followup/outputs/sequential_oce_object_followup_v1
retain_always,W04,cat,a photo of the cat,117,159,images/experiment1_sequential_own_step/retain_always/W04/cat/index_117_seed_159.png,cat,dog,False,0.002059456193819642,delete-after-eval,0.00010586780263110995,0.00021614009165205061,0.0009465347975492477,0.002059456193819642,0.00325171765871346,0.9898805618286133,0.0011979388073086739,0.0017804353265091777,8.548909681849182e-05,0.00047588677261956036,new_followup_supplement,/home/tslin/Documents/jupyter_data/anLi/machine_unlearning/orthogonal-concept-erasure/experiments/sequential_object_followup/outputs/sequential_oce_object_followup_v1
retain_always,W04,cat,a photo of the cat,118,160,images/experiment1_sequential_own_step/retain_always/W04/cat/index_118_seed_160.png,cat,dog,False,0.0018347019795328379,delete-after-eval,0.00015455066750291735,0.00024695947649888694,0.0017261420143768191,0.0018347019795328379,0.003016287460923195,0.9851590991020203,0.0011202181922271848,0.005873308051377535,0.00015963768237270415,0.0007089723367244005,new_followup_supplement,/home/tslin/Documents/jupyter_data/anLi/machine_unlearning/orthogonal-concept-erasure/experiments/sequential_object_followup/outputs/sequential_oce_object_followup_v1
retain_always,W04,cat,a photo of the cat,119,161,images/experiment1_sequential_own_step/retain_always/W04/cat/index_119_seed_161.png,cat,dog,False,0.004361392464488745,delete-after-eval,0.00012225120735820383,0.0006174937007017434,0.0007136446074582636,0.004361392464488745,0.0012527767103165388,0.9860931634902954,0.00113135133869946,0.004814802668988705,0.00017060598474927247,0.0007225211011245847,new_followup_supplement,/home/tslin/Documents/jupyter_data/anLi/machine_unlearning/orthogonal-concept-erasure/experiments/sequential_object_followup/outputs/sequential_oce_object_followup_v1
retain_always,W04,cat,a photo of the cat,120,162,images/experiment1_sequential_own_step/retain_always/W04/cat/index_120_seed_162.png,cat,dog,False,0.0013269182527437806,delete-after-eval,7.251740316860378e-05,0.0006079641752876341,0.0007275379612110555,0.0013269182527437806,0.0028588573914021254,0.9797149896621704,0.0007279266137629747,0.013463965617120266,5.341288124327548e-05,0.0004458697512745857,new_followup_supplement,/home/tslin/Documents/jupyter_data/anLi/machine_unlearning/orthogonal-concept-erasure/experiments/sequential_object_followup/outputs/sequential_oce_object_followup_v1
retain_always,W04,cat,a photo of the cat,121,163,images/experiment1_sequential_own_step/retain_always/W04/cat/index_121_seed_163.png,cat,dog,False,0.0013065335806459188,delete-after-eval,7.644639117643237e-05,0.00024759327061474323,0.00039265627856366336,0.0013065335806459188,0.0007263830048032105,0.9901318550109863,0.0009232832817360759,0.0055688973516225815,7.193290366558358e-05,0.0005544707528315485,new_followup_supplement,/home/tslin/Documents/jupyter_data/anLi/machine_unlearning/orthogonal-concept-erasure/experiments/sequential_object_followup/outputs/sequential_oce_object_followup_v1
retain_always,W04,cat,a photo of the cat,122,164,images/experiment1_sequential_own_step/retain_always/W04/cat/index_122_seed_164.png,cat,dog,False,0.001559401280246675,delete-after-eval,2.5270552214351483e-05,0.00030330172739923,0.000545736460480839,0.001559401280246675,0.00028462090995162725,0.9902308583259583,0.0009196406463161111,0.005432401318103075,8.315675950143486e-05,0.0006156535819172859,new_followup_supplement,/home/tslin/Documents/jupyter_data/anLi/machine_unlearning/orthogonal-concept-erasure/experiments/sequential_object_followup/outputs/sequential_oce_object_followup_v1
retain_always,W04,cat,a photo of the cat,123,165,images/experiment1_sequential_own_step/retain_always/W04/cat/index_123_seed_165.png,cat,dog,False,0.0009911705274134874,delete-after-eval,0.00011849228758364916,0.0007338913856074214,0.0006058742292225361,0.0009911705274134874,0.0003557670279406011,0.9885929822921753,0.00013412551197689027,0.006354344543069601,0.00014039860980119556,0.0019728858023881912,new_followup_supplement,/home/tslin/Documents/jupyter_data/anLi/machine_unlearning/orthogonal-concept-erasure/experiments/sequential_object_followup/outputs/sequential_oce_object_followup_v1
retain_always,W04,cat,a photo of the cat,124,166,images/experiment1_sequential_own_step/retain_always/W04/cat/index_124_seed_166.png,cat,dog,False,0.0012376505183055997,delete-after-eval,3.606860991567373e-05,0.00016479470650665462,8.26565592433326e-05,0.0012376505183055997,0.00018345996795687824,0.9953299760818481,0.00013526070688385516,0.002501577837392688,5.166993651073426e-05,0.00027695263270288706,new_followup_supplement,/home/tslin/Documents/jupyter_data/anLi/machine_unlearning/orthogonal-concept-erasure/experiments/sequential_object_followup/outputs/sequential_oce_object_followup_v1
retain_always,W04,cat,a photo of the cat,125,167,images/experiment1_sequential_own_step/retain_always/W04/cat/index_125_seed_167.png,cat,dog,False,0.001255854032933712,delete-after-eval,6.0108770412625745e-05,0.0002618191938381642,0.00035989057505503297,0.001255854032933712,0.0004346303758211434,0.9862704873085022,0.00025999537319876254,0.01034745667129755,6.91699970047921e-05,0.0006804869044572115,new_followup_supplement,/home/tslin/Documents/jupyter_data/anLi/machine_unlearning/orthogonal-concept-erasure/experiments/sequential_object_followup/outputs/sequential_oce_object_followup_v1
retain_always,W04,cat,a photo of the cat,126,168,images/experiment1_sequential_own_step/retain_always/W04/cat/index_126_seed_168.png,cat,dog,False,0.0014376573963090777,delete-after-eval,0.00022047148377168924,0.00015138874005060643,0.0002660921018105,0.0014376573963090777,0.0034920370671898127,0.9881182312965393,0.0001735038385959342,0.0056748101487755775,7.530767470598221e-05,0.0003904878976754844,new_followup_supplement,/home/tslin/Documents/jupyter_data/anLi/machine_unlearning/orthogonal-concept-erasure/experiments/sequential_object_followup/outputs/sequential_oce_object_followup_v1
retain_always,W04,cat,a photo of the cat,127,169,images/experiment1_sequential_own_step/retain_always/W04/cat/index_127_seed_169.png,cat,dog,False,0.0009215148747898638,delete-after-eval,0.00010422088962513953,0.00010765050683403388,0.00011243631161050871,0.0009215148747898638,0.0003025895275641233,0.9924023151397705,0.00027425988810136914,0.005359202157706022,6.463869794970378e-05,0.00035115060745738447,new_followup_supplement,/home/tslin/Documents/jupyter_data/anLi/machine_unlearning/orthogonal-concept-erasure/experiments/sequential_object_followup/outputs/sequential_oce_object_followup_v1
retain_always,W04,cat,a photo of the cat,128,170,images/experiment1_sequential_own_step/retain_always/W04/cat/index_128_seed_170.png,cat,dog,False,0.0015293275937438011,delete-after-eval,5.709447214030661e-05,0.0003106555377598852,0.00049395248061046,0.0015293275937438011,0.0016693569486960769,0.98470139503479,0.00034891520044766366,0.010382789187133312,5.119702473166399e-05,0.00045530215720646083,new_followup_supplement,/home/tslin/Documents/jupyter_data/anLi/machine_unlearning/orthogonal-concept-erasure/experiments/sequential_object_followup/outputs/sequential_oce_object_followup_v1
retain_always,W04,cat,a photo of the cat,129,171,images/experiment1_sequential_own_step/retain_always/W04/cat/index_129_seed_171.png,cat,dog,False,0.0008948083268478513,delete-after-eval,9.63483180385083e-05,0.0003334941284265369,0.0002894453355111182,0.0008948083268478513,0.002978462027385831,0.9912823438644409,7.440216722898185e-05,0.0019924340303987265,0.00010125721746589988,0.0019569627474993467,new_followup_supplement,/home/tslin/Documents/jupyter_data/anLi/machine_unlearning/orthogonal-concept-erasure/experiments/sequential_object_followup/outputs/sequential_oce_object_followup_v1
retain_always,W04,cat,a photo of the cat,130,172,images/experiment1_sequential_own_step/retain_always/W04/cat/index_130_seed_172.png,cat,dog,False,0.0006797442911192775,delete-after-eval,2.4313507310580462e-05,0.00016068047261796892,0.0002531950594857335,0.0006797442911192775,8.902540139388293e-05,0.9946269392967224,3.3806089049903676e-05,0.003761080326512456,3.710776582011022e-05,0.00033412507036700845,new_followup_supplement,/home/tslin/Documents/jupyter_data/anLi/machine_unlearning/orthogonal-concept-erasure/experiments/sequential_object_followup/outputs/sequential_oce_object_followup_v1
retain_always,W04,cat,a photo of the cat,131,173,images/experiment1_sequential_own_step/retain_always/W04/cat/index_131_seed_173.png,cat,dog,False,0.0006389440968632698,delete-after-eval,0.00024288619169965386,9.999792382586747e-05,0.0008231415995396674,0.0006389440968632698,0.006768631283193827,0.9837309122085571,0.0005230649840086699,0.006455482915043831,6.876447150716558e-05,0.000648104352876544,new_followup_supplement,/home/tslin/Documents/jupyter_data/anLi/machine_unlearning/orthogonal-concept-erasure/experiments/sequential_object_followup/outputs/sequential_oce_object_followup_v1
retain_always,W04,cat,a photo of the cat,132,174,images/experiment1_sequential_own_step/retain_always/W04/cat/index_132_seed_174.png,cat,dog,False,0.0013294380623847246,delete-after-eval,0.0002905863802880049,0.00047307650675065815,0.0012878624256700277,0.0013294380623847246,0.0022596309427171946,0.9778121113777161,0.0003689998702611774,0.013945798389613628,0.00010895575542235747,0.002123500220477581,new_followup_supplement,/home/tslin/Documents/jupyter_data/anLi/machine_unlearning/orthogonal-concept-erasure/experiments/sequential_object_followup/outputs/sequential_oce_object_followup_v1
retain_always,W04,cat,a photo of the cat,133,175,images/experiment1_sequential_own_step/retain_always/W04/cat/index_133_seed_175.png,cat,dog,False,0.0022816110868006945,delete-after-eval,2.809672150760889e-05,0.0002757895563263446,0.00023091344337444752,0.0022816110868006945,0.0004624264838639647,0.9918251037597656,0.0001239803823409602,0.003972568549215794,0.00019931551651097834,0.0006002133013680577,new_followup_supplement,/home/tslin/Documents/jupyter_data/anLi/machine_unlearning/orthogonal-concept-erasure/experiments/sequential_object_followup/outputs/sequential_oce_object_followup_v1
retain_always,W04,cat,a photo of the cat,134,176,images/experiment1_sequential_own_step/retain_always/W04/cat/index_134_seed_176.png,cat,dog,False,0.0007575213094241917,delete-after-eval,0.00032809635740704834,0.00024579561431892216,0.0006651575095020235,0.0007575213094241917,0.0007730913930572569,0.981401264667511,0.00012531834363471717,0.013340591453015804,0.0002820130903273821,0.00208106217905879,new_followup_supplement,/home/tslin/Documents/jupyter_data/anLi/machine_unlearning/orthogonal-concept-erasure/experiments/sequential_object_followup/outputs/sequential_oce_object_followup_v1
retain_always,W04,cat,a photo of the cat,135,177,images/experiment1_sequential_own_step/retain_always/W04/cat/index_135_seed_177.png,cat,dog,False,0.0019411927787587047,delete-after-eval,0.00021341383398976177,0.0032291950192302465,0.0003980401379521936,0.0019411927787587047,0.001059803762473166,0.9876004457473755,0.0007218554965220392,0.003471345640718937,9.920899174176157e-05,0.0012653766898438334,new_followup_supplement,/home/tslin/Documents/jupyter_data/anLi/machine_unlearning/orthogonal-concept-erasure/experiments/sequential_object_followup/outputs/sequential_oce_object_followup_v1
retain_always,W04,cat,a photo of the cat,136,178,images/experiment1_sequential_own_step/retain_always/W04/cat/index_136_seed_178.png,cat,dog,False,0.002262014662846923,delete-after-eval,0.00012129203969379887,0.0003419870336074382,0.00039057183312252164,0.002262014662846923,0.003790835617110133,0.9810453653335571,0.00038937132922001183,0.01040139701217413,8.082520071184263e-05,0.0011762672802433372,new_followup_supplement,/home/tslin/Documents/jupyter_data/anLi/machine_unlearning/orthogonal-concept-erasure/experiments/sequential_object_followup/outputs/sequential_oce_object_followup_v1
retain_always,W04,cat,a photo of the cat,137,179,images/experiment1_sequential_own_step/retain_always/W04/cat/index_137_seed_179.png,cat,dog,False,0.0028936644084751606,delete-after-eval,0.00017795678286347538,0.0005362459341995418,0.0012709129368886352,0.0028936644084751606,0.0004935965989716351,0.9843334555625916,0.0024358921218663454,0.0068499865010380745,0.00022081572387833148,0.0007873582071624696,new_followup_supplement,/home/tslin/Documents/jupyter_data/anLi/machine_unlearning/orthogonal-concept-erasure/experiments/sequential_object_followup/outputs/sequential_oce_object_followup_v1
retain_always,W04,cat,a photo of the cat,138,180,images/experiment1_sequential_own_step/retain_always/W04/cat/index_138_seed_180.png,cat,dog,False,0.003397237276658416,delete-after-eval,0.00023013210739009082,0.00037799854180775583,0.0011088402243331075,0.003397237276658416,0.002284563146531582,0.9846342206001282,0.0007732687518000603,0.006057258229702711,0.0002713564317673445,0.0008651614771224558,new_followup_supplement,/home/tslin/Documents/jupyter_data/anLi/machine_unlearning/orthogonal-concept-erasure/experiments/sequential_object_followup/outputs/sequential_oce_object_followup_v1
retain_always,W04,cat,a photo of the cat,139,181,images/experiment1_sequential_own_step/retain_always/W04/cat/index_139_seed_181.png,cat,dog,False,0.0010848799720406532,delete-after-eval,0.00022809868096373975,0.00014912271581124514,0.0002739989140536636,0.0010848799720406532,0.004305277951061726,0.9842096567153931,0.0003747293376363814,0.008906537666916847,9.412104554940015e-05,0.0003735768550541252,new_followup_supplement,/home/tslin/Documents/jupyter_data/anLi/machine_unlearning/orthogonal-concept-erasure/experiments/sequential_object_followup/outputs/sequential_oce_object_followup_v1
retain_always,W04,cat,a photo of the cat,140,182,images/experiment1_sequential_own_step/retain_always/W04/cat/index_140_seed_182.png,cat,dog,False,0.0010862475028261542,delete-after-eval,3.123454371234402e-05,0.0011889546876773238,0.00017540260159876198,0.0010862475028261542,0.00036815027124248445,0.9943923354148865,0.00014157227997202426,0.0014231769600883126,4.0565395465819165e-05,0.0011524491710588336,new_followup_supplement,/home/tslin/Documents/jupyter_data/anLi/machine_unlearning/orthogonal-concept-erasure/experiments/sequential_object_followup/outputs/sequential_oce_object_followup_v1
retain_always,W04,cat,a photo of the cat,141,183,images/experiment1_sequential_own_step/retain_always/W04/cat/index_141_seed_183.png,cat,dog,False,0.005614995490759611,delete-after-eval,7.389188976958394e-05,0.0002815581683535129,0.0006805970915593207,0.005614995490759611,0.0003726719005499035,0.9844996929168701,0.0040192147716879845,0.0033476913813501596,0.0001545494596939534,0.0009551570983603597,new_followup_supplement,/home/tslin/Documents/jupyter_data/anLi/machine_unlearning/orthogonal-concept-erasure/experiments/sequential_object_followup/outputs/sequential_oce_object_followup_v1
retain_always,W04,cat,a photo of the cat,142,184,images/experiment1_sequential_own_step/retain_always/W04/cat/index_142_seed_184.png,cat,dog,False,0.0005987228942103684,delete-after-eval,0.0001506794069427997,0.00020326934463810176,0.0003150261763948947,0.0005987228942103684,0.0007297315169125795,0.9791871309280396,0.00012467007036320865,0.018109679222106934,9.036725532496348e-05,0.0004907444235868752,new_followup_supplement,/home/tslin/Documents/jupyter_data/anLi/machine_unlearning/orthogonal-concept-erasure/experiments/sequential_object_followup/outputs/sequential_oce_object_followup_v1
retain_always,W04,cat,a photo of the cat,143,185,images/experiment1_sequential_own_step/retain_always/W04/cat/index_143_seed_185.png,cat,dog,False,0.002153395675122738,delete-after-eval,0.00041108622099272907,0.0003180132189299911,0.0009378089453093708,0.002153395675122738,0.002498011337593198,0.9527350068092346,0.004379240330308676,0.03487822413444519,0.000196759618120268,0.00149242184124887,new_followup_supplement,/home/tslin/Documents/jupyter_data/anLi/machine_unlearning/orthogonal-concept-erasure/experiments/sequential_object_followup/outputs/sequential_oce_object_followup_v1
retain_always,W04,cat,a photo of the cat,144,186,images/experiment1_sequential_own_step/retain_always/W04/cat/index_144_seed_186.png,cat,dog,False,0.0059943171218037605,delete-after-eval,0.0001114227925427258,0.00027856905944645405,0.000657870783470571,0.0059943171218037605,0.002004859736189246,0.9857101440429688,0.0007600871031172574,0.0039847372099757195,0.00011653934052446857,0.0003814762458205223,new_followup_supplement,/home/tslin/Documents/jupyter_data/anLi/machine_unlearning/orthogonal-concept-erasure/experiments/sequential_object_followup/outputs/sequential_oce_object_followup_v1
retain_always,W04,cat,a photo of the cat,145,187,images/experiment1_sequential_own_step/retain_always/W04/cat/index_145_seed_187.png,cat,dog,False,0.0010160637320950627,delete-after-eval,6.624966772506014e-05,0.0002585582551546395,0.00033369677839800715,0.0010160637320950627,0.0004611251351889223,0.9882909655570984,6.364603905240074e-05,0.008792750537395477,9.620718628866598e-05,0.0006206750404089689,new_followup_supplement,/home/tslin/Documents/jupyter_data/anLi/machine_unlearning/orthogonal-concept-erasure/experiments/sequential_object_followup/outputs/sequential_oce_object_followup_v1
retain_always,W04,cat,a photo of the cat,146,188,images/experiment1_sequential_own_step/retain_always/W04/cat/index_146_seed_188.png,cat,dog,False,0.0013711809879168868,delete-after-eval,9.078727453015745e-05,0.0019252366619184613,0.0038197089452296495,0.0013711809879168868,0.003480764804407954,0.9824856519699097,0.0012587705859914422,0.003875667229294777,7.305545295821503e-05,0.001619258662685752,new_followup_supplement,/home/tslin/Documents/jupyter_data/anLi/machine_unlearning/orthogonal-concept-erasure/experiments/sequential_object_followup/outputs/sequential_oce_object_followup_v1
retain_always,W04,cat,a photo of the cat,147,189,images/experiment1_sequential_own_step/retain_always/W04/cat/index_147_seed_189.png,cat,dog,False,0.007239946164190769,delete-after-eval,0.00018778971571009606,0.0001639106048969552,0.0007102387025952339,0.007239946164190769,0.00044593270285986364,0.9820256233215332,0.00464446609839797,0.003760342486202717,0.00035134830977767706,0.00047053099842742085,new_followup_supplement,/home/tslin/Documents/jupyter_data/anLi/machine_unlearning/orthogonal-concept-erasure/experiments/sequential_object_followup/outputs/sequential_oce_object_followup_v1
retain_always,W04,cat,a photo of the cat,148,190,images/experiment1_sequential_own_step/retain_always/W04/cat/index_148_seed_190.png,cat,dog,False,0.0016138592036440969,delete-after-eval,0.0001366785290883854,0.0012383566936478019,0.0005607096245512366,0.0016138592036440969,0.0024165702052414417,0.9887717366218567,0.0022070747800171375,0.0028305368032306433,2.5249253667425364e-05,0.0001992461329791695,new_followup_supplement,/home/tslin/Documents/jupyter_data/anLi/machine_unlearning/orthogonal-concept-erasure/experiments/sequential_object_followup/outputs/sequential_oce_object_followup_v1
retain_always,W04,cat,a photo of the cat,149,191,images/experiment1_sequential_own_step/retain_always/W04/cat/index_149_seed_191.png,cat,dog,False,0.01612398587167263,delete-after-eval,4.816701766685583e-05,0.0003691848542075604,0.0011826495174318552,0.01612398587167263,0.005449389107525349,0.9415673613548279,0.0013136434135958552,0.03315667062997818,9.313203918281943e-05,0.0006957929581403732,new_followup_supplement,/home/tslin/Documents/jupyter_data/anLi/machine_unlearning/orthogonal-concept-erasure/experiments/sequential_object_followup/outputs/sequential_oce_object_followup_v1
retain_always,W04,cat,a photo of the cat,150,192,images/experiment1_sequential_own_step/retain_always/W04/cat/index_150_seed_192.png,cat,dog,False,0.002527522621676326,delete-after-eval,9.114283602684736e-05,0.0005811222945339978,0.0012846981408074498,0.002527522621676326,0.0012518040603026748,0.9847188591957092,0.0046905893832445145,0.0033142520114779472,0.00014424721302930266,0.0013958519557490945,new_followup_supplement,/home/tslin/Documents/jupyter_data/anLi/machine_unlearning/orthogonal-concept-erasure/experiments/sequential_object_followup/outputs/sequential_oce_object_followup_v1
retain_always,W04,cat,a photo of the cat,151,193,images/experiment1_sequential_own_step/retain_always/W04/cat/index_151_seed_193.png,cat,dog,False,0.0035984856076538563,delete-after-eval,6.196250615175813e-05,0.0003290723543614149,0.0002527328906580806,0.0035984856076538563,0.0024364693090319633,0.9742067456245422,0.00028690980980172753,0.017979014664888382,7.209015893749893e-05,0.0007763724424876273,new_followup_supplement,/home/tslin/Documents/jupyter_data/anLi/machine_unlearning/orthogonal-concept-erasure/experiments/sequential_object_followup/outputs/sequential_oce_object_followup_v1
retain_always,W04,cat,a photo of the cat,152,194,images/experiment1_sequential_own_step/retain_always/W04/cat/index_152_seed_194.png,cat,dog,False,0.0008998414850793779,delete-after-eval,4.6605382522102445e-05,0.0013928699772804976,0.00034173938911408186,0.0008998414850793779,0.0006096033612266183,0.9877695441246033,0.00046086247311905026,0.007928879000246525,7.584072591271251e-05,0.0004742039309348911,new_followup_supplement,/home/tslin/Documents/jupyter_data/anLi/machine_unlearning/orthogonal-concept-erasure/experiments/sequential_object_followup/outputs/sequential_oce_object_followup_v1
retain_always,W04,cat,a photo of the cat,153,195,images/experiment1_sequential_own_step/retain_always/W04/cat/index_153_seed_195.png,cat,dog,False,0.005577424541115761,delete-after-eval,4.3867938074981794e-05,0.0004462077922653407,0.0011672134278342128,0.005577424541115761,0.0006043608300387859,0.9871548414230347,0.0019726138561964035,0.002434798516333103,9.269145812140778e-05,0.000505971722304821,new_followup_supplement,/home/tslin/Documents/jupyter_data/anLi/machine_unlearning/orthogonal-concept-erasure/experiments/sequential_object_followup/outputs/sequential_oce_object_followup_v1
retain_always,W04,cat,a photo of the cat,154,196,images/experiment1_sequential_own_step/retain_always/W04/cat/index_154_seed_196.png,cat,dog,False,0.0009517562575638294,delete-after-eval,0.0001638672110857442,0.000268101051915437,0.0005743457586504519,0.0009517562575638294,0.004361284896731377,0.9808335304260254,0.000327910267515108,0.011845029890537262,9.138118184637278e-05,0.000582729815505445,new_followup_supplement,/home/tslin/Documents/jupyter_data/anLi/machine_unlearning/orthogonal-concept-erasure/experiments/sequential_object_followup/outputs/sequential_oce_object_followup_v1
retain_always,W04,cat,a photo of the cat,155,197,images/experiment1_sequential_own_step/retain_always/W04/cat/index_155_seed_197.png,cat,dog,False,0.0025604290422052145,delete-after-eval,1.9609728042269126e-05,0.0005637587164528668,0.00047459034249186516,0.0025604290422052145,0.0010483117075636983,0.9867169857025146,0.0002606404887046665,0.007439093664288521,7.772117533022538e-05,0.0008389045251533389,new_followup_supplement,/home/tslin/Documents/jupyter_data/anLi/machine_unlearning/orthogonal-concept-erasure/experiments/sequential_object_followup/outputs/sequential_oce_object_followup_v1
retain_always,W04,cat,a photo of the cat,156,198,images/experiment1_sequential_own_step/retain_always/W04/cat/index_156_seed_198.png,cat,dog,False,0.0029498389922082424,delete-after-eval,0.00014606208424083889,0.00040186592377722263,0.0011399745708331466,0.0029498389922082424,0.0032924404367804527,0.9836041331291199,0.0012229838175699115,0.005673515610396862,0.00028903555357828736,0.0012801294215023518,new_followup_supplement,/home/tslin/Documents/jupyter_data/anLi/machine_unlearning/orthogonal-concept-erasure/experiments/sequential_object_followup/outputs/sequential_oce_object_followup_v1
retain_always,W04,cat,a photo of the cat,157,199,images/experiment1_sequential_own_step/retain_always/W04/cat/index_157_seed_199.png,cat,dog,False,0.0007779686129651964,delete-after-eval,0.0002676788135431707,0.0003152361314278096,0.0003716224746312946,0.0007779686129651964,0.0015304313274100423,0.9897971153259277,0.0009835363598540425,0.004098303150385618,0.00014912913320586085,0.0017089287284761667,new_followup_supplement,/home/tslin/Documents/jupyter_data/anLi/machine_unlearning/orthogonal-concept-erasure/experiments/sequential_object_followup/outputs/sequential_oce_object_followup_v1
retain_always,W04,cat,a photo of the cat,158,200,images/experiment1_sequential_own_step/retain_always/W04/cat/index_158_seed_200.png,cat,dog,False,0.0011408432619646192,delete-after-eval,5.3368741646409035e-05,0.0003092219412792474,0.0003579041513148695,0.0011408432619646192,0.0005619699950329959,0.9895116686820984,0.000284696405287832,0.007311824709177017,6.117309385444969e-05,0.00040722580160945654,new_followup_supplement,/home/tslin/Documents/jupyter_data/anLi/machine_unlearning/orthogonal-concept-erasure/experiments/sequential_object_followup/outputs/sequential_oce_object_followup_v1
retain_always,W04,cat,a photo of the cat,159,201,images/experiment1_sequential_own_step/retain_always/W04/cat/index_159_seed_201.png,cat,dog,False,0.0032775236759334803,delete-after-eval,0.00012317225628066808,0.0003536837175488472,0.0005476685473695397,0.0032775236759334803,0.05863943696022034,0.9293010234832764,0.004961185157299042,0.0024302795063704252,1.4336242202261928e-05,0.00035168981412425637,new_followup_supplement,/home/tslin/Documents/jupyter_data/anLi/machine_unlearning/orthogonal-concept-erasure/experiments/sequential_object_followup/outputs/sequential_oce_object_followup_v1
retain_always,W04,cat,a photo of the cat,160,202,images/experiment1_sequential_own_step/retain_always/W04/cat/index_160_seed_202.png,cat,dog,False,0.0007639268296770751,delete-after-eval,5.170177610125393e-05,0.000738168484531343,0.00042753381421789527,0.0007639268296770751,0.0002710436820052564,0.9931964874267578,0.0003939482558052987,0.003210325725376606,4.3657008063746616e-05,0.0009032196830958128,new_followup_supplement,/home/tslin/Documents/jupyter_data/anLi/machine_unlearning/orthogonal-concept-erasure/experiments/sequential_object_followup/outputs/sequential_oce_object_followup_v1
retain_always,W04,cat,a photo of the cat,161,203,images/experiment1_sequential_own_step/retain_always/W04/cat/index_161_seed_203.png,cat,dog,False,0.001580701326020062,delete-after-eval,5.18677152285818e-05,0.0008683826890774071,0.0003220928192604333,0.001580701326020062,0.000407961051678285,0.9871209263801575,0.0003520649333950132,0.008132847025990486,7.768954674247652e-05,0.0010855208383873105,new_followup_supplement,/home/tslin/Documents/jupyter_data/anLi/machine_unlearning/orthogonal-concept-erasure/experiments/sequential_object_followup/outputs/sequential_oce_object_followup_v1
retain_always,W04,cat,a photo of the cat,162,204,images/experiment1_sequential_own_step/retain_always/W04/cat/index_162_seed_204.png,cat,dog,False,0.0005819090874865651,delete-after-eval,5.9398382290964946e-05,0.0001527433778392151,0.0001376383297611028,0.0005819090874865651,0.0002638026780914515,0.9900850057601929,6.906279304530472e-05,0.008168695494532585,6.0039772506570444e-05,0.00042178385774604976,new_followup_supplement,/home/tslin/Documents/jupyter_data/anLi/machine_unlearning/orthogonal-concept-erasure/experiments/sequential_object_followup/outputs/sequential_oce_object_followup_v1
retain_always,W04,cat,a photo of the cat,163,205,images/experiment1_sequential_own_step/retain_always/W04/cat/index_163_seed_205.png,cat,dog,False,0.0013429579557850957,delete-after-eval,0.00011606642510741949,0.0002743240329436958,0.00030115735717117786,0.0013429579557850957,0.0007107192068360746,0.9903990626335144,0.0010962951928377151,0.005031112115830183,0.00017218443099409342,0.000556080078240484,new_followup_supplement,/home/tslin/Documents/jupyter_data/anLi/machine_unlearning/orthogonal-concept-erasure/experiments/sequential_object_followup/outputs/sequential_oce_object_followup_v1
retain_always,W04,cat,a photo of the cat,164,206,images/experiment1_sequential_own_step/retain_always/W04/cat/index_164_seed_206.png,cat,dog,False,0.0032792487181723118,delete-after-eval,0.0001015040252241306,0.00039712965372018516,0.0013446310767903924,0.0032792487181723118,0.0032180806156247854,0.9793699383735657,0.0006122036720626056,0.011061483062803745,0.0001379326859023422,0.00047773870755918324,new_followup_supplement,/home/tslin/Documents/jupyter_data/anLi/machine_unlearning/orthogonal-concept-erasure/experiments/sequential_object_followup/outputs/sequential_oce_object_followup_v1
retain_always,W04,cat,a photo of the cat,165,207,images/experiment1_sequential_own_step/retain_always/W04/cat/index_165_seed_207.png,cat,dog,False,0.0009493758552707732,delete-after-eval,6.513975677080452e-05,0.0002209731173934415,0.000350668269675225,0.0009493758552707732,0.0010316941188648343,0.9865975975990295,0.00015570578398182988,0.010025614872574806,8.249904931290075e-05,0.0005207223002798855,new_followup_supplement,/home/tslin/Documents/jupyter_data/anLi/machine_unlearning/orthogonal-concept-erasure/experiments/sequential_object_followup/outputs/sequential_oce_object_followup_v1
retain_always,W04,cat,a photo of the cat,166,208,images/experiment1_sequential_own_step/retain_always/W04/cat/index_166_seed_208.png,cat,dog,False,0.006086316425353289,delete-after-eval,4.379876918392256e-05,0.0009005631436593831,0.0003735114587470889,0.006086316425353289,0.004947055131196976,0.9837559461593628,0.0003232774615753442,0.00240150629542768,5.172946839593351e-05,0.001116305822506547,new_followup_supplement,/home/tslin/Documents/jupyter_data/anLi/machine_unlearning/orthogonal-concept-erasure/experiments/sequential_object_followup/outputs/sequential_oce_object_followup_v1
retain_always,W04,cat,a photo of the cat,167,209,images/experiment1_sequential_own_step/retain_always/W04/cat/index_167_seed_209.png,cat,dog,False,0.0014356117462739348,delete-after-eval,0.00012524417252279818,0.00023138838878367096,0.0002491485793143511,0.0014356117462739348,0.0004277506668586284,0.9936453104019165,0.0005990995559841394,0.0027640596963465214,0.00010490441491128877,0.000417435570852831,new_followup_supplement,/home/tslin/Documents/jupyter_data/anLi/machine_unlearning/orthogonal-concept-erasure/experiments/sequential_object_followup/outputs/sequential_oce_object_followup_v1
retain_always,W04,cat,a photo of the cat,168,210,images/experiment1_sequential_own_step/retain_always/W04/cat/index_168_seed_210.png,cat,dog,False,0.0020201955921947956,delete-after-eval,6.460465374402702e-05,0.0009456590632908046,0.00033388222800567746,0.0020201955921947956,0.0006691749440506101,0.9912384152412415,0.0001613280619494617,0.003951226361095905,0.00011552644718904048,0.0004999839002266526,new_followup_supplement,/home/tslin/Documents/jupyter_data/anLi/machine_unlearning/orthogonal-concept-erasure/experiments/sequential_object_followup/outputs/sequential_oce_object_followup_v1
retain_always,W04,cat,a photo of the cat,169,211,images/experiment1_sequential_own_step/retain_always/W04/cat/index_169_seed_211.png,cat,dog,False,0.005654572043567896,delete-after-eval,0.00015870635979808867,0.000270511896815151,0.0003832880174741149,0.005654572043567896,0.005803457926958799,0.982952356338501,0.0012980001047253609,0.001993246143683791,0.000126639410154894,0.0013591306051239371,new_followup_supplement,/home/tslin/Documents/jupyter_data/anLi/machine_unlearning/orthogonal-concept-erasure/experiments/sequential_object_followup/outputs/sequential_oce_object_followup_v1
retain_always,W04,cat,a photo of the cat,170,212,images/experiment1_sequential_own_step/retain_always/W04/cat/index_170_seed_212.png,cat,dog,False,0.0010935189202427864,delete-after-eval,0.00010133801697520539,0.00018876977264881134,0.00018370991165284067,0.0010935189202427864,0.00022249345784075558,0.9918614625930786,0.0001548902946524322,0.005590277723968029,0.00015599139442201704,0.00044746644562110305,new_followup_supplement,/home/tslin/Documents/jupyter_data/anLi/machine_unlearning/orthogonal-concept-erasure/experiments/sequential_object_followup/outputs/sequential_oce_object_followup_v1
retain_always,W04,cat,a photo of the cat,171,213,images/experiment1_sequential_own_step/retain_always/W04/cat/index_171_seed_213.png,cat,dog,False,0.0014519767137244344,delete-after-eval,3.92569818359334e-05,0.000524355738889426,0.00026801807689480484,0.0014519767137244344,0.0002214155247202143,0.9911726117134094,4.593941048369743e-05,0.004666975699365139,3.955091960960999e-05,0.001569838379509747,new_followup_supplement,/home/tslin/Documents/jupyter_data/anLi/machine_unlearning/orthogonal-concept-erasure/experiments/sequential_object_followup/outputs/sequential_oce_object_followup_v1
retain_always,W04,cat,a photo of the cat,172,214,images/experiment1_sequential_own_step/retain_always/W04/cat/index_172_seed_214.png,cat,dog,False,0.0012731601018458605,delete-after-eval,2.395316187175922e-05,0.00034685508580878377,0.00029610254568979144,0.0012731601018458605,0.0004171926120761782,0.9943804144859314,0.0014046814758330584,0.001212949980981648,3.6493951483862475e-05,0.0006082714535295963,new_followup_supplement,/home/tslin/Documents/jupyter_data/anLi/machine_unlearning/orthogonal-concept-erasure/experiments/sequential_object_followup/outputs/sequential_oce_object_followup_v1
retain_always,W04,cat,a photo of the cat,173,215,images/experiment1_sequential_own_step/retain_always/W04/cat/index_173_seed_215.png,cat,dog,False,0.0004451574641279876,delete-after-eval,4.7405632358277217e-05,0.0002208747318945825,0.0005933076026849449,0.0004451574641279876,0.00018549739615991712,0.9914106130599976,8.568674820708111e-05,0.006469202693551779,5.246594810159877e-05,0.0004897787584923208,new_followup_supplement,/home/tslin/Documents/jupyter_data/anLi/machine_unlearning/orthogonal-concept-erasure/experiments/sequential_object_followup/outputs/sequential_oce_object_followup_v1
retain_always,W04,cat,a photo of the cat,174,216,images/experiment1_sequential_own_step/retain_always/W04/cat/index_174_seed_216.png,cat,dog,False,0.0015034672105684876,delete-after-eval,0.00026592594804242253,0.0002733013534452766,0.0007562071550637484,0.0015034672105684876,0.005057366099208593,0.9860275983810425,0.000935788091737777,0.004153201822191477,0.0002561564033385366,0.0007709513884037733,new_followup_supplement,/home/tslin/Documents/jupyter_data/anLi/machine_unlearning/orthogonal-concept-erasure/experiments/sequential_object_followup/outputs/sequential_oce_object_followup_v1
retain_always,W04,cat,a photo of the cat,175,217,images/experiment1_sequential_own_step/retain_always/W04/cat/index_175_seed_217.png,cat,dog,False,0.0011999233392998576,delete-after-eval,4.94818996230606e-05,0.00042361850501038134,0.0007948970305733383,0.0011999233392998576,0.00010551296873018146,0.9946211576461792,0.00029139124671928585,0.001815886702388525,0.0002582011802587658,0.00043995195301249623,new_followup_supplement,/home/tslin/Documents/jupyter_data/anLi/machine_unlearning/orthogonal-concept-erasure/experiments/sequential_object_followup/outputs/sequential_oce_object_followup_v1
retain_always,W04,cat,a photo of the cat,176,218,images/experiment1_sequential_own_step/retain_always/W04/cat/index_176_seed_218.png,cat,dog,False,0.0014066710136830807,delete-after-eval,0.00012974088895134628,0.0002921966661233455,0.0006191103020682931,0.0014066710136830807,0.007819114252924919,0.978071928024292,0.0004247326869517565,0.010363702662289143,0.0001535708870505914,0.000719175674021244,new_followup_supplement,/home/tslin/Documents/jupyter_data/anLi/machine_unlearning/orthogonal-concept-erasure/experiments/sequential_object_followup/outputs/sequential_oce_object_followup_v1
retain_always,W04,cat,a photo of the cat,177,219,images/experiment1_sequential_own_step/retain_always/W04/cat/index_177_seed_219.png,cat,dog,False,0.003095261286944151,delete-after-eval,2.2219001039047725e-05,0.0001798008888727054,0.0005797073827125132,0.003095261286944151,0.0021140039898455143,0.9895366430282593,0.00041605139267630875,0.00387473008595407,5.4679196182405576e-05,0.00012695144687313586,new_followup_supplement,/home/tslin/Documents/jupyter_data/anLi/machine_unlearning/orthogonal-concept-erasure/experiments/sequential_object_followup/outputs/sequential_oce_object_followup_v1
retain_always,W04,cat,a photo of the cat,178,220,images/experiment1_sequential_own_step/retain_always/W04/cat/index_178_seed_220.png,cat,dog,False,0.003816056065261364,delete-after-eval,0.00015139832976274192,0.0005976281827315688,0.0004253876977600157,0.003816056065261364,0.0006706254789605737,0.9867042303085327,0.00042665452929213643,0.006444205995649099,0.0001431257842341438,0.0006207419792190194,new_followup_supplement,/home/tslin/Documents/jupyter_data/anLi/machine_unlearning/orthogonal-concept-erasure/experiments/sequential_object_followup/outputs/sequential_oce_object_followup_v1
retain_always,W04,cat,a photo of the cat,179,221,images/experiment1_sequential_own_step/retain_always/W04/cat/index_179_seed_221.png,cat,dog,False,0.001600824762135744,delete-after-eval,0.00026927341241389513,0.0004996655625291169,0.000700943055562675,0.001600824762135744,0.0020848449785262346,0.9837291836738586,0.0026096298824995756,0.00686900969594717,0.00012371648335829377,0.0015128665836527944,new_followup_supplement,/home/tslin/Documents/jupyter_data/anLi/machine_unlearning/orthogonal-concept-erasure/experiments/sequential_object_followup/outputs/sequential_oce_object_followup_v1
retain_always,W04,cat,a photo of the cat,180,222,images/experiment1_sequential_own_step/retain_always/W04/cat/index_180_seed_222.png,cat,dog,False,0.006595822982490063,delete-after-eval,7.012270361883566e-05,0.001759962528012693,0.00046628847485408187,0.006595822982490063,0.013142254203557968,0.9094288349151611,0.0014543784782290459,0.0656854510307312,0.0002066779852611944,0.001190232578665018,new_followup_supplement,/home/tslin/Documents/jupyter_data/anLi/machine_unlearning/orthogonal-concept-erasure/experiments/sequential_object_followup/outputs/sequential_oce_object_followup_v1
retain_always,W04,cat,a photo of the cat,181,223,images/experiment1_sequential_own_step/retain_always/W04/cat/index_181_seed_223.png,cat,dog,False,0.001296249683946371,delete-after-eval,4.4045151298632845e-05,0.0005404128460213542,0.0003339754184707999,0.001296249683946371,0.0011572594521567225,0.9860684871673584,9.936903370544314e-05,0.009849621914327145,6.384363223332912e-05,0.0005468070739880204,new_followup_supplement,/home/tslin/Documents/jupyter_data/anLi/machine_unlearning/orthogonal-concept-erasure/experiments/sequential_object_followup/outputs/sequential_oce_object_followup_v1
retain_always,W04,cat,a photo of the cat,182,224,images/experiment1_sequential_own_step/retain_always/W04/cat/index_182_seed_224.png,cat,dog,False,0.003924102522432804,delete-after-eval,0.0003419666027184576,0.00030872959177941084,0.0009509141673333943,0.003924102522432804,0.0158238485455513,0.9715535640716553,0.0007158653461374342,0.0051965187303721905,0.00013635377399623394,0.0010481405770406127,new_followup_supplement,/home/tslin/Documents/jupyter_data/anLi/machine_unlearning/orthogonal-concept-erasure/experiments/sequential_object_followup/outputs/sequential_oce_object_followup_v1
retain_always,W04,cat,a photo of the cat,183,225,images/experiment1_sequential_own_step/retain_always/W04/cat/index_183_seed_225.png,cat,dog,False,0.003192327916622162,delete-after-eval,7.050605199765414e-05,0.0010299630230292678,0.0006463687750510871,0.003192327916622162,0.0012821961427107453,0.9855904579162598,0.0031556177418679,0.0036291852593421936,9.86756567726843e-05,0.001304560573771596,new_followup_supplement,/home/tslin/Documents/jupyter_data/anLi/machine_unlearning/orthogonal-concept-erasure/experiments/sequential_object_followup/outputs/sequential_oce_object_followup_v1
retain_always,W04,cat,a photo of the cat,184,226,images/experiment1_sequential_own_step/retain_always/W04/cat/index_184_seed_226.png,cat,dog,False,0.0020946275908499956,delete-after-eval,3.458641731413081e-05,0.0027793855406343937,0.0001642558490857482,0.0020946275908499956,0.0005060951225459576,0.9889844655990601,0.00010778450814541429,0.0036334332544356585,5.2738287195097655e-05,0.0016425217036157846,new_followup_supplement,/home/tslin/Documents/jupyter_data/anLi/machine_unlearning/orthogonal-concept-erasure/experiments/sequential_object_followup/outputs/sequential_oce_object_followup_v1
retain_always,W04,cat,a photo of the cat,185,227,images/experiment1_sequential_own_step/retain_always/W04/cat/index_185_seed_227.png,cat,dog,False,0.0011388156563043594,delete-after-eval,3.9340113289654255e-05,7.382760668406263e-05,0.0003197342448402196,0.0011388156563043594,0.0005000385572202504,0.9943236112594604,9.17451034183614e-05,0.0031597199849784374,5.947202953393571e-05,0.00029361399356275797,new_followup_supplement,/home/tslin/Documents/jupyter_data/anLi/machine_unlearning/orthogonal-concept-erasure/experiments/sequential_object_followup/outputs/sequential_oce_object_followup_v1
retain_always,W04,cat,a photo of the cat,186,228,images/experiment1_sequential_own_step/retain_always/W04/cat/index_186_seed_228.png,cat,dog,False,0.0028091962449252605,delete-after-eval,3.900327646988444e-05,0.0006924053886905313,0.001084323157556355,0.0028091962449252605,0.0013908174587413669,0.9885269403457642,0.0005601198063232005,0.004246807191520929,8.764730591792613e-05,0.0005627315258607268,new_followup_supplement,/home/tslin/Documents/jupyter_data/anLi/machine_unlearning/orthogonal-concept-erasure/experiments/sequential_object_followup/outputs/sequential_oce_object_followup_v1
retain_always,W04,cat,a photo of the cat,187,229,images/experiment1_sequential_own_step/retain_always/W04/cat/index_187_seed_229.png,cat,dog,False,0.003746844595298171,delete-after-eval,8.875798812368885e-05,0.00038183602737262845,0.0009340038523077965,0.003746844595298171,0.0019494215957820415,0.9834833145141602,0.0007705286261625588,0.008288118988275528,0.0001222103019244969,0.0002349804708501324,new_followup_supplement,/home/tslin/Documents/jupyter_data/anLi/machine_unlearning/orthogonal-concept-erasure/experiments/sequential_object_followup/outputs/sequential_oce_object_followup_v1
retain_always,W04,cat,a photo of the cat,188,230,images/experiment1_sequential_own_step/retain_always/W04/cat/index_188_seed_230.png,cat,dog,False,0.001204070751555264,delete-after-eval,6.978079909458756e-05,0.0007971699233166873,0.0008157584234140813,0.001204070751555264,0.0002019875537371263,0.9913502931594849,0.0006202472141012549,0.003980106674134731,9.571163536747918e-05,0.0008648462826386094,new_followup_supplement,/home/tslin/Documents/jupyter_data/anLi/machine_unlearning/orthogonal-concept-erasure/experiments/sequential_object_followup/outputs/sequential_oce_object_followup_v1
retain_always,W04,cat,a photo of the cat,189,231,images/experiment1_sequential_own_step/retain_always/W04/cat/index_189_seed_231.png,cat,dog,False,0.0007698950939811766,delete-after-eval,2.4493430828442797e-05,0.00034861310268752277,0.00022246348089538515,0.0007698950939811766,0.0004152052861172706,0.9934184551239014,0.00010437796299811453,0.004057226702570915,3.983372880611569e-05,0.0005995194078423083,new_followup_supplement,/home/tslin/Documents/jupyter_data/anLi/machine_unlearning/orthogonal-concept-erasure/experiments/sequential_object_followup/outputs/sequential_oce_object_followup_v1
retain_always,W04,cat,a photo of the cat,190,232,images/experiment1_sequential_own_step/retain_always/W04/cat/index_190_seed_232.png,cat,dog,False,0.0017845851834863424,delete-after-eval,0.0001700674620224163,0.000443347409600392,0.0002951196220237762,0.0017845851834863424,0.000543043133802712,0.9871101379394531,6.257720087887719e-05,0.006947843357920647,0.00023132989008445293,0.0024119752924889326,new_followup_supplement,/home/tslin/Documents/jupyter_data/anLi/machine_unlearning/orthogonal-concept-erasure/experiments/sequential_object_followup/outputs/sequential_oce_object_followup_v1
retain_always,W04,cat,a photo of the cat,191,233,images/experiment1_sequential_own_step/retain_always/W04/cat/index_191_seed_233.png,cat,dog,False,0.001150099211372435,delete-after-eval,9.523019980406389e-05,0.00036389511660672724,0.00034824328031390905,0.001150099211372435,0.0007020285702310503,0.9897655248641968,0.0001037827241816558,0.006638617720454931,0.00014897724031470716,0.0006835812819190323,new_followup_supplement,/home/tslin/Documents/jupyter_data/anLi/machine_unlearning/orthogonal-concept-erasure/experiments/sequential_object_followup/outputs/sequential_oce_object_followup_v1
retain_always,W04,cat,a photo of the cat,192,234,images/experiment1_sequential_own_step/retain_always/W04/cat/index_192_seed_234.png,cat,dog,False,0.0023885774426162243,delete-after-eval,0.00010382306936662644,0.00017541652778163552,0.0009289212175644934,0.0023885774426162243,0.003215690841898322,0.986570417881012,0.0010423166677355766,0.005030798260122538,3.1669049349147826e-05,0.0005125276511535048,new_followup_supplement,/home/tslin/Documents/jupyter_data/anLi/machine_unlearning/orthogonal-concept-erasure/experiments/sequential_object_followup/outputs/sequential_oce_object_followup_v1
retain_always,W04,cat,a photo of the cat,193,235,images/experiment1_sequential_own_step/retain_always/W04/cat/index_193_seed_235.png,cat,dog,False,0.000837454164866358,delete-after-eval,0.00011355087190167978,0.0007726593757979572,0.00021745151025243104,0.000837454164866358,0.00036908284528180957,0.993022620677948,0.0007761762826703489,0.001212861156091094,5.345706449588761e-05,0.002624794142320752,new_followup_supplement,/home/tslin/Documents/jupyter_data/anLi/machine_unlearning/orthogonal-concept-erasure/experiments/sequential_object_followup/outputs/sequential_oce_object_followup_v1
retain_always,W04,cat,a photo of the cat,194,236,images/experiment1_sequential_own_step/retain_always/W04/cat/index_194_seed_236.png,cat,dog,False,0.002527188276872039,delete-after-eval,0.00025099131744354963,0.0002901488041970879,0.0004986542626284063,0.002527188276872039,0.0007526806439273059,0.9876996278762817,0.0017973369685932994,0.004852708429098129,0.0002152311644749716,0.0011155152460560203,new_followup_supplement,/home/tslin/Documents/jupyter_data/anLi/machine_unlearning/orthogonal-concept-erasure/experiments/sequential_object_followup/outputs/sequential_oce_object_followup_v1
retain_always,W04,cat,a photo of the cat,195,237,images/experiment1_sequential_own_step/retain_always/W04/cat/index_195_seed_237.png,cat,dog,False,0.005713576916605234,delete-after-eval,0.00024167246010620147,0.0008233904954977334,0.0008645812631584704,0.005713576916605234,0.0013154329499229789,0.980887770652771,0.001634084852412343,0.00645179720595479,0.00043325041770003736,0.001634477637708187,new_followup_supplement,/home/tslin/Documents/jupyter_data/anLi/machine_unlearning/orthogonal-concept-erasure/experiments/sequential_object_followup/outputs/sequential_oce_object_followup_v1
retain_always,W04,cat,a photo of the cat,196,238,images/experiment1_sequential_own_step/retain_always/W04/cat/index_196_seed_238.png,cat,dog,False,0.003883864963427186,delete-after-eval,0.0007440575282089412,0.001063607749529183,0.0009018186246976256,0.003883864963427186,0.002142347162589431,0.9766876101493835,0.0006166418315842748,0.009967140853404999,0.0006701605743728578,0.0033226858358830214,new_followup_supplement,/home/tslin/Documents/jupyter_data/anLi/machine_unlearning/orthogonal-concept-erasure/experiments/sequential_object_followup/outputs/sequential_oce_object_followup_v1
retain_always,W04,cat,a photo of the cat,197,239,images/experiment1_sequential_own_step/retain_always/W04/cat/index_197_seed_239.png,cat,dog,False,0.0017349844565615058,delete-after-eval,0.00021736886992584914,0.0005686383810825646,0.00019937986508011818,0.0017349844565615058,0.00011468437878647819,0.9909520149230957,0.0012219182681292295,0.0038586107548326254,0.0003080431779380888,0.0008243631455115974,new_followup_supplement,/home/tslin/Documents/jupyter_data/anLi/machine_unlearning/orthogonal-concept-erasure/experiments/sequential_object_followup/outputs/sequential_oce_object_followup_v1
retain_always,W04,cat,a photo of the cat,198,240,images/experiment1_sequential_own_step/retain_always/W04/cat/index_198_seed_240.png,cat,dog,False,0.00234166975133121,delete-after-eval,0.00016882918134797364,0.000526537885889411,0.00028105813544243574,0.00234166975133121,0.00034256267827004194,0.9907045960426331,0.0022133684251457453,0.002474230481311679,0.00019291674834676087,0.0007541544619016349,new_followup_supplement,/home/tslin/Documents/jupyter_data/anLi/machine_unlearning/orthogonal-concept-erasure/experiments/sequential_object_followup/outputs/sequential_oce_object_followup_v1
retain_always,W04,cat,a photo of the cat,199,241,images/experiment1_sequential_own_step/retain_always/W04/cat/index_199_seed_241.png,cat,dog,False,0.002531844424083829,delete-after-eval,0.00020607348415069282,0.00022309795895125717,0.0003375898813828826,0.002531844424083829,0.0011761243222281337,0.9896873831748962,0.000574398844037205,0.004714301321655512,0.00011613333481363952,0.0004330649389885366,new_followup_supplement,/home/tslin/Documents/jupyter_data/anLi/machine_unlearning/orthogonal-concept-erasure/experiments/sequential_object_followup/outputs/sequential_oce_object_followup_v1
