group,checkpoint,concept,prompt,sample_index,seed,image_path,expected_label,predicted_label,correct,expected_probability,image_retention,prob_airplane,prob_automobile,prob_bird,prob_cat,prob_deer,prob_dog,prob_frog,prob_horse,prob_ship,prob_truck,sample_origin,artifact_root
retain_always,W03,bird,a photo of the bird,0,42,images/retain_always/W03/bird/index_000_seed_42.png,bird,deer,False,0.0018372433260083199,delete-after-eval,1.8985964516105014e-06,0.0003719381638802588,0.0018372433260083199,0.007100359071046114,0.6077691316604614,0.04116003215312958,0.0001006650782073848,0.34153419733047485,5.846196290804073e-05,6.603981455555186e-05,existing_v1_100,/home/tslin/Documents/jupyter_data/anLi/machine_unlearning/orthogonal-concept-erasure/experiments/sequential_object_persistence/outputs/sequential_oce_object_v1_online
retain_always,W03,bird,a photo of the bird,1,43,images/retain_always/W03/bird/index_001_seed_43.png,bird,bird,True,0.6104052662849426,delete-after-eval,0.0004937269259244204,0.0033914053346961737,0.6104052662849426,0.04599052667617798,0.1040123701095581,0.1411122828722,0.0023790260311216116,0.08903100341558456,0.0018480403814464808,0.0013362930621951818,existing_v1_100,/home/tslin/Documents/jupyter_data/anLi/machine_unlearning/orthogonal-concept-erasure/experiments/sequential_object_persistence/outputs/sequential_oce_object_v1_online
retain_always,W03,bird,a photo of the bird,2,44,images/retain_always/W03/bird/index_002_seed_44.png,bird,dog,False,0.371665358543396,delete-after-eval,5.32304729858879e-05,0.0005028202431276441,0.371665358543396,0.03230142220854759,0.0008923413697630167,0.5787864327430725,0.00290642399340868,0.011929607018828392,0.0004876541206613183,0.0004746435151901096,existing_v1_100,/home/tslin/Documents/jupyter_data/anLi/machine_unlearning/orthogonal-concept-erasure/experiments/sequential_object_persistence/outputs/sequential_oce_object_v1_online
retain_always,W03,bird,a photo of the bird,3,45,images/retain_always/W03/bird/index_003_seed_45.png,bird,bird,True,0.991800844669342,delete-after-eval,5.241327016847208e-05,0.0003405424067750573,0.991800844669342,0.0003985401417594403,0.00015652547881472856,0.0018352858023718,0.00025404602638445795,0.004903831984847784,0.0001253669906873256,0.00013254077930469066,existing_v1_100,/home/tslin/Documents/jupyter_data/anLi/machine_unlearning/orthogonal-concept-erasure/experiments/sequential_object_persistence/outputs/sequential_oce_object_v1_online
retain_always,W03,bird,a photo of the bird,4,46,images/retain_always/W03/bird/index_004_seed_46.png,bird,bird,True,0.9929343461990356,delete-after-eval,0.0006798337562941015,0.00016999263607431203,0.9929343461990356,0.0005133612430654466,0.0007159196538850665,0.0020062425173819065,0.0003970354446209967,0.0021258965134620667,0.00012955836427863687,0.00032787193777039647,existing_v1_100,/home/tslin/Documents/jupyter_data/anLi/machine_unlearning/orthogonal-concept-erasure/experiments/sequential_object_persistence/outputs/sequential_oce_object_v1_online
retain_always,W03,bird,a photo of the bird,5,47,images/retain_always/W03/bird/index_005_seed_47.png,bird,cat,False,0.0037281569093465805,delete-after-eval,3.74024712073151e-05,0.0007663755677640438,0.0037281569093465805,0.618151068687439,0.24952609837055206,0.11719213426113129,5.791019430034794e-05,0.008970923721790314,0.00035786430817097425,0.0012120603350922465,existing_v1_100,/home/tslin/Documents/jupyter_data/anLi/machine_unlearning/orthogonal-concept-erasure/experiments/sequential_object_persistence/outputs/sequential_oce_object_v1_online
retain_always,W03,bird,a photo of the bird,6,48,images/retain_always/W03/bird/index_006_seed_48.png,bird,bird,True,0.9855952262878418,delete-after-eval,6.847035547252744e-05,0.0006730722379870713,0.9855952262878418,0.0007903231889940798,0.000675129471346736,0.0049424367025494576,3.491471579764038e-05,0.0053811464458703995,0.00030673114815726876,0.0015324890846386552,existing_v1_100,/home/tslin/Documents/jupyter_data/anLi/machine_unlearning/orthogonal-concept-erasure/experiments/sequential_object_persistence/outputs/sequential_oce_object_v1_online
retain_always,W03,bird,a photo of the bird,7,49,images/retain_always/W03/bird/index_007_seed_49.png,bird,cat,False,0.0350249707698822,delete-after-eval,0.03618120029568672,0.06608346104621887,0.0350249707698822,0.5594469308853149,0.07632099837064743,0.08140910416841507,0.08760466426610947,0.023296086117625237,0.021769078448414803,0.012863554991781712,existing_v1_100,/home/tslin/Documents/jupyter_data/anLi/machine_unlearning/orthogonal-concept-erasure/experiments/sequential_object_persistence/outputs/sequential_oce_object_v1_online
retain_always,W03,bird,a photo of the bird,8,50,images/retain_always/W03/bird/index_008_seed_50.png,bird,cat,False,0.050078924745321274,delete-after-eval,0.0006328534800559282,0.004330761730670929,0.050078924745321274,0.45092833042144775,0.09610749036073685,0.344632625579834,0.006771760527044535,0.03975807875394821,0.005318572279065847,0.0014405595138669014,existing_v1_100,/home/tslin/Documents/jupyter_data/anLi/machine_unlearning/orthogonal-concept-erasure/experiments/sequential_object_persistence/outputs/sequential_oce_object_v1_online
retain_always,W03,bird,a photo of the bird,9,51,images/retain_always/W03/bird/index_009_seed_51.png,bird,deer,False,0.005809824913740158,delete-after-eval,1.2966499525646213e-05,0.00012536230497062206,0.005809824913740158,0.0010130314622074366,0.9168222546577454,0.004723714664578438,9.040416625794023e-05,0.07116720080375671,0.00010088179988088086,0.00013437180314213037,existing_v1_100,/home/tslin/Documents/jupyter_data/anLi/machine_unlearning/orthogonal-concept-erasure/experiments/sequential_object_persistence/outputs/sequential_oce_object_v1_online
retain_always,W03,bird,a photo of the bird,10,52,images/retain_always/W03/bird/index_010_seed_52.png,bird,bird,True,0.26859182119369507,delete-after-eval,0.0007756533450447023,0.018487785011529922,0.26859182119369507,0.04800042137503624,0.2029762715101242,0.13519330322742462,0.04870854318141937,0.2683972120285034,0.0070754727348685265,0.001793466042727232,existing_v1_100,/home/tslin/Documents/jupyter_data/anLi/machine_unlearning/orthogonal-concept-erasure/experiments/sequential_object_persistence/outputs/sequential_oce_object_v1_online
retain_always,W03,bird,a photo of the bird,11,53,images/retain_always/W03/bird/index_011_seed_53.png,bird,cat,False,0.14703038334846497,delete-after-eval,0.0005017817602492869,0.015605805441737175,0.14703038334846497,0.3268289268016815,0.0743064358830452,0.25661954283714294,0.022193018347024918,0.14960865676403046,0.003636105451732874,0.0036693799775093794,existing_v1_100,/home/tslin/Documents/jupyter_data/anLi/machine_unlearning/orthogonal-concept-erasure/experiments/sequential_object_persistence/outputs/sequential_oce_object_v1_online
retain_always,W03,bird,a photo of the bird,12,54,images/retain_always/W03/bird/index_012_seed_54.png,bird,dog,False,0.0019447689410299063,delete-after-eval,0.00021308679424691945,0.0015886884648352861,0.0019447689410299063,0.37286701798439026,0.015438423492014408,0.5813992023468018,0.0019012299599125981,0.0233694426715374,0.0009109647944569588,0.0003671529411803931,existing_v1_100,/home/tslin/Documents/jupyter_data/anLi/machine_unlearning/orthogonal-concept-erasure/experiments/sequential_object_persistence/outputs/sequential_oce_object_v1_online
retain_always,W03,bird,a photo of the bird,13,55,images/retain_always/W03/bird/index_013_seed_55.png,bird,horse,False,0.034097254276275635,delete-after-eval,0.00019583411631174386,0.0007430505356751382,0.034097254276275635,0.007523993030190468,0.05438031628727913,0.03639095649123192,0.0002772623556666076,0.8653103709220886,0.000443791359430179,0.0006371365743689239,existing_v1_100,/home/tslin/Documents/jupyter_data/anLi/machine_unlearning/orthogonal-concept-erasure/experiments/sequential_object_persistence/outputs/sequential_oce_object_v1_online
retain_always,W03,bird,a photo of the bird,14,56,images/retain_always/W03/bird/index_014_seed_56.png,bird,cat,False,0.02550613135099411,delete-after-eval,0.0007003234350122511,0.0025727844331413507,0.02550613135099411,0.5895766019821167,0.14815416932106018,0.18502838909626007,0.01181509718298912,0.033492155373096466,0.0022410841193050146,0.0009132190025411546,existing_v1_100,/home/tslin/Documents/jupyter_data/anLi/machine_unlearning/orthogonal-concept-erasure/experiments/sequential_object_persistence/outputs/sequential_oce_object_v1_online
retain_always,W03,bird,a photo of the bird,15,57,images/retain_always/W03/bird/index_015_seed_57.png,bird,dog,False,0.002922175219282508,delete-after-eval,3.801611819653772e-05,0.0001371545367874205,0.002922175219282508,0.09212245047092438,0.0014282729243859649,0.8474526405334473,0.00012192311987746507,0.05516412481665611,0.0003764676221180707,0.0002368403656873852,existing_v1_100,/home/tslin/Documents/jupyter_data/anLi/machine_unlearning/orthogonal-concept-erasure/experiments/sequential_object_persistence/outputs/sequential_oce_object_v1_online
retain_always,W03,bird,a photo of the bird,16,58,images/retain_always/W03/bird/index_016_seed_58.png,bird,dog,False,0.019618453457951546,delete-after-eval,8.494704525219277e-05,0.0004804415220860392,0.019618453457951546,0.06311413645744324,0.2231721431016922,0.38299885392189026,0.0008603371097706258,0.3078779876232147,0.0004835664003621787,0.0013090778375044465,existing_v1_100,/home/tslin/Documents/jupyter_data/anLi/machine_unlearning/orthogonal-concept-erasure/experiments/sequential_object_persistence/outputs/sequential_oce_object_v1_online
retain_always,W03,bird,a photo of the bird,17,59,images/retain_always/W03/bird/index_017_seed_59.png,bird,bird,True,0.9954172372817993,delete-after-eval,5.292431524139829e-05,0.00029369426192715764,0.9954172372817993,0.0002088180772261694,0.00012493260146584362,0.0016190848546102643,0.000516508414875716,0.0014066719450056553,4.8015561333158985e-05,0.0003121461486443877,existing_v1_100,/home/tslin/Documents/jupyter_data/anLi/machine_unlearning/orthogonal-concept-erasure/experiments/sequential_object_persistence/outputs/sequential_oce_object_v1_online
retain_always,W03,bird,a photo of the bird,18,60,images/retain_always/W03/bird/index_018_seed_60.png,bird,cat,False,0.29152029752731323,delete-after-eval,0.001435951329767704,0.017357897013425827,0.29152029752731323,0.36052438616752625,0.02307605743408203,0.1722637265920639,0.08719001710414886,0.026016566902399063,0.013919344171881676,0.006695793475955725,existing_v1_100,/home/tslin/Documents/jupyter_data/anLi/machine_unlearning/orthogonal-concept-erasure/experiments/sequential_object_persistence/outputs/sequential_oce_object_v1_online
retain_always,W03,bird,a photo of the bird,19,61,images/retain_always/W03/bird/index_019_seed_61.png,bird,bird,True,0.4988056421279907,delete-after-eval,0.00018727994756773114,0.0016248129541054368,0.4988056421279907,0.07432490587234497,0.045168377459049225,0.14912839233875275,0.00894789956510067,0.21887636184692383,0.0020690669771283865,0.0008673276170156896,existing_v1_100,/home/tslin/Documents/jupyter_data/anLi/machine_unlearning/orthogonal-concept-erasure/experiments/sequential_object_persistence/outputs/sequential_oce_object_v1_online
retain_always,W03,bird,a photo of the bird,20,62,images/retain_always/W03/bird/index_020_seed_62.png,bird,horse,False,0.08655129373073578,delete-after-eval,3.881957309204154e-05,0.0003756736987270415,0.08655129373073578,0.003723708912730217,0.311783105134964,0.07762818783521652,0.0005548381013795733,0.5188068151473999,4.853812060900964e-05,0.0004889970878139138,existing_v1_100,/home/tslin/Documents/jupyter_data/anLi/machine_unlearning/orthogonal-concept-erasure/experiments/sequential_object_persistence/outputs/sequential_oce_object_v1_online
retain_always,W03,bird,a photo of the bird,21,63,images/retain_always/W03/bird/index_021_seed_63.png,bird,bird,True,0.9947563409805298,delete-after-eval,0.00029637388070113957,0.000316071993438527,0.9947563409805298,0.0011377348564565182,0.0006472141249105334,0.0011647664941847324,0.00023090734612196684,0.0005775764584541321,0.00010844685311894864,0.0007645124569535255,existing_v1_100,/home/tslin/Documents/jupyter_data/anLi/machine_unlearning/orthogonal-concept-erasure/experiments/sequential_object_persistence/outputs/sequential_oce_object_v1_online
retain_always,W03,bird,a photo of the bird,22,64,images/retain_always/W03/bird/index_022_seed_64.png,bird,cat,False,0.0023904391564428806,delete-after-eval,9.556742588756606e-05,0.0005822432576678693,0.0023904391564428806,0.9776025414466858,0.001152313081547618,0.011798403225839138,0.00046012262464500964,0.005421871785074472,0.0002337509795324877,0.0002627170761115849,existing_v1_100,/home/tslin/Documents/jupyter_data/anLi/machine_unlearning/orthogonal-concept-erasure/experiments/sequential_object_persistence/outputs/sequential_oce_object_v1_online
retain_always,W03,bird,a photo of the bird,23,65,images/retain_always/W03/bird/index_023_seed_65.png,bird,horse,False,0.03692954033613205,delete-after-eval,0.0003185083041898906,0.0021155693102627993,0.03692954033613205,0.0017556054517626762,0.16006648540496826,0.029342669993638992,0.005521174520254135,0.7594903111457825,0.0002489773905836046,0.004211109131574631,existing_v1_100,/home/tslin/Documents/jupyter_data/anLi/machine_unlearning/orthogonal-concept-erasure/experiments/sequential_object_persistence/outputs/sequential_oce_object_v1_online
retain_always,W03,bird,a photo of the bird,24,66,images/retain_always/W03/bird/index_024_seed_66.png,bird,deer,False,0.1812845766544342,delete-after-eval,0.0004431284323800355,0.0019857289735227823,0.1812845766544342,0.07074321806430817,0.5167204141616821,0.12068121135234833,0.08872070163488388,0.01815706677734852,0.0003093918494414538,0.0009545676875859499,existing_v1_100,/home/tslin/Documents/jupyter_data/anLi/machine_unlearning/orthogonal-concept-erasure/experiments/sequential_object_persistence/outputs/sequential_oce_object_v1_online
retain_always,W03,bird,a photo of the bird,25,67,images/retain_always/W03/bird/index_025_seed_67.png,bird,bird,True,0.780489981174469,delete-after-eval,0.0011081605916842818,0.0015057979617267847,0.780489981174469,0.028928697109222412,0.0027058678679168224,0.002658617915585637,0.1803000271320343,0.0012800398981198668,0.0003084184427279979,0.0007143408874981105,existing_v1_100,/home/tslin/Documents/jupyter_data/anLi/machine_unlearning/orthogonal-concept-erasure/experiments/sequential_object_persistence/outputs/sequential_oce_object_v1_online
retain_always,W03,bird,a photo of the bird,26,68,images/retain_always/W03/bird/index_026_seed_68.png,bird,bird,True,0.8399008512496948,delete-after-eval,0.001099517336115241,0.0029282348696142435,0.8399008512496948,0.0416993573307991,0.020129870623350143,0.010010366328060627,0.009464635513722897,0.06604927033185959,0.006917452439665794,0.0018004305893555284,existing_v1_100,/home/tslin/Documents/jupyter_data/anLi/machine_unlearning/orthogonal-concept-erasure/experiments/sequential_object_persistence/outputs/sequential_oce_object_v1_online
retain_always,W03,bird,a photo of the bird,27,69,images/retain_always/W03/bird/index_027_seed_69.png,bird,bird,True,0.9614028334617615,delete-after-eval,0.00031340509303845465,0.0002626130299177021,0.9614028334617615,0.0016710516065359116,0.0018395211081951857,0.01957731321454048,0.00014660059241577983,0.012744670733809471,8.972409705165774e-05,0.0019522602669894695,existing_v1_100,/home/tslin/Documents/jupyter_data/anLi/machine_unlearning/orthogonal-concept-erasure/experiments/sequential_object_persistence/outputs/sequential_oce_object_v1_online
retain_always,W03,bird,a photo of the bird,28,70,images/retain_always/W03/bird/index_028_seed_70.png,bird,bird,True,0.9747462868690491,delete-after-eval,2.566638977441471e-05,0.0001636813540244475,0.9747462868690491,0.0008007044089026749,0.0006651164148934186,0.016462521627545357,0.0032478326465934515,0.003668376710265875,3.4809312637662515e-05,0.0001850695989560336,existing_v1_100,/home/tslin/Documents/jupyter_data/anLi/machine_unlearning/orthogonal-concept-erasure/experiments/sequential_object_persistence/outputs/sequential_oce_object_v1_online
retain_always,W03,bird,a photo of the bird,29,71,images/retain_always/W03/bird/index_029_seed_71.png,bird,dog,False,0.0009787918534129858,delete-after-eval,0.00016288913320749998,0.00562240369617939,0.0009787918534129858,0.010925049893558025,0.008426780812442303,0.9241117835044861,0.0004428892571013421,0.04754749685525894,0.0002390502777416259,0.001542910235002637,existing_v1_100,/home/tslin/Documents/jupyter_data/anLi/machine_unlearning/orthogonal-concept-erasure/experiments/sequential_object_persistence/outputs/sequential_oce_object_v1_online
retain_always,W03,bird,a photo of the bird,30,72,images/retain_always/W03/bird/index_030_seed_72.png,bird,bird,True,0.9826129674911499,delete-after-eval,7.88830584497191e-05,0.0010747157502919436,0.9826129674911499,0.002479040529578924,0.0010089166462421417,0.0022273024078458548,0.0015581793850287795,0.007882087491452694,0.0008032670011743903,0.000274670630460605,existing_v1_100,/home/tslin/Documents/jupyter_data/anLi/machine_unlearning/orthogonal-concept-erasure/experiments/sequential_object_persistence/outputs/sequential_oce_object_v1_online
retain_always,W03,bird,a photo of the bird,31,73,images/retain_always/W03/bird/index_031_seed_73.png,bird,dog,False,0.43455037474632263,delete-after-eval,0.001702124485746026,0.000960692937951535,0.43455037474632263,0.013690012507140636,0.0041837310418486595,0.5156350135803223,0.005359460134059191,0.016297059133648872,0.00099209847394377,0.006629357114434242,existing_v1_100,/home/tslin/Documents/jupyter_data/anLi/machine_unlearning/orthogonal-concept-erasure/experiments/sequential_object_persistence/outputs/sequential_oce_object_v1_online
retain_always,W03,bird,a photo of the bird,32,74,images/retain_always/W03/bird/index_032_seed_74.png,bird,bird,True,0.8896194696426392,delete-after-eval,0.0001631853374419734,0.0014972679782658815,0.8896194696426392,0.05623849481344223,0.005747491493821144,0.020753130316734314,0.02237439528107643,0.0008266586228273809,0.0012336644576862454,0.00154629978351295,existing_v1_100,/home/tslin/Documents/jupyter_data/anLi/machine_unlearning/orthogonal-concept-erasure/experiments/sequential_object_persistence/outputs/sequential_oce_object_v1_online
retain_always,W03,bird,a photo of the bird,33,75,images/retain_always/W03/bird/index_033_seed_75.png,bird,bird,True,0.9229879975318909,delete-after-eval,0.002319016493856907,0.0012117166770622134,0.9229879975318909,0.023723367601633072,0.0008565473835915327,0.031057996675372124,0.004441296681761742,0.0070640030317008495,0.003650872502475977,0.0026872088201344013,existing_v1_100,/home/tslin/Documents/jupyter_data/anLi/machine_unlearning/orthogonal-concept-erasure/experiments/sequential_object_persistence/outputs/sequential_oce_object_v1_online
retain_always,W03,bird,a photo of the bird,34,76,images/retain_always/W03/bird/index_034_seed_76.png,bird,cat,False,0.007501042913645506,delete-after-eval,5.254836651147343e-05,0.0011945362202823162,0.007501042913645506,0.9693943858146667,0.0016241833800449967,0.013564174994826317,0.004402173217386007,0.0008617044077254832,0.0003473521501291543,0.001057812012732029,existing_v1_100,/home/tslin/Documents/jupyter_data/anLi/machine_unlearning/orthogonal-concept-erasure/experiments/sequential_object_persistence/outputs/sequential_oce_object_v1_online
retain_always,W03,bird,a photo of the bird,35,77,images/retain_always/W03/bird/index_035_seed_77.png,bird,bird,True,0.9969236254692078,delete-after-eval,3.713192563736811e-05,0.00019386911299079657,0.9969236254692078,0.0005014550988562405,0.0005276135052554309,0.0010246946476399899,0.0004815691208932549,0.00018199816986452788,4.654385702451691e-05,8.144478488247842e-05,existing_v1_100,/home/tslin/Documents/jupyter_data/anLi/machine_unlearning/orthogonal-concept-erasure/experiments/sequential_object_persistence/outputs/sequential_oce_object_v1_online
retain_always,W03,bird,a photo of the bird,36,78,images/retain_always/W03/bird/index_036_seed_78.png,bird,bird,True,0.972461998462677,delete-after-eval,0.00018920846923720092,0.00021450601343531162,0.972461998462677,0.006912966258823872,0.013446775265038013,0.0018349254969507456,0.0010130290174856782,0.003423178568482399,0.00033658527536317706,0.00016672829224262387,existing_v1_100,/home/tslin/Documents/jupyter_data/anLi/machine_unlearning/orthogonal-concept-erasure/experiments/sequential_object_persistence/outputs/sequential_oce_object_v1_online
retain_always,W03,bird,a photo of the bird,37,79,images/retain_always/W03/bird/index_037_seed_79.png,bird,bird,True,0.9494506120681763,delete-after-eval,5.287139356369153e-05,0.0007504317327402532,0.9494506120681763,0.018657024949789047,0.0011691797990351915,0.022099673748016357,0.0016297228867188096,0.0055250502191483974,0.00012023808812955394,0.0005451874458231032,existing_v1_100,/home/tslin/Documents/jupyter_data/anLi/machine_unlearning/orthogonal-concept-erasure/experiments/sequential_object_persistence/outputs/sequential_oce_object_v1_online
retain_always,W03,bird,a photo of the bird,38,80,images/retain_always/W03/bird/index_038_seed_80.png,bird,frog,False,0.11306755989789963,delete-after-eval,0.0018028093036264181,0.02115572616457939,0.11306755989789963,0.2551012635231018,0.021337926387786865,0.15081191062927246,0.4184974730014801,0.011844967491924763,0.0007413419079966843,0.005639060866087675,existing_v1_100,/home/tslin/Documents/jupyter_data/anLi/machine_unlearning/orthogonal-concept-erasure/experiments/sequential_object_persistence/outputs/sequential_oce_object_v1_online
retain_always,W03,bird,a photo of the bird,39,81,images/retain_always/W03/bird/index_039_seed_81.png,bird,bird,True,0.9784042239189148,delete-after-eval,7.578207441838458e-05,0.00020426571427378803,0.9784042239189148,0.006028457079082727,0.0013632106129080057,0.004032112658023834,0.0023175107780843973,0.007051839027553797,0.0003890755760949105,0.00013357850548345596,existing_v1_100,/home/tslin/Documents/jupyter_data/anLi/machine_unlearning/orthogonal-concept-erasure/experiments/sequential_object_persistence/outputs/sequential_oce_object_v1_online
retain_always,W03,bird,a photo of the bird,40,82,images/retain_always/W03/bird/index_040_seed_82.png,bird,horse,False,0.015049029141664505,delete-after-eval,0.002750009996816516,0.006367434281855822,0.015049029141664505,0.06331142783164978,0.14146946370601654,0.19303086400032043,0.0012760033132508397,0.5659453272819519,0.0007608631276525557,0.01003951020538807,existing_v1_100,/home/tslin/Documents/jupyter_data/anLi/machine_unlearning/orthogonal-concept-erasure/experiments/sequential_object_persistence/outputs/sequential_oce_object_v1_online
retain_always,W03,bird,a photo of the bird,41,83,images/retain_always/W03/bird/index_041_seed_83.png,bird,cat,False,0.0018062889575958252,delete-after-eval,1.6341586160706356e-05,0.0002599670842755586,0.0018062889575958252,0.6873074173927307,0.17303040623664856,0.11784600466489792,0.0003774621582124382,0.019035186618566513,6.638399645453319e-05,0.00025449771783314645,existing_v1_100,/home/tslin/Documents/jupyter_data/anLi/machine_unlearning/orthogonal-concept-erasure/experiments/sequential_object_persistence/outputs/sequential_oce_object_v1_online
retain_always,W03,bird,a photo of the bird,42,84,images/retain_always/W03/bird/index_042_seed_84.png,bird,dog,False,0.012735232710838318,delete-after-eval,0.0002637830039020628,0.0006874870741739869,0.012735232710838318,0.029971225187182426,0.10855092108249664,0.7790989279747009,0.0059091635048389435,0.0615096315741539,0.0007999883382581174,0.0004736393748316914,existing_v1_100,/home/tslin/Documents/jupyter_data/anLi/machine_unlearning/orthogonal-concept-erasure/experiments/sequential_object_persistence/outputs/sequential_oce_object_v1_online
retain_always,W03,bird,a photo of the bird,43,85,images/retain_always/W03/bird/index_043_seed_85.png,bird,bird,True,0.914091169834137,delete-after-eval,0.0019886805675923824,0.0019905325025320053,0.914091169834137,0.027525613084435463,0.0003559752367436886,0.027303282171487808,0.005885218270123005,0.0073730917647480965,0.012383691966533661,0.0011026784777641296,existing_v1_100,/home/tslin/Documents/jupyter_data/anLi/machine_unlearning/orthogonal-concept-erasure/experiments/sequential_object_persistence/outputs/sequential_oce_object_v1_online
retain_always,W03,bird,a photo of the bird,44,86,images/retain_always/W03/bird/index_044_seed_86.png,bird,bird,True,0.92916339635849,delete-after-eval,0.00022219643869902939,0.0006389673799276352,0.92916339635849,0.003407613141462207,0.0017305542714893818,0.011344106867909431,0.0016333572566509247,0.05108289048075676,0.00018153451674152166,0.000595327524933964,existing_v1_100,/home/tslin/Documents/jupyter_data/anLi/machine_unlearning/orthogonal-concept-erasure/experiments/sequential_object_persistence/outputs/sequential_oce_object_v1_online
retain_always,W03,bird,a photo of the bird,45,87,images/retain_always/W03/bird/index_045_seed_87.png,bird,bird,True,0.9872761368751526,delete-after-eval,0.00039548895438201725,0.00019336416153237224,0.9872761368751526,0.002297409577295184,0.0006463168538175523,0.0013392979744821787,0.006314897909760475,0.0007835111464373767,0.0005907059530727565,0.00016287398466374725,existing_v1_100,/home/tslin/Documents/jupyter_data/anLi/machine_unlearning/orthogonal-concept-erasure/experiments/sequential_object_persistence/outputs/sequential_oce_object_v1_online
retain_always,W03,bird,a photo of the bird,46,88,images/retain_always/W03/bird/index_046_seed_88.png,bird,cat,False,0.037476420402526855,delete-after-eval,0.0001988617586903274,0.0014677367871627212,0.037476420402526855,0.5772799253463745,0.2137519121170044,0.13409359753131866,0.0009313253685832024,0.03136568143963814,0.0016233543865382671,0.0018112383550032973,existing_v1_100,/home/tslin/Documents/jupyter_data/anLi/machine_unlearning/orthogonal-concept-erasure/experiments/sequential_object_persistence/outputs/sequential_oce_object_v1_online
retain_always,W03,bird,a photo of the bird,47,89,images/retain_always/W03/bird/index_047_seed_89.png,bird,bird,True,0.959217369556427,delete-after-eval,0.00023740128381177783,0.0008010774035938084,0.959217369556427,0.010026535019278526,0.000609283393714577,0.011791408993303776,0.004916300065815449,0.00985737331211567,0.0021331931930035353,0.0004100714286323637,existing_v1_100,/home/tslin/Documents/jupyter_data/anLi/machine_unlearning/orthogonal-concept-erasure/experiments/sequential_object_persistence/outputs/sequential_oce_object_v1_online
retain_always,W03,bird,a photo of the bird,48,90,images/retain_always/W03/bird/index_048_seed_90.png,bird,bird,True,0.9739367961883545,delete-after-eval,0.0067338114604353905,0.0025041140615940094,0.9739367961883545,0.005267806816846132,0.00043816055404022336,0.0038709985092282295,0.0008624425390735269,0.002636953257024288,0.0004443913057912141,0.00330461747944355,existing_v1_100,/home/tslin/Documents/jupyter_data/anLi/machine_unlearning/orthogonal-concept-erasure/experiments/sequential_object_persistence/outputs/sequential_oce_object_v1_online
retain_always,W03,bird,a photo of the bird,49,91,images/retain_always/W03/bird/index_049_seed_91.png,bird,cat,False,0.069427989423275,delete-after-eval,4.8741309001343325e-05,0.0012508865911513567,0.069427989423275,0.8410507440567017,0.0007300380384549499,0.06780080497264862,0.0030253923032432795,0.015216553583741188,0.0008194756810553372,0.0006294185295701027,existing_v1_100,/home/tslin/Documents/jupyter_data/anLi/machine_unlearning/orthogonal-concept-erasure/experiments/sequential_object_persistence/outputs/sequential_oce_object_v1_online
retain_always,W03,bird,a photo of the bird,50,92,images/retain_always/W03/bird/index_050_seed_92.png,bird,dog,False,0.18276943266391754,delete-after-eval,0.0009253695025108755,0.07913964986801147,0.18276943266391754,0.09757339209318161,0.014003711752593517,0.3884098529815674,0.08709049224853516,0.10707186162471771,0.029658416286110878,0.013357797637581825,existing_v1_100,/home/tslin/Documents/jupyter_data/anLi/machine_unlearning/orthogonal-concept-erasure/experiments/sequential_object_persistence/outputs/sequential_oce_object_v1_online
retain_always,W03,bird,a photo of the bird,51,93,images/retain_always/W03/bird/index_051_seed_93.png,bird,cat,False,0.005671672988682985,delete-after-eval,0.0003287234576418996,0.0005866907304152846,0.005671672988682985,0.7876824736595154,0.1319713145494461,0.06443986296653748,0.003596473950892687,0.003471225965768099,0.0005339393974281847,0.001717558829113841,existing_v1_100,/home/tslin/Documents/jupyter_data/anLi/machine_unlearning/orthogonal-concept-erasure/experiments/sequential_object_persistence/outputs/sequential_oce_object_v1_online
retain_always,W03,bird,a photo of the bird,52,94,images/retain_always/W03/bird/index_052_seed_94.png,bird,bird,True,0.5822887420654297,delete-after-eval,0.0011262341868132353,0.0018649282865226269,0.5822887420654297,0.07172386348247528,0.026649093255400658,0.19008132815361023,0.10523730516433716,0.015496380627155304,0.004064871463924646,0.0014672790421172976,existing_v1_100,/home/tslin/Documents/jupyter_data/anLi/machine_unlearning/orthogonal-concept-erasure/experiments/sequential_object_persistence/outputs/sequential_oce_object_v1_online
retain_always,W03,bird,a photo of the bird,53,95,images/retain_always/W03/bird/index_053_seed_95.png,bird,cat,False,0.26553356647491455,delete-after-eval,5.946367673459463e-05,0.0013787172501906753,0.26553356647491455,0.41816386580467224,0.055184975266456604,0.238622784614563,0.01911613717675209,0.0008727363310754299,0.0001935023465193808,0.0008742591016925871,existing_v1_100,/home/tslin/Documents/jupyter_data/anLi/machine_unlearning/orthogonal-concept-erasure/experiments/sequential_object_persistence/outputs/sequential_oce_object_v1_online
retain_always,W03,bird,a photo of the bird,54,96,images/retain_always/W03/bird/index_054_seed_96.png,bird,dog,False,0.4303436279296875,delete-after-eval,0.0004978743963874876,0.0019024817738682032,0.4303436279296875,0.051199376583099365,0.021787498146295547,0.45815083384513855,0.005906467325985432,0.02918565832078457,0.00034632760798558593,0.0006798597169108689,existing_v1_100,/home/tslin/Documents/jupyter_data/anLi/machine_unlearning/orthogonal-concept-erasure/experiments/sequential_object_persistence/outputs/sequential_oce_object_v1_online
retain_always,W03,bird,a photo of the bird,55,97,images/retain_always/W03/bird/index_055_seed_97.png,bird,cat,False,0.21396450698375702,delete-after-eval,6.794383807573467e-05,0.0005721513298340142,0.21396450698375702,0.710825502872467,0.0028696972876787186,0.05015159025788307,0.020052192732691765,0.0006949570379219949,0.00029997274396009743,0.0005015804781578481,existing_v1_100,/home/tslin/Documents/jupyter_data/anLi/machine_unlearning/orthogonal-concept-erasure/experiments/sequential_object_persistence/outputs/sequential_oce_object_v1_online
retain_always,W03,bird,a photo of the bird,56,98,images/retain_always/W03/bird/index_056_seed_98.png,bird,bird,True,0.9748861789703369,delete-after-eval,5.5840522691141814e-05,0.0005345310783013701,0.9748861789703369,0.006303643342107534,0.002612342592328787,0.005835290066897869,0.0007401538314297795,0.008415039628744125,0.0004382799379527569,0.00017871965246740729,existing_v1_100,/home/tslin/Documents/jupyter_data/anLi/machine_unlearning/orthogonal-concept-erasure/experiments/sequential_object_persistence/outputs/sequential_oce_object_v1_online
retain_always,W03,bird,a photo of the bird,57,99,images/retain_always/W03/bird/index_057_seed_99.png,bird,bird,True,0.9930199980735779,delete-after-eval,0.00030605666688643396,0.00037611735751852393,0.9930199980735779,0.0008584209717810154,0.00018956209532916546,0.0019715523812919855,0.0012887038756161928,0.0011239482555538416,0.00023148019681684673,0.00063424336258322,existing_v1_100,/home/tslin/Documents/jupyter_data/anLi/machine_unlearning/orthogonal-concept-erasure/experiments/sequential_object_persistence/outputs/sequential_oce_object_v1_online
retain_always,W03,bird,a photo of the bird,58,100,images/retain_always/W03/bird/index_058_seed_100.png,bird,bird,True,0.7801172137260437,delete-after-eval,0.0002730318228714168,0.00130010477732867,0.7801172137260437,0.1686137467622757,6.097801451687701e-05,0.03266962617635727,0.013187365606427193,0.0010190751636400819,0.0026069842278957367,0.00015180923219304532,existing_v1_100,/home/tslin/Documents/jupyter_data/anLi/machine_unlearning/orthogonal-concept-erasure/experiments/sequential_object_persistence/outputs/sequential_oce_object_v1_online
retain_always,W03,bird,a photo of the bird,59,101,images/retain_always/W03/bird/index_059_seed_101.png,bird,dog,False,0.09463251382112503,delete-after-eval,0.0009938429575413465,0.013643746264278889,0.09463251382112503,0.11115802079439163,0.04262542724609375,0.6620773077011108,0.028017746284604073,0.014238432049751282,0.0013941340148448944,0.031218813732266426,existing_v1_100,/home/tslin/Documents/jupyter_data/anLi/machine_unlearning/orthogonal-concept-erasure/experiments/sequential_object_persistence/outputs/sequential_oce_object_v1_online
retain_always,W03,bird,a photo of the bird,60,102,images/retain_always/W03/bird/index_060_seed_102.png,bird,horse,False,0.000919482612516731,delete-after-eval,3.82567523047328e-05,0.0003735559294000268,0.000919482612516731,0.01240792591124773,0.1709851771593094,0.20253394544124603,0.0001190568000311032,0.6123554110527039,0.00011109640763606876,0.00015614600852131844,existing_v1_100,/home/tslin/Documents/jupyter_data/anLi/machine_unlearning/orthogonal-concept-erasure/experiments/sequential_object_persistence/outputs/sequential_oce_object_v1_online
retain_always,W03,bird,a photo of the bird,61,103,images/retain_always/W03/bird/index_061_seed_103.png,bird,bird,True,0.7768287062644958,delete-after-eval,0.01866266317665577,0.034222472459077835,0.7768287062644958,0.00475406413897872,0.03892059996724129,0.006501457188278437,0.07008534669876099,0.020664701238274574,0.017606914043426514,0.011753075756132603,existing_v1_100,/home/tslin/Documents/jupyter_data/anLi/machine_unlearning/orthogonal-concept-erasure/experiments/sequential_object_persistence/outputs/sequential_oce_object_v1_online
retain_always,W03,bird,a photo of the bird,62,104,images/retain_always/W03/bird/index_062_seed_104.png,bird,bird,True,0.43575844168663025,delete-after-eval,0.0008191398810595274,0.0075571490451693535,0.43575844168663025,0.14035815000534058,0.1121804490685463,0.22858896851539612,0.020433902740478516,0.044001687318086624,0.006887164898216724,0.00341493240557611,existing_v1_100,/home/tslin/Documents/jupyter_data/anLi/machine_unlearning/orthogonal-concept-erasure/experiments/sequential_object_persistence/outputs/sequential_oce_object_v1_online
retain_always,W03,bird,a photo of the bird,63,105,images/retain_always/W03/bird/index_063_seed_105.png,bird,bird,True,0.7681097388267517,delete-after-eval,0.00016747739573474973,0.0020244843326509,0.7681097388267517,0.004231718368828297,0.026981644332408905,0.034235548228025436,0.006790442857891321,0.156080424785614,0.00047710962826386094,0.0009013612871058285,existing_v1_100,/home/tslin/Documents/jupyter_data/anLi/machine_unlearning/orthogonal-concept-erasure/experiments/sequential_object_persistence/outputs/sequential_oce_object_v1_online
retain_always,W03,bird,a photo of the bird,64,106,images/retain_always/W03/bird/index_064_seed_106.png,bird,horse,False,0.04364141449332237,delete-after-eval,0.00026866779080592096,0.012592554092407227,0.04364141449332237,0.2014482170343399,0.014894251711666584,0.20788370072841644,0.014070749282836914,0.49780136346817017,0.0068150414153933525,0.0005839492660015821,existing_v1_100,/home/tslin/Documents/jupyter_data/anLi/machine_unlearning/orthogonal-concept-erasure/experiments/sequential_object_persistence/outputs/sequential_oce_object_v1_online
retain_always,W03,bird,a photo of the bird,65,107,images/retain_always/W03/bird/index_065_seed_107.png,bird,cat,False,0.01637927070260048,delete-after-eval,1.616438566998113e-05,0.0004937750054523349,0.01637927070260048,0.8587204217910767,0.02668473869562149,0.05261499062180519,0.0006442767917178571,0.044272810220718384,0.00014838205242995173,2.5113942683674395e-05,existing_v1_100,/home/tslin/Documents/jupyter_data/anLi/machine_unlearning/orthogonal-concept-erasure/experiments/sequential_object_persistence/outputs/sequential_oce_object_v1_online
retain_always,W03,bird,a photo of the bird,66,108,images/retain_always/W03/bird/index_066_seed_108.png,bird,deer,False,0.1012946143746376,delete-after-eval,1.8700637156143785e-05,0.0006637850892730057,0.1012946143746376,0.4111616909503937,0.4494991898536682,0.021800583228468895,0.0005248348461464047,0.014134189113974571,0.0001638536195969209,0.0007385141216218472,existing_v1_100,/home/tslin/Documents/jupyter_data/anLi/machine_unlearning/orthogonal-concept-erasure/experiments/sequential_object_persistence/outputs/sequential_oce_object_v1_online
retain_always,W03,bird,a photo of the bird,67,109,images/retain_always/W03/bird/index_067_seed_109.png,bird,cat,False,0.006770679727196693,delete-after-eval,6.203760676726233e-06,0.00019889604300260544,0.006770679727196693,0.7994650602340698,0.0023015744518488646,0.186154305934906,0.000660949619486928,0.004343296866863966,4.1413408325752243e-05,5.7654953707242385e-05,existing_v1_100,/home/tslin/Documents/jupyter_data/anLi/machine_unlearning/orthogonal-concept-erasure/experiments/sequential_object_persistence/outputs/sequential_oce_object_v1_online
retain_always,W03,bird,a photo of the bird,68,110,images/retain_always/W03/bird/index_068_seed_110.png,bird,cat,False,0.0012914687395095825,delete-after-eval,2.128989581251517e-05,0.0006835209205746651,0.0012914687395095825,0.9824109673500061,0.007940729148685932,0.0054305908270180225,0.00015611332491971552,0.001251610112376511,0.00016237242380157113,0.0006513126427307725,existing_v1_100,/home/tslin/Documents/jupyter_data/anLi/machine_unlearning/orthogonal-concept-erasure/experiments/sequential_object_persistence/outputs/sequential_oce_object_v1_online
retain_always,W03,bird,a photo of the bird,69,111,images/retain_always/W03/bird/index_069_seed_111.png,bird,deer,False,0.4122554063796997,delete-after-eval,0.00069231545785442,0.0021218678448349237,0.4122554063796997,0.011650525033473969,0.5347869396209717,0.024104492738842964,0.002585998736321926,0.009856397286057472,0.0008024002891033888,0.0011436559725552797,existing_v1_100,/home/tslin/Documents/jupyter_data/anLi/machine_unlearning/orthogonal-concept-erasure/experiments/sequential_object_persistence/outputs/sequential_oce_object_v1_online
retain_always,W03,bird,a photo of the bird,70,112,images/retain_always/W03/bird/index_070_seed_112.png,bird,bird,True,0.979947030544281,delete-after-eval,0.00016958433843683451,0.0004762610187754035,0.979947030544281,0.00168271129950881,0.0009716521017253399,0.007162426132708788,0.00071578478673473,0.008518255315721035,0.00017016075435094535,0.00018620827177073807,existing_v1_100,/home/tslin/Documents/jupyter_data/anLi/machine_unlearning/orthogonal-concept-erasure/experiments/sequential_object_persistence/outputs/sequential_oce_object_v1_online
retain_always,W03,bird,a photo of the bird,71,113,images/retain_always/W03/bird/index_071_seed_113.png,bird,cat,False,0.00361380772665143,delete-after-eval,1.832483940233942e-05,0.0007803371991030872,0.00361380772665143,0.8095313906669617,0.11334463953971863,0.03671468049287796,0.0018613113788887858,0.03361765667796135,0.00038860354106873274,0.0001292098459089175,existing_v1_100,/home/tslin/Documents/jupyter_data/anLi/machine_unlearning/orthogonal-concept-erasure/experiments/sequential_object_persistence/outputs/sequential_oce_object_v1_online
retain_always,W03,bird,a photo of the bird,72,114,images/retain_always/W03/bird/index_072_seed_114.png,bird,dog,False,0.0015177048044279218,delete-after-eval,9.853700248640962e-06,0.00010516077600186691,0.0015177048044279218,0.0083236088976264,0.4362126588821411,0.5478663444519043,0.000585059286095202,0.005178765393793583,2.0016914277221076e-05,0.00018089685181621462,existing_v1_100,/home/tslin/Documents/jupyter_data/anLi/machine_unlearning/orthogonal-concept-erasure/experiments/sequential_object_persistence/outputs/sequential_oce_object_v1_online
retain_always,W03,bird,a photo of the bird,73,115,images/retain_always/W03/bird/index_073_seed_115.png,bird,cat,False,0.011050853878259659,delete-after-eval,4.2239389586029574e-05,0.0017086273292079568,0.011050853878259659,0.6204131245613098,0.1551460176706314,0.10449083149433136,0.0002571221557445824,0.10596519708633423,0.00019241221889387816,0.0007335676345974207,existing_v1_100,/home/tslin/Documents/jupyter_data/anLi/machine_unlearning/orthogonal-concept-erasure/experiments/sequential_object_persistence/outputs/sequential_oce_object_v1_online
retain_always,W03,bird,a photo of the bird,74,116,images/retain_always/W03/bird/index_074_seed_116.png,bird,deer,False,0.03080054558813572,delete-after-eval,5.149619755684398e-05,0.0012929417425766587,0.03080054558813572,0.041656602174043655,0.7282268404960632,0.1561286449432373,0.0019900090992450714,0.03919266536831856,0.00017899528029374778,0.00048127546324394643,existing_v1_100,/home/tslin/Documents/jupyter_data/anLi/machine_unlearning/orthogonal-concept-erasure/experiments/sequential_object_persistence/outputs/sequential_oce_object_v1_online
retain_always,W03,bird,a photo of the bird,75,117,images/retain_always/W03/bird/index_075_seed_117.png,bird,deer,False,0.0402357243001461,delete-after-eval,0.0001773744006641209,0.002090620109811425,0.0402357243001461,0.10416843742132187,0.4303421676158905,0.18628886342048645,0.004486597143113613,0.2285473495721817,0.002449138555675745,0.0012137882877141237,existing_v1_100,/home/tslin/Documents/jupyter_data/anLi/machine_unlearning/orthogonal-concept-erasure/experiments/sequential_object_persistence/outputs/sequential_oce_object_v1_online
retain_always,W03,bird,a photo of the bird,76,118,images/retain_always/W03/bird/index_076_seed_118.png,bird,cat,False,0.03207676112651825,delete-after-eval,7.664146687602624e-05,0.00010801234748214483,0.03207676112651825,0.8675329089164734,0.004080615937709808,0.07547711580991745,0.0005628599901683629,0.01947607472538948,0.0004583566915243864,0.0001506578119006008,existing_v1_100,/home/tslin/Documents/jupyter_data/anLi/machine_unlearning/orthogonal-concept-erasure/experiments/sequential_object_persistence/outputs/sequential_oce_object_v1_online
retain_always,W03,bird,a photo of the bird,77,119,images/retain_always/W03/bird/index_077_seed_119.png,bird,bird,True,0.9894640445709229,delete-after-eval,0.0006188793340697885,0.00018272764282301068,0.9894640445709229,0.0018490636721253395,0.0001382237096549943,0.006083209998905659,9.101261821342632e-05,0.0010812990367412567,0.00029971718322485685,0.0001917703339131549,existing_v1_100,/home/tslin/Documents/jupyter_data/anLi/machine_unlearning/orthogonal-concept-erasure/experiments/sequential_object_persistence/outputs/sequential_oce_object_v1_online
retain_always,W03,bird,a photo of the bird,78,120,images/retain_always/W03/bird/index_078_seed_120.png,bird,dog,False,0.08179236203432083,delete-after-eval,0.0011421791277825832,0.001067183562554419,0.08179236203432083,0.12128914892673492,0.07654032856225967,0.5099718570709229,0.07799191027879715,0.12541286647319794,0.002581004984676838,0.002211164915934205,existing_v1_100,/home/tslin/Documents/jupyter_data/anLi/machine_unlearning/orthogonal-concept-erasure/experiments/sequential_object_persistence/outputs/sequential_oce_object_v1_online
retain_always,W03,bird,a photo of the bird,79,121,images/retain_always/W03/bird/index_079_seed_121.png,bird,bird,True,0.993378758430481,delete-after-eval,0.00020181720901746303,0.0003392985090613365,0.993378758430481,0.002368239453062415,0.00011773578444262967,0.001748296432197094,0.0009894592221826315,0.0003394499944988638,0.00012919233995489776,0.0003877069102600217,existing_v1_100,/home/tslin/Documents/jupyter_data/anLi/machine_unlearning/orthogonal-concept-erasure/experiments/sequential_object_persistence/outputs/sequential_oce_object_v1_online
retain_always,W03,bird,a photo of the bird,80,122,images/retain_always/W03/bird/index_080_seed_122.png,bird,bird,True,0.7097082138061523,delete-after-eval,3.8846021197969094e-05,0.0009386306628584862,0.7097082138061523,0.007244427688419819,0.0040487381629645824,0.1750113070011139,0.0012883138842880726,0.1004210039973259,0.0005229959497228265,0.000777491950429976,existing_v1_100,/home/tslin/Documents/jupyter_data/anLi/machine_unlearning/orthogonal-concept-erasure/experiments/sequential_object_persistence/outputs/sequential_oce_object_v1_online
retain_always,W03,bird,a photo of the bird,81,123,images/retain_always/W03/bird/index_081_seed_123.png,bird,horse,False,0.000366184045560658,delete-after-eval,2.9949429517728277e-05,0.00020908479928039014,0.000366184045560658,0.000293460936518386,0.013889332301914692,0.008327255956828594,6.12014173384523e-06,0.976628303527832,1.4703371562063694e-05,0.0002355044416617602,existing_v1_100,/home/tslin/Documents/jupyter_data/anLi/machine_unlearning/orthogonal-concept-erasure/experiments/sequential_object_persistence/outputs/sequential_oce_object_v1_online
retain_always,W03,bird,a photo of the bird,82,124,images/retain_always/W03/bird/index_082_seed_124.png,bird,horse,False,0.0016672129277139902,delete-after-eval,1.6425161447841674e-05,0.0001763555483194068,0.0016672129277139902,0.0016023677308112383,0.010338054969906807,0.01648176833987236,4.661010825657286e-05,0.9695630073547363,8.401276863878593e-05,2.4179114916478284e-05,existing_v1_100,/home/tslin/Documents/jupyter_data/anLi/machine_unlearning/orthogonal-concept-erasure/experiments/sequential_object_persistence/outputs/sequential_oce_object_v1_online
retain_always,W03,bird,a photo of the bird,83,125,images/retain_always/W03/bird/index_083_seed_125.png,bird,dog,False,0.007400392554700375,delete-after-eval,4.306474875193089e-05,0.0007236504461616278,0.007400392554700375,0.39170539379119873,0.013621664606034756,0.545290470123291,0.0064089419320225716,0.034261059015989304,0.00023854179016780108,0.00030681290081702173,existing_v1_100,/home/tslin/Documents/jupyter_data/anLi/machine_unlearning/orthogonal-concept-erasure/experiments/sequential_object_persistence/outputs/sequential_oce_object_v1_online
retain_always,W03,bird,a photo of the bird,84,126,images/retain_always/W03/bird/index_084_seed_126.png,bird,dog,False,0.07998031377792358,delete-after-eval,0.0004688953049480915,0.004351696465164423,0.07998031377792358,0.1943581998348236,0.20228414237499237,0.4023667573928833,0.02105371654033661,0.08918621391057968,0.0007223751745186746,0.005227646324783564,existing_v1_100,/home/tslin/Documents/jupyter_data/anLi/machine_unlearning/orthogonal-concept-erasure/experiments/sequential_object_persistence/outputs/sequential_oce_object_v1_online
retain_always,W03,bird,a photo of the bird,85,127,images/retain_always/W03/bird/index_085_seed_127.png,bird,horse,False,0.004577905870974064,delete-after-eval,1.1757156244129874e-05,0.0001318262511631474,0.004577905870974064,0.0019262960413470864,0.013611119240522385,0.0039035354275256395,7.937469490570948e-05,0.9756870269775391,3.487695357762277e-05,3.627244950621389e-05,existing_v1_100,/home/tslin/Documents/jupyter_data/anLi/machine_unlearning/orthogonal-concept-erasure/experiments/sequential_object_persistence/outputs/sequential_oce_object_v1_online
retain_always,W03,bird,a photo of the bird,86,128,images/retain_always/W03/bird/index_086_seed_128.png,bird,horse,False,0.001990967895835638,delete-after-eval,5.471959229907952e-05,0.0006448334315791726,0.001990967895835638,0.0217155609279871,0.0877525582909584,0.12054718285799026,0.00042654393473640084,0.7659803628921509,0.00035082196700386703,0.0005363935488276184,existing_v1_100,/home/tslin/Documents/jupyter_data/anLi/machine_unlearning/orthogonal-concept-erasure/experiments/sequential_object_persistence/outputs/sequential_oce_object_v1_online
retain_always,W03,bird,a photo of the bird,87,129,images/retain_always/W03/bird/index_087_seed_129.png,bird,deer,False,0.016220372170209885,delete-after-eval,0.00017013124306686223,0.000680673576425761,0.016220372170209885,0.009247714653611183,0.8612579107284546,0.0723968893289566,0.0017925563734024763,0.0347558967769146,0.00023803823569323868,0.003239752259105444,existing_v1_100,/home/tslin/Documents/jupyter_data/anLi/machine_unlearning/orthogonal-concept-erasure/experiments/sequential_object_persistence/outputs/sequential_oce_object_v1_online
retain_always,W03,bird,a photo of the bird,88,130,images/retain_always/W03/bird/index_088_seed_130.png,bird,cat,False,0.014835786074399948,delete-after-eval,1.9170838641002774e-05,0.0001121174864238128,0.014835786074399948,0.9820109009742737,0.00041792792035266757,0.0015768674202263355,0.0003341692208778113,0.0003283446130808443,0.000238061387790367,0.00012668738781940192,existing_v1_100,/home/tslin/Documents/jupyter_data/anLi/machine_unlearning/orthogonal-concept-erasure/experiments/sequential_object_persistence/outputs/sequential_oce_object_v1_online
retain_always,W03,bird,a photo of the bird,89,131,images/retain_always/W03/bird/index_089_seed_131.png,bird,bird,True,0.6866068243980408,delete-after-eval,0.002787649165838957,0.0010702036088332534,0.6866068243980408,0.023710433393716812,0.009737630374729633,0.2317727953195572,0.006155343726277351,0.03642750903964043,0.0007422279450111091,0.0009893141686916351,existing_v1_100,/home/tslin/Documents/jupyter_data/anLi/machine_unlearning/orthogonal-concept-erasure/experiments/sequential_object_persistence/outputs/sequential_oce_object_v1_online
retain_always,W03,bird,a photo of the bird,90,132,images/retain_always/W03/bird/index_090_seed_132.png,bird,dog,False,0.07554805278778076,delete-after-eval,0.00010974040924338624,0.005212895572185516,0.07554805278778076,0.24381768703460693,0.13686823844909668,0.46626731753349304,0.04872690513730049,0.0200057215988636,0.001868083723820746,0.0015753330662846565,existing_v1_100,/home/tslin/Documents/jupyter_data/anLi/machine_unlearning/orthogonal-concept-erasure/experiments/sequential_object_persistence/outputs/sequential_oce_object_v1_online
retain_always,W03,bird,a photo of the bird,91,133,images/retain_always/W03/bird/index_091_seed_133.png,bird,bird,True,0.9834893941879272,delete-after-eval,0.002456258051097393,0.0018567171646282077,0.9834893941879272,0.0008216831483878195,0.0005686012445949018,0.0022087618708610535,0.00026019554934464395,0.005104616284370422,0.0022254104260355234,0.0010083442321047187,existing_v1_100,/home/tslin/Documents/jupyter_data/anLi/machine_unlearning/orthogonal-concept-erasure/experiments/sequential_object_persistence/outputs/sequential_oce_object_v1_online
retain_always,W03,bird,a photo of the bird,92,134,images/retain_always/W03/bird/index_092_seed_134.png,bird,deer,False,0.13370418548583984,delete-after-eval,4.9100992328021675e-05,0.0009004072635434568,0.13370418548583984,0.011240777559578419,0.5375365018844604,0.05538446828722954,0.0015564943896606565,0.2584131360054016,0.000762876879889518,0.00045202323235571384,existing_v1_100,/home/tslin/Documents/jupyter_data/anLi/machine_unlearning/orthogonal-concept-erasure/experiments/sequential_object_persistence/outputs/sequential_oce_object_v1_online
retain_always,W03,bird,a photo of the bird,93,135,images/retain_always/W03/bird/index_093_seed_135.png,bird,bird,True,0.7186351418495178,delete-after-eval,0.00010394951823400334,0.0011435368796810508,0.7186351418495178,0.018099302425980568,0.007698448374867439,0.04763822257518768,0.19930443167686462,0.006458430550992489,0.00021550942619796842,0.0007029918488115072,existing_v1_100,/home/tslin/Documents/jupyter_data/anLi/machine_unlearning/orthogonal-concept-erasure/experiments/sequential_object_persistence/outputs/sequential_oce_object_v1_online
retain_always,W03,bird,a photo of the bird,94,136,images/retain_always/W03/bird/index_094_seed_136.png,bird,horse,False,0.00201204139739275,delete-after-eval,0.00010324277536710724,0.004185415804386139,0.00201204139739275,0.006803274620324373,0.42068538069725037,0.10391662269830704,5.157048144610599e-05,0.4608443081378937,0.0004548539000097662,0.0009432299411855638,existing_v1_100,/home/tslin/Documents/jupyter_data/anLi/machine_unlearning/orthogonal-concept-erasure/experiments/sequential_object_persistence/outputs/sequential_oce_object_v1_online
retain_always,W03,bird,a photo of the bird,95,137,images/retain_always/W03/bird/index_095_seed_137.png,bird,bird,True,0.986240565776825,delete-after-eval,1.1656930837489199e-05,0.0001537644857307896,0.986240565776825,0.0032222154550254345,0.0005217356374487281,0.0058708470314741135,0.0011524014407768846,0.0027343665715306997,3.587725950637832e-05,5.663070623995736e-05,existing_v1_100,/home/tslin/Documents/jupyter_data/anLi/machine_unlearning/orthogonal-concept-erasure/experiments/sequential_object_persistence/outputs/sequential_oce_object_v1_online
retain_always,W03,bird,a photo of the bird,96,138,images/retain_always/W03/bird/index_096_seed_138.png,bird,cat,False,0.1639106124639511,delete-after-eval,0.00292652053758502,0.001246919622644782,0.1639106124639511,0.6498537659645081,0.026554962620139122,0.05204398185014725,0.07330130785703659,0.02575872465968132,0.0015233613085001707,0.002879907377064228,existing_v1_100,/home/tslin/Documents/jupyter_data/anLi/machine_unlearning/orthogonal-concept-erasure/experiments/sequential_object_persistence/outputs/sequential_oce_object_v1_online
retain_always,W03,bird,a photo of the bird,97,139,images/retain_always/W03/bird/index_097_seed_139.png,bird,cat,False,0.06053623557090759,delete-after-eval,2.3918761144159362e-05,0.001796385389752686,0.06053623557090759,0.8814613223075867,0.005079964641481638,0.042921051383018494,0.002115230541676283,0.004669130314141512,0.0012403413420543075,0.00015639112098142505,existing_v1_100,/home/tslin/Documents/jupyter_data/anLi/machine_unlearning/orthogonal-concept-erasure/experiments/sequential_object_persistence/outputs/sequential_oce_object_v1_online
retain_always,W03,bird,a photo of the bird,98,140,images/retain_always/W03/bird/index_098_seed_140.png,bird,bird,True,0.981141209602356,delete-after-eval,0.00022609230654779822,0.0011303105857223272,0.981141209602356,0.011444292031228542,2.2586116756428964e-05,0.0017118414398282766,0.003032134613022208,0.00016168446745723486,0.0004263468144927174,0.0007036554161459208,existing_v1_100,/home/tslin/Documents/jupyter_data/anLi/machine_unlearning/orthogonal-concept-erasure/experiments/sequential_object_persistence/outputs/sequential_oce_object_v1_online
retain_always,W03,bird,a photo of the bird,99,141,images/retain_always/W03/bird/index_099_seed_141.png,bird,bird,True,0.8715960383415222,delete-after-eval,0.00032027074485085905,0.0001465531822759658,0.8715960383415222,0.0056280954740941525,0.007497014477849007,0.08700310438871384,0.010836073197424412,0.016297927126288414,0.00025502138305455446,0.00041993980994448066,existing_v1_100,/home/tslin/Documents/jupyter_data/anLi/machine_unlearning/orthogonal-concept-erasure/experiments/sequential_object_persistence/outputs/sequential_oce_object_v1_online
retain_always,W03,bird,a photo of the bird,100,142,images/experiment1_sequential_own_step/retain_always/W03/bird/index_100_seed_142.png,bird,cat,False,0.031500935554504395,delete-after-eval,0.00010944027599180117,0.00506974384188652,0.031500935554504395,0.8256449699401855,0.023348238319158554,0.07656790316104889,0.013577460311353207,0.022127140313386917,0.001702072098851204,0.0003521956969052553,new_followup_supplement,/home/tslin/Documents/jupyter_data/anLi/machine_unlearning/orthogonal-concept-erasure/experiments/sequential_object_followup/outputs/sequential_oce_object_followup_v1
retain_always,W03,bird,a photo of the bird,101,143,images/experiment1_sequential_own_step/retain_always/W03/bird/index_101_seed_143.png,bird,frog,False,0.23733404278755188,delete-after-eval,0.0063146729953587055,0.021367846056818962,0.23733404278755188,0.03636415675282478,0.06367092579603195,0.0824492797255516,0.2724117040634155,0.2597001791000366,0.01607401669025421,0.004313153680413961,new_followup_supplement,/home/tslin/Documents/jupyter_data/anLi/machine_unlearning/orthogonal-concept-erasure/experiments/sequential_object_followup/outputs/sequential_oce_object_followup_v1
retain_always,W03,bird,a photo of the bird,102,144,images/experiment1_sequential_own_step/retain_always/W03/bird/index_102_seed_144.png,bird,horse,False,0.01116155181080103,delete-after-eval,0.0001633662759559229,0.0008875842904672027,0.01116155181080103,0.02500222995877266,0.24611425399780273,0.05918583646416664,0.0013407249934971333,0.651858389377594,0.0007171006291173398,0.0035689708311110735,new_followup_supplement,/home/tslin/Documents/jupyter_data/anLi/machine_unlearning/orthogonal-concept-erasure/experiments/sequential_object_followup/outputs/sequential_oce_object_followup_v1
retain_always,W03,bird,a photo of the bird,103,145,images/experiment1_sequential_own_step/retain_always/W03/bird/index_103_seed_145.png,bird,deer,False,0.002120666205883026,delete-after-eval,4.9783760914579034e-05,0.001208946225233376,0.002120666205883026,0.3141026794910431,0.46999305486679077,0.09674890339374542,0.0006471393280662596,0.1140996590256691,0.00025847938377410173,0.0007706620381213725,new_followup_supplement,/home/tslin/Documents/jupyter_data/anLi/machine_unlearning/orthogonal-concept-erasure/experiments/sequential_object_followup/outputs/sequential_oce_object_followup_v1
retain_always,W03,bird,a photo of the bird,104,146,images/experiment1_sequential_own_step/retain_always/W03/bird/index_104_seed_146.png,bird,bird,True,0.9093133211135864,delete-after-eval,3.258679134887643e-05,0.0009816978126764297,0.9093133211135864,0.011266330257058144,0.0006837451946921647,0.047403447329998016,0.0028687703888863325,0.026915404945611954,0.0001925133547047153,0.0003422116569709033,new_followup_supplement,/home/tslin/Documents/jupyter_data/anLi/machine_unlearning/orthogonal-concept-erasure/experiments/sequential_object_followup/outputs/sequential_oce_object_followup_v1
retain_always,W03,bird,a photo of the bird,105,147,images/experiment1_sequential_own_step/retain_always/W03/bird/index_105_seed_147.png,bird,dog,False,0.13166789710521698,delete-after-eval,0.00015139531751628965,0.01692548766732216,0.13166789710521698,0.12346872687339783,0.014104464091360569,0.4972175359725952,0.1983885020017624,0.012497532181441784,0.003186987480148673,0.002391459420323372,new_followup_supplement,/home/tslin/Documents/jupyter_data/anLi/machine_unlearning/orthogonal-concept-erasure/experiments/sequential_object_followup/outputs/sequential_oce_object_followup_v1
retain_always,W03,bird,a photo of the bird,106,148,images/experiment1_sequential_own_step/retain_always/W03/bird/index_106_seed_148.png,bird,cat,False,0.0352175310254097,delete-after-eval,0.0002007991715800017,0.0014390824362635612,0.0352175310254097,0.920552134513855,0.004839892499148846,0.023097941651940346,0.005566974636167288,0.00823560357093811,0.0004925699322484434,0.0003573178837541491,new_followup_supplement,/home/tslin/Documents/jupyter_data/anLi/machine_unlearning/orthogonal-concept-erasure/experiments/sequential_object_followup/outputs/sequential_oce_object_followup_v1
retain_always,W03,bird,a photo of the bird,107,149,images/experiment1_sequential_own_step/retain_always/W03/bird/index_107_seed_149.png,bird,bird,True,0.9971728324890137,delete-after-eval,0.000138277726364322,8.189997606677935e-05,0.9971728324890137,0.00013304431922733784,0.00012538231385406107,0.0006373380892910063,0.0002444372803438455,0.0008717862074263394,0.00030737469205632806,0.00028763539739884436,new_followup_supplement,/home/tslin/Documents/jupyter_data/anLi/machine_unlearning/orthogonal-concept-erasure/experiments/sequential_object_followup/outputs/sequential_oce_object_followup_v1
retain_always,W03,bird,a photo of the bird,108,150,images/experiment1_sequential_own_step/retain_always/W03/bird/index_108_seed_150.png,bird,deer,False,0.012564019300043583,delete-after-eval,0.0005836281343363225,0.004554102197289467,0.012564019300043583,0.12247560173273087,0.42713141441345215,0.22982101142406464,0.006998987402766943,0.19156718254089355,0.0011189572978764772,0.0031851208768785,new_followup_supplement,/home/tslin/Documents/jupyter_data/anLi/machine_unlearning/orthogonal-concept-erasure/experiments/sequential_object_followup/outputs/sequential_oce_object_followup_v1
retain_always,W03,bird,a photo of the bird,109,151,images/experiment1_sequential_own_step/retain_always/W03/bird/index_109_seed_151.png,bird,bird,True,0.8194490075111389,delete-after-eval,0.00019582713139243424,0.0024178437888622284,0.8194490075111389,0.009306221269071102,0.03862305358052254,0.04871193319559097,0.006039144471287727,0.07308637350797653,0.0014270300744101405,0.0007435755105689168,new_followup_supplement,/home/tslin/Documents/jupyter_data/anLi/machine_unlearning/orthogonal-concept-erasure/experiments/sequential_object_followup/outputs/sequential_oce_object_followup_v1
retain_always,W03,bird,a photo of the bird,110,152,images/experiment1_sequential_own_step/retain_always/W03/bird/index_110_seed_152.png,bird,cat,False,0.004584125243127346,delete-after-eval,4.3619846110232174e-05,0.002730319043621421,0.004584125243127346,0.5919306874275208,0.13307465612888336,0.22983328998088837,0.015888892114162445,0.021253012120723724,0.00012199212505947798,0.0005394014879129827,new_followup_supplement,/home/tslin/Documents/jupyter_data/anLi/machine_unlearning/orthogonal-concept-erasure/experiments/sequential_object_followup/outputs/sequential_oce_object_followup_v1
retain_always,W03,bird,a photo of the bird,111,153,images/experiment1_sequential_own_step/retain_always/W03/bird/index_111_seed_153.png,bird,bird,True,0.9903222918510437,delete-after-eval,0.00021113599359523505,0.0002267955569550395,0.9903222918510437,0.0015865537570789456,0.0005114973173476756,0.0055036055855453014,0.0004421527264639735,0.0006825362215749919,0.0002346356923226267,0.00027881914866156876,new_followup_supplement,/home/tslin/Documents/jupyter_data/anLi/machine_unlearning/orthogonal-concept-erasure/experiments/sequential_object_followup/outputs/sequential_oce_object_followup_v1
retain_always,W03,bird,a photo of the bird,112,154,images/experiment1_sequential_own_step/retain_always/W03/bird/index_112_seed_154.png,bird,dog,False,0.07772460579872131,delete-after-eval,0.00015975399583112448,0.005054962355643511,0.07772460579872131,0.22989168763160706,0.06773935258388519,0.3944419026374817,0.13816983997821808,0.08463923633098602,0.001941711874678731,0.00023699081793893129,new_followup_supplement,/home/tslin/Documents/jupyter_data/anLi/machine_unlearning/orthogonal-concept-erasure/experiments/sequential_object_followup/outputs/sequential_oce_object_followup_v1
retain_always,W03,bird,a photo of the bird,113,155,images/experiment1_sequential_own_step/retain_always/W03/bird/index_113_seed_155.png,bird,deer,False,0.13893680274486542,delete-after-eval,0.000145707352203317,0.0005875973147340119,0.13893680274486542,0.018334507942199707,0.6039999127388,0.08739717304706573,0.0017464825650677085,0.1468338519334793,0.00057835946790874,0.0014396567130461335,new_followup_supplement,/home/tslin/Documents/jupyter_data/anLi/machine_unlearning/orthogonal-concept-erasure/experiments/sequential_object_followup/outputs/sequential_oce_object_followup_v1
retain_always,W03,bird,a photo of the bird,114,156,images/experiment1_sequential_own_step/retain_always/W03/bird/index_114_seed_156.png,bird,bird,True,0.9975378513336182,delete-after-eval,0.00021132137044332922,0.00026599434204399586,0.9975378513336182,0.000282140274066478,0.00017508299788460135,0.00014222940080799162,9.643985322327353e-06,0.0009125040378421545,0.00034734708606265485,0.0001159528037533164,new_followup_supplement,/home/tslin/Documents/jupyter_data/anLi/machine_unlearning/orthogonal-concept-erasure/experiments/sequential_object_followup/outputs/sequential_oce_object_followup_v1
retain_always,W03,bird,a photo of the bird,115,157,images/experiment1_sequential_own_step/retain_always/W03/bird/index_115_seed_157.png,bird,deer,False,0.11289533972740173,delete-after-eval,0.005160930100828409,0.009827124886214733,0.11289533972740173,0.028317630290985107,0.5251505374908447,0.037127453833818436,0.1785651296377182,0.06445932388305664,0.01554765086621046,0.022948898375034332,new_followup_supplement,/home/tslin/Documents/jupyter_data/anLi/machine_unlearning/orthogonal-concept-erasure/experiments/sequential_object_followup/outputs/sequential_oce_object_followup_v1
retain_always,W03,bird,a photo of the bird,116,158,images/experiment1_sequential_own_step/retain_always/W03/bird/index_116_seed_158.png,bird,cat,False,0.018491322174668312,delete-after-eval,4.6521523472620174e-05,0.001268231775611639,0.018491322174668312,0.8006846308708191,0.03790939599275589,0.1182132288813591,0.008936192840337753,0.01289974432438612,0.0012980495812371373,0.0002526892931200564,new_followup_supplement,/home/tslin/Documents/jupyter_data/anLi/machine_unlearning/orthogonal-concept-erasure/experiments/sequential_object_followup/outputs/sequential_oce_object_followup_v1
retain_always,W03,bird,a photo of the bird,117,159,images/experiment1_sequential_own_step/retain_always/W03/bird/index_117_seed_159.png,bird,bird,True,0.9514031410217285,delete-after-eval,2.9614133381983265e-05,0.000809126126114279,0.9514031410217285,0.02195502445101738,0.001976487459614873,0.019351085647940636,0.0011783565860241652,0.002749120583757758,9.609136759536341e-05,0.00045190477976575494,new_followup_supplement,/home/tslin/Documents/jupyter_data/anLi/machine_unlearning/orthogonal-concept-erasure/experiments/sequential_object_followup/outputs/sequential_oce_object_followup_v1
retain_always,W03,bird,a photo of the bird,118,160,images/experiment1_sequential_own_step/retain_always/W03/bird/index_118_seed_160.png,bird,bird,True,0.834934413433075,delete-after-eval,0.000269907497568056,0.00017270585522055626,0.834934413433075,0.009007608518004417,0.0661868080496788,0.01218455284833908,0.0746639221906662,0.00201204395852983,8.956068631960079e-05,0.0004785098135471344,new_followup_supplement,/home/tslin/Documents/jupyter_data/anLi/machine_unlearning/orthogonal-concept-erasure/experiments/sequential_object_followup/outputs/sequential_oce_object_followup_v1
retain_always,W03,bird,a photo of the bird,119,161,images/experiment1_sequential_own_step/retain_always/W03/bird/index_119_seed_161.png,bird,bird,True,0.8812447190284729,delete-after-eval,0.0002627450448926538,0.0013653808273375034,0.8812447190284729,0.03851553052663803,0.018134932965040207,0.04457656666636467,0.007792925927788019,0.006559011060744524,0.000781981332693249,0.0007662482094019651,new_followup_supplement,/home/tslin/Documents/jupyter_data/anLi/machine_unlearning/orthogonal-concept-erasure/experiments/sequential_object_followup/outputs/sequential_oce_object_followup_v1
retain_always,W03,bird,a photo of the bird,120,162,images/experiment1_sequential_own_step/retain_always/W03/bird/index_120_seed_162.png,bird,cat,False,0.0004592780314851552,delete-after-eval,2.2107158656581305e-05,0.0002046596200671047,0.0004592780314851552,0.9864485859870911,0.0001783279440132901,0.011876564472913742,7.756795093882829e-05,0.00057925347937271,0.0001101739690057002,4.3442931200843304e-05,new_followup_supplement,/home/tslin/Documents/jupyter_data/anLi/machine_unlearning/orthogonal-concept-erasure/experiments/sequential_object_followup/outputs/sequential_oce_object_followup_v1
retain_always,W03,bird,a photo of the bird,121,163,images/experiment1_sequential_own_step/retain_always/W03/bird/index_121_seed_163.png,bird,bird,True,0.990104615688324,delete-after-eval,0.00020711375691462308,0.0003001252480316907,0.990104615688324,0.0008227223879657686,0.0021963005419820547,0.002724891761317849,0.0008202515309676528,0.0020213250536471605,0.00029311637626960874,0.0005095399683341384,new_followup_supplement,/home/tslin/Documents/jupyter_data/anLi/machine_unlearning/orthogonal-concept-erasure/experiments/sequential_object_followup/outputs/sequential_oce_object_followup_v1
retain_always,W03,bird,a photo of the bird,122,164,images/experiment1_sequential_own_step/retain_always/W03/bird/index_122_seed_164.png,bird,cat,False,0.013710816390812397,delete-after-eval,2.633651820360683e-05,0.0009869519853964448,0.013710816390812397,0.8219500184059143,0.028375549241900444,0.12006697803735733,0.0015172837302088737,0.012388937175273895,0.00013518953346647322,0.0008419479709118605,new_followup_supplement,/home/tslin/Documents/jupyter_data/anLi/machine_unlearning/orthogonal-concept-erasure/experiments/sequential_object_followup/outputs/sequential_oce_object_followup_v1
retain_always,W03,bird,a photo of the bird,123,165,images/experiment1_sequential_own_step/retain_always/W03/bird/index_123_seed_165.png,bird,dog,False,0.08474427461624146,delete-after-eval,0.00026812130818143487,0.008356958627700806,0.08474427461624146,0.06721901893615723,0.09136826545000076,0.4624125361442566,0.15797534584999084,0.11412965506315231,0.006936545018106699,0.006589220836758614,new_followup_supplement,/home/tslin/Documents/jupyter_data/anLi/machine_unlearning/orthogonal-concept-erasure/experiments/sequential_object_followup/outputs/sequential_oce_object_followup_v1
retain_always,W03,bird,a photo of the bird,124,166,images/experiment1_sequential_own_step/retain_always/W03/bird/index_124_seed_166.png,bird,bird,True,0.9822647571563721,delete-after-eval,7.990981248440221e-05,0.00017082465637940913,0.9822647571563721,0.002223012503236532,0.0003825416788458824,0.005762108601629734,0.003669730620458722,0.004880258347839117,0.00019779603462666273,0.00036898229154758155,new_followup_supplement,/home/tslin/Documents/jupyter_data/anLi/machine_unlearning/orthogonal-concept-erasure/experiments/sequential_object_followup/outputs/sequential_oce_object_followup_v1
retain_always,W03,bird,a photo of the bird,125,167,images/experiment1_sequential_own_step/retain_always/W03/bird/index_125_seed_167.png,bird,deer,False,0.0032273028045892715,delete-after-eval,2.7480842618388124e-05,0.00036223430652171373,0.0032273028045892715,0.05796569585800171,0.6546052694320679,0.20686300098896027,7.570588059024885e-05,0.076481893658638,0.00023026067356113344,0.00016117337509058416,new_followup_supplement,/home/tslin/Documents/jupyter_data/anLi/machine_unlearning/orthogonal-concept-erasure/experiments/sequential_object_followup/outputs/sequential_oce_object_followup_v1
retain_always,W03,bird,a photo of the bird,126,168,images/experiment1_sequential_own_step/retain_always/W03/bird/index_126_seed_168.png,bird,dog,False,0.037644241005182266,delete-after-eval,0.00012451350630726665,0.0007439697510562837,0.037644241005182266,0.09796071797609329,0.03211823105812073,0.7874282002449036,0.018841076642274857,0.023924440145492554,0.0009406291064806283,0.0002740066556725651,new_followup_supplement,/home/tslin/Documents/jupyter_data/anLi/machine_unlearning/orthogonal-concept-erasure/experiments/sequential_object_followup/outputs/sequential_oce_object_followup_v1
retain_always,W03,bird,a photo of the bird,127,169,images/experiment1_sequential_own_step/retain_always/W03/bird/index_127_seed_169.png,bird,cat,False,0.22051453590393066,delete-after-eval,0.0021469893399626017,0.0017944722203537822,0.22051453590393066,0.5188542604446411,0.012672185897827148,0.1569116711616516,0.060933616012334824,0.02387036755681038,0.00195727008394897,0.0003446342598181218,new_followup_supplement,/home/tslin/Documents/jupyter_data/anLi/machine_unlearning/orthogonal-concept-erasure/experiments/sequential_object_followup/outputs/sequential_oce_object_followup_v1
retain_always,W03,bird,a photo of the bird,128,170,images/experiment1_sequential_own_step/retain_always/W03/bird/index_128_seed_170.png,bird,horse,False,0.06705965101718903,delete-after-eval,0.0023640389554202557,0.006693222094327211,0.06705965101718903,0.16527986526489258,0.04794960096478462,0.22552117705345154,0.034459225833415985,0.43369388580322266,0.007834055460989475,0.009145286865532398,new_followup_supplement,/home/tslin/Documents/jupyter_data/anLi/machine_unlearning/orthogonal-concept-erasure/experiments/sequential_object_followup/outputs/sequential_oce_object_followup_v1
retain_always,W03,bird,a photo of the bird,129,171,images/experiment1_sequential_own_step/retain_always/W03/bird/index_129_seed_171.png,bird,cat,False,0.0016777338460087776,delete-after-eval,1.9828501535812393e-05,0.00048454490024596453,0.0016777338460087776,0.742113471031189,0.023720942437648773,0.17051216959953308,0.0009282378596253693,0.05977793037891388,0.0004956534830853343,0.00026946055004373193,new_followup_supplement,/home/tslin/Documents/jupyter_data/anLi/machine_unlearning/orthogonal-concept-erasure/experiments/sequential_object_followup/outputs/sequential_oce_object_followup_v1
retain_always,W03,bird,a photo of the bird,130,172,images/experiment1_sequential_own_step/retain_always/W03/bird/index_130_seed_172.png,bird,bird,True,0.9795289039611816,delete-after-eval,0.0011392381275072694,0.0004240474081598222,0.9795289039611816,0.0007834044517949224,0.005791711155325174,0.004605434834957123,0.0018367680022493005,0.0039144232869148254,0.00024762129760347307,0.0017284583300352097,new_followup_supplement,/home/tslin/Documents/jupyter_data/anLi/machine_unlearning/orthogonal-concept-erasure/experiments/sequential_object_followup/outputs/sequential_oce_object_followup_v1
retain_always,W03,bird,a photo of the bird,131,173,images/experiment1_sequential_own_step/retain_always/W03/bird/index_131_seed_173.png,bird,bird,True,0.4259524941444397,delete-after-eval,0.005383337382227182,0.0046876720152795315,0.4259524941444397,0.25696149468421936,0.05930761992931366,0.15021686255931854,0.06055861711502075,0.031538259238004684,0.00282766274176538,0.002565972972661257,new_followup_supplement,/home/tslin/Documents/jupyter_data/anLi/machine_unlearning/orthogonal-concept-erasure/experiments/sequential_object_followup/outputs/sequential_oce_object_followup_v1
retain_always,W03,bird,a photo of the bird,132,174,images/experiment1_sequential_own_step/retain_always/W03/bird/index_132_seed_174.png,bird,bird,True,0.4491027891635895,delete-after-eval,0.0002308069815626368,0.00015873770462349057,0.4491027891635895,0.0038048727437853813,0.25555890798568726,0.03380860388278961,0.005931193474680185,0.2500821053981781,0.0009269731235690415,0.0003949954698327929,new_followup_supplement,/home/tslin/Documents/jupyter_data/anLi/machine_unlearning/orthogonal-concept-erasure/experiments/sequential_object_followup/outputs/sequential_oce_object_followup_v1
retain_always,W03,bird,a photo of the bird,133,175,images/experiment1_sequential_own_step/retain_always/W03/bird/index_133_seed_175.png,bird,bird,True,0.839072048664093,delete-after-eval,0.00025490933330729604,0.0002807722194120288,0.839072048664093,0.00463970797136426,0.0018383041024208069,0.061379242688417435,0.005989552941173315,0.08370096981525421,0.001441259402781725,0.0014032801846042275,new_followup_supplement,/home/tslin/Documents/jupyter_data/anLi/machine_unlearning/orthogonal-concept-erasure/experiments/sequential_object_followup/outputs/sequential_oce_object_followup_v1
retain_always,W03,bird,a photo of the bird,134,176,images/experiment1_sequential_own_step/retain_always/W03/bird/index_134_seed_176.png,bird,bird,True,0.986009418964386,delete-after-eval,0.0001586718572070822,0.0006176590686663985,0.986009418964386,0.002441310090944171,0.0025322451256215572,0.002259695203974843,0.00171164539642632,0.0022913480643182993,0.0004183222190476954,0.0015597020974382758,new_followup_supplement,/home/tslin/Documents/jupyter_data/anLi/machine_unlearning/orthogonal-concept-erasure/experiments/sequential_object_followup/outputs/sequential_oce_object_followup_v1
retain_always,W03,bird,a photo of the bird,135,177,images/experiment1_sequential_own_step/retain_always/W03/bird/index_135_seed_177.png,bird,bird,True,0.8160150051116943,delete-after-eval,0.019791558384895325,0.0073710475116968155,0.8160150051116943,0.012346559204161167,0.01040162518620491,0.010394287295639515,0.03294696286320686,0.08042710274457932,0.006969854701310396,0.0033359418157488108,new_followup_supplement,/home/tslin/Documents/jupyter_data/anLi/machine_unlearning/orthogonal-concept-erasure/experiments/sequential_object_followup/outputs/sequential_oce_object_followup_v1
retain_always,W03,bird,a photo of the bird,136,178,images/experiment1_sequential_own_step/retain_always/W03/bird/index_136_seed_178.png,bird,cat,False,0.0019570898730307817,delete-after-eval,7.017308962531388e-05,0.0008281214395537972,0.0019570898730307817,0.8697426915168762,0.06147078797221184,0.05516136437654495,0.0001301756565226242,0.00907718576490879,0.0006682021776214242,0.0008941668784245849,new_followup_supplement,/home/tslin/Documents/jupyter_data/anLi/machine_unlearning/orthogonal-concept-erasure/experiments/sequential_object_followup/outputs/sequential_oce_object_followup_v1
retain_always,W03,bird,a photo of the bird,137,179,images/experiment1_sequential_own_step/retain_always/W03/bird/index_137_seed_179.png,bird,bird,True,0.7617496848106384,delete-after-eval,0.000947297434322536,0.0024940355215221643,0.7617496848106384,0.025369873270392418,0.026290778070688248,0.08818868547677994,0.008656742051243782,0.08177304267883301,0.001674483297392726,0.0028553709853440523,new_followup_supplement,/home/tslin/Documents/jupyter_data/anLi/machine_unlearning/orthogonal-concept-erasure/experiments/sequential_object_followup/outputs/sequential_oce_object_followup_v1
retain_always,W03,bird,a photo of the bird,138,180,images/experiment1_sequential_own_step/retain_always/W03/bird/index_138_seed_180.png,bird,cat,False,0.16676723957061768,delete-after-eval,0.001343714538961649,0.009040414355695248,0.16676723957061768,0.4816659688949585,0.06525096297264099,0.1651802957057953,0.04022994264960289,0.0665740966796875,0.0011086284648627043,0.0028387466445565224,new_followup_supplement,/home/tslin/Documents/jupyter_data/anLi/machine_unlearning/orthogonal-concept-erasure/experiments/sequential_object_followup/outputs/sequential_oce_object_followup_v1
retain_always,W03,bird,a photo of the bird,139,181,images/experiment1_sequential_own_step/retain_always/W03/bird/index_139_seed_181.png,bird,cat,False,0.007868722081184387,delete-after-eval,3.675920015666634e-05,0.00020153765217401087,0.007868722081184387,0.9070441126823425,0.06554896384477615,0.010165244340896606,0.003963054623454809,0.004865954630076885,0.0001913422893267125,0.0001142578839790076,new_followup_supplement,/home/tslin/Documents/jupyter_data/anLi/machine_unlearning/orthogonal-concept-erasure/experiments/sequential_object_followup/outputs/sequential_oce_object_followup_v1
retain_always,W03,bird,a photo of the bird,140,182,images/experiment1_sequential_own_step/retain_always/W03/bird/index_140_seed_182.png,bird,bird,True,0.6477235555648804,delete-after-eval,0.001699677319265902,0.013550990261137486,0.6477235555648804,0.1407361775636673,0.006768581457436085,0.014765934087336063,0.06858108937740326,0.07904648780822754,0.025837333872914314,0.0012902007438242435,new_followup_supplement,/home/tslin/Documents/jupyter_data/anLi/machine_unlearning/orthogonal-concept-erasure/experiments/sequential_object_followup/outputs/sequential_oce_object_followup_v1
retain_always,W03,bird,a photo of the bird,141,183,images/experiment1_sequential_own_step/retain_always/W03/bird/index_141_seed_183.png,bird,bird,True,0.9547944068908691,delete-after-eval,0.003017617156729102,0.001693436992354691,0.9547944068908691,0.015521759167313576,0.0005718558677472174,0.005537821911275387,0.006828144658356905,0.005681369453668594,0.00508882338181138,0.0012645935639739037,new_followup_supplement,/home/tslin/Documents/jupyter_data/anLi/machine_unlearning/orthogonal-concept-erasure/experiments/sequential_object_followup/outputs/sequential_oce_object_followup_v1
retain_always,W03,bird,a photo of the bird,142,184,images/experiment1_sequential_own_step/retain_always/W03/bird/index_142_seed_184.png,bird,bird,True,0.9360507726669312,delete-after-eval,0.0002258737658848986,0.004777474328875542,0.9360507726669312,0.003931320272386074,0.015934349969029427,0.027984702959656715,0.0014350053388625383,0.008231686428189278,0.0006799747934564948,0.00074886588845402,new_followup_supplement,/home/tslin/Documents/jupyter_data/anLi/machine_unlearning/orthogonal-concept-erasure/experiments/sequential_object_followup/outputs/sequential_oce_object_followup_v1
retain_always,W03,bird,a photo of the bird,143,185,images/experiment1_sequential_own_step/retain_always/W03/bird/index_143_seed_185.png,bird,cat,False,0.04127352684736252,delete-after-eval,0.0006497455178759992,0.008197328075766563,0.04127352684736252,0.524207353591919,0.07346484810113907,0.3202020227909088,0.013302302919328213,0.004833993501961231,0.005161191336810589,0.0087076211348176,new_followup_supplement,/home/tslin/Documents/jupyter_data/anLi/machine_unlearning/orthogonal-concept-erasure/experiments/sequential_object_followup/outputs/sequential_oce_object_followup_v1
retain_always,W03,bird,a photo of the bird,144,186,images/experiment1_sequential_own_step/retain_always/W03/bird/index_144_seed_186.png,bird,automobile,False,0.1600145548582077,delete-after-eval,0.039903007447719574,0.2353975623846054,0.1600145548582077,0.020462296903133392,0.10152807831764221,0.15244078636169434,0.021137265488505363,0.1578516811132431,0.09040244668722153,0.020862260833382607,new_followup_supplement,/home/tslin/Documents/jupyter_data/anLi/machine_unlearning/orthogonal-concept-erasure/experiments/sequential_object_followup/outputs/sequential_oce_object_followup_v1
retain_always,W03,bird,a photo of the bird,145,187,images/experiment1_sequential_own_step/retain_always/W03/bird/index_145_seed_187.png,bird,cat,False,0.027599839493632317,delete-after-eval,2.635862801980693e-05,0.0018871125066652894,0.027599839493632317,0.6891792416572571,0.013632274232804775,0.1349635124206543,0.0023134222719818354,0.12976491451263428,0.00032664500758983195,0.00030663402867503464,new_followup_supplement,/home/tslin/Documents/jupyter_data/anLi/machine_unlearning/orthogonal-concept-erasure/experiments/sequential_object_followup/outputs/sequential_oce_object_followup_v1
retain_always,W03,bird,a photo of the bird,146,188,images/experiment1_sequential_own_step/retain_always/W03/bird/index_146_seed_188.png,bird,cat,False,0.0040823533199727535,delete-after-eval,8.694348071003333e-05,0.004026674199849367,0.0040823533199727535,0.6110346913337708,0.0037044903729110956,0.3480634391307831,0.005627906881272793,0.020651312544941902,0.0023390280548483133,0.00038312198012135923,new_followup_supplement,/home/tslin/Documents/jupyter_data/anLi/machine_unlearning/orthogonal-concept-erasure/experiments/sequential_object_followup/outputs/sequential_oce_object_followup_v1
retain_always,W03,bird,a photo of the bird,147,189,images/experiment1_sequential_own_step/retain_always/W03/bird/index_147_seed_189.png,bird,cat,False,0.0018941276939585805,delete-after-eval,3.055347769986838e-05,0.0012664650566875935,0.0018941276939585805,0.986193835735321,0.0015884606400504708,0.007299521937966347,0.0005246466607786715,0.0006382510764524341,0.00042369755101390183,0.00014036650827620178,new_followup_supplement,/home/tslin/Documents/jupyter_data/anLi/machine_unlearning/orthogonal-concept-erasure/experiments/sequential_object_followup/outputs/sequential_oce_object_followup_v1
retain_always,W03,bird,a photo of the bird,148,190,images/experiment1_sequential_own_step/retain_always/W03/bird/index_148_seed_190.png,bird,deer,False,0.0005747741088271141,delete-after-eval,7.118567282304866e-06,0.00014665750495623797,0.0005747741088271141,0.007149009499698877,0.9822636246681213,0.003998957108706236,0.0002518595429137349,0.0054114763624966145,2.3622711523785256e-05,0.0001727906201267615,new_followup_supplement,/home/tslin/Documents/jupyter_data/anLi/machine_unlearning/orthogonal-concept-erasure/experiments/sequential_object_followup/outputs/sequential_oce_object_followup_v1
retain_always,W03,bird,a photo of the bird,149,191,images/experiment1_sequential_own_step/retain_always/W03/bird/index_149_seed_191.png,bird,dog,False,0.13537611067295074,delete-after-eval,0.0003125240618828684,0.0023531336337327957,0.13537611067295074,0.22072215378284454,0.13391917943954468,0.3961274027824402,0.009336658753454685,0.1002316102385521,0.00018393168284092098,0.0014373227022588253,new_followup_supplement,/home/tslin/Documents/jupyter_data/anLi/machine_unlearning/orthogonal-concept-erasure/experiments/sequential_object_followup/outputs/sequential_oce_object_followup_v1
retain_always,W03,bird,a photo of the bird,150,192,images/experiment1_sequential_own_step/retain_always/W03/bird/index_150_seed_192.png,bird,horse,False,0.0036462026182562113,delete-after-eval,0.00010616779036354274,0.002552071353420615,0.0036462026182562113,0.07438158243894577,0.09635960310697556,0.36771881580352783,0.004302443936467171,0.44803109765052795,0.0006899598520249128,0.002212035935372114,new_followup_supplement,/home/tslin/Documents/jupyter_data/anLi/machine_unlearning/orthogonal-concept-erasure/experiments/sequential_object_followup/outputs/sequential_oce_object_followup_v1
retain_always,W03,bird,a photo of the bird,151,193,images/experiment1_sequential_own_step/retain_always/W03/bird/index_151_seed_193.png,bird,bird,True,0.8029564619064331,delete-after-eval,0.00443864893168211,0.004838478751480579,0.8029564619064331,0.03759189695119858,0.005100470967590809,0.0501372255384922,0.008144981227815151,0.06859157979488373,0.00326950429007411,0.014930708333849907,new_followup_supplement,/home/tslin/Documents/jupyter_data/anLi/machine_unlearning/orthogonal-concept-erasure/experiments/sequential_object_followup/outputs/sequential_oce_object_followup_v1
retain_always,W03,bird,a photo of the bird,152,194,images/experiment1_sequential_own_step/retain_always/W03/bird/index_152_seed_194.png,bird,cat,False,0.008108168840408325,delete-after-eval,0.00018837554671335965,0.0004436641756910831,0.008108168840408325,0.9540202021598816,0.005492208991199732,0.023300282657146454,0.005107237491756678,0.002716026036068797,0.0004442975914571434,0.00017955730436369777,new_followup_supplement,/home/tslin/Documents/jupyter_data/anLi/machine_unlearning/orthogonal-concept-erasure/experiments/sequential_object_followup/outputs/sequential_oce_object_followup_v1
retain_always,W03,bird,a photo of the bird,153,195,images/experiment1_sequential_own_step/retain_always/W03/bird/index_153_seed_195.png,bird,dog,False,0.018894433975219727,delete-after-eval,7.666583769605495e-06,0.0002031270123552531,0.018894433975219727,0.45984160900115967,0.0021312362514436245,0.5023031234741211,0.012089760974049568,0.004070572089403868,8.967287431005388e-05,0.00036881095729768276,new_followup_supplement,/home/tslin/Documents/jupyter_data/anLi/machine_unlearning/orthogonal-concept-erasure/experiments/sequential_object_followup/outputs/sequential_oce_object_followup_v1
retain_always,W03,bird,a photo of the bird,154,196,images/experiment1_sequential_own_step/retain_always/W03/bird/index_154_seed_196.png,bird,deer,False,0.0024735431652516127,delete-after-eval,9.560170838085469e-06,1.5251953300321475e-05,0.0024735431652516127,0.0003200433566235006,0.9915862083435059,0.0022936479654163122,7.969822036102414e-05,0.0031710381153970957,1.7791999198379926e-05,3.327751255710609e-05,new_followup_supplement,/home/tslin/Documents/jupyter_data/anLi/machine_unlearning/orthogonal-concept-erasure/experiments/sequential_object_followup/outputs/sequential_oce_object_followup_v1
retain_always,W03,bird,a photo of the bird,155,197,images/experiment1_sequential_own_step/retain_always/W03/bird/index_155_seed_197.png,bird,cat,False,0.13415370881557465,delete-after-eval,0.00028084954828955233,0.008482876233756542,0.13415370881557465,0.43682557344436646,0.011914975009858608,0.11355419456958771,0.2876226007938385,0.0024664972443133593,0.003989494871348143,0.0007092640153132379,new_followup_supplement,/home/tslin/Documents/jupyter_data/anLi/machine_unlearning/orthogonal-concept-erasure/experiments/sequential_object_followup/outputs/sequential_oce_object_followup_v1
retain_always,W03,bird,a photo of the bird,156,198,images/experiment1_sequential_own_step/retain_always/W03/bird/index_156_seed_198.png,bird,cat,False,0.12845678627490997,delete-after-eval,0.0002948743349406868,0.007257160730659962,0.12845678627490997,0.45608553290367126,0.12511493265628815,0.20977284014225006,0.01770170032978058,0.04842028394341469,0.003427706426009536,0.0034682233817875385,new_followup_supplement,/home/tslin/Documents/jupyter_data/anLi/machine_unlearning/orthogonal-concept-erasure/experiments/sequential_object_followup/outputs/sequential_oce_object_followup_v1
retain_always,W03,bird,a photo of the bird,157,199,images/experiment1_sequential_own_step/retain_always/W03/bird/index_157_seed_199.png,bird,bird,True,0.9776712656021118,delete-after-eval,7.866379019105807e-05,0.00019783015886787325,0.9776712656021118,0.0002328813570784405,0.010634941048920155,0.0034350561909377575,0.0002058862883131951,0.007307260297238827,8.278369932668284e-05,0.00015336544311139733,new_followup_supplement,/home/tslin/Documents/jupyter_data/anLi/machine_unlearning/orthogonal-concept-erasure/experiments/sequential_object_followup/outputs/sequential_oce_object_followup_v1
retain_always,W03,bird,a photo of the bird,158,200,images/experiment1_sequential_own_step/retain_always/W03/bird/index_158_seed_200.png,bird,cat,False,0.0005591213703155518,delete-after-eval,1.6380899978685193e-05,0.00021239550551399589,0.0005591213703155518,0.9830828905105591,0.0014374941820278764,0.012626971118152142,0.0004844314535148442,0.0014632288366556168,9.756891813594848e-05,1.9511586287990212e-05,new_followup_supplement,/home/tslin/Documents/jupyter_data/anLi/machine_unlearning/orthogonal-concept-erasure/experiments/sequential_object_followup/outputs/sequential_oce_object_followup_v1
retain_always,W03,bird,a photo of the bird,159,201,images/experiment1_sequential_own_step/retain_always/W03/bird/index_159_seed_201.png,bird,dog,False,0.0013445342192426324,delete-after-eval,0.00015864915621932596,0.0003191320283804089,0.0013445342192426324,0.012951419688761234,0.0026489354204386473,0.9743937253952026,0.0003601852513384074,0.007295192219316959,0.0001766594359651208,0.0003515806165523827,new_followup_supplement,/home/tslin/Documents/jupyter_data/anLi/machine_unlearning/orthogonal-concept-erasure/experiments/sequential_object_followup/outputs/sequential_oce_object_followup_v1
retain_always,W03,bird,a photo of the bird,160,202,images/experiment1_sequential_own_step/retain_always/W03/bird/index_160_seed_202.png,bird,bird,True,0.9754709005355835,delete-after-eval,6.248278077691793e-05,0.00038991044857539237,0.9754709005355835,0.001819093362428248,0.0013940955977886915,0.005393553990870714,0.014264623634517193,0.0006780725088901818,6.106134242145345e-05,0.00046628183918073773,new_followup_supplement,/home/tslin/Documents/jupyter_data/anLi/machine_unlearning/orthogonal-concept-erasure/experiments/sequential_object_followup/outputs/sequential_oce_object_followup_v1
retain_always,W03,bird,a photo of the bird,161,203,images/experiment1_sequential_own_step/retain_always/W03/bird/index_161_seed_203.png,bird,bird,True,0.6892191767692566,delete-after-eval,0.00022405831259675324,0.0003862934827338904,0.6892191767692566,0.0073488070629537106,0.08395631611347198,0.07154381275177002,0.0012156915618106723,0.14419785141944885,0.00041452961158938706,0.0014934962382540107,new_followup_supplement,/home/tslin/Documents/jupyter_data/anLi/machine_unlearning/orthogonal-concept-erasure/experiments/sequential_object_followup/outputs/sequential_oce_object_followup_v1
retain_always,W03,bird,a photo of the bird,162,204,images/experiment1_sequential_own_step/retain_always/W03/bird/index_162_seed_204.png,bird,bird,True,0.43253615498542786,delete-after-eval,0.00024484656751155853,0.0006303770351223648,0.43253615498542786,0.029065851122140884,0.14541107416152954,0.2703888714313507,0.0411774106323719,0.08001251518726349,0.0002688831009436399,0.00026399095077067614,new_followup_supplement,/home/tslin/Documents/jupyter_data/anLi/machine_unlearning/orthogonal-concept-erasure/experiments/sequential_object_followup/outputs/sequential_oce_object_followup_v1
retain_always,W03,bird,a photo of the bird,163,205,images/experiment1_sequential_own_step/retain_always/W03/bird/index_163_seed_205.png,bird,bird,True,0.9892895817756653,delete-after-eval,0.00019470245752017945,0.00013856067380402237,0.9892895817756653,0.004179351031780243,0.0011141168652102351,0.0028947917744517326,0.001041984767653048,0.0008466753643006086,7.931475556688383e-05,0.00022084022930357605,new_followup_supplement,/home/tslin/Documents/jupyter_data/anLi/machine_unlearning/orthogonal-concept-erasure/experiments/sequential_object_followup/outputs/sequential_oce_object_followup_v1
retain_always,W03,bird,a photo of the bird,164,206,images/experiment1_sequential_own_step/retain_always/W03/bird/index_164_seed_206.png,bird,horse,False,0.09634744375944138,delete-after-eval,0.0007643072167411447,0.0023202942684292793,0.09634744375944138,0.27605387568473816,0.24570775032043457,0.07151976972818375,0.027046510949730873,0.2786310911178589,0.0011698255548253655,0.0004391073889564723,new_followup_supplement,/home/tslin/Documents/jupyter_data/anLi/machine_unlearning/orthogonal-concept-erasure/experiments/sequential_object_followup/outputs/sequential_oce_object_followup_v1
retain_always,W03,bird,a photo of the bird,165,207,images/experiment1_sequential_own_step/retain_always/W03/bird/index_165_seed_207.png,bird,dog,False,0.025499790906906128,delete-after-eval,0.0012406616006046534,0.00031592504819855094,0.025499790906906128,0.14041507244110107,0.0033415607176721096,0.8101255893707275,0.011168819852173328,0.007150307763367891,0.0005367540288716555,0.00020555790979415178,new_followup_supplement,/home/tslin/Documents/jupyter_data/anLi/machine_unlearning/orthogonal-concept-erasure/experiments/sequential_object_followup/outputs/sequential_oce_object_followup_v1
retain_always,W03,bird,a photo of the bird,166,208,images/experiment1_sequential_own_step/retain_always/W03/bird/index_166_seed_208.png,bird,cat,False,0.04173633083701134,delete-after-eval,0.00023919684463180602,0.002439328469336033,0.04173633083701134,0.5174515247344971,0.18991805613040924,0.23036040365695953,0.005551427602767944,0.011382732540369034,0.0002708109386730939,0.0006501870811916888,new_followup_supplement,/home/tslin/Documents/jupyter_data/anLi/machine_unlearning/orthogonal-concept-erasure/experiments/sequential_object_followup/outputs/sequential_oce_object_followup_v1
retain_always,W03,bird,a photo of the bird,167,209,images/experiment1_sequential_own_step/retain_always/W03/bird/index_167_seed_209.png,bird,bird,True,0.8509794473648071,delete-after-eval,0.0003003708552569151,0.004274347331374884,0.8509794473648071,0.010831103660166264,0.005299166776239872,0.05842476710677147,0.007309984415769577,0.057523373514413834,0.0011172910453751683,0.003940102644264698,new_followup_supplement,/home/tslin/Documents/jupyter_data/anLi/machine_unlearning/orthogonal-concept-erasure/experiments/sequential_object_followup/outputs/sequential_oce_object_followup_v1
retain_always,W03,bird,a photo of the bird,168,210,images/experiment1_sequential_own_step/retain_always/W03/bird/index_168_seed_210.png,bird,dog,False,0.04736671969294548,delete-after-eval,0.002027850365266204,0.0005887417355552316,0.04736671969294548,0.04616580531001091,0.0899740681052208,0.4676145315170288,0.3175797760486603,0.027125349268317223,0.00042470390326343477,0.0011324487859383225,new_followup_supplement,/home/tslin/Documents/jupyter_data/anLi/machine_unlearning/orthogonal-concept-erasure/experiments/sequential_object_followup/outputs/sequential_oce_object_followup_v1
retain_always,W03,bird,a photo of the bird,169,211,images/experiment1_sequential_own_step/retain_always/W03/bird/index_169_seed_211.png,bird,bird,True,0.9586310982704163,delete-after-eval,0.00047704632743261755,0.001854002708569169,0.9586310982704163,0.005049872677773237,0.007044282276183367,0.016007710248231888,0.0030661055352538824,0.00569746783003211,0.00048061084817163646,0.0016917631728574634,new_followup_supplement,/home/tslin/Documents/jupyter_data/anLi/machine_unlearning/orthogonal-concept-erasure/experiments/sequential_object_followup/outputs/sequential_oce_object_followup_v1
retain_always,W03,bird,a photo of the bird,170,212,images/experiment1_sequential_own_step/retain_always/W03/bird/index_170_seed_212.png,bird,cat,False,0.14491373300552368,delete-after-eval,0.00047976477071642876,0.002503843978047371,0.14491373300552368,0.35922905802726746,0.132694274187088,0.18302257359027863,0.008479139767587185,0.15854941308498383,0.005915770772844553,0.004212388303130865,new_followup_supplement,/home/tslin/Documents/jupyter_data/anLi/machine_unlearning/orthogonal-concept-erasure/experiments/sequential_object_followup/outputs/sequential_oce_object_followup_v1
retain_always,W03,bird,a photo of the bird,171,213,images/experiment1_sequential_own_step/retain_always/W03/bird/index_171_seed_213.png,bird,deer,False,0.0401613786816597,delete-after-eval,0.0004126992425881326,0.001581627526320517,0.0401613786816597,0.07092072814702988,0.4131086468696594,0.35916224122047424,0.0017552260542288423,0.1111849844455719,0.0008047314477153122,0.000907776178792119,new_followup_supplement,/home/tslin/Documents/jupyter_data/anLi/machine_unlearning/orthogonal-concept-erasure/experiments/sequential_object_followup/outputs/sequential_oce_object_followup_v1
retain_always,W03,bird,a photo of the bird,172,214,images/experiment1_sequential_own_step/retain_always/W03/bird/index_172_seed_214.png,bird,cat,False,0.3277740776538849,delete-after-eval,0.00012248028360772878,0.0015414045192301273,0.3277740776538849,0.6268246173858643,0.00033231734414584935,0.032407019287347794,0.005026595201343298,0.004860925022512674,0.000777010340243578,0.00033355370396748185,new_followup_supplement,/home/tslin/Documents/jupyter_data/anLi/machine_unlearning/orthogonal-concept-erasure/experiments/sequential_object_followup/outputs/sequential_oce_object_followup_v1
retain_always,W03,bird,a photo of the bird,173,215,images/experiment1_sequential_own_step/retain_always/W03/bird/index_173_seed_215.png,bird,bird,True,0.9845577478408813,delete-after-eval,3.172611468471587e-05,0.00026940563111566007,0.9845577478408813,0.0006002215668559074,0.003768895287066698,0.00733749708160758,5.0735619879560545e-05,0.0030563680920749903,8.206665370380506e-05,0.00024543749168515205,new_followup_supplement,/home/tslin/Documents/jupyter_data/anLi/machine_unlearning/orthogonal-concept-erasure/experiments/sequential_object_followup/outputs/sequential_oce_object_followup_v1
retain_always,W03,bird,a photo of the bird,174,216,images/experiment1_sequential_own_step/retain_always/W03/bird/index_174_seed_216.png,bird,cat,False,0.004665559623390436,delete-after-eval,8.243644697358832e-05,0.001957167172804475,0.004665559623390436,0.9515735507011414,0.000524530652910471,0.03242205083370209,0.003783304011449218,0.0021445276215672493,0.0024712143931537867,0.0003756768419407308,new_followup_supplement,/home/tslin/Documents/jupyter_data/anLi/machine_unlearning/orthogonal-concept-erasure/experiments/sequential_object_followup/outputs/sequential_oce_object_followup_v1
retain_always,W03,bird,a photo of the bird,175,217,images/experiment1_sequential_own_step/retain_always/W03/bird/index_175_seed_217.png,bird,bird,True,0.8338943123817444,delete-after-eval,0.0001708812196739018,0.0007912205182947218,0.8338943123817444,0.04180312901735306,0.0031758181285113096,0.0900530219078064,0.0017907556612044573,0.025950659066438675,0.0010791808599606156,0.0012910983059555292,new_followup_supplement,/home/tslin/Documents/jupyter_data/anLi/machine_unlearning/orthogonal-concept-erasure/experiments/sequential_object_followup/outputs/sequential_oce_object_followup_v1
retain_always,W03,bird,a photo of the bird,176,218,images/experiment1_sequential_own_step/retain_always/W03/bird/index_176_seed_218.png,bird,bird,True,0.9194608330726624,delete-after-eval,0.00046049561933614314,0.0015878290869295597,0.9194608330726624,0.004358266480267048,0.02699563279747963,0.007358773145824671,0.007917309179902077,0.03106585517525673,0.00042818006477318704,0.0003667255223263055,new_followup_supplement,/home/tslin/Documents/jupyter_data/anLi/machine_unlearning/orthogonal-concept-erasure/experiments/sequential_object_followup/outputs/sequential_oce_object_followup_v1
retain_always,W03,bird,a photo of the bird,177,219,images/experiment1_sequential_own_step/retain_always/W03/bird/index_177_seed_219.png,bird,cat,False,0.2664564549922943,delete-after-eval,7.617266237502918e-05,0.0003756730002351105,0.2664564549922943,0.5261262655258179,0.09542550146579742,0.09136410057544708,0.006774659268558025,0.012963846325874329,0.0002158938441425562,0.0002213971602031961,new_followup_supplement,/home/tslin/Documents/jupyter_data/anLi/machine_unlearning/orthogonal-concept-erasure/experiments/sequential_object_followup/outputs/sequential_oce_object_followup_v1
retain_always,W03,bird,a photo of the bird,178,220,images/experiment1_sequential_own_step/retain_always/W03/bird/index_178_seed_220.png,bird,bird,True,0.5848712921142578,delete-after-eval,0.006700423546135426,0.01052041631191969,0.5848712921142578,0.09062201529741287,0.02542758546769619,0.05676889792084694,0.07854882627725601,0.12745113670825958,0.01592310704290867,0.003166281385347247,new_followup_supplement,/home/tslin/Documents/jupyter_data/anLi/machine_unlearning/orthogonal-concept-erasure/experiments/sequential_object_followup/outputs/sequential_oce_object_followup_v1
retain_always,W03,bird,a photo of the bird,179,221,images/experiment1_sequential_own_step/retain_always/W03/bird/index_179_seed_221.png,bird,horse,False,0.01262641604989767,delete-after-eval,0.00019127711129840463,0.0010421921033412218,0.01262641604989767,0.003267348511144519,0.023278124630451202,0.11412463337182999,2.7420916012488306e-05,0.8435129523277283,0.0004946912522427738,0.001434979378245771,new_followup_supplement,/home/tslin/Documents/jupyter_data/anLi/machine_unlearning/orthogonal-concept-erasure/experiments/sequential_object_followup/outputs/sequential_oce_object_followup_v1
retain_always,W03,bird,a photo of the bird,180,222,images/experiment1_sequential_own_step/retain_always/W03/bird/index_180_seed_222.png,bird,deer,False,0.006210023071616888,delete-after-eval,0.0005039666430093348,0.001276258728466928,0.006210023071616888,0.12227734923362732,0.5574826002120972,0.2715342044830322,0.0037423288449645042,0.03526386618614197,0.0006681862287223339,0.00104116543661803,new_followup_supplement,/home/tslin/Documents/jupyter_data/anLi/machine_unlearning/orthogonal-concept-erasure/experiments/sequential_object_followup/outputs/sequential_oce_object_followup_v1
retain_always,W03,bird,a photo of the bird,181,223,images/experiment1_sequential_own_step/retain_always/W03/bird/index_181_seed_223.png,bird,bird,True,0.5672844052314758,delete-after-eval,0.002816664520651102,0.009340842254459858,0.5672844052314758,0.018795814365148544,0.15930190682411194,0.18897373974323273,0.0016710448544472456,0.02009025774896145,0.004857068881392479,0.02686825394630432,new_followup_supplement,/home/tslin/Documents/jupyter_data/anLi/machine_unlearning/orthogonal-concept-erasure/experiments/sequential_object_followup/outputs/sequential_oce_object_followup_v1
retain_always,W03,bird,a photo of the bird,182,224,images/experiment1_sequential_own_step/retain_always/W03/bird/index_182_seed_224.png,bird,bird,True,0.652761697769165,delete-after-eval,0.001137823797762394,0.007638423703610897,0.652761697769165,0.04482005164027214,0.017092173919081688,0.18331465125083923,0.06478792428970337,0.015967462211847305,0.011544515378773212,0.0009353255154564977,new_followup_supplement,/home/tslin/Documents/jupyter_data/anLi/machine_unlearning/orthogonal-concept-erasure/experiments/sequential_object_followup/outputs/sequential_oce_object_followup_v1
retain_always,W03,bird,a photo of the bird,183,225,images/experiment1_sequential_own_step/retain_always/W03/bird/index_183_seed_225.png,bird,bird,True,0.16103540360927582,delete-after-eval,0.02608039602637291,0.13073022663593292,0.16103540360927582,0.0991922989487648,0.0030577601864933968,0.1505642980337143,0.14406569302082062,0.09370636940002441,0.08228461444377899,0.109282948076725,new_followup_supplement,/home/tslin/Documents/jupyter_data/anLi/machine_unlearning/orthogonal-concept-erasure/experiments/sequential_object_followup/outputs/sequential_oce_object_followup_v1
retain_always,W03,bird,a photo of the bird,184,226,images/experiment1_sequential_own_step/retain_always/W03/bird/index_184_seed_226.png,bird,dog,False,0.000839466170873493,delete-after-eval,0.00013197484076954424,0.03835868090391159,0.000839466170873493,0.19431273639202118,0.05008414015173912,0.5757279396057129,0.00015776773216202855,0.11160122603178024,0.0007161282701417804,0.02806996740400791,new_followup_supplement,/home/tslin/Documents/jupyter_data/anLi/machine_unlearning/orthogonal-concept-erasure/experiments/sequential_object_followup/outputs/sequential_oce_object_followup_v1
retain_always,W03,bird,a photo of the bird,185,227,images/experiment1_sequential_own_step/retain_always/W03/bird/index_185_seed_227.png,bird,bird,True,0.921468198299408,delete-after-eval,3.7498786696232855e-05,0.00042674702126532793,0.921468198299408,0.05132312327623367,0.0005752583383582532,0.020496783778071404,0.0011133981170132756,0.0038316030986607075,0.000606900139246136,0.00012052345118718222,new_followup_supplement,/home/tslin/Documents/jupyter_data/anLi/machine_unlearning/orthogonal-concept-erasure/experiments/sequential_object_followup/outputs/sequential_oce_object_followup_v1
retain_always,W03,bird,a photo of the bird,186,228,images/experiment1_sequential_own_step/retain_always/W03/bird/index_186_seed_228.png,bird,dog,False,0.11661884933710098,delete-after-eval,0.00048736005555838346,0.0018803070997819304,0.11661884933710098,0.06011674553155899,0.09263961017131805,0.2922646403312683,0.19583994150161743,0.2384384572505951,0.0005538873956538737,0.0011602080194279552,new_followup_supplement,/home/tslin/Documents/jupyter_data/anLi/machine_unlearning/orthogonal-concept-erasure/experiments/sequential_object_followup/outputs/sequential_oce_object_followup_v1
retain_always,W03,bird,a photo of the bird,187,229,images/experiment1_sequential_own_step/retain_always/W03/bird/index_187_seed_229.png,bird,dog,False,0.01444702222943306,delete-after-eval,0.0013990008737891912,0.010384269058704376,0.01444702222943306,0.2865380346775055,0.08981733024120331,0.4092656075954437,0.02581120654940605,0.15761420130729675,0.001315255300141871,0.0034080788027495146,new_followup_supplement,/home/tslin/Documents/jupyter_data/anLi/machine_unlearning/orthogonal-concept-erasure/experiments/sequential_object_followup/outputs/sequential_oce_object_followup_v1
retain_always,W03,bird,a photo of the bird,188,230,images/experiment1_sequential_own_step/retain_always/W03/bird/index_188_seed_230.png,bird,bird,True,0.49533113837242126,delete-after-eval,0.0001102681562770158,0.00033180462196469307,0.49533113837242126,0.16934862732887268,0.023177331313490868,0.2921759784221649,0.016885023564100266,0.0019585092086344957,4.86425451526884e-05,0.000632619543466717,new_followup_supplement,/home/tslin/Documents/jupyter_data/anLi/machine_unlearning/orthogonal-concept-erasure/experiments/sequential_object_followup/outputs/sequential_oce_object_followup_v1
retain_always,W03,bird,a photo of the bird,189,231,images/experiment1_sequential_own_step/retain_always/W03/bird/index_189_seed_231.png,bird,cat,False,0.006766149774193764,delete-after-eval,9.697154746390879e-05,0.000808230834081769,0.006766149774193764,0.487000435590744,0.47978776693344116,0.018735643476247787,0.0013801067834720016,0.004639192949980497,0.000281808665022254,0.0005037426599301398,new_followup_supplement,/home/tslin/Documents/jupyter_data/anLi/machine_unlearning/orthogonal-concept-erasure/experiments/sequential_object_followup/outputs/sequential_oce_object_followup_v1
retain_always,W03,bird,a photo of the bird,190,232,images/experiment1_sequential_own_step/retain_always/W03/bird/index_190_seed_232.png,bird,dog,False,0.2784058451652527,delete-after-eval,0.0012340418761596084,0.010403419844806194,0.2784058451652527,0.11977284401655197,0.040673933923244476,0.31704291701316833,0.20046435296535492,0.024924777448177338,0.004443472251296043,0.0026344433426856995,new_followup_supplement,/home/tslin/Documents/jupyter_data/anLi/machine_unlearning/orthogonal-concept-erasure/experiments/sequential_object_followup/outputs/sequential_oce_object_followup_v1
retain_always,W03,bird,a photo of the bird,191,233,images/experiment1_sequential_own_step/retain_always/W03/bird/index_191_seed_233.png,bird,dog,False,0.06868249177932739,delete-after-eval,0.0006502572214230895,0.00585160544142127,0.06868249177932739,0.064503014087677,0.00983554869890213,0.7705528140068054,0.017033537849783897,0.05777019262313843,0.0029476128984242678,0.0021729194559156895,new_followup_supplement,/home/tslin/Documents/jupyter_data/anLi/machine_unlearning/orthogonal-concept-erasure/experiments/sequential_object_followup/outputs/sequential_oce_object_followup_v1
retain_always,W03,bird,a photo of the bird,192,234,images/experiment1_sequential_own_step/retain_always/W03/bird/index_192_seed_234.png,bird,bird,True,0.34643590450286865,delete-after-eval,5.927522579440847e-05,0.0013215967919677496,0.34643590450286865,0.20877531170845032,0.01888376660645008,0.2402452826499939,0.0007626817678101361,0.18233861029148102,0.0006219818606041372,0.0005555770476348698,new_followup_supplement,/home/tslin/Documents/jupyter_data/anLi/machine_unlearning/orthogonal-concept-erasure/experiments/sequential_object_followup/outputs/sequential_oce_object_followup_v1
retain_always,W03,bird,a photo of the bird,193,235,images/experiment1_sequential_own_step/retain_always/W03/bird/index_193_seed_235.png,bird,cat,False,0.0014602185692638159,delete-after-eval,7.261075370479375e-05,0.0005847755237482488,0.0014602185692638159,0.7717443704605103,0.1236194297671318,0.08815475553274155,0.0011395708424970508,0.011898134835064411,0.000298194820061326,0.0010279271518811584,new_followup_supplement,/home/tslin/Documents/jupyter_data/anLi/machine_unlearning/orthogonal-concept-erasure/experiments/sequential_object_followup/outputs/sequential_oce_object_followup_v1
retain_always,W03,bird,a photo of the bird,194,236,images/experiment1_sequential_own_step/retain_always/W03/bird/index_194_seed_236.png,bird,deer,False,0.0229414701461792,delete-after-eval,8.033445192268118e-05,0.0007121193339116871,0.0229414701461792,0.016770929098129272,0.43492788076400757,0.14228017628192902,0.012521210126578808,0.36850088834762573,0.0004427869280334562,0.0008221902535296977,new_followup_supplement,/home/tslin/Documents/jupyter_data/anLi/machine_unlearning/orthogonal-concept-erasure/experiments/sequential_object_followup/outputs/sequential_oce_object_followup_v1
retain_always,W03,bird,a photo of the bird,195,237,images/experiment1_sequential_own_step/retain_always/W03/bird/index_195_seed_237.png,bird,bird,True,0.9314238429069519,delete-after-eval,2.9525181162171066e-05,0.0013199429959058762,0.9314238429069519,0.018352676182985306,0.008150353096425533,0.009903188794851303,0.02443491667509079,0.005759778432548046,0.0005792606389150023,4.646292290999554e-05,new_followup_supplement,/home/tslin/Documents/jupyter_data/anLi/machine_unlearning/orthogonal-concept-erasure/experiments/sequential_object_followup/outputs/sequential_oce_object_followup_v1
retain_always,W03,bird,a photo of the bird,196,238,images/experiment1_sequential_own_step/retain_always/W03/bird/index_196_seed_238.png,bird,cat,False,0.2276194840669632,delete-after-eval,0.002264362759888172,0.017194202169775963,0.2276194840669632,0.31086093187332153,0.02322305366396904,0.14848197996616364,0.23169179260730743,0.003099317429587245,0.01536910142749548,0.020195793360471725,new_followup_supplement,/home/tslin/Documents/jupyter_data/anLi/machine_unlearning/orthogonal-concept-erasure/experiments/sequential_object_followup/outputs/sequential_oce_object_followup_v1
retain_always,W03,bird,a photo of the bird,197,239,images/experiment1_sequential_own_step/retain_always/W03/bird/index_197_seed_239.png,bird,cat,False,0.058562081307172775,delete-after-eval,0.00046010329970158637,0.0011395574547350407,0.058562081307172775,0.7427936792373657,0.008452226407825947,0.09719796478748322,0.06936654448509216,0.021002259105443954,0.0005657845176756382,0.0004598839732352644,new_followup_supplement,/home/tslin/Documents/jupyter_data/anLi/machine_unlearning/orthogonal-concept-erasure/experiments/sequential_object_followup/outputs/sequential_oce_object_followup_v1
retain_always,W03,bird,a photo of the bird,198,240,images/experiment1_sequential_own_step/retain_always/W03/bird/index_198_seed_240.png,bird,horse,False,0.004946435801684856,delete-after-eval,1.4922269656381104e-05,0.0005345402169041336,0.004946435801684856,0.005965083837509155,0.021832525730133057,0.4255291521549225,1.98010602616705e-05,0.5407801270484924,0.0001041041687130928,0.0002733519359026104,new_followup_supplement,/home/tslin/Documents/jupyter_data/anLi/machine_unlearning/orthogonal-concept-erasure/experiments/sequential_object_followup/outputs/sequential_oce_object_followup_v1
retain_always,W03,bird,a photo of the bird,199,241,images/experiment1_sequential_own_step/retain_always/W03/bird/index_199_seed_241.png,bird,cat,False,0.010859590955078602,delete-after-eval,6.010146898915991e-05,0.0014477147487923503,0.010859590955078602,0.8088879585266113,0.016795268282294273,0.14963720738887787,0.0021201656199991703,0.008724312297999859,0.0004064235545229167,0.0010613305494189262,new_followup_supplement,/home/tslin/Documents/jupyter_data/anLi/machine_unlearning/orthogonal-concept-erasure/experiments/sequential_object_followup/outputs/sequential_oce_object_followup_v1
