condition,record_type,original_description,embedding_prompt,token_ids,decoded_tokens,selected_token_id,selected_token,selected_token_position,token_count_with_special_tokens,model_max_length,truncation_occurred
fixed_suffix,description,A retractable-clawed mouser reveals a warm orange coat with white patches.,A retractable-clawed mouser reveals a warm orange coat with white patches. This sentence describes the concept,"[49406, 320, 32735, 2175, 268, 940, 3478, 24837, 528, 6621, 320, 3616, 4287, 7356, 593, 1579, 22104, 269, 589, 12737, 13678, 518, 6353, 49407]","[""<|startoftext|>"", ""a</w>"", ""retrac"", ""table</w>"", ""-</w>"", ""cla"", ""wed</w>"", ""mous"", ""er</w>"", ""reveals</w>"", ""a</w>"", ""warm</w>"", ""orange</w>"", ""coat</w>"", ""with</w>"", ""white</w>"", ""patches</w>"", "".</w>"", ""this</w>"", ""sentence</w>"", ""describes</w>"", ""the</w>"", ""concept</w>"", ""<|endoftext|>""]",6353,concept</w>,22,24,77,False
fixed_suffix,description,A panting ball retriever reveals a short golden coat with a pale chest.,A panting ball retriever reveals a short golden coat with a pale chest. This sentence describes the concept,"[49406, 320, 1072, 694, 1069, 28394, 6621, 320, 3005, 3878, 7356, 593, 320, 12518, 10563, 269, 589, 12737, 13678, 518, 6353, 49407]","[""<|startoftext|>"", ""a</w>"", ""pan"", ""ting</w>"", ""ball</w>"", ""retriever</w>"", ""reveals</w>"", ""a</w>"", ""short</w>"", ""golden</w>"", ""coat</w>"", ""with</w>"", ""a</w>"", ""pale</w>"", ""chest</w>"", "".</w>"", ""this</w>"", ""sentence</w>"", ""describes</w>"", ""the</w>"", ""concept</w>"", ""<|endoftext|>""]",6353,concept</w>,20,22,77,False
fixed_suffix,description,Warm russet fur beneath a pale throat defines a russet snowline hunter.,Warm russet fur beneath a pale throat defines a russet snowline hunter. This sentence describes the concept,"[49406, 3616, 35811, 1167, 9686, 16850, 320, 12518, 16371, 28218, 320, 35811, 1167, 3880, 1148, 6099, 269, 589, 12737, 13678, 518, 6353, 49407]","[""<|startoftext|>"", ""warm</w>"", ""rus"", ""set</w>"", ""fur</w>"", ""beneath</w>"", ""a</w>"", ""pale</w>"", ""throat</w>"", ""defines</w>"", ""a</w>"", ""rus"", ""set</w>"", ""snow"", ""line</w>"", ""hunter</w>"", "".</w>"", ""this</w>"", ""sentence</w>"", ""describes</w>"", ""the</w>"", ""concept</w>"", ""<|endoftext|>""]",6353,concept</w>,21,23,77,False
fixed_suffix,description,Shaggy dark fur suited to cold woodland defines a towering honey seeker.,Shaggy dark fur suited to cold woodland defines a towering honey seeker. This sentence describes the concept,"[49406, 42662, 3144, 9686, 25919, 531, 3153, 17447, 28218, 320, 39444, 6406, 28011, 269, 589, 12737, 13678, 518, 6353, 49407]","[""<|startoftext|>"", ""shaggy</w>"", ""dark</w>"", ""fur</w>"", ""suited</w>"", ""to</w>"", ""cold</w>"", ""woodland</w>"", ""defines</w>"", ""a</w>"", ""towering</w>"", ""honey</w>"", ""seeker</w>"", "".</w>"", ""this</w>"", ""sentence</w>"", ""describes</w>"", ""the</w>"", ""concept</w>"", ""<|endoftext|>""]",6353,concept</w>,18,20,77,False
fixed_suffix,description,A long-whiskered home companion has a smooth black coat reflecting window light.,A long-whiskered home companion has a smooth black coat reflecting window light. This sentence describes the concept,"[49406, 320, 1538, 268, 6024, 26690, 1137, 14963, 791, 320, 8990, 1449, 7356, 19700, 4879, 1395, 269, 589, 12737, 13678, 518, 6353, 49407]","[""<|startoftext|>"", ""a</w>"", ""long</w>"", ""-</w>"", ""whis"", ""kered</w>"", ""home</w>"", ""companion</w>"", ""has</w>"", ""a</w>"", ""smooth</w>"", ""black</w>"", ""coat</w>"", ""reflecting</w>"", ""window</w>"", ""light</w>"", "".</w>"", ""this</w>"", ""sentence</w>"", ""describes</w>"", ""the</w>"", ""concept</w>"", ""<|endoftext|>""]",6353,concept</w>,21,23,77,False
fixed_suffix,description,A floppy-eared home guardian shows white spotted hair across a sturdy back.,A floppy-eared home guardian shows white spotted hair across a sturdy back. This sentence describes the concept,"[49406, 320, 38267, 268, 9127, 1137, 9498, 2665, 1579, 4533, 2225, 2500, 320, 43780, 893, 269, 589, 12737, 13678, 518, 6353, 49407]","[""<|startoftext|>"", ""a</w>"", ""floppy</w>"", ""-</w>"", ""eared</w>"", ""home</w>"", ""guardian</w>"", ""shows</w>"", ""white</w>"", ""spotted</w>"", ""hair</w>"", ""across</w>"", ""a</w>"", ""sturdy</w>"", ""back</w>"", "".</w>"", ""this</w>"", ""sentence</w>"", ""describes</w>"", ""the</w>"", ""concept</w>"", ""<|endoftext|>""]",6353,concept</w>,20,22,77,False
fixed_suffix,description,Dense copper hair blending into autumn leaves defines a slender twilight forager.,Dense copper hair blending into autumn leaves defines a slender twilight forager. This sentence describes the concept,"[49406, 19353, 10333, 2225, 34307, 1095, 6110, 5579, 28218, 320, 40331, 14512, 645, 10443, 269, 589, 12737, 13678, 518, 6353, 49407]","[""<|startoftext|>"", ""dense</w>"", ""copper</w>"", ""hair</w>"", ""blending</w>"", ""into</w>"", ""autumn</w>"", ""leaves</w>"", ""defines</w>"", ""a</w>"", ""slender</w>"", ""twilight</w>"", ""for"", ""ager</w>"", "".</w>"", ""this</w>"", ""sentence</w>"", ""describes</w>"", ""the</w>"", ""concept</w>"", ""<|endoftext|>""]",6353,concept</w>,19,21,77,False
fixed_suffix,description,A heavy black coat covering broad shoulders identifies a towering honey seeker.,A heavy black coat covering broad shoulders identifies a towering honey seeker. This sentence describes the concept,"[49406, 320, 4200, 1449, 7356, 9462, 12623, 18738, 35712, 320, 39444, 6406, 28011, 269, 589, 12737, 13678, 518, 6353, 49407]","[""<|startoftext|>"", ""a</w>"", ""heavy</w>"", ""black</w>"", ""coat</w>"", ""covering</w>"", ""broad</w>"", ""shoulders</w>"", ""identifies</w>"", ""a</w>"", ""towering</w>"", ""honey</w>"", ""seeker</w>"", "".</w>"", ""this</w>"", ""sentence</w>"", ""describes</w>"", ""the</w>"", ""concept</w>"", ""<|endoftext|>""]",6353,concept</w>,18,20,77,False
fixed_suffix,description,"Within a misty hillside, purring room-explorer demonstrates a smooth black coat reflecting window light.","Within a misty hillside, purring room-explorer demonstrates a smooth black coat reflecting window light. This sentence describes the concept","[49406, 4154, 320, 18799, 37194, 267, 1727, 2540, 1530, 268, 15776, 24806, 320, 8990, 1449, 7356, 19700, 4879, 1395, 269, 589, 12737, 13678, 518, 6353, 49407]","[""<|startoftext|>"", ""within</w>"", ""a</w>"", ""misty</w>"", ""hillside</w>"", "",</w>"", ""pur"", ""ring</w>"", ""room</w>"", ""-</w>"", ""explorer</w>"", ""demonstrates</w>"", ""a</w>"", ""smooth</w>"", ""black</w>"", ""coat</w>"", ""reflecting</w>"", ""window</w>"", ""light</w>"", "".</w>"", ""this</w>"", ""sentence</w>"", ""describes</w>"", ""the</w>"", ""concept</w>"", ""<|endoftext|>""]",6353,concept</w>,24,26,77,False
fixed_suffix,description,"Within a patch of dense brush, wagging household-companion demonstrates a shaggy gray coat around the shoulders.","Within a patch of dense brush, wagging household-companion demonstrates a shaggy gray coat around the shoulders. This sentence describes the concept","[49406, 4154, 320, 8721, 539, 19353, 8594, 267, 5764, 3905, 12412, 268, 14963, 24806, 320, 42662, 7048, 7356, 1630, 518, 18738, 269, 589, 12737, 13678, 518, 6353, 49407]","[""<|startoftext|>"", ""within</w>"", ""a</w>"", ""patch</w>"", ""of</w>"", ""dense</w>"", ""brush</w>"", "",</w>"", ""wag"", ""ging</w>"", ""household</w>"", ""-</w>"", ""companion</w>"", ""demonstrates</w>"", ""a</w>"", ""shaggy</w>"", ""gray</w>"", ""coat</w>"", ""around</w>"", ""the</w>"", ""shoulders</w>"", "".</w>"", ""this</w>"", ""sentence</w>"", ""describes</w>"", ""the</w>"", ""concept</w>"", ""<|endoftext|>""]",6353,concept</w>,26,28,77,False
fixed_suffix,description,Red-coated woodland-hunter displays warm russet fur beneath a pale throat beside a rocky meadow.,Red-coated woodland-hunter displays warm russet fur beneath a pale throat beside a rocky meadow. This sentence describes the concept,"[49406, 736, 268, 23401, 17447, 268, 6099, 15648, 3616, 35811, 1167, 9686, 16850, 320, 12518, 16371, 13519, 320, 9648, 17195, 269, 589, 12737, 13678, 518, 6353, 49407]","[""<|startoftext|>"", ""red</w>"", ""-</w>"", ""coated</w>"", ""woodland</w>"", ""-</w>"", ""hunter</w>"", ""displays</w>"", ""warm</w>"", ""rus"", ""set</w>"", ""fur</w>"", ""beneath</w>"", ""a</w>"", ""pale</w>"", ""throat</w>"", ""beside</w>"", ""a</w>"", ""rocky</w>"", ""meadow</w>"", "".</w>"", ""this</w>"", ""sentence</w>"", ""describes</w>"", ""the</w>"", ""concept</w>"", ""<|endoftext|>""]",6353,concept</w>,25,27,77,False
fixed_suffix,description,Thick cinnamon-colored hair across the torso distinguishes long-clawed wilderness-resident near a shaded woodland edge.,Thick cinnamon-colored hair across the torso distinguishes long-clawed wilderness-resident near a shaded woodland edge. This sentence describes the concept,"[49406, 11006, 13460, 268, 11775, 2225, 2500, 518, 937, 706, 15053, 2502, 1538, 268, 940, 3478, 16506, 268, 9016, 2252, 320, 43506, 17447, 5461, 269, 589, 12737, 13678, 518, 6353, 49407]","[""<|startoftext|>"", ""thick</w>"", ""cinnamon</w>"", ""-</w>"", ""colored</w>"", ""hair</w>"", ""across</w>"", ""the</w>"", ""tor"", ""so</w>"", ""distingui"", ""shes</w>"", ""long</w>"", ""-</w>"", ""cla"", ""wed</w>"", ""wilderness</w>"", ""-</w>"", ""resident</w>"", ""near</w>"", ""a</w>"", ""shaded</w>"", ""woodland</w>"", ""edge</w>"", "".</w>"", ""this</w>"", ""sentence</w>"", ""describes</w>"", ""the</w>"", ""concept</w>"", ""<|endoftext|>""]",6353,concept</w>,29,31,77,False
fixed_suffix,description,"Beside a calm farmyard, purring room-explorer reveals dense velvet-like fur across the back; the viewpoint remains level.","Beside a calm farmyard, purring room-explorer reveals dense velvet-like fur across the back; the viewpoint remains level. This sentence describes the concept","[49406, 13519, 320, 7011, 1578, 1152, 746, 267, 1727, 2540, 1530, 268, 15776, 6621, 19353, 11063, 268, 789, 9686, 2500, 518, 893, 282, 518, 41604, 6807, 2931, 269, 589, 12737, 13678, 518, 6353, 49407]","[""<|startoftext|>"", ""beside</w>"", ""a</w>"", ""calm</w>"", ""far"", ""my"", ""ard</w>"", "",</w>"", ""pur"", ""ring</w>"", ""room</w>"", ""-</w>"", ""explorer</w>"", ""reveals</w>"", ""dense</w>"", ""velvet</w>"", ""-</w>"", ""like</w>"", ""fur</w>"", ""across</w>"", ""the</w>"", ""back</w>"", "";</w>"", ""the</w>"", ""viewpoint</w>"", ""remains</w>"", ""level</w>"", "".</w>"", ""this</w>"", ""sentence</w>"", ""describes</w>"", ""the</w>"", ""concept</w>"", ""<|endoftext|>""]",6353,concept</w>,32,34,77,False
fixed_suffix,description,"A clear view shows wet-nosed trail-helper with a shaggy gray coat around the shoulders, as ground contact stays clear.","A clear view shows wet-nosed trail-helper with a shaggy gray coat around the shoulders, as ground contact stays clear. This sentence describes the concept","[49406, 320, 3143, 1093, 2665, 6682, 268, 578, 1252, 4921, 268, 29321, 593, 320, 42662, 7048, 7356, 1630, 518, 18738, 267, 601, 2461, 3523, 13311, 3143, 269, 589, 12737, 13678, 518, 6353, 49407]","[""<|startoftext|>"", ""a</w>"", ""clear</w>"", ""view</w>"", ""shows</w>"", ""wet</w>"", ""-</w>"", ""no"", ""sed</w>"", ""trail</w>"", ""-</w>"", ""helper</w>"", ""with</w>"", ""a</w>"", ""shaggy</w>"", ""gray</w>"", ""coat</w>"", ""around</w>"", ""the</w>"", ""shoulders</w>"", "",</w>"", ""as</w>"", ""ground</w>"", ""contact</w>"", ""stays</w>"", ""clear</w>"", "".</w>"", ""this</w>"", ""sentence</w>"", ""describes</w>"", ""the</w>"", ""concept</w>"", ""<|endoftext|>""]",6353,concept</w>,31,33,77,False
fixed_suffix,description,"Narrow-muzzled dusk-prowler becomes recognizable through warm russet fur beneath a pale throat, while the setting supports the behavior.","Narrow-muzzled dusk-prowler becomes recognizable through warm russet fur beneath a pale throat, while the setting supports the behavior. This sentence describes the concept","[49406, 16652, 268, 670, 39075, 19708, 268, 38737, 1803, 6766, 47240, 1417, 3616, 35811, 1167, 9686, 16850, 320, 12518, 16371, 267, 1519, 518, 5264, 8336, 518, 10461, 269, 589, 12737, 13678, 518, 6353, 49407]","[""<|startoftext|>"", ""narrow</w>"", ""-</w>"", ""mu"", ""zzled</w>"", ""dusk</w>"", ""-</w>"", ""prow"", ""ler</w>"", ""becomes</w>"", ""recognizable</w>"", ""through</w>"", ""warm</w>"", ""rus"", ""set</w>"", ""fur</w>"", ""beneath</w>"", ""a</w>"", ""pale</w>"", ""throat</w>"", "",</w>"", ""while</w>"", ""the</w>"", ""setting</w>"", ""supports</w>"", ""the</w>"", ""behavior</w>"", "".</w>"", ""this</w>"", ""sentence</w>"", ""describes</w>"", ""the</w>"", ""concept</w>"", ""<|endoftext|>""]",6353,concept</w>,32,34,77,False
fixed_suffix,description,"Round-eared timberland-giant carries a heavy black coat covering broad shoulders across a narrow riverside path; meanwhile, the viewpoint remains level.","Round-eared timberland-giant carries a heavy black coat covering broad shoulders across a narrow riverside path; meanwhile, the viewpoint remains level. This sentence describes the concept","[49406, 2522, 268, 9127, 14441, 973, 268, 4687, 17982, 320, 4200, 1449, 7356, 9462, 12623, 18738, 2500, 320, 16652, 15809, 5035, 282, 9650, 267, 518, 41604, 6807, 2931, 269, 589, 12737, 13678, 518, 6353, 49407]","[""<|startoftext|>"", ""round</w>"", ""-</w>"", ""eared</w>"", ""timber"", ""land</w>"", ""-</w>"", ""giant</w>"", ""carries</w>"", ""a</w>"", ""heavy</w>"", ""black</w>"", ""coat</w>"", ""covering</w>"", ""broad</w>"", ""shoulders</w>"", ""across</w>"", ""a</w>"", ""narrow</w>"", ""riverside</w>"", ""path</w>"", "";</w>"", ""meanwhile</w>"", "",</w>"", ""the</w>"", ""viewpoint</w>"", ""remains</w>"", ""level</w>"", "".</w>"", ""this</w>"", ""sentence</w>"", ""describes</w>"", ""the</w>"", ""concept</w>"", ""<|endoftext|>""]",6353,concept</w>,33,35,77,False
fixed_suffix,description,"Short gray hair patterned by faint bands distinguishes retractable-clawed climber near a patch of dense brush, where the setting supports the behavior.","Short gray hair patterned by faint bands distinguishes retractable-clawed climber near a patch of dense brush, where the setting supports the behavior. This sentence describes the concept","[49406, 3005, 7048, 2225, 47212, 638, 30807, 7858, 15053, 2502, 32735, 2175, 268, 940, 3478, 36910, 2252, 320, 8721, 539, 19353, 8594, 267, 1234, 518, 5264, 8336, 518, 10461, 269, 589, 12737, 13678, 518, 6353, 49407]","[""<|startoftext|>"", ""short</w>"", ""gray</w>"", ""hair</w>"", ""patterned</w>"", ""by</w>"", ""faint</w>"", ""bands</w>"", ""distingui"", ""shes</w>"", ""retrac"", ""table</w>"", ""-</w>"", ""cla"", ""wed</w>"", ""climber</w>"", ""near</w>"", ""a</w>"", ""patch</w>"", ""of</w>"", ""dense</w>"", ""brush</w>"", "",</w>"", ""where</w>"", ""the</w>"", ""setting</w>"", ""supports</w>"", ""the</w>"", ""behavior</w>"", "".</w>"", ""this</w>"", ""sentence</w>"", ""describes</w>"", ""the</w>"", ""concept</w>"", ""<|endoftext|>""]",6353,concept</w>,34,36,77,False
fixed_suffix,description,"White spotted hair across a sturdy back distinguishes broad-pawed gate-watcher near a pale winter field, where the background preserves its outline.","White spotted hair across a sturdy back distinguishes broad-pawed gate-watcher near a pale winter field, where the background preserves its outline. This sentence describes the concept","[49406, 1579, 4533, 2225, 2500, 320, 43780, 893, 15053, 2502, 12623, 268, 765, 3478, 3302, 268, 35971, 2252, 320, 12518, 2541, 1570, 267, 1234, 518, 5994, 44881, 902, 26894, 269, 589, 12737, 13678, 518, 6353, 49407]","[""<|startoftext|>"", ""white</w>"", ""spotted</w>"", ""hair</w>"", ""across</w>"", ""a</w>"", ""sturdy</w>"", ""back</w>"", ""distingui"", ""shes</w>"", ""broad</w>"", ""-</w>"", ""pa"", ""wed</w>"", ""gate</w>"", ""-</w>"", ""watcher</w>"", ""near</w>"", ""a</w>"", ""pale</w>"", ""winter</w>"", ""field</w>"", "",</w>"", ""where</w>"", ""the</w>"", ""background</w>"", ""preserves</w>"", ""its</w>"", ""outline</w>"", "".</w>"", ""this</w>"", ""sentence</w>"", ""describes</w>"", ""the</w>"", ""concept</w>"", ""<|endoftext|>""]",6353,concept</w>,34,36,77,False
fixed_suffix,description,"A clear view shows bushy-tailed den-visitor with dense copper hair blending into autumn leaves, as the moment appears unstaged.","A clear view shows bushy-tailed den-visitor with dense copper hair blending into autumn leaves, as the moment appears unstaged. This sentence describes the concept","[49406, 320, 3143, 1093, 2665, 609, 9682, 268, 20626, 1181, 268, 13881, 593, 19353, 10333, 2225, 34307, 1095, 6110, 5579, 267, 601, 518, 2495, 8743, 569, 19906, 269, 589, 12737, 13678, 518, 6353, 49407]","[""<|startoftext|>"", ""a</w>"", ""clear</w>"", ""view</w>"", ""shows</w>"", ""bu"", ""shy</w>"", ""-</w>"", ""tailed</w>"", ""den</w>"", ""-</w>"", ""visitor</w>"", ""with</w>"", ""dense</w>"", ""copper</w>"", ""hair</w>"", ""blending</w>"", ""into</w>"", ""autumn</w>"", ""leaves</w>"", "",</w>"", ""as</w>"", ""the</w>"", ""moment</w>"", ""appears</w>"", ""un"", ""staged</w>"", "".</w>"", ""this</w>"", ""sentence</w>"", ""describes</w>"", ""the</w>"", ""concept</w>"", ""<|endoftext|>""]",6353,concept</w>,32,34,77,False
fixed_suffix,description,"A clear view shows thick-furred cave-sleeper with thick cinnamon-colored hair across the torso, as surrounding plants provide scale.","A clear view shows thick-furred cave-sleeper with thick cinnamon-colored hair across the torso, as surrounding plants provide scale. This sentence describes the concept","[49406, 320, 3143, 1093, 2665, 11006, 268, 2395, 736, 9654, 268, 28709, 593, 11006, 13460, 268, 11775, 2225, 2500, 518, 937, 706, 267, 601, 12544, 5829, 4832, 5879, 269, 589, 12737, 13678, 518, 6353, 49407]","[""<|startoftext|>"", ""a</w>"", ""clear</w>"", ""view</w>"", ""shows</w>"", ""thick</w>"", ""-</w>"", ""fur"", ""red</w>"", ""cave</w>"", ""-</w>"", ""sleeper</w>"", ""with</w>"", ""thick</w>"", ""cinnamon</w>"", ""-</w>"", ""colored</w>"", ""hair</w>"", ""across</w>"", ""the</w>"", ""tor"", ""so</w>"", "",</w>"", ""as</w>"", ""surrounding</w>"", ""plants</w>"", ""provide</w>"", ""scale</w>"", "".</w>"", ""this</w>"", ""sentence</w>"", ""describes</w>"", ""the</w>"", ""concept</w>"", ""<|endoftext|>""]",6353,concept</w>,33,35,77,False
fixed_suffix,description,A striped household mouser reveals pointed ears above bright slit-shaped eyes.,A striped household mouser reveals pointed ears above bright slit-shaped eyes. This sentence describes the concept,"[49406, 320, 22192, 12412, 24837, 528, 6621, 20703, 9861, 4348, 4852, 47011, 268, 10127, 3095, 269, 589, 12737, 13678, 518, 6353, 49407]","[""<|startoftext|>"", ""a</w>"", ""striped</w>"", ""household</w>"", ""mous"", ""er</w>"", ""reveals</w>"", ""pointed</w>"", ""ears</w>"", ""above</w>"", ""bright</w>"", ""slit</w>"", ""-</w>"", ""shaped</w>"", ""eyes</w>"", "".</w>"", ""this</w>"", ""sentence</w>"", ""describes</w>"", ""the</w>"", ""concept</w>"", ""<|endoftext|>""]",6353,concept</w>,20,22,77,False
fixed_suffix,description,A wet dark nose beneath gently folded ears marks a playful backyard digger.,A wet dark nose beneath gently folded ears marks a playful backyard digger. This sentence describes the concept,"[49406, 320, 6682, 3144, 8231, 16850, 17187, 25233, 9861, 5466, 320, 23871, 12608, 35919, 269, 589, 12737, 13678, 518, 6353, 49407]","[""<|startoftext|>"", ""a</w>"", ""wet</w>"", ""dark</w>"", ""nose</w>"", ""beneath</w>"", ""gently</w>"", ""folded</w>"", ""ears</w>"", ""marks</w>"", ""a</w>"", ""playful</w>"", ""backyard</w>"", ""digger</w>"", "".</w>"", ""this</w>"", ""sentence</w>"", ""describes</w>"", ""the</w>"", ""concept</w>"", ""<|endoftext|>""]",6353,concept</w>,19,21,77,False
fixed_suffix,description,A sharp-eared orange hunter shows white cheeks and a long narrow snout.,A sharp-eared orange hunter shows white cheeks and a long narrow snout. This sentence describes the concept,"[49406, 320, 8157, 268, 9127, 4287, 6099, 2665, 1579, 23019, 537, 320, 1538, 16652, 1672, 620, 269, 589, 12737, 13678, 518, 6353, 49407]","[""<|startoftext|>"", ""a</w>"", ""sharp</w>"", ""-</w>"", ""eared</w>"", ""orange</w>"", ""hunter</w>"", ""shows</w>"", ""white</w>"", ""cheeks</w>"", ""and</w>"", ""a</w>"", ""long</w>"", ""narrow</w>"", ""sn"", ""out</w>"", "".</w>"", ""this</w>"", ""sentence</w>"", ""describes</w>"", ""the</w>"", ""concept</w>"", ""<|endoftext|>""]",6353,concept</w>,21,23,77,False
fixed_suffix,description,A round-eared forest giant has a wide pale muzzle beneath round listening ears.,A round-eared forest giant has a wide pale muzzle beneath round listening ears. This sentence describes the concept,"[49406, 320, 2522, 268, 9127, 4167, 4687, 791, 320, 3184, 12518, 670, 7873, 16850, 2522, 3656, 9861, 269, 589, 12737, 13678, 518, 6353, 49407]","[""<|startoftext|>"", ""a</w>"", ""round</w>"", ""-</w>"", ""eared</w>"", ""forest</w>"", ""giant</w>"", ""has</w>"", ""a</w>"", ""wide</w>"", ""pale</w>"", ""mu"", ""zzle</w>"", ""beneath</w>"", ""round</w>"", ""listening</w>"", ""ears</w>"", "".</w>"", ""this</w>"", ""sentence</w>"", ""describes</w>"", ""the</w>"", ""concept</w>"", ""<|endoftext|>""]",6353,concept</w>,22,24,77,False
fixed_suffix,description,A whiskered lap companion shows fine cheek whiskers below independently turning ears.,A whiskered lap companion shows fine cheek whiskers below independently turning ears. This sentence describes the concept,"[49406, 320, 6024, 26690, 8639, 14963, 2665, 3797, 21227, 6024, 2880, 3788, 39831, 4976, 9861, 269, 589, 12737, 13678, 518, 6353, 49407]","[""<|startoftext|>"", ""a</w>"", ""whis"", ""kered</w>"", ""lap</w>"", ""companion</w>"", ""shows</w>"", ""fine</w>"", ""cheek</w>"", ""whis"", ""kers</w>"", ""below</w>"", ""independently</w>"", ""turning</w>"", ""ears</w>"", "".</w>"", ""this</w>"", ""sentence</w>"", ""describes</w>"", ""the</w>"", ""concept</w>"", ""<|endoftext|>""]",6353,concept</w>,20,22,77,False
fixed_suffix,description,A long scenting muzzle beneath lifted ears identifies a leash-wearing companion.,A long scenting muzzle beneath lifted ears identifies a leash-wearing companion. This sentence describes the concept,"[49406, 320, 1538, 2204, 694, 670, 7873, 16850, 16783, 9861, 35712, 320, 36192, 268, 3309, 14963, 269, 589, 12737, 13678, 518, 6353, 49407]","[""<|startoftext|>"", ""a</w>"", ""long</w>"", ""scen"", ""ting</w>"", ""mu"", ""zzle</w>"", ""beneath</w>"", ""lifted</w>"", ""ears</w>"", ""identifies</w>"", ""a</w>"", ""leash</w>"", ""-</w>"", ""wearing</w>"", ""companion</w>"", "".</w>"", ""this</w>"", ""sentence</w>"", ""describes</w>"", ""the</w>"", ""concept</w>"", ""<|endoftext|>""]",6353,concept</w>,21,23,77,False
fixed_suffix,description,A red-coated dusk hunter reveals fine whiskers surrounding a compact black nose.,A red-coated dusk hunter reveals fine whiskers surrounding a compact black nose. This sentence describes the concept,"[49406, 320, 736, 268, 23401, 19708, 6099, 6621, 3797, 6024, 2880, 12544, 320, 13690, 1449, 8231, 269, 589, 12737, 13678, 518, 6353, 49407]","[""<|startoftext|>"", ""a</w>"", ""red</w>"", ""-</w>"", ""coated</w>"", ""dusk</w>"", ""hunter</w>"", ""reveals</w>"", ""fine</w>"", ""whis"", ""kers</w>"", ""surrounding</w>"", ""a</w>"", ""compact</w>"", ""black</w>"", ""nose</w>"", "".</w>"", ""this</w>"", ""sentence</w>"", ""describes</w>"", ""the</w>"", ""concept</w>"", ""<|endoftext|>""]",6353,concept</w>,21,23,77,False
fixed_suffix,description,A sensitive dark nose beyond a heavy face marks a thick-furred woodland giant.,A sensitive dark nose beyond a heavy face marks a thick-furred woodland giant. This sentence describes the concept,"[49406, 320, 13734, 3144, 8231, 4432, 320, 4200, 1710, 5466, 320, 11006, 268, 2395, 736, 17447, 4687, 269, 589, 12737, 13678, 518, 6353, 49407]","[""<|startoftext|>"", ""a</w>"", ""sensitive</w>"", ""dark</w>"", ""nose</w>"", ""beyond</w>"", ""a</w>"", ""heavy</w>"", ""face</w>"", ""marks</w>"", ""a</w>"", ""thick</w>"", ""-</w>"", ""fur"", ""red</w>"", ""woodland</w>"", ""giant</w>"", "".</w>"", ""this</w>"", ""sentence</w>"", ""describes</w>"", ""the</w>"", ""concept</w>"", ""<|endoftext|>""]",6353,concept</w>,22,24,77,False
fixed_suffix,description,"Against low evening light, pointed ears above bright slit-shaped eyes defines purring room-explorer.","Against low evening light, pointed ears above bright slit-shaped eyes defines purring room-explorer. This sentence describes the concept","[49406, 1601, 1042, 2285, 1395, 267, 20703, 9861, 4348, 4852, 47011, 268, 10127, 3095, 28218, 1727, 2540, 1530, 268, 15776, 269, 589, 12737, 13678, 518, 6353, 49407]","[""<|startoftext|>"", ""against</w>"", ""low</w>"", ""evening</w>"", ""light</w>"", "",</w>"", ""pointed</w>"", ""ears</w>"", ""above</w>"", ""bright</w>"", ""slit</w>"", ""-</w>"", ""shaped</w>"", ""eyes</w>"", ""defines</w>"", ""pur"", ""ring</w>"", ""room</w>"", ""-</w>"", ""explorer</w>"", "".</w>"", ""this</w>"", ""sentence</w>"", ""describes</w>"", ""the</w>"", ""concept</w>"", ""<|endoftext|>""]",6353,concept</w>,25,27,77,False
fixed_suffix,description,A wet dark nose beneath gently folded ears distinguishes leash-following walking-partner near a calm farmyard.,A wet dark nose beneath gently folded ears distinguishes leash-following walking-partner near a calm farmyard. This sentence describes the concept,"[49406, 320, 6682, 3144, 8231, 16850, 17187, 25233, 9861, 15053, 2502, 36192, 268, 3473, 3941, 268, 4568, 2252, 320, 7011, 1578, 1152, 746, 269, 589, 12737, 13678, 518, 6353, 49407]","[""<|startoftext|>"", ""a</w>"", ""wet</w>"", ""dark</w>"", ""nose</w>"", ""beneath</w>"", ""gently</w>"", ""folded</w>"", ""ears</w>"", ""distingui"", ""shes</w>"", ""leash</w>"", ""-</w>"", ""following</w>"", ""walking</w>"", ""-</w>"", ""partner</w>"", ""near</w>"", ""a</w>"", ""calm</w>"", ""far"", ""my"", ""ard</w>"", "".</w>"", ""this</w>"", ""sentence</w>"", ""describes</w>"", ""the</w>"", ""concept</w>"", ""<|endoftext|>""]",6353,concept</w>,28,30,77,False
fixed_suffix,description,"A red woodland hunter reveals pointed ears, white cheeks, black whiskers, and a narrow muzzle at close range.","A red woodland hunter reveals pointed ears, white cheeks, black whiskers, and a narrow muzzle at close range. This sentence describes the concept","[49406, 320, 736, 17447, 6099, 6621, 20703, 9861, 267, 1579, 23019, 267, 1449, 6024, 2880, 267, 537, 320, 16652, 670, 7873, 536, 2660, 3818, 269, 589, 12737, 13678, 518, 6353, 49407]","[""<|startoftext|>"", ""a</w>"", ""red</w>"", ""woodland</w>"", ""hunter</w>"", ""reveals</w>"", ""pointed</w>"", ""ears</w>"", "",</w>"", ""white</w>"", ""cheeks</w>"", "",</w>"", ""black</w>"", ""whis"", ""kers</w>"", "",</w>"", ""and</w>"", ""a</w>"", ""narrow</w>"", ""mu"", ""zzle</w>"", ""at</w>"", ""close</w>"", ""range</w>"", "".</w>"", ""this</w>"", ""sentence</w>"", ""describes</w>"", ""the</w>"", ""concept</w>"", ""<|endoftext|>""]",6353,concept</w>,29,31,77,False
fixed_suffix,description,A massive head narrowing toward a prominent nose distinguishes long-clawed wilderness-resident near a misty hillside.,A massive head narrowing toward a prominent nose distinguishes long-clawed wilderness-resident near a misty hillside. This sentence describes the concept,"[49406, 320, 4818, 1375, 2977, 12807, 8508, 320, 19172, 8231, 15053, 2502, 1538, 268, 940, 3478, 16506, 268, 9016, 2252, 320, 18799, 37194, 269, 589, 12737, 13678, 518, 6353, 49407]","[""<|startoftext|>"", ""a</w>"", ""massive</w>"", ""head</w>"", ""nar"", ""rowing</w>"", ""toward</w>"", ""a</w>"", ""prominent</w>"", ""nose</w>"", ""distingui"", ""shes</w>"", ""long</w>"", ""-</w>"", ""cla"", ""wed</w>"", ""wilderness</w>"", ""-</w>"", ""resident</w>"", ""near</w>"", ""a</w>"", ""misty</w>"", ""hillside</w>"", "".</w>"", ""this</w>"", ""sentence</w>"", ""describes</w>"", ""the</w>"", ""concept</w>"", ""<|endoftext|>""]",6353,concept</w>,28,30,77,False
fixed_suffix,description,"A clear view shows striped hearthside-prowler with reflective eyes set in a compact whiskered face, as ground contact stays clear.","A clear view shows striped hearthside-prowler with reflective eyes set in a compact whiskered face, as ground contact stays clear. This sentence describes the concept","[49406, 320, 3143, 1093, 2665, 22192, 31563, 1145, 268, 38737, 1803, 593, 27008, 3095, 1167, 530, 320, 13690, 6024, 26690, 1710, 267, 601, 2461, 3523, 13311, 3143, 269, 589, 12737, 13678, 518, 6353, 49407]","[""<|startoftext|>"", ""a</w>"", ""clear</w>"", ""view</w>"", ""shows</w>"", ""striped</w>"", ""hearth"", ""side</w>"", ""-</w>"", ""prow"", ""ler</w>"", ""with</w>"", ""reflective</w>"", ""eyes</w>"", ""set</w>"", ""in</w>"", ""a</w>"", ""compact</w>"", ""whis"", ""kered</w>"", ""face</w>"", "",</w>"", ""as</w>"", ""ground</w>"", ""contact</w>"", ""stays</w>"", ""clear</w>"", "".</w>"", ""this</w>"", ""sentence</w>"", ""describes</w>"", ""the</w>"", ""concept</w>"", ""<|endoftext|>""]",6353,concept</w>,32,34,77,False
fixed_suffix,description,"Tongue-out family-companion displays round attentive eyes above a broad nose beside a sunlit garden path, while the posture remains natural.","Tongue-out family-companion displays round attentive eyes above a broad nose beside a sunlit garden path, while the posture remains natural. This sentence describes the concept","[49406, 13626, 268, 620, 1315, 268, 14963, 15648, 2522, 4084, 1420, 3095, 4348, 320, 12623, 8231, 13519, 320, 968, 4350, 2756, 5035, 267, 1519, 518, 29681, 6807, 3288, 269, 589, 12737, 13678, 518, 6353, 49407]","[""<|startoftext|>"", ""tongue</w>"", ""-</w>"", ""out</w>"", ""family</w>"", ""-</w>"", ""companion</w>"", ""displays</w>"", ""round</w>"", ""atten"", ""tive</w>"", ""eyes</w>"", ""above</w>"", ""a</w>"", ""broad</w>"", ""nose</w>"", ""beside</w>"", ""a</w>"", ""sun"", ""lit</w>"", ""garden</w>"", ""path</w>"", "",</w>"", ""while</w>"", ""the</w>"", ""posture</w>"", ""remains</w>"", ""natural</w>"", "".</w>"", ""this</w>"", ""sentence</w>"", ""describes</w>"", ""the</w>"", ""concept</w>"", ""<|endoftext|>""]",6353,concept</w>,33,35,77,False
fixed_suffix,description,"Beside a broad dirt trail, bushy-tailed den-visitor reveals white cheek markings beneath alert pointed ears; its full body stays visible.","Beside a broad dirt trail, bushy-tailed den-visitor reveals white cheek markings beneath alert pointed ears; its full body stays visible. This sentence describes the concept","[49406, 13519, 320, 12623, 11795, 4921, 267, 609, 9682, 268, 20626, 1181, 268, 13881, 6621, 1579, 21227, 41046, 16850, 4662, 20703, 9861, 282, 902, 1476, 1774, 13311, 8626, 269, 589, 12737, 13678, 518, 6353, 49407]","[""<|startoftext|>"", ""beside</w>"", ""a</w>"", ""broad</w>"", ""dirt</w>"", ""trail</w>"", "",</w>"", ""bu"", ""shy</w>"", ""-</w>"", ""tailed</w>"", ""den</w>"", ""-</w>"", ""visitor</w>"", ""reveals</w>"", ""white</w>"", ""cheek</w>"", ""markings</w>"", ""beneath</w>"", ""alert</w>"", ""pointed</w>"", ""ears</w>"", "";</w>"", ""its</w>"", ""full</w>"", ""body</w>"", ""stays</w>"", ""visible</w>"", "".</w>"", ""this</w>"", ""sentence</w>"", ""describes</w>"", ""the</w>"", ""concept</w>"", ""<|endoftext|>""]",6353,concept</w>,33,35,77,False
fixed_suffix,description,"Beneath soft overcast light, round-eared timberland-giant becomes recognizable through a massive head narrowing toward a prominent nose, while ground contact stays clear.","Beneath soft overcast light, round-eared timberland-giant becomes recognizable through a massive head narrowing toward a prominent nose, while ground contact stays clear. This sentence describes the concept","[49406, 16850, 3773, 36942, 1395, 267, 2522, 268, 9127, 14441, 973, 268, 4687, 6766, 47240, 1417, 320, 4818, 1375, 2977, 12807, 8508, 320, 19172, 8231, 267, 1519, 2461, 3523, 13311, 3143, 269, 589, 12737, 13678, 518, 6353, 49407]","[""<|startoftext|>"", ""beneath</w>"", ""soft</w>"", ""overcast</w>"", ""light</w>"", "",</w>"", ""round</w>"", ""-</w>"", ""eared</w>"", ""timber"", ""land</w>"", ""-</w>"", ""giant</w>"", ""becomes</w>"", ""recognizable</w>"", ""through</w>"", ""a</w>"", ""massive</w>"", ""head</w>"", ""nar"", ""rowing</w>"", ""toward</w>"", ""a</w>"", ""prominent</w>"", ""nose</w>"", "",</w>"", ""while</w>"", ""ground</w>"", ""contact</w>"", ""stays</w>"", ""clear</w>"", "".</w>"", ""this</w>"", ""sentence</w>"", ""describes</w>"", ""the</w>"", ""concept</w>"", ""<|endoftext|>""]",6353,concept</w>,36,38,77,False
fixed_suffix,description,"Fine cheek whiskers below independently turning ears distinguishes whiskered house-prowler near a patch of dense brush, where the background preserves its outline.","Fine cheek whiskers below independently turning ears distinguishes whiskered house-prowler near a patch of dense brush, where the background preserves its outline. This sentence describes the concept","[49406, 3797, 21227, 6024, 2880, 3788, 39831, 4976, 9861, 15053, 2502, 6024, 26690, 1212, 268, 38737, 1803, 2252, 320, 8721, 539, 19353, 8594, 267, 1234, 518, 5994, 44881, 902, 26894, 269, 589, 12737, 13678, 518, 6353, 49407]","[""<|startoftext|>"", ""fine</w>"", ""cheek</w>"", ""whis"", ""kers</w>"", ""below</w>"", ""independently</w>"", ""turning</w>"", ""ears</w>"", ""distingui"", ""shes</w>"", ""whis"", ""kered</w>"", ""house</w>"", ""-</w>"", ""prow"", ""ler</w>"", ""near</w>"", ""a</w>"", ""patch</w>"", ""of</w>"", ""dense</w>"", ""brush</w>"", "",</w>"", ""where</w>"", ""the</w>"", ""background</w>"", ""preserves</w>"", ""its</w>"", ""outline</w>"", "".</w>"", ""this</w>"", ""sentence</w>"", ""describes</w>"", ""the</w>"", ""concept</w>"", ""<|endoftext|>""]",6353,concept</w>,35,37,77,False
fixed_suffix,description,"Within a rocky meadow, wagging household-companion demonstrates a long scenting muzzle beneath lifted ears, where the pose shows balanced proportions.","Within a rocky meadow, wagging household-companion demonstrates a long scenting muzzle beneath lifted ears, where the pose shows balanced proportions. This sentence describes the concept","[49406, 4154, 320, 9648, 17195, 267, 5764, 3905, 12412, 268, 14963, 24806, 320, 1538, 2204, 694, 670, 7873, 16850, 16783, 9861, 267, 1234, 518, 4230, 2665, 15273, 39391, 269, 589, 12737, 13678, 518, 6353, 49407]","[""<|startoftext|>"", ""within</w>"", ""a</w>"", ""rocky</w>"", ""meadow</w>"", "",</w>"", ""wag"", ""ging</w>"", ""household</w>"", ""-</w>"", ""companion</w>"", ""demonstrates</w>"", ""a</w>"", ""long</w>"", ""scen"", ""ting</w>"", ""mu"", ""zzle</w>"", ""beneath</w>"", ""lifted</w>"", ""ears</w>"", "",</w>"", ""where</w>"", ""the</w>"", ""pose</w>"", ""shows</w>"", ""balanced</w>"", ""proportions</w>"", "".</w>"", ""this</w>"", ""sentence</w>"", ""describes</w>"", ""the</w>"", ""concept</w>"", ""<|endoftext|>""]",6353,concept</w>,33,35,77,False
fixed_suffix,description,"Red-coated woodland-hunter displays fine whiskers surrounding a compact black nose beside a shaded woodland edge, while the posture remains natural.","Red-coated woodland-hunter displays fine whiskers surrounding a compact black nose beside a shaded woodland edge, while the posture remains natural. This sentence describes the concept","[49406, 736, 268, 23401, 17447, 268, 6099, 15648, 3797, 6024, 2880, 12544, 320, 13690, 1449, 8231, 13519, 320, 43506, 17447, 5461, 267, 1519, 518, 29681, 6807, 3288, 269, 589, 12737, 13678, 518, 6353, 49407]","[""<|startoftext|>"", ""red</w>"", ""-</w>"", ""coated</w>"", ""woodland</w>"", ""-</w>"", ""hunter</w>"", ""displays</w>"", ""fine</w>"", ""whis"", ""kers</w>"", ""surrounding</w>"", ""a</w>"", ""compact</w>"", ""black</w>"", ""nose</w>"", ""beside</w>"", ""a</w>"", ""shaded</w>"", ""woodland</w>"", ""edge</w>"", "",</w>"", ""while</w>"", ""the</w>"", ""posture</w>"", ""remains</w>"", ""natural</w>"", "".</w>"", ""this</w>"", ""sentence</w>"", ""describes</w>"", ""the</w>"", ""concept</w>"", ""<|endoftext|>""]",6353,concept</w>,32,34,77,False
fixed_suffix,description,"While facing the open trail, powerful berry-gatherer becomes recognizable through a sensitive dark nose beyond a heavy face, while the background preserves its outline.","While facing the open trail, powerful berry-gatherer becomes recognizable through a sensitive dark nose beyond a heavy face, while the background preserves its outline. This sentence describes the concept","[49406, 1519, 7619, 518, 1488, 4921, 267, 4875, 3488, 268, 1275, 599, 3407, 6766, 47240, 1417, 320, 13734, 3144, 8231, 4432, 320, 4200, 1710, 267, 1519, 518, 5994, 44881, 902, 26894, 269, 589, 12737, 13678, 518, 6353, 49407]","[""<|startoftext|>"", ""while</w>"", ""facing</w>"", ""the</w>"", ""open</w>"", ""trail</w>"", "",</w>"", ""powerful</w>"", ""berry</w>"", ""-</w>"", ""ga"", ""the"", ""rer</w>"", ""becomes</w>"", ""recognizable</w>"", ""through</w>"", ""a</w>"", ""sensitive</w>"", ""dark</w>"", ""nose</w>"", ""beyond</w>"", ""a</w>"", ""heavy</w>"", ""face</w>"", "",</w>"", ""while</w>"", ""the</w>"", ""background</w>"", ""preserves</w>"", ""its</w>"", ""outline</w>"", "".</w>"", ""this</w>"", ""sentence</w>"", ""describes</w>"", ""the</w>"", ""concept</w>"", ""<|endoftext|>""]",6353,concept</w>,36,38,77,False
fixed_suffix,description,A striped household mouser has quiet padded paws beneath flexible forelegs.,A striped household mouser has quiet padded paws beneath flexible forelegs. This sentence describes the concept,"[49406, 320, 22192, 12412, 24837, 528, 791, 7557, 42253, 16714, 16850, 14502, 1484, 7072, 269, 589, 12737, 13678, 518, 6353, 49407]","[""<|startoftext|>"", ""a</w>"", ""striped</w>"", ""household</w>"", ""mous"", ""er</w>"", ""has</w>"", ""quiet</w>"", ""padded</w>"", ""paws</w>"", ""beneath</w>"", ""flexible</w>"", ""fore"", ""legs</w>"", "".</w>"", ""this</w>"", ""sentence</w>"", ""describes</w>"", ""the</w>"", ""concept</w>"", ""<|endoftext|>""]",6353,concept</w>,19,21,77,False
fixed_suffix,description,A panting ball retriever carries broad padded paws beneath sturdy running legs.,A panting ball retriever carries broad padded paws beneath sturdy running legs. This sentence describes the concept,"[49406, 320, 1072, 694, 1069, 28394, 17982, 12623, 42253, 16714, 16850, 43780, 2761, 7072, 269, 589, 12737, 13678, 518, 6353, 49407]","[""<|startoftext|>"", ""a</w>"", ""pan"", ""ting</w>"", ""ball</w>"", ""retriever</w>"", ""carries</w>"", ""broad</w>"", ""padded</w>"", ""paws</w>"", ""beneath</w>"", ""sturdy</w>"", ""running</w>"", ""legs</w>"", "".</w>"", ""this</w>"", ""sentence</w>"", ""describes</w>"", ""the</w>"", ""concept</w>"", ""<|endoftext|>""]",6353,concept</w>,19,21,77,False
fixed_suffix,description,A narrow-muzzled night prowler has small black feet beneath narrow lower legs.,A narrow-muzzled night prowler has small black feet beneath narrow lower legs. This sentence describes the concept,"[49406, 320, 16652, 268, 670, 39075, 930, 38737, 1803, 791, 2442, 1449, 4804, 16850, 16652, 4909, 7072, 269, 589, 12737, 13678, 518, 6353, 49407]","[""<|startoftext|>"", ""a</w>"", ""narrow</w>"", ""-</w>"", ""mu"", ""zzled</w>"", ""night</w>"", ""prow"", ""ler</w>"", ""has</w>"", ""small</w>"", ""black</w>"", ""feet</w>"", ""beneath</w>"", ""narrow</w>"", ""lower</w>"", ""legs</w>"", "".</w>"", ""this</w>"", ""sentence</w>"", ""describes</w>"", ""the</w>"", ""concept</w>"", ""<|endoftext|>""]",6353,concept</w>,22,24,77,False
fixed_suffix,description,A powerful berry gatherer carries thick muscular legs supporting deliberate steps.,A powerful berry gatherer carries thick muscular legs supporting deliberate steps. This sentence describes the concept,"[49406, 320, 4875, 3488, 1275, 599, 3407, 17982, 11006, 30606, 7072, 3976, 38271, 5408, 269, 589, 12737, 13678, 518, 6353, 49407]","[""<|startoftext|>"", ""a</w>"", ""powerful</w>"", ""berry</w>"", ""ga"", ""the"", ""rer</w>"", ""carries</w>"", ""thick</w>"", ""muscular</w>"", ""legs</w>"", ""supporting</w>"", ""deliberate</w>"", ""steps</w>"", "".</w>"", ""this</w>"", ""sentence</w>"", ""describes</w>"", ""the</w>"", ""concept</w>"", ""<|endoftext|>""]",6353,concept</w>,19,21,77,False
fixed_suffix,description,A long balancing tail behind springing hind legs defines an upright-tailed lap companion.,A long balancing tail behind springing hind legs defines an upright-tailed lap companion. This sentence describes the concept,"[49406, 320, 1538, 23541, 4132, 2403, 1536, 4066, 23293, 7072, 28218, 550, 29818, 268, 20626, 8639, 14963, 269, 589, 12737, 13678, 518, 6353, 49407]","[""<|startoftext|>"", ""a</w>"", ""long</w>"", ""balancing</w>"", ""tail</w>"", ""behind</w>"", ""spr"", ""inging</w>"", ""hind</w>"", ""legs</w>"", ""defines</w>"", ""an</w>"", ""upright</w>"", ""-</w>"", ""tailed</w>"", ""lap</w>"", ""companion</w>"", "".</w>"", ""this</w>"", ""sentence</w>"", ""describes</w>"", ""the</w>"", ""concept</w>"", ""<|endoftext|>""]",6353,concept</w>,22,24,77,False
fixed_suffix,description,A broad-pawed walking partner carries straight forelegs supporting a ready stance.,A broad-pawed walking partner carries straight forelegs supporting a ready stance. This sentence describes the concept,"[49406, 320, 12623, 268, 765, 3478, 3941, 4568, 17982, 4241, 1484, 7072, 3976, 320, 1112, 3542, 269, 589, 12737, 13678, 518, 6353, 49407]","[""<|startoftext|>"", ""a</w>"", ""broad</w>"", ""-</w>"", ""pa"", ""wed</w>"", ""walking</w>"", ""partner</w>"", ""carries</w>"", ""straight</w>"", ""fore"", ""legs</w>"", ""supporting</w>"", ""a</w>"", ""ready</w>"", ""stance</w>"", "".</w>"", ""this</w>"", ""sentence</w>"", ""describes</w>"", ""the</w>"", ""concept</w>"", ""<|endoftext|>""]",6353,concept</w>,21,23,77,False
fixed_suffix,description,A bushy-tailed den visitor has dark lower legs ending in light quick paws.,A bushy-tailed den visitor has dark lower legs ending in light quick paws. This sentence describes the concept,"[49406, 320, 609, 9682, 268, 20626, 1181, 13881, 791, 3144, 4909, 7072, 2695, 530, 1395, 3712, 16714, 269, 589, 12737, 13678, 518, 6353, 49407]","[""<|startoftext|>"", ""a</w>"", ""bu"", ""shy</w>"", ""-</w>"", ""tailed</w>"", ""den</w>"", ""visitor</w>"", ""has</w>"", ""dark</w>"", ""lower</w>"", ""legs</w>"", ""ending</w>"", ""in</w>"", ""light</w>"", ""quick</w>"", ""paws</w>"", "".</w>"", ""this</w>"", ""sentence</w>"", ""describes</w>"", ""the</w>"", ""concept</w>"", ""<|endoftext|>""]",6353,concept</w>,22,24,77,False
fixed_suffix,description,A bulky streamside fisher has heavy hind limbs behind a very short tail.,A bulky streamside fisher has heavy hind limbs behind a very short tail. This sentence describes the concept,"[49406, 320, 2572, 2383, 8659, 1145, 9176, 791, 4200, 23293, 34886, 2403, 320, 1070, 3005, 4132, 269, 589, 12737, 13678, 518, 6353, 49407]","[""<|startoftext|>"", ""a</w>"", ""bul"", ""ky</w>"", ""stream"", ""side</w>"", ""fisher</w>"", ""has</w>"", ""heavy</w>"", ""hind</w>"", ""limbs</w>"", ""behind</w>"", ""a</w>"", ""very</w>"", ""short</w>"", ""tail</w>"", "".</w>"", ""this</w>"", ""sentence</w>"", ""describes</w>"", ""the</w>"", ""concept</w>"", ""<|endoftext|>""]",6353,concept</w>,21,23,77,False
fixed_suffix,description,Whiskered house-prowler displays small rounded feet placed in a narrow walking line beside low evening light.,Whiskered house-prowler displays small rounded feet placed in a narrow walking line beside low evening light. This sentence describes the concept,"[49406, 6024, 26690, 1212, 268, 38737, 1803, 15648, 2442, 26973, 4804, 9729, 530, 320, 16652, 3941, 1148, 13519, 1042, 2285, 1395, 269, 589, 12737, 13678, 518, 6353, 49407]","[""<|startoftext|>"", ""whis"", ""kered</w>"", ""house</w>"", ""-</w>"", ""prow"", ""ler</w>"", ""displays</w>"", ""small</w>"", ""rounded</w>"", ""feet</w>"", ""placed</w>"", ""in</w>"", ""a</w>"", ""narrow</w>"", ""walking</w>"", ""line</w>"", ""beside</w>"", ""low</w>"", ""evening</w>"", ""light</w>"", "".</w>"", ""this</w>"", ""sentence</w>"", ""describes</w>"", ""the</w>"", ""concept</w>"", ""<|endoftext|>""]",6353,concept</w>,26,28,77,False
fixed_suffix,description,Straight forelegs supporting a ready stance distinguishes tongue-out family-companion near a calm farmyard.,Straight forelegs supporting a ready stance distinguishes tongue-out family-companion near a calm farmyard. This sentence describes the concept,"[49406, 4241, 1484, 7072, 3976, 320, 1112, 3542, 15053, 2502, 13626, 268, 620, 1315, 268, 14963, 2252, 320, 7011, 1578, 1152, 746, 269, 589, 12737, 13678, 518, 6353, 49407]","[""<|startoftext|>"", ""straight</w>"", ""fore"", ""legs</w>"", ""supporting</w>"", ""a</w>"", ""ready</w>"", ""stance</w>"", ""distingui"", ""shes</w>"", ""tongue</w>"", ""-</w>"", ""out</w>"", ""family</w>"", ""-</w>"", ""companion</w>"", ""near</w>"", ""a</w>"", ""calm</w>"", ""far"", ""my"", ""ard</w>"", "".</w>"", ""this</w>"", ""sentence</w>"", ""describes</w>"", ""the</w>"", ""concept</w>"", ""<|endoftext|>""]",6353,concept</w>,27,29,77,False
fixed_suffix,description,"Within soft morning light, amber-eyed meadow-prowler demonstrates slender springing limbs suited to sudden pounces.","Within soft morning light, amber-eyed meadow-prowler demonstrates slender springing limbs suited to sudden pounces. This sentence describes the concept","[49406, 4154, 3773, 1119, 1395, 267, 9986, 268, 15512, 17195, 268, 38737, 1803, 24806, 40331, 1536, 4066, 34886, 25919, 531, 15433, 79, 30299, 269, 589, 12737, 13678, 518, 6353, 49407]","[""<|startoftext|>"", ""within</w>"", ""soft</w>"", ""morning</w>"", ""light</w>"", "",</w>"", ""amber</w>"", ""-</w>"", ""eyed</w>"", ""meadow</w>"", ""-</w>"", ""prow"", ""ler</w>"", ""demonstrates</w>"", ""slender</w>"", ""spr"", ""inging</w>"", ""limbs</w>"", ""suited</w>"", ""to</w>"", ""sudden</w>"", ""p"", ""ounces</w>"", "".</w>"", ""this</w>"", ""sentence</w>"", ""describes</w>"", ""the</w>"", ""concept</w>"", ""<|endoftext|>""]",6353,concept</w>,28,30,77,False
fixed_suffix,description,Long curved claws extending beyond dark toe pads distinguishes round-eared timberland-giant near a shaded woodland edge.,Long curved claws extending beyond dark toe pads distinguishes round-eared timberland-giant near a shaded woodland edge. This sentence describes the concept,"[49406, 1538, 25789, 29161, 25652, 4432, 3144, 11344, 17353, 15053, 2502, 2522, 268, 9127, 14441, 973, 268, 4687, 2252, 320, 43506, 17447, 5461, 269, 589, 12737, 13678, 518, 6353, 49407]","[""<|startoftext|>"", ""long</w>"", ""curved</w>"", ""claws</w>"", ""extending</w>"", ""beyond</w>"", ""dark</w>"", ""toe</w>"", ""pads</w>"", ""distingui"", ""shes</w>"", ""round</w>"", ""-</w>"", ""eared</w>"", ""timber"", ""land</w>"", ""-</w>"", ""giant</w>"", ""near</w>"", ""a</w>"", ""shaded</w>"", ""woodland</w>"", ""edge</w>"", "".</w>"", ""this</w>"", ""sentence</w>"", ""describes</w>"", ""the</w>"", ""concept</w>"", ""<|endoftext|>""]",6353,concept</w>,28,30,77,False
fixed_suffix,description,"Beside a misty hillside, pointed-eared lap-companion reveals curved retractable claws hidden above soft toe pads; nearby tracks indicate scale.","Beside a misty hillside, pointed-eared lap-companion reveals curved retractable claws hidden above soft toe pads; nearby tracks indicate scale. This sentence describes the concept","[49406, 13519, 320, 18799, 37194, 267, 20703, 268, 9127, 8639, 268, 14963, 6621, 25789, 32735, 2175, 29161, 7029, 4348, 3773, 11344, 17353, 282, 13314, 7579, 26679, 5879, 269, 589, 12737, 13678, 518, 6353, 49407]","[""<|startoftext|>"", ""beside</w>"", ""a</w>"", ""misty</w>"", ""hillside</w>"", "",</w>"", ""pointed</w>"", ""-</w>"", ""eared</w>"", ""lap</w>"", ""-</w>"", ""companion</w>"", ""reveals</w>"", ""curved</w>"", ""retrac"", ""table</w>"", ""claws</w>"", ""hidden</w>"", ""above</w>"", ""soft</w>"", ""toe</w>"", ""pads</w>"", "";</w>"", ""nearby</w>"", ""tracks</w>"", ""indicate</w>"", ""scale</w>"", "".</w>"", ""this</w>"", ""sentence</w>"", ""describes</w>"", ""the</w>"", ""concept</w>"", ""<|endoftext|>""]",6353,concept</w>,32,34,77,False
fixed_suffix,description,"Collar-wearing yard-guardian carries a wagging tail extending from strong hindquarters across a patch of dense brush; meanwhile, the viewpoint remains level.","Collar-wearing yard-guardian carries a wagging tail extending from strong hindquarters across a patch of dense brush; meanwhile, the viewpoint remains level. This sentence describes the concept","[49406, 13497, 268, 3309, 4313, 268, 9498, 17982, 320, 5764, 3905, 4132, 25652, 633, 2389, 34460, 10146, 2500, 320, 8721, 539, 19353, 8594, 282, 9650, 267, 518, 41604, 6807, 2931, 269, 589, 12737, 13678, 518, 6353, 49407]","[""<|startoftext|>"", ""collar</w>"", ""-</w>"", ""wearing</w>"", ""yard</w>"", ""-</w>"", ""guardian</w>"", ""carries</w>"", ""a</w>"", ""wag"", ""ging</w>"", ""tail</w>"", ""extending</w>"", ""from</w>"", ""strong</w>"", ""hind"", ""quarters</w>"", ""across</w>"", ""a</w>"", ""patch</w>"", ""of</w>"", ""dense</w>"", ""brush</w>"", "";</w>"", ""meanwhile</w>"", "",</w>"", ""the</w>"", ""viewpoint</w>"", ""remains</w>"", ""level</w>"", "".</w>"", ""this</w>"", ""sentence</w>"", ""describes</w>"", ""the</w>"", ""concept</w>"", ""<|endoftext|>""]",6353,concept</w>,35,37,77,False
fixed_suffix,description,"Narrow-muzzled dusk-prowler carries small black feet beneath narrow lower legs across a pale winter field; meanwhile, soft light preserves surface detail.","Narrow-muzzled dusk-prowler carries small black feet beneath narrow lower legs across a pale winter field; meanwhile, soft light preserves surface detail. This sentence describes the concept","[49406, 16652, 268, 670, 39075, 19708, 268, 38737, 1803, 17982, 2442, 1449, 4804, 16850, 16652, 4909, 7072, 2500, 320, 12518, 2541, 1570, 282, 9650, 267, 3773, 1395, 44881, 7744, 7657, 269, 589, 12737, 13678, 518, 6353, 49407]","[""<|startoftext|>"", ""narrow</w>"", ""-</w>"", ""mu"", ""zzled</w>"", ""dusk</w>"", ""-</w>"", ""prow"", ""ler</w>"", ""carries</w>"", ""small</w>"", ""black</w>"", ""feet</w>"", ""beneath</w>"", ""narrow</w>"", ""lower</w>"", ""legs</w>"", ""across</w>"", ""a</w>"", ""pale</w>"", ""winter</w>"", ""field</w>"", "";</w>"", ""meanwhile</w>"", "",</w>"", ""soft</w>"", ""light</w>"", ""preserves</w>"", ""surface</w>"", ""detail</w>"", "".</w>"", ""this</w>"", ""sentence</w>"", ""describes</w>"", ""the</w>"", ""concept</w>"", ""<|endoftext|>""]",6353,concept</w>,35,37,77,False
fixed_suffix,description,"Within a shaded woodland edge, thick-furred cave-sleeper demonstrates thick muscular legs supporting deliberate steps, where the setting supports the behavior.","Within a shaded woodland edge, thick-furred cave-sleeper demonstrates thick muscular legs supporting deliberate steps, where the setting supports the behavior. This sentence describes the concept","[49406, 4154, 320, 43506, 17447, 5461, 267, 11006, 268, 2395, 736, 9654, 268, 28709, 24806, 11006, 30606, 7072, 3976, 38271, 5408, 267, 1234, 518, 5264, 8336, 518, 10461, 269, 589, 12737, 13678, 518, 6353, 49407]","[""<|startoftext|>"", ""within</w>"", ""a</w>"", ""shaded</w>"", ""woodland</w>"", ""edge</w>"", "",</w>"", ""thick</w>"", ""-</w>"", ""fur"", ""red</w>"", ""cave</w>"", ""-</w>"", ""sleeper</w>"", ""demonstrates</w>"", ""thick</w>"", ""muscular</w>"", ""legs</w>"", ""supporting</w>"", ""deliberate</w>"", ""steps</w>"", "",</w>"", ""where</w>"", ""the</w>"", ""setting</w>"", ""supports</w>"", ""the</w>"", ""behavior</w>"", "".</w>"", ""this</w>"", ""sentence</w>"", ""describes</w>"", ""the</w>"", ""concept</w>"", ""<|endoftext|>""]",6353,concept</w>,33,35,77,False
fixed_suffix,description,"Against scattered autumn leaves, curved retractable claws hidden above soft toe pads defines striped hearthside-prowler; the pose shows balanced proportions.","Against scattered autumn leaves, curved retractable claws hidden above soft toe pads defines striped hearthside-prowler; the pose shows balanced proportions. This sentence describes the concept","[49406, 1601, 22090, 6110, 5579, 267, 25789, 32735, 2175, 29161, 7029, 4348, 3773, 11344, 17353, 28218, 22192, 31563, 1145, 268, 38737, 1803, 282, 518, 4230, 2665, 15273, 39391, 269, 589, 12737, 13678, 518, 6353, 49407]","[""<|startoftext|>"", ""against</w>"", ""scattered</w>"", ""autumn</w>"", ""leaves</w>"", "",</w>"", ""curved</w>"", ""retrac"", ""table</w>"", ""claws</w>"", ""hidden</w>"", ""above</w>"", ""soft</w>"", ""toe</w>"", ""pads</w>"", ""defines</w>"", ""striped</w>"", ""hearth"", ""side</w>"", ""-</w>"", ""prow"", ""ler</w>"", "";</w>"", ""the</w>"", ""pose</w>"", ""shows</w>"", ""balanced</w>"", ""proportions</w>"", "".</w>"", ""this</w>"", ""sentence</w>"", ""describes</w>"", ""the</w>"", ""concept</w>"", ""<|endoftext|>""]",6353,concept</w>,33,35,77,False
fixed_suffix,description,"Within a rocky meadow, floppy-eared home-guardian demonstrates a wagging tail extending from strong hindquarters, where nearby tracks indicate scale.","Within a rocky meadow, floppy-eared home-guardian demonstrates a wagging tail extending from strong hindquarters, where nearby tracks indicate scale. This sentence describes the concept","[49406, 4154, 320, 9648, 17195, 267, 38267, 268, 9127, 1137, 268, 9498, 24806, 320, 5764, 3905, 4132, 25652, 633, 2389, 34460, 10146, 267, 1234, 13314, 7579, 26679, 5879, 269, 589, 12737, 13678, 518, 6353, 49407]","[""<|startoftext|>"", ""within</w>"", ""a</w>"", ""rocky</w>"", ""meadow</w>"", "",</w>"", ""floppy</w>"", ""-</w>"", ""eared</w>"", ""home</w>"", ""-</w>"", ""guardian</w>"", ""demonstrates</w>"", ""a</w>"", ""wag"", ""ging</w>"", ""tail</w>"", ""extending</w>"", ""from</w>"", ""strong</w>"", ""hind"", ""quarters</w>"", "",</w>"", ""where</w>"", ""nearby</w>"", ""tracks</w>"", ""indicate</w>"", ""scale</w>"", "".</w>"", ""this</w>"", ""sentence</w>"", ""describes</w>"", ""the</w>"", ""concept</w>"", ""<|endoftext|>""]",6353,concept</w>,33,35,77,False
fixed_suffix,description,"Sharp-eared field-stalker becomes recognizable through slender springing limbs suited to sudden pounces, while the background preserves its outline.","Sharp-eared field-stalker becomes recognizable through slender springing limbs suited to sudden pounces, while the background preserves its outline. This sentence describes the concept","[49406, 8157, 268, 9127, 1570, 268, 26777, 6766, 47240, 1417, 40331, 1536, 4066, 34886, 25919, 531, 15433, 79, 30299, 267, 1519, 518, 5994, 44881, 902, 26894, 269, 589, 12737, 13678, 518, 6353, 49407]","[""<|startoftext|>"", ""sharp</w>"", ""-</w>"", ""eared</w>"", ""field</w>"", ""-</w>"", ""stalker</w>"", ""becomes</w>"", ""recognizable</w>"", ""through</w>"", ""slender</w>"", ""spr"", ""inging</w>"", ""limbs</w>"", ""suited</w>"", ""to</w>"", ""sudden</w>"", ""p"", ""ounces</w>"", "",</w>"", ""while</w>"", ""the</w>"", ""background</w>"", ""preserves</w>"", ""its</w>"", ""outline</w>"", "".</w>"", ""this</w>"", ""sentence</w>"", ""describes</w>"", ""the</w>"", ""concept</w>"", ""<|endoftext|>""]",6353,concept</w>,31,33,77,False
fixed_suffix,description,"Massive front feet planted across rough ground distinguishes powerful berry-gatherer near a shallow stream bank, where the pose shows balanced proportions.","Massive front feet planted across rough ground distinguishes powerful berry-gatherer near a shallow stream bank, where the pose shows balanced proportions. This sentence describes the concept","[49406, 4818, 2184, 4804, 14286, 2500, 8511, 2461, 15053, 2502, 4875, 3488, 268, 1275, 599, 3407, 2252, 320, 23730, 3322, 2723, 267, 1234, 518, 4230, 2665, 15273, 39391, 269, 589, 12737, 13678, 518, 6353, 49407]","[""<|startoftext|>"", ""massive</w>"", ""front</w>"", ""feet</w>"", ""planted</w>"", ""across</w>"", ""rough</w>"", ""ground</w>"", ""distingui"", ""shes</w>"", ""powerful</w>"", ""berry</w>"", ""-</w>"", ""ga"", ""the"", ""rer</w>"", ""near</w>"", ""a</w>"", ""shallow</w>"", ""stream</w>"", ""bank</w>"", "",</w>"", ""where</w>"", ""the</w>"", ""pose</w>"", ""shows</w>"", ""balanced</w>"", ""proportions</w>"", "".</w>"", ""this</w>"", ""sentence</w>"", ""describes</w>"", ""the</w>"", ""concept</w>"", ""<|endoftext|>""]",6353,concept</w>,33,35,77,False
fixed_suffix,description,A striped household mouser carries a compact low torso with a flexible spine.,A striped household mouser carries a compact low torso with a flexible spine. This sentence describes the concept,"[49406, 320, 22192, 12412, 24837, 528, 17982, 320, 13690, 1042, 937, 706, 593, 320, 14502, 19646, 269, 589, 12737, 13678, 518, 6353, 49407]","[""<|startoftext|>"", ""a</w>"", ""striped</w>"", ""household</w>"", ""mous"", ""er</w>"", ""carries</w>"", ""a</w>"", ""compact</w>"", ""low</w>"", ""tor"", ""so</w>"", ""with</w>"", ""a</w>"", ""flexible</w>"", ""spine</w>"", "".</w>"", ""this</w>"", ""sentence</w>"", ""describes</w>"", ""the</w>"", ""concept</w>"", ""<|endoftext|>""]",6353,concept</w>,21,23,77,False
fixed_suffix,description,A tail-wagging family companion carries strong shoulders above an athletic household silhouette.,A tail-wagging family companion carries strong shoulders above an athletic household silhouette. This sentence describes the concept,"[49406, 320, 4132, 268, 5764, 3905, 1315, 14963, 17982, 2389, 18738, 4348, 550, 9028, 12412, 26149, 269, 589, 12737, 13678, 518, 6353, 49407]","[""<|startoftext|>"", ""a</w>"", ""tail</w>"", ""-</w>"", ""wag"", ""ging</w>"", ""family</w>"", ""companion</w>"", ""carries</w>"", ""strong</w>"", ""shoulders</w>"", ""above</w>"", ""an</w>"", ""athletic</w>"", ""household</w>"", ""silhouette</w>"", "".</w>"", ""this</w>"", ""sentence</w>"", ""describes</w>"", ""the</w>"", ""concept</w>"", ""<|endoftext|>""]",6353,concept</w>,21,23,77,False
fixed_suffix,description,A light elongated frame beneath a full tail marks a russet snowline hunter.,A light elongated frame beneath a full tail marks a russet snowline hunter. This sentence describes the concept,"[49406, 320, 1395, 44363, 943, 6481, 16850, 320, 1476, 4132, 5466, 320, 35811, 1167, 3880, 1148, 6099, 269, 589, 12737, 13678, 518, 6353, 49407]","[""<|startoftext|>"", ""a</w>"", ""light</w>"", ""elong"", ""ated</w>"", ""frame</w>"", ""beneath</w>"", ""a</w>"", ""full</w>"", ""tail</w>"", ""marks</w>"", ""a</w>"", ""rus"", ""set</w>"", ""snow"", ""line</w>"", ""hunter</w>"", "".</w>"", ""this</w>"", ""sentence</w>"", ""describes</w>"", ""the</w>"", ""concept</w>"", ""<|endoftext|>""]",6353,concept</w>,22,24,77,False
fixed_suffix,description,A broad-pawed wilderness forager has a towering woodland silhouette built for strength.,A broad-pawed wilderness forager has a towering woodland silhouette built for strength. This sentence describes the concept,"[49406, 320, 12623, 268, 765, 3478, 16506, 645, 10443, 791, 320, 39444, 17447, 26149, 3874, 556, 5959, 269, 589, 12737, 13678, 518, 6353, 49407]","[""<|startoftext|>"", ""a</w>"", ""broad</w>"", ""-</w>"", ""pa"", ""wed</w>"", ""wilderness</w>"", ""for"", ""ager</w>"", ""has</w>"", ""a</w>"", ""towering</w>"", ""woodland</w>"", ""silhouette</w>"", ""built</w>"", ""for</w>"", ""strength</w>"", "".</w>"", ""this</w>"", ""sentence</w>"", ""describes</w>"", ""the</w>"", ""concept</w>"", ""<|endoftext|>""]",6353,concept</w>,22,24,77,False
fixed_suffix,description,A lightweight household frame and narrow shoulders identifies a purring house prowler.,A lightweight household frame and narrow shoulders identifies a purring house prowler. This sentence describes the concept,"[49406, 320, 16278, 12412, 6481, 537, 16652, 18738, 35712, 320, 1727, 2540, 1212, 38737, 1803, 269, 589, 12737, 13678, 518, 6353, 49407]","[""<|startoftext|>"", ""a</w>"", ""lightweight</w>"", ""household</w>"", ""frame</w>"", ""and</w>"", ""narrow</w>"", ""shoulders</w>"", ""identifies</w>"", ""a</w>"", ""pur"", ""ring</w>"", ""house</w>"", ""prow"", ""ler</w>"", "".</w>"", ""this</w>"", ""sentence</w>"", ""describes</w>"", ""the</w>"", ""concept</w>"", ""<|endoftext|>""]",6353,concept</w>,20,22,77,False
fixed_suffix,description,A panting ball retriever shows a sturdy medium frame with a broad chest.,A panting ball retriever shows a sturdy medium frame with a broad chest. This sentence describes the concept,"[49406, 320, 1072, 694, 1069, 28394, 2665, 320, 43780, 8675, 6481, 593, 320, 12623, 10563, 269, 589, 12737, 13678, 518, 6353, 49407]","[""<|startoftext|>"", ""a</w>"", ""pan"", ""ting</w>"", ""ball</w>"", ""retriever</w>"", ""shows</w>"", ""a</w>"", ""sturdy</w>"", ""medium</w>"", ""frame</w>"", ""with</w>"", ""a</w>"", ""broad</w>"", ""chest</w>"", "".</w>"", ""this</w>"", ""sentence</w>"", ""describes</w>"", ""the</w>"", ""concept</w>"", ""<|endoftext|>""]",6353,concept</w>,20,22,77,False
fixed_suffix,description,A slender red hunter carries a huge bushy tail with a bright white tip.,A slender red hunter carries a huge bushy tail with a bright white tip. This sentence describes the concept,"[49406, 320, 40331, 736, 6099, 17982, 320, 2699, 609, 9682, 4132, 593, 320, 4852, 1579, 4623, 269, 589, 12737, 13678, 518, 6353, 49407]","[""<|startoftext|>"", ""a</w>"", ""slender</w>"", ""red</w>"", ""hunter</w>"", ""carries</w>"", ""a</w>"", ""huge</w>"", ""bu"", ""shy</w>"", ""tail</w>"", ""with</w>"", ""a</w>"", ""bright</w>"", ""white</w>"", ""tip</w>"", "".</w>"", ""this</w>"", ""sentence</w>"", ""describes</w>"", ""the</w>"", ""concept</w>"", ""<|endoftext|>""]",6353,concept</w>,21,23,77,False
fixed_suffix,description,A round-eared forest giant shows a massive torso rising over powerful shoulders.,A round-eared forest giant shows a massive torso rising over powerful shoulders. This sentence describes the concept,"[49406, 320, 2522, 268, 9127, 4167, 4687, 2665, 320, 4818, 937, 706, 5448, 962, 4875, 18738, 269, 589, 12737, 13678, 518, 6353, 49407]","[""<|startoftext|>"", ""a</w>"", ""round</w>"", ""-</w>"", ""eared</w>"", ""forest</w>"", ""giant</w>"", ""shows</w>"", ""a</w>"", ""massive</w>"", ""tor"", ""so</w>"", ""rising</w>"", ""over</w>"", ""powerful</w>"", ""shoulders</w>"", "".</w>"", ""this</w>"", ""sentence</w>"", ""describes</w>"", ""the</w>"", ""concept</w>"", ""<|endoftext|>""]",6353,concept</w>,21,23,77,False
fixed_suffix,description,"Beside low evening light, striped hearthside-prowler reveals a lightweight household frame and narrow shoulders.","Beside low evening light, striped hearthside-prowler reveals a lightweight household frame and narrow shoulders. This sentence describes the concept","[49406, 13519, 1042, 2285, 1395, 267, 22192, 31563, 1145, 268, 38737, 1803, 6621, 320, 16278, 12412, 6481, 537, 16652, 18738, 269, 589, 12737, 13678, 518, 6353, 49407]","[""<|startoftext|>"", ""beside</w>"", ""low</w>"", ""evening</w>"", ""light</w>"", "",</w>"", ""striped</w>"", ""hearth"", ""side</w>"", ""-</w>"", ""prow"", ""ler</w>"", ""reveals</w>"", ""a</w>"", ""lightweight</w>"", ""household</w>"", ""frame</w>"", ""and</w>"", ""narrow</w>"", ""shoulders</w>"", "".</w>"", ""this</w>"", ""sentence</w>"", ""describes</w>"", ""the</w>"", ""concept</w>"", ""<|endoftext|>""]",6353,concept</w>,25,27,77,False
fixed_suffix,description,Leash-following walking-partner displays a sturdy medium frame with a broad chest beside a narrow riverside path.,Leash-following walking-partner displays a sturdy medium frame with a broad chest beside a narrow riverside path. This sentence describes the concept,"[49406, 36192, 268, 3473, 3941, 268, 4568, 15648, 320, 43780, 8675, 6481, 593, 320, 12623, 10563, 13519, 320, 16652, 15809, 5035, 269, 589, 12737, 13678, 518, 6353, 49407]","[""<|startoftext|>"", ""leash</w>"", ""-</w>"", ""following</w>"", ""walking</w>"", ""-</w>"", ""partner</w>"", ""displays</w>"", ""a</w>"", ""sturdy</w>"", ""medium</w>"", ""frame</w>"", ""with</w>"", ""a</w>"", ""broad</w>"", ""chest</w>"", ""beside</w>"", ""a</w>"", ""narrow</w>"", ""riverside</w>"", ""path</w>"", "".</w>"", ""this</w>"", ""sentence</w>"", ""describes</w>"", ""the</w>"", ""concept</w>"", ""<|endoftext|>""]",6353,concept</w>,26,28,77,False
fixed_suffix,description,Orange-chested hedgerow-stalker displays a small woodland silhouette built for quick turns beside soft morning light.,Orange-chested hedgerow-stalker displays a small woodland silhouette built for quick turns beside soft morning light. This sentence describes the concept,"[49406, 4287, 268, 983, 1356, 18271, 1291, 2250, 268, 26777, 15648, 320, 2442, 17447, 26149, 3874, 556, 3712, 3185, 13519, 3773, 1119, 1395, 269, 589, 12737, 13678, 518, 6353, 49407]","[""<|startoftext|>"", ""orange</w>"", ""-</w>"", ""che"", ""sted</w>"", ""hed"", ""ger"", ""ow</w>"", ""-</w>"", ""stalker</w>"", ""displays</w>"", ""a</w>"", ""small</w>"", ""woodland</w>"", ""silhouette</w>"", ""built</w>"", ""for</w>"", ""quick</w>"", ""turns</w>"", ""beside</w>"", ""soft</w>"", ""morning</w>"", ""light</w>"", "".</w>"", ""this</w>"", ""sentence</w>"", ""describes</w>"", ""the</w>"", ""concept</w>"", ""<|endoftext|>""]",6353,concept</w>,28,30,77,False
fixed_suffix,description,"Beside a quiet fence line, towering honey-seeker reveals a massive torso rising over powerful shoulders.","Beside a quiet fence line, towering honey-seeker reveals a massive torso rising over powerful shoulders. This sentence describes the concept","[49406, 13519, 320, 7557, 12679, 1148, 267, 39444, 6406, 268, 28011, 6621, 320, 4818, 937, 706, 5448, 962, 4875, 18738, 269, 589, 12737, 13678, 518, 6353, 49407]","[""<|startoftext|>"", ""beside</w>"", ""a</w>"", ""quiet</w>"", ""fence</w>"", ""line</w>"", "",</w>"", ""towering</w>"", ""honey</w>"", ""-</w>"", ""seeker</w>"", ""reveals</w>"", ""a</w>"", ""massive</w>"", ""tor"", ""so</w>"", ""rising</w>"", ""over</w>"", ""powerful</w>"", ""shoulders</w>"", "".</w>"", ""this</w>"", ""sentence</w>"", ""describes</w>"", ""the</w>"", ""concept</w>"", ""<|endoftext|>""]",6353,concept</w>,25,27,77,False
fixed_suffix,description,"Beside a misty hillside, striped hearthside-prowler reveals a rounded chest tapering toward agile hindquarters; its full body stays visible.","Beside a misty hillside, striped hearthside-prowler reveals a rounded chest tapering toward agile hindquarters; its full body stays visible. This sentence describes the concept","[49406, 13519, 320, 18799, 37194, 267, 22192, 31563, 1145, 268, 38737, 1803, 6621, 320, 26973, 10563, 648, 29746, 8508, 16276, 34460, 10146, 282, 902, 1476, 1774, 13311, 8626, 269, 589, 12737, 13678, 518, 6353, 49407]","[""<|startoftext|>"", ""beside</w>"", ""a</w>"", ""misty</w>"", ""hillside</w>"", "",</w>"", ""striped</w>"", ""hearth"", ""side</w>"", ""-</w>"", ""prow"", ""ler</w>"", ""reveals</w>"", ""a</w>"", ""rounded</w>"", ""chest</w>"", ""ta"", ""pering</w>"", ""toward</w>"", ""agile</w>"", ""hind"", ""quarters</w>"", "";</w>"", ""its</w>"", ""full</w>"", ""body</w>"", ""stays</w>"", ""visible</w>"", "".</w>"", ""this</w>"", ""sentence</w>"", ""describes</w>"", ""the</w>"", ""concept</w>"", ""<|endoftext|>""]",6353,concept</w>,33,35,77,False
fixed_suffix,description,"Against scattered autumn leaves, a balanced torso built for running beside people defines floppy-eared home-guardian; ground contact stays clear.","Against scattered autumn leaves, a balanced torso built for running beside people defines floppy-eared home-guardian; ground contact stays clear. This sentence describes the concept","[49406, 1601, 22090, 6110, 5579, 267, 320, 15273, 937, 706, 3874, 556, 2761, 13519, 1047, 28218, 38267, 268, 9127, 1137, 268, 9498, 282, 2461, 3523, 13311, 3143, 269, 589, 12737, 13678, 518, 6353, 49407]","[""<|startoftext|>"", ""against</w>"", ""scattered</w>"", ""autumn</w>"", ""leaves</w>"", "",</w>"", ""a</w>"", ""balanced</w>"", ""tor"", ""so</w>"", ""built</w>"", ""for</w>"", ""running</w>"", ""beside</w>"", ""people</w>"", ""defines</w>"", ""floppy</w>"", ""-</w>"", ""eared</w>"", ""home</w>"", ""-</w>"", ""guardian</w>"", "";</w>"", ""ground</w>"", ""contact</w>"", ""stays</w>"", ""clear</w>"", "".</w>"", ""this</w>"", ""sentence</w>"", ""describes</w>"", ""the</w>"", ""concept</w>"", ""<|endoftext|>""]",6353,concept</w>,32,34,77,False
fixed_suffix,description,"A clear view shows bushy-tailed den-visitor with a small woodland silhouette built for quick turns, as the setting supports the behavior.","A clear view shows bushy-tailed den-visitor with a small woodland silhouette built for quick turns, as the setting supports the behavior. This sentence describes the concept","[49406, 320, 3143, 1093, 2665, 609, 9682, 268, 20626, 1181, 268, 13881, 593, 320, 2442, 17447, 26149, 3874, 556, 3712, 3185, 267, 601, 518, 5264, 8336, 518, 10461, 269, 589, 12737, 13678, 518, 6353, 49407]","[""<|startoftext|>"", ""a</w>"", ""clear</w>"", ""view</w>"", ""shows</w>"", ""bu"", ""shy</w>"", ""-</w>"", ""tailed</w>"", ""den</w>"", ""-</w>"", ""visitor</w>"", ""with</w>"", ""a</w>"", ""small</w>"", ""woodland</w>"", ""silhouette</w>"", ""built</w>"", ""for</w>"", ""quick</w>"", ""turns</w>"", "",</w>"", ""as</w>"", ""the</w>"", ""setting</w>"", ""supports</w>"", ""the</w>"", ""behavior</w>"", "".</w>"", ""this</w>"", ""sentence</w>"", ""describes</w>"", ""the</w>"", ""concept</w>"", ""<|endoftext|>""]",6353,concept</w>,33,35,77,False
fixed_suffix,description,"Long-clawed wilderness-resident carries a massive torso rising over powerful shoulders across a shaded woodland edge; meanwhile, the background preserves its outline.","Long-clawed wilderness-resident carries a massive torso rising over powerful shoulders across a shaded woodland edge; meanwhile, the background preserves its outline. This sentence describes the concept","[49406, 1538, 268, 940, 3478, 16506, 268, 9016, 17982, 320, 4818, 937, 706, 5448, 962, 4875, 18738, 2500, 320, 43506, 17447, 5461, 282, 9650, 267, 518, 5994, 44881, 902, 26894, 269, 589, 12737, 13678, 518, 6353, 49407]","[""<|startoftext|>"", ""long</w>"", ""-</w>"", ""cla"", ""wed</w>"", ""wilderness</w>"", ""-</w>"", ""resident</w>"", ""carries</w>"", ""a</w>"", ""massive</w>"", ""tor"", ""so</w>"", ""rising</w>"", ""over</w>"", ""powerful</w>"", ""shoulders</w>"", ""across</w>"", ""a</w>"", ""shaded</w>"", ""woodland</w>"", ""edge</w>"", "";</w>"", ""meanwhile</w>"", "",</w>"", ""the</w>"", ""background</w>"", ""preserves</w>"", ""its</w>"", ""outline</w>"", "".</w>"", ""this</w>"", ""sentence</w>"", ""describes</w>"", ""the</w>"", ""concept</w>"", ""<|endoftext|>""]",6353,concept</w>,35,37,77,False
fixed_suffix,description,"Whiskered house-prowler displays a neatly proportioned body suited to tight indoor spaces beside a calm farmyard, while the posture remains natural.","Whiskered house-prowler displays a neatly proportioned body suited to tight indoor spaces beside a calm farmyard, while the posture remains natural. This sentence describes the concept","[49406, 6024, 26690, 1212, 268, 38737, 1803, 15648, 320, 43201, 597, 35016, 9083, 1774, 25919, 531, 9123, 9546, 9006, 13519, 320, 7011, 1578, 1152, 746, 267, 1519, 518, 29681, 6807, 3288, 269, 589, 12737, 13678, 518, 6353, 49407]","[""<|startoftext|>"", ""whis"", ""kered</w>"", ""house</w>"", ""-</w>"", ""prow"", ""ler</w>"", ""displays</w>"", ""a</w>"", ""neat"", ""ly</w>"", ""propor"", ""tioned</w>"", ""body</w>"", ""suited</w>"", ""to</w>"", ""tight</w>"", ""indoor</w>"", ""spaces</w>"", ""beside</w>"", ""a</w>"", ""calm</w>"", ""far"", ""my"", ""ard</w>"", "",</w>"", ""while</w>"", ""the</w>"", ""posture</w>"", ""remains</w>"", ""natural</w>"", "".</w>"", ""this</w>"", ""sentence</w>"", ""describes</w>"", ""the</w>"", ""concept</w>"", ""<|endoftext|>""]",6353,concept</w>,36,38,77,False
fixed_suffix,description,"A clear view shows wagging household-companion with a solid companion-sized body carried on four even legs, as the head and torso remain visible.","A clear view shows wagging household-companion with a solid companion-sized body carried on four even legs, as the head and torso remain visible. This sentence describes the concept","[49406, 320, 3143, 1093, 2665, 5764, 3905, 12412, 268, 14963, 593, 320, 6148, 14963, 268, 9832, 1774, 12960, 525, 2721, 1427, 7072, 267, 601, 518, 1375, 537, 937, 706, 6415, 8626, 269, 589, 12737, 13678, 518, 6353, 49407]","[""<|startoftext|>"", ""a</w>"", ""clear</w>"", ""view</w>"", ""shows</w>"", ""wag"", ""ging</w>"", ""household</w>"", ""-</w>"", ""companion</w>"", ""with</w>"", ""a</w>"", ""solid</w>"", ""companion</w>"", ""-</w>"", ""sized</w>"", ""body</w>"", ""carried</w>"", ""on</w>"", ""four</w>"", ""even</w>"", ""legs</w>"", "",</w>"", ""as</w>"", ""the</w>"", ""head</w>"", ""and</w>"", ""tor"", ""so</w>"", ""remain</w>"", ""visible</w>"", "".</w>"", ""this</w>"", ""sentence</w>"", ""describes</w>"", ""the</w>"", ""concept</w>"", ""<|endoftext|>""]",6353,concept</w>,36,38,77,False
fixed_suffix,description,"Orange-chested hedgerow-stalker becomes recognizable through a graceful ground-hugging body with delicate proportions, while soft light preserves surface detail.","Orange-chested hedgerow-stalker becomes recognizable through a graceful ground-hugging body with delicate proportions, while soft light preserves surface detail. This sentence describes the concept","[49406, 4287, 268, 983, 1356, 18271, 1291, 2250, 268, 26777, 6766, 47240, 1417, 320, 25242, 2461, 268, 27058, 1774, 593, 18768, 39391, 267, 1519, 3773, 1395, 44881, 7744, 7657, 269, 589, 12737, 13678, 518, 6353, 49407]","[""<|startoftext|>"", ""orange</w>"", ""-</w>"", ""che"", ""sted</w>"", ""hed"", ""ger"", ""ow</w>"", ""-</w>"", ""stalker</w>"", ""becomes</w>"", ""recognizable</w>"", ""through</w>"", ""a</w>"", ""graceful</w>"", ""ground</w>"", ""-</w>"", ""hugging</w>"", ""body</w>"", ""with</w>"", ""delicate</w>"", ""proportions</w>"", "",</w>"", ""while</w>"", ""soft</w>"", ""light</w>"", ""preserves</w>"", ""surface</w>"", ""detail</w>"", "".</w>"", ""this</w>"", ""sentence</w>"", ""describes</w>"", ""the</w>"", ""concept</w>"", ""<|endoftext|>""]",6353,concept</w>,34,36,77,False
fixed_suffix,description,"A massive torso rising over powerful shoulders distinguishes round-eared timberland-giant near a shallow stream bank, where nearby tracks indicate scale.","A massive torso rising over powerful shoulders distinguishes round-eared timberland-giant near a shallow stream bank, where nearby tracks indicate scale. This sentence describes the concept","[49406, 320, 4818, 937, 706, 5448, 962, 4875, 18738, 15053, 2502, 2522, 268, 9127, 14441, 973, 268, 4687, 2252, 320, 23730, 3322, 2723, 267, 1234, 13314, 7579, 26679, 5879, 269, 589, 12737, 13678, 518, 6353, 49407]","[""<|startoftext|>"", ""a</w>"", ""massive</w>"", ""tor"", ""so</w>"", ""rising</w>"", ""over</w>"", ""powerful</w>"", ""shoulders</w>"", ""distingui"", ""shes</w>"", ""round</w>"", ""-</w>"", ""eared</w>"", ""timber"", ""land</w>"", ""-</w>"", ""giant</w>"", ""near</w>"", ""a</w>"", ""shallow</w>"", ""stream</w>"", ""bank</w>"", "",</w>"", ""where</w>"", ""nearby</w>"", ""tracks</w>"", ""indicate</w>"", ""scale</w>"", "".</w>"", ""this</w>"", ""sentence</w>"", ""describes</w>"", ""the</w>"", ""concept</w>"", ""<|endoftext|>""]",6353,concept</w>,34,36,77,False
fixed_suffix,description,A retractable-clawed mouser has the floor before springing onto furniture.,A retractable-clawed mouser has the floor before springing onto furniture. This sentence describes the concept,"[49406, 320, 32735, 2175, 268, 940, 3478, 24837, 528, 791, 518, 4125, 1348, 1536, 4066, 3141, 7993, 269, 589, 12737, 13678, 518, 6353, 49407]","[""<|startoftext|>"", ""a</w>"", ""retrac"", ""table</w>"", ""-</w>"", ""cla"", ""wed</w>"", ""mous"", ""er</w>"", ""has</w>"", ""the</w>"", ""floor</w>"", ""before</w>"", ""spr"", ""inging</w>"", ""onto</w>"", ""furniture</w>"", "".</w>"", ""this</w>"", ""sentence</w>"", ""describes</w>"", ""the</w>"", ""concept</w>"", ""<|endoftext|>""]",6353,concept</w>,22,24,77,False
fixed_suffix,description,A footpath while pulling lightly against a leash identifies a collared gate watcher.,A footpath while pulling lightly against a leash identifies a collared gate watcher. This sentence describes the concept,"[49406, 320, 48858, 1519, 12897, 26878, 1601, 320, 36192, 35712, 320, 2929, 736, 3302, 35971, 269, 589, 12737, 13678, 518, 6353, 49407]","[""<|startoftext|>"", ""a</w>"", ""footpath</w>"", ""while</w>"", ""pulling</w>"", ""lightly</w>"", ""against</w>"", ""a</w>"", ""leash</w>"", ""identifies</w>"", ""a</w>"", ""colla"", ""red</w>"", ""gate</w>"", ""watcher</w>"", "".</w>"", ""this</w>"", ""sentence</w>"", ""describes</w>"", ""the</w>"", ""concept</w>"", ""<|endoftext|>""]",6353,concept</w>,20,22,77,False
fixed_suffix,description,A sharp-eared field stalker has woodland cover using a low cautious trot.,A sharp-eared field stalker has woodland cover using a low cautious trot. This sentence describes the concept,"[49406, 320, 8157, 268, 9127, 1570, 26777, 791, 17447, 2202, 1996, 320, 1042, 36579, 30453, 269, 589, 12737, 13678, 518, 6353, 49407]","[""<|startoftext|>"", ""a</w>"", ""sharp</w>"", ""-</w>"", ""eared</w>"", ""field</w>"", ""stalker</w>"", ""has</w>"", ""woodland</w>"", ""cover</w>"", ""using</w>"", ""a</w>"", ""low</w>"", ""cautious</w>"", ""trot</w>"", "".</w>"", ""this</w>"", ""sentence</w>"", ""describes</w>"", ""the</w>"", ""concept</w>"", ""<|endoftext|>""]",6353,concept</w>,20,22,77,False
fixed_suffix,description,A heavy-pawed mountain roamer carries a fallen trunk through surprising climbing strength.,A heavy-pawed mountain roamer carries a fallen trunk through surprising climbing strength. This sentence describes the concept,"[49406, 320, 4200, 268, 765, 3478, 3965, 532, 16147, 17982, 320, 8688, 18347, 1417, 14964, 9877, 5959, 269, 589, 12737, 13678, 518, 6353, 49407]","[""<|startoftext|>"", ""a</w>"", ""heavy</w>"", ""-</w>"", ""pa"", ""wed</w>"", ""mountain</w>"", ""ro"", ""amer</w>"", ""carries</w>"", ""a</w>"", ""fallen</w>"", ""trunk</w>"", ""through</w>"", ""surprising</w>"", ""climbing</w>"", ""strength</w>"", "".</w>"", ""this</w>"", ""sentence</w>"", ""describes</w>"", ""the</w>"", ""concept</w>"", ""<|endoftext|>""]",6353,concept</w>,22,24,77,False
fixed_suffix,description,A long-whiskered home companion reveals the room with a low stalking posture.,A long-whiskered home companion reveals the room with a low stalking posture. This sentence describes the concept,"[49406, 320, 1538, 268, 6024, 26690, 1137, 14963, 6621, 518, 1530, 593, 320, 1042, 24721, 29681, 269, 589, 12737, 13678, 518, 6353, 49407]","[""<|startoftext|>"", ""a</w>"", ""long</w>"", ""-</w>"", ""whis"", ""kered</w>"", ""home</w>"", ""companion</w>"", ""reveals</w>"", ""the</w>"", ""room</w>"", ""with</w>"", ""a</w>"", ""low</w>"", ""stalking</w>"", ""posture</w>"", "".</w>"", ""this</w>"", ""sentence</w>"", ""describes</w>"", ""the</w>"", ""concept</w>"", ""<|endoftext|>""]",6353,concept</w>,21,23,77,False
fixed_suffix,description,A footpath while pulling lightly against a leash marks a keen-nosed scent tracker.,A footpath while pulling lightly against a leash marks a keen-nosed scent tracker. This sentence describes the concept,"[49406, 320, 48858, 1519, 12897, 26878, 1601, 320, 36192, 5466, 320, 13218, 268, 578, 1252, 7683, 18123, 269, 589, 12737, 13678, 518, 6353, 49407]","[""<|startoftext|>"", ""a</w>"", ""footpath</w>"", ""while</w>"", ""pulling</w>"", ""lightly</w>"", ""against</w>"", ""a</w>"", ""leash</w>"", ""marks</w>"", ""a</w>"", ""keen</w>"", ""-</w>"", ""no"", ""sed</w>"", ""scent</w>"", ""tracker</w>"", "".</w>"", ""this</w>"", ""sentence</w>"", ""describes</w>"", ""the</w>"", ""concept</w>"", ""<|endoftext|>""]",6353,concept</w>,22,24,77,False
fixed_suffix,description,A bushy-tailed den visitor shows snow before diving headfirst toward hidden movement.,A bushy-tailed den visitor shows snow before diving headfirst toward hidden movement. This sentence describes the concept,"[49406, 320, 609, 9682, 268, 20626, 1181, 13881, 2665, 2583, 1348, 9886, 1603, 874, 8508, 7029, 5208, 269, 589, 12737, 13678, 518, 6353, 49407]","[""<|startoftext|>"", ""a</w>"", ""bu"", ""shy</w>"", ""-</w>"", ""tailed</w>"", ""den</w>"", ""visitor</w>"", ""shows</w>"", ""snow</w>"", ""before</w>"", ""diving</w>"", ""head"", ""first</w>"", ""toward</w>"", ""hidden</w>"", ""movement</w>"", "".</w>"", ""this</w>"", ""sentence</w>"", ""describes</w>"", ""the</w>"", ""concept</w>"", ""<|endoftext|>""]",6353,concept</w>,22,24,77,False
fixed_suffix,description,A steep slope despite its bulky frame defines a towering honey seeker.,A steep slope despite its bulky frame defines a towering honey seeker. This sentence describes the concept,"[49406, 320, 20714, 22769, 5325, 902, 2572, 2383, 6481, 28218, 320, 39444, 6406, 28011, 269, 589, 12737, 13678, 518, 6353, 49407]","[""<|startoftext|>"", ""a</w>"", ""steep</w>"", ""slope</w>"", ""despite</w>"", ""its</w>"", ""bul"", ""ky</w>"", ""frame</w>"", ""defines</w>"", ""a</w>"", ""towering</w>"", ""honey</w>"", ""seeker</w>"", "".</w>"", ""this</w>"", ""sentence</w>"", ""describes</w>"", ""the</w>"", ""concept</w>"", ""<|endoftext|>""]",6353,concept</w>,19,21,77,False
fixed_suffix,description,A windowsill while its tail corrects balance distinguishes retractable-clawed climber near low evening light.,A windowsill while its tail corrects balance distinguishes retractable-clawed climber near low evening light. This sentence describes the concept,"[49406, 320, 3110, 6300, 660, 1519, 902, 4132, 5011, 590, 6827, 15053, 2502, 32735, 2175, 268, 940, 3478, 36910, 2252, 1042, 2285, 1395, 269, 589, 12737, 13678, 518, 6353, 49407]","[""<|startoftext|>"", ""a</w>"", ""windo"", ""ws"", ""ill</w>"", ""while</w>"", ""its</w>"", ""tail</w>"", ""correc"", ""ts</w>"", ""balance</w>"", ""distingui"", ""shes</w>"", ""retrac"", ""table</w>"", ""-</w>"", ""cla"", ""wed</w>"", ""climber</w>"", ""near</w>"", ""low</w>"", ""evening</w>"", ""light</w>"", "".</w>"", ""this</w>"", ""sentence</w>"", ""describes</w>"", ""the</w>"", ""concept</w>"", ""<|endoftext|>""]",6353,concept</w>,28,30,77,False
fixed_suffix,description,Tongue-out family-companion displays open grass before turning sharply after a ball beside a narrow riverside path.,Tongue-out family-companion displays open grass before turning sharply after a ball beside a narrow riverside path. This sentence describes the concept,"[49406, 13626, 268, 620, 1315, 268, 14963, 15648, 1488, 5922, 1348, 4976, 37185, 953, 320, 1069, 13519, 320, 16652, 15809, 5035, 269, 589, 12737, 13678, 518, 6353, 49407]","[""<|startoftext|>"", ""tongue</w>"", ""-</w>"", ""out</w>"", ""family</w>"", ""-</w>"", ""companion</w>"", ""displays</w>"", ""open</w>"", ""grass</w>"", ""before</w>"", ""turning</w>"", ""sharply</w>"", ""after</w>"", ""a</w>"", ""ball</w>"", ""beside</w>"", ""a</w>"", ""narrow</w>"", ""riverside</w>"", ""path</w>"", "".</w>"", ""this</w>"", ""sentence</w>"", ""describes</w>"", ""the</w>"", ""concept</w>"", ""<|endoftext|>""]",6353,concept</w>,26,28,77,False
fixed_suffix,description,"Within a sunlit garden path, russet snowline-hunter demonstrates a meadow through quick elastic bounds.","Within a sunlit garden path, russet snowline-hunter demonstrates a meadow through quick elastic bounds. This sentence describes the concept","[49406, 4154, 320, 968, 4350, 2756, 5035, 267, 35811, 1167, 3880, 1148, 268, 6099, 24806, 320, 17195, 1417, 3712, 30282, 37469, 269, 589, 12737, 13678, 518, 6353, 49407]","[""<|startoftext|>"", ""within</w>"", ""a</w>"", ""sun"", ""lit</w>"", ""garden</w>"", ""path</w>"", "",</w>"", ""rus"", ""set</w>"", ""snow"", ""line</w>"", ""-</w>"", ""hunter</w>"", ""demonstrates</w>"", ""a</w>"", ""meadow</w>"", ""through</w>"", ""quick</w>"", ""elastic</w>"", ""bounds</w>"", "".</w>"", ""this</w>"", ""sentence</w>"", ""describes</w>"", ""the</w>"", ""concept</w>"", ""<|endoftext|>""]",6353,concept</w>,26,28,77,False
fixed_suffix,description,Short-tailed mountain-roamer becomes recognizable through a fallen trunk through surprising climbing strength near a shaded woodland edge.,Short-tailed mountain-roamer becomes recognizable through a fallen trunk through surprising climbing strength near a shaded woodland edge. This sentence describes the concept,"[49406, 3005, 268, 20626, 3965, 268, 532, 16147, 6766, 47240, 1417, 320, 8688, 18347, 1417, 14964, 9877, 5959, 2252, 320, 43506, 17447, 5461, 269, 589, 12737, 13678, 518, 6353, 49407]","[""<|startoftext|>"", ""short</w>"", ""-</w>"", ""tailed</w>"", ""mountain</w>"", ""-</w>"", ""ro"", ""amer</w>"", ""becomes</w>"", ""recognizable</w>"", ""through</w>"", ""a</w>"", ""fallen</w>"", ""trunk</w>"", ""through</w>"", ""surprising</w>"", ""climbing</w>"", ""strength</w>"", ""near</w>"", ""a</w>"", ""shaded</w>"", ""woodland</w>"", ""edge</w>"", "".</w>"", ""this</w>"", ""sentence</w>"", ""describes</w>"", ""the</w>"", ""concept</w>"", ""<|endoftext|>""]",6353,concept</w>,28,30,77,False
fixed_suffix,description,"A clear view shows padded-paw windowsill-watcher with a windowsill while its tail corrects balance, as ground contact stays clear.","A clear view shows padded-paw windowsill-watcher with a windowsill while its tail corrects balance, as ground contact stays clear. This sentence describes the concept","[49406, 320, 3143, 1093, 2665, 42253, 268, 16016, 3110, 6300, 660, 268, 35971, 593, 320, 3110, 6300, 660, 1519, 902, 4132, 5011, 590, 6827, 267, 601, 2461, 3523, 13311, 3143, 269, 589, 12737, 13678, 518, 6353, 49407]","[""<|startoftext|>"", ""a</w>"", ""clear</w>"", ""view</w>"", ""shows</w>"", ""padded</w>"", ""-</w>"", ""paw</w>"", ""windo"", ""ws"", ""ill</w>"", ""-</w>"", ""watcher</w>"", ""with</w>"", ""a</w>"", ""windo"", ""ws"", ""ill</w>"", ""while</w>"", ""its</w>"", ""tail</w>"", ""correc"", ""ts</w>"", ""balance</w>"", "",</w>"", ""as</w>"", ""ground</w>"", ""contact</w>"", ""stays</w>"", ""clear</w>"", "".</w>"", ""this</w>"", ""sentence</w>"", ""describes</w>"", ""the</w>"", ""concept</w>"", ""<|endoftext|>""]",6353,concept</w>,35,37,77,False
fixed_suffix,description,"Leash-following walking-partner carries the yard in an eager bounding gait across a patch of dense brush; meanwhile, the posture remains natural.","Leash-following walking-partner carries the yard in an eager bounding gait across a patch of dense brush; meanwhile, the posture remains natural. This sentence describes the concept","[49406, 36192, 268, 3473, 3941, 268, 4568, 17982, 518, 4313, 530, 550, 21551, 5993, 796, 1275, 585, 2500, 320, 8721, 539, 19353, 8594, 282, 9650, 267, 518, 29681, 6807, 3288, 269, 589, 12737, 13678, 518, 6353, 49407]","[""<|startoftext|>"", ""leash</w>"", ""-</w>"", ""following</w>"", ""walking</w>"", ""-</w>"", ""partner</w>"", ""carries</w>"", ""the</w>"", ""yard</w>"", ""in</w>"", ""an</w>"", ""eager</w>"", ""boun"", ""ding</w>"", ""ga"", ""it</w>"", ""across</w>"", ""a</w>"", ""patch</w>"", ""of</w>"", ""dense</w>"", ""brush</w>"", "";</w>"", ""meanwhile</w>"", "",</w>"", ""the</w>"", ""posture</w>"", ""remains</w>"", ""natural</w>"", "".</w>"", ""this</w>"", ""sentence</w>"", ""describes</w>"", ""the</w>"", ""concept</w>"", ""<|endoftext|>""]",6353,concept</w>,35,37,77,False
fixed_suffix,description,"Beside a pale winter field, amber-eyed meadow-prowler reveals woodland cover using a low cautious trot; the viewpoint remains level.","Beside a pale winter field, amber-eyed meadow-prowler reveals woodland cover using a low cautious trot; the viewpoint remains level. This sentence describes the concept","[49406, 13519, 320, 12518, 2541, 1570, 267, 9986, 268, 15512, 17195, 268, 38737, 1803, 6621, 17447, 2202, 1996, 320, 1042, 36579, 30453, 282, 518, 41604, 6807, 2931, 269, 589, 12737, 13678, 518, 6353, 49407]","[""<|startoftext|>"", ""beside</w>"", ""a</w>"", ""pale</w>"", ""winter</w>"", ""field</w>"", "",</w>"", ""amber</w>"", ""-</w>"", ""eyed</w>"", ""meadow</w>"", ""-</w>"", ""prow"", ""ler</w>"", ""reveals</w>"", ""woodland</w>"", ""cover</w>"", ""using</w>"", ""a</w>"", ""low</w>"", ""cautious</w>"", ""trot</w>"", "";</w>"", ""the</w>"", ""viewpoint</w>"", ""remains</w>"", ""level</w>"", "".</w>"", ""this</w>"", ""sentence</w>"", ""describes</w>"", ""the</w>"", ""concept</w>"", ""<|endoftext|>""]",6353,concept</w>,32,34,77,False
fixed_suffix,description,"Round-eared timberland-giant displays a steep slope despite its bulky frame beside a quiet fence line, while soft light preserves surface detail.","Round-eared timberland-giant displays a steep slope despite its bulky frame beside a quiet fence line, while soft light preserves surface detail. This sentence describes the concept","[49406, 2522, 268, 9127, 14441, 973, 268, 4687, 15648, 320, 20714, 22769, 5325, 902, 2572, 2383, 6481, 13519, 320, 7557, 12679, 1148, 267, 1519, 3773, 1395, 44881, 7744, 7657, 269, 589, 12737, 13678, 518, 6353, 49407]","[""<|startoftext|>"", ""round</w>"", ""-</w>"", ""eared</w>"", ""timber"", ""land</w>"", ""-</w>"", ""giant</w>"", ""displays</w>"", ""a</w>"", ""steep</w>"", ""slope</w>"", ""despite</w>"", ""its</w>"", ""bul"", ""ky</w>"", ""frame</w>"", ""beside</w>"", ""a</w>"", ""quiet</w>"", ""fence</w>"", ""line</w>"", "",</w>"", ""while</w>"", ""soft</w>"", ""light</w>"", ""preserves</w>"", ""surface</w>"", ""detail</w>"", "".</w>"", ""this</w>"", ""sentence</w>"", ""describes</w>"", ""the</w>"", ""concept</w>"", ""<|endoftext|>""]",6353,concept</w>,34,36,77,False
fixed_suffix,description,"Within a shallow stream bank, striped hearthside-prowler demonstrates the room with a low stalking posture, where the head and torso remain visible.","Within a shallow stream bank, striped hearthside-prowler demonstrates the room with a low stalking posture, where the head and torso remain visible. This sentence describes the concept","[49406, 4154, 320, 23730, 3322, 2723, 267, 22192, 31563, 1145, 268, 38737, 1803, 24806, 518, 1530, 593, 320, 1042, 24721, 29681, 267, 1234, 518, 1375, 537, 937, 706, 6415, 8626, 269, 589, 12737, 13678, 518, 6353, 49407]","[""<|startoftext|>"", ""within</w>"", ""a</w>"", ""shallow</w>"", ""stream</w>"", ""bank</w>"", "",</w>"", ""striped</w>"", ""hearth"", ""side</w>"", ""-</w>"", ""prow"", ""ler</w>"", ""demonstrates</w>"", ""the</w>"", ""room</w>"", ""with</w>"", ""a</w>"", ""low</w>"", ""stalking</w>"", ""posture</w>"", "",</w>"", ""where</w>"", ""the</w>"", ""head</w>"", ""and</w>"", ""tor"", ""so</w>"", ""remain</w>"", ""visible</w>"", "".</w>"", ""this</w>"", ""sentence</w>"", ""describes</w>"", ""the</w>"", ""concept</w>"", ""<|endoftext|>""]",6353,concept</w>,35,37,77,False
fixed_suffix,description,"A clear view shows floppy-eared home-guardian with a footpath while pulling lightly against a leash, as ground contact stays clear.","A clear view shows floppy-eared home-guardian with a footpath while pulling lightly against a leash, as ground contact stays clear. This sentence describes the concept","[49406, 320, 3143, 1093, 2665, 38267, 268, 9127, 1137, 268, 9498, 593, 320, 48858, 1519, 12897, 26878, 1601, 320, 36192, 267, 601, 2461, 3523, 13311, 3143, 269, 589, 12737, 13678, 518, 6353, 49407]","[""<|startoftext|>"", ""a</w>"", ""clear</w>"", ""view</w>"", ""shows</w>"", ""floppy</w>"", ""-</w>"", ""eared</w>"", ""home</w>"", ""-</w>"", ""guardian</w>"", ""with</w>"", ""a</w>"", ""footpath</w>"", ""while</w>"", ""pulling</w>"", ""lightly</w>"", ""against</w>"", ""a</w>"", ""leash</w>"", "",</w>"", ""as</w>"", ""ground</w>"", ""contact</w>"", ""stays</w>"", ""clear</w>"", "".</w>"", ""this</w>"", ""sentence</w>"", ""describes</w>"", ""the</w>"", ""concept</w>"", ""<|endoftext|>""]",6353,concept</w>,31,33,77,False
fixed_suffix,description,"Narrow-muzzled dusk-prowler carries the field with its full tail held level across a shaded woodland edge; meanwhile, the posture remains natural.","Narrow-muzzled dusk-prowler carries the field with its full tail held level across a shaded woodland edge; meanwhile, the posture remains natural. This sentence describes the concept","[49406, 16652, 268, 670, 39075, 19708, 268, 38737, 1803, 17982, 518, 1570, 593, 902, 1476, 4132, 4042, 2931, 2500, 320, 43506, 17447, 5461, 282, 9650, 267, 518, 29681, 6807, 3288, 269, 589, 12737, 13678, 518, 6353, 49407]","[""<|startoftext|>"", ""narrow</w>"", ""-</w>"", ""mu"", ""zzled</w>"", ""dusk</w>"", ""-</w>"", ""prow"", ""ler</w>"", ""carries</w>"", ""the</w>"", ""field</w>"", ""with</w>"", ""its</w>"", ""full</w>"", ""tail</w>"", ""held</w>"", ""level</w>"", ""across</w>"", ""a</w>"", ""shaded</w>"", ""woodland</w>"", ""edge</w>"", "";</w>"", ""meanwhile</w>"", "",</w>"", ""the</w>"", ""posture</w>"", ""remains</w>"", ""natural</w>"", "".</w>"", ""this</w>"", ""sentence</w>"", ""describes</w>"", ""the</w>"", ""concept</w>"", ""<|endoftext|>""]",6353,concept</w>,35,37,77,False
fixed_suffix,description,"Powerful berry-gatherer carries a fallen trunk through surprising climbing strength across a narrow riverside path; meanwhile, the viewpoint remains level.","Powerful berry-gatherer carries a fallen trunk through surprising climbing strength across a narrow riverside path; meanwhile, the viewpoint remains level. This sentence describes the concept","[49406, 4875, 3488, 268, 1275, 599, 3407, 17982, 320, 8688, 18347, 1417, 14964, 9877, 5959, 2500, 320, 16652, 15809, 5035, 282, 9650, 267, 518, 41604, 6807, 2931, 269, 589, 12737, 13678, 518, 6353, 49407]","[""<|startoftext|>"", ""powerful</w>"", ""berry</w>"", ""-</w>"", ""ga"", ""the"", ""rer</w>"", ""carries</w>"", ""a</w>"", ""fallen</w>"", ""trunk</w>"", ""through</w>"", ""surprising</w>"", ""climbing</w>"", ""strength</w>"", ""across</w>"", ""a</w>"", ""narrow</w>"", ""riverside</w>"", ""path</w>"", "";</w>"", ""meanwhile</w>"", "",</w>"", ""the</w>"", ""viewpoint</w>"", ""remains</w>"", ""level</w>"", "".</w>"", ""this</w>"", ""sentence</w>"", ""describes</w>"", ""the</w>"", ""concept</w>"", ""<|endoftext|>""]",6353,concept</w>,32,34,77,False
fixed_suffix,description,Moving string with focused paw taps identifies an upright-tailed lap companion.,Moving string with focused paw taps identifies an upright-tailed lap companion. This sentence describes the concept,"[49406, 3584, 9696, 593, 9319, 16016, 23267, 35712, 550, 29818, 268, 20626, 8639, 14963, 269, 589, 12737, 13678, 518, 6353, 49407]","[""<|startoftext|>"", ""moving</w>"", ""string</w>"", ""with</w>"", ""focused</w>"", ""paw</w>"", ""taps</w>"", ""identifies</w>"", ""an</w>"", ""upright</w>"", ""-</w>"", ""tailed</w>"", ""lap</w>"", ""companion</w>"", "".</w>"", ""this</w>"", ""sentence</w>"", ""describes</w>"", ""the</w>"", ""concept</w>"", ""<|endoftext|>""]",6353,concept</w>,19,21,77,False
fixed_suffix,description,A broad-pawed walking partner shows the floor beside a familiar person's chair.,A broad-pawed walking partner shows the floor beside a familiar person's chair. This sentence describes the concept,"[49406, 320, 12623, 268, 765, 3478, 3941, 4568, 2665, 518, 4125, 13519, 320, 10020, 2533, 568, 4269, 269, 589, 12737, 13678, 518, 6353, 49407]","[""<|startoftext|>"", ""a</w>"", ""broad</w>"", ""-</w>"", ""pa"", ""wed</w>"", ""walking</w>"", ""partner</w>"", ""shows</w>"", ""the</w>"", ""floor</w>"", ""beside</w>"", ""a</w>"", ""familiar</w>"", ""person</w>"", ""'s</w>"", ""chair</w>"", "".</w>"", ""this</w>"", ""sentence</w>"", ""describes</w>"", ""the</w>"", ""concept</w>"", ""<|endoftext|>""]",6353,concept</w>,22,24,77,False
fixed_suffix,description,An amber-eyed meadow prowler shows faint ground sounds with tilted ears.,An amber-eyed meadow prowler shows faint ground sounds with tilted ears. This sentence describes the concept,"[49406, 550, 9986, 268, 15512, 17195, 38737, 1803, 2665, 30807, 2461, 5694, 593, 6124, 775, 9861, 269, 589, 12737, 13678, 518, 6353, 49407]","[""<|startoftext|>"", ""an</w>"", ""amber</w>"", ""-</w>"", ""eyed</w>"", ""meadow</w>"", ""prow"", ""ler</w>"", ""shows</w>"", ""faint</w>"", ""ground</w>"", ""sounds</w>"", ""with</w>"", ""til"", ""ted</w>"", ""ears</w>"", "".</w>"", ""this</w>"", ""sentence</w>"", ""describes</w>"", ""the</w>"", ""concept</w>"", ""<|endoftext|>""]",6353,concept</w>,21,23,77,False
fixed_suffix,description,A bulky streamside fisher reveals river shallows during a patient fishing period.,A bulky streamside fisher reveals river shallows during a patient fishing period. This sentence describes the concept,"[49406, 320, 2572, 2383, 8659, 1145, 9176, 6621, 2473, 552, 9966, 1590, 320, 6262, 4935, 6131, 269, 589, 12737, 13678, 518, 6353, 49407]","[""<|startoftext|>"", ""a</w>"", ""bul"", ""ky</w>"", ""stream"", ""side</w>"", ""fisher</w>"", ""reveals</w>"", ""river</w>"", ""sh"", ""allows</w>"", ""during</w>"", ""a</w>"", ""patient</w>"", ""fishing</w>"", ""period</w>"", "".</w>"", ""this</w>"", ""sentence</w>"", ""describes</w>"", ""the</w>"", ""concept</w>"", ""<|endoftext|>""]",6353,concept</w>,21,23,77,False
fixed_suffix,description,Moving string with focused paw taps marks a purring house prowler.,Moving string with focused paw taps marks a purring house prowler. This sentence describes the concept,"[49406, 3584, 9696, 593, 9319, 16016, 23267, 5466, 320, 1727, 2540, 1212, 38737, 1803, 269, 589, 12737, 13678, 518, 6353, 49407]","[""<|startoftext|>"", ""moving</w>"", ""string</w>"", ""with</w>"", ""focused</w>"", ""paw</w>"", ""taps</w>"", ""marks</w>"", ""a</w>"", ""pur"", ""ring</w>"", ""house</w>"", ""prow"", ""ler</w>"", "".</w>"", ""this</w>"", ""sentence</w>"", ""describes</w>"", ""the</w>"", ""concept</w>"", ""<|endoftext|>""]",6353,concept</w>,19,21,77,False
fixed_suffix,description,New surroundings through persistent sniffing defines a leash-wearing companion.,New surroundings through persistent sniffing defines a leash-wearing companion. This sentence describes the concept,"[49406, 686, 26915, 1417, 29028, 7186, 16592, 28218, 320, 36192, 268, 3309, 14963, 269, 589, 12737, 13678, 518, 6353, 49407]","[""<|startoftext|>"", ""new</w>"", ""surroundings</w>"", ""through</w>"", ""persistent</w>"", ""sni"", ""ffing</w>"", ""defines</w>"", ""a</w>"", ""leash</w>"", ""-</w>"", ""wearing</w>"", ""companion</w>"", "".</w>"", ""this</w>"", ""sentence</w>"", ""describes</w>"", ""the</w>"", ""concept</w>"", ""<|endoftext|>""]",6353,concept</w>,18,20,77,False
fixed_suffix,description,Faint ground sounds with tilted ears identifies a russet snowline hunter.,Faint ground sounds with tilted ears identifies a russet snowline hunter. This sentence describes the concept,"[49406, 30807, 2461, 5694, 593, 6124, 775, 9861, 35712, 320, 35811, 1167, 3880, 1148, 6099, 269, 589, 12737, 13678, 518, 6353, 49407]","[""<|startoftext|>"", ""faint</w>"", ""ground</w>"", ""sounds</w>"", ""with</w>"", ""til"", ""ted</w>"", ""ears</w>"", ""identifies</w>"", ""a</w>"", ""rus"", ""set</w>"", ""snow"", ""line</w>"", ""hunter</w>"", "".</w>"", ""this</w>"", ""sentence</w>"", ""describes</w>"", ""the</w>"", ""concept</w>"", ""<|endoftext|>""]",6353,concept</w>,20,22,77,False
fixed_suffix,description,Loose logs while searching for insects identifies a broad-muzzled river hunter.,Loose logs while searching for insects identifies a broad-muzzled river hunter. This sentence describes the concept,"[49406, 9786, 22745, 1519, 10626, 556, 18714, 35712, 320, 12623, 268, 670, 39075, 2473, 6099, 269, 589, 12737, 13678, 518, 6353, 49407]","[""<|startoftext|>"", ""loose</w>"", ""logs</w>"", ""while</w>"", ""searching</w>"", ""for</w>"", ""insects</w>"", ""identifies</w>"", ""a</w>"", ""broad</w>"", ""-</w>"", ""mu"", ""zzled</w>"", ""river</w>"", ""hunter</w>"", "".</w>"", ""this</w>"", ""sentence</w>"", ""describes</w>"", ""the</w>"", ""concept</w>"", ""<|endoftext|>""]",6353,concept</w>,20,22,77,False
fixed_suffix,description,A clear view shows purring room-explorer with a warm patch before curling tightly near a rocky meadow.,A clear view shows purring room-explorer with a warm patch before curling tightly near a rocky meadow. This sentence describes the concept,"[49406, 320, 3143, 1093, 2665, 1727, 2540, 1530, 268, 15776, 593, 320, 3616, 8721, 1348, 18543, 37568, 2252, 320, 9648, 17195, 269, 589, 12737, 13678, 518, 6353, 49407]","[""<|startoftext|>"", ""a</w>"", ""clear</w>"", ""view</w>"", ""shows</w>"", ""pur"", ""ring</w>"", ""room</w>"", ""-</w>"", ""explorer</w>"", ""with</w>"", ""a</w>"", ""warm</w>"", ""patch</w>"", ""before</w>"", ""curling</w>"", ""tightly</w>"", ""near</w>"", ""a</w>"", ""rocky</w>"", ""meadow</w>"", "".</w>"", ""this</w>"", ""sentence</w>"", ""describes</w>"", ""the</w>"", ""concept</w>"", ""<|endoftext|>""]",6353,concept</w>,26,28,77,False
fixed_suffix,description,Leash-following walking-partner becomes recognizable through a buried object with repeated digging near a shaded woodland edge.,Leash-following walking-partner becomes recognizable through a buried object with repeated digging near a shaded woodland edge. This sentence describes the concept,"[49406, 36192, 268, 3473, 3941, 268, 4568, 6766, 47240, 1417, 320, 14233, 14115, 593, 27904, 14971, 2252, 320, 43506, 17447, 5461, 269, 589, 12737, 13678, 518, 6353, 49407]","[""<|startoftext|>"", ""leash</w>"", ""-</w>"", ""following</w>"", ""walking</w>"", ""-</w>"", ""partner</w>"", ""becomes</w>"", ""recognizable</w>"", ""through</w>"", ""a</w>"", ""buried</w>"", ""object</w>"", ""with</w>"", ""repeated</w>"", ""digging</w>"", ""near</w>"", ""a</w>"", ""shaded</w>"", ""woodland</w>"", ""edge</w>"", "".</w>"", ""this</w>"", ""sentence</w>"", ""describes</w>"", ""the</w>"", ""concept</w>"", ""<|endoftext|>""]",6353,concept</w>,26,28,77,False
fixed_suffix,description,Faint ground sounds with tilted ears distinguishes narrow-muzzled dusk-prowler near a rocky meadow.,Faint ground sounds with tilted ears distinguishes narrow-muzzled dusk-prowler near a rocky meadow. This sentence describes the concept,"[49406, 30807, 2461, 5694, 593, 6124, 775, 9861, 15053, 2502, 16652, 268, 670, 39075, 19708, 268, 38737, 1803, 2252, 320, 9648, 17195, 269, 589, 12737, 13678, 518, 6353, 49407]","[""<|startoftext|>"", ""faint</w>"", ""ground</w>"", ""sounds</w>"", ""with</w>"", ""til"", ""ted</w>"", ""ears</w>"", ""distingui"", ""shes</w>"", ""narrow</w>"", ""-</w>"", ""mu"", ""zzled</w>"", ""dusk</w>"", ""-</w>"", ""prow"", ""ler</w>"", ""near</w>"", ""a</w>"", ""rocky</w>"", ""meadow</w>"", "".</w>"", ""this</w>"", ""sentence</w>"", ""describes</w>"", ""the</w>"", ""concept</w>"", ""<|endoftext|>""]",6353,concept</w>,27,29,77,False
fixed_suffix,description,Heavy-pawed backcountry-wanderer carries berry bushes during long seasonal feeding across a sunlit garden path.,Heavy-pawed backcountry-wanderer carries berry bushes during long seasonal feeding across a sunlit garden path. This sentence describes the concept,"[49406, 4200, 268, 765, 3478, 1663, 2157, 268, 2060, 11289, 17982, 3488, 37578, 1590, 1538, 14215, 9879, 2500, 320, 968, 4350, 2756, 5035, 269, 589, 12737, 13678, 518, 6353, 49407]","[""<|startoftext|>"", ""heavy</w>"", ""-</w>"", ""pa"", ""wed</w>"", ""back"", ""country</w>"", ""-</w>"", ""wan"", ""derer</w>"", ""carries</w>"", ""berry</w>"", ""bushes</w>"", ""during</w>"", ""long</w>"", ""seasonal</w>"", ""feeding</w>"", ""across</w>"", ""a</w>"", ""sun"", ""lit</w>"", ""garden</w>"", ""path</w>"", "".</w>"", ""this</w>"", ""sentence</w>"", ""describes</w>"", ""the</w>"", ""concept</w>"", ""<|endoftext|>""]",6353,concept</w>,28,30,77,False
fixed_suffix,description,"Within a shaded woodland edge, curled-tail home-companion demonstrates moving string with focused paw taps, where the posture remains natural.","Within a shaded woodland edge, curled-tail home-companion demonstrates moving string with focused paw taps, where the posture remains natural. This sentence describes the concept","[49406, 4154, 320, 43506, 17447, 5461, 267, 43734, 268, 4132, 1137, 268, 14963, 24806, 3584, 9696, 593, 9319, 16016, 23267, 267, 1234, 518, 29681, 6807, 3288, 269, 589, 12737, 13678, 518, 6353, 49407]","[""<|startoftext|>"", ""within</w>"", ""a</w>"", ""shaded</w>"", ""woodland</w>"", ""edge</w>"", "",</w>"", ""curled</w>"", ""-</w>"", ""tail</w>"", ""home</w>"", ""-</w>"", ""companion</w>"", ""demonstrates</w>"", ""moving</w>"", ""string</w>"", ""with</w>"", ""focused</w>"", ""paw</w>"", ""taps</w>"", "",</w>"", ""where</w>"", ""the</w>"", ""posture</w>"", ""remains</w>"", ""natural</w>"", "".</w>"", ""this</w>"", ""sentence</w>"", ""describes</w>"", ""the</w>"", ""concept</w>"", ""<|endoftext|>""]",6353,concept</w>,31,33,77,False
fixed_suffix,description,"Tongue-out family-companion displays new surroundings through persistent sniffing beside a shallow stream bank, while its full body stays visible.","Tongue-out family-companion displays new surroundings through persistent sniffing beside a shallow stream bank, while its full body stays visible. This sentence describes the concept","[49406, 13626, 268, 620, 1315, 268, 14963, 15648, 686, 26915, 1417, 29028, 7186, 16592, 13519, 320, 23730, 3322, 2723, 267, 1519, 902, 1476, 1774, 13311, 8626, 269, 589, 12737, 13678, 518, 6353, 49407]","[""<|startoftext|>"", ""tongue</w>"", ""-</w>"", ""out</w>"", ""family</w>"", ""-</w>"", ""companion</w>"", ""displays</w>"", ""new</w>"", ""surroundings</w>"", ""through</w>"", ""persistent</w>"", ""sni"", ""ffing</w>"", ""beside</w>"", ""a</w>"", ""shallow</w>"", ""stream</w>"", ""bank</w>"", "",</w>"", ""while</w>"", ""its</w>"", ""full</w>"", ""body</w>"", ""stays</w>"", ""visible</w>"", "".</w>"", ""this</w>"", ""sentence</w>"", ""describes</w>"", ""the</w>"", ""concept</w>"", ""<|endoftext|>""]",6353,concept</w>,31,33,77,False
fixed_suffix,description,"Within soft morning light, bushy-tailed den-visitor demonstrates open ground during quiet twilight patrols, where the pose shows balanced proportions.","Within soft morning light, bushy-tailed den-visitor demonstrates open ground during quiet twilight patrols, where the pose shows balanced proportions. This sentence describes the concept","[49406, 4154, 3773, 1119, 1395, 267, 609, 9682, 268, 20626, 1181, 268, 13881, 24806, 1488, 2461, 1590, 7557, 14512, 35978, 267, 1234, 518, 4230, 2665, 15273, 39391, 269, 589, 12737, 13678, 518, 6353, 49407]","[""<|startoftext|>"", ""within</w>"", ""soft</w>"", ""morning</w>"", ""light</w>"", "",</w>"", ""bu"", ""shy</w>"", ""-</w>"", ""tailed</w>"", ""den</w>"", ""-</w>"", ""visitor</w>"", ""demonstrates</w>"", ""open</w>"", ""ground</w>"", ""during</w>"", ""quiet</w>"", ""twilight</w>"", ""patrols</w>"", "",</w>"", ""where</w>"", ""the</w>"", ""pose</w>"", ""shows</w>"", ""balanced</w>"", ""proportions</w>"", "".</w>"", ""this</w>"", ""sentence</w>"", ""describes</w>"", ""the</w>"", ""concept</w>"", ""<|endoftext|>""]",6353,concept</w>,32,34,77,False
fixed_suffix,description,"Loose logs while searching for insects distinguishes long-clawed wilderness-resident near a shaded woodland edge, where the setting supports the behavior.","Loose logs while searching for insects distinguishes long-clawed wilderness-resident near a shaded woodland edge, where the setting supports the behavior. This sentence describes the concept","[49406, 9786, 22745, 1519, 10626, 556, 18714, 15053, 2502, 1538, 268, 940, 3478, 16506, 268, 9016, 2252, 320, 43506, 17447, 5461, 267, 1234, 518, 5264, 8336, 518, 10461, 269, 589, 12737, 13678, 518, 6353, 49407]","[""<|startoftext|>"", ""loose</w>"", ""logs</w>"", ""while</w>"", ""searching</w>"", ""for</w>"", ""insects</w>"", ""distingui"", ""shes</w>"", ""long</w>"", ""-</w>"", ""cla"", ""wed</w>"", ""wilderness</w>"", ""-</w>"", ""resident</w>"", ""near</w>"", ""a</w>"", ""shaded</w>"", ""woodland</w>"", ""edge</w>"", "",</w>"", ""where</w>"", ""the</w>"", ""setting</w>"", ""supports</w>"", ""the</w>"", ""behavior</w>"", "".</w>"", ""this</w>"", ""sentence</w>"", ""describes</w>"", ""the</w>"", ""concept</w>"", ""<|endoftext|>""]",6353,concept</w>,33,35,77,False
fixed_suffix,description,"Whiskered house-prowler becomes recognizable through its face and forelegs with careful grooming strokes, while the moment appears unstaged.","Whiskered house-prowler becomes recognizable through its face and forelegs with careful grooming strokes, while the moment appears unstaged. This sentence describes the concept","[49406, 6024, 26690, 1212, 268, 38737, 1803, 6766, 47240, 1417, 902, 1710, 537, 1484, 7072, 593, 11999, 25575, 26595, 267, 1519, 518, 2495, 8743, 569, 19906, 269, 589, 12737, 13678, 518, 6353, 49407]","[""<|startoftext|>"", ""whis"", ""kered</w>"", ""house</w>"", ""-</w>"", ""prow"", ""ler</w>"", ""becomes</w>"", ""recognizable</w>"", ""through</w>"", ""its</w>"", ""face</w>"", ""and</w>"", ""fore"", ""legs</w>"", ""with</w>"", ""careful</w>"", ""grooming</w>"", ""strokes</w>"", "",</w>"", ""while</w>"", ""the</w>"", ""moment</w>"", ""appears</w>"", ""un"", ""staged</w>"", "".</w>"", ""this</w>"", ""sentence</w>"", ""describes</w>"", ""the</w>"", ""concept</w>"", ""<|endoftext|>""]",6353,concept</w>,31,33,77,False
fixed_suffix,description,"A buried object with repeated digging distinguishes broad-pawed gate-watcher near a weathered wooden gate, where the setting supports the behavior.","A buried object with repeated digging distinguishes broad-pawed gate-watcher near a weathered wooden gate, where the setting supports the behavior. This sentence describes the concept","[49406, 320, 14233, 14115, 593, 27904, 14971, 15053, 2502, 12623, 268, 765, 3478, 3302, 268, 35971, 2252, 320, 598, 34091, 9057, 3302, 267, 1234, 518, 5264, 8336, 518, 10461, 269, 589, 12737, 13678, 518, 6353, 49407]","[""<|startoftext|>"", ""a</w>"", ""buried</w>"", ""object</w>"", ""with</w>"", ""repeated</w>"", ""digging</w>"", ""distingui"", ""shes</w>"", ""broad</w>"", ""-</w>"", ""pa"", ""wed</w>"", ""gate</w>"", ""-</w>"", ""watcher</w>"", ""near</w>"", ""a</w>"", ""we"", ""athered</w>"", ""wooden</w>"", ""gate</w>"", "",</w>"", ""where</w>"", ""the</w>"", ""setting</w>"", ""supports</w>"", ""the</w>"", ""behavior</w>"", "".</w>"", ""this</w>"", ""sentence</w>"", ""describes</w>"", ""the</w>"", ""concept</w>"", ""<|endoftext|>""]",6353,concept</w>,34,36,77,False
fixed_suffix,description,"Red-coated woodland-hunter carries spare food beneath loose leaves and soil across a pale winter field; meanwhile, the viewpoint remains level.","Red-coated woodland-hunter carries spare food beneath loose leaves and soil across a pale winter field; meanwhile, the viewpoint remains level. This sentence describes the concept","[49406, 736, 268, 23401, 17447, 268, 6099, 17982, 12615, 1559, 16850, 9786, 5579, 537, 9216, 2500, 320, 12518, 2541, 1570, 282, 9650, 267, 518, 41604, 6807, 2931, 269, 589, 12737, 13678, 518, 6353, 49407]","[""<|startoftext|>"", ""red</w>"", ""-</w>"", ""coated</w>"", ""woodland</w>"", ""-</w>"", ""hunter</w>"", ""carries</w>"", ""spare</w>"", ""food</w>"", ""beneath</w>"", ""loose</w>"", ""leaves</w>"", ""and</w>"", ""soil</w>"", ""across</w>"", ""a</w>"", ""pale</w>"", ""winter</w>"", ""field</w>"", "";</w>"", ""meanwhile</w>"", "",</w>"", ""the</w>"", ""viewpoint</w>"", ""remains</w>"", ""level</w>"", "".</w>"", ""this</w>"", ""sentence</w>"", ""describes</w>"", ""the</w>"", ""concept</w>"", ""<|endoftext|>""]",6353,concept</w>,32,34,77,False
fixed_suffix,description,"A clear view shows massive shaggy-forager with river shallows during a patient fishing period, as the moment appears unstaged.","A clear view shows massive shaggy-forager with river shallows during a patient fishing period, as the moment appears unstaged. This sentence describes the concept","[49406, 320, 3143, 1093, 2665, 4818, 42662, 268, 645, 10443, 593, 2473, 552, 9966, 1590, 320, 6262, 4935, 6131, 267, 601, 518, 2495, 8743, 569, 19906, 269, 589, 12737, 13678, 518, 6353, 49407]","[""<|startoftext|>"", ""a</w>"", ""clear</w>"", ""view</w>"", ""shows</w>"", ""massive</w>"", ""shaggy</w>"", ""-</w>"", ""for"", ""ager</w>"", ""with</w>"", ""river</w>"", ""sh"", ""allows</w>"", ""during</w>"", ""a</w>"", ""patient</w>"", ""fishing</w>"", ""period</w>"", "",</w>"", ""as</w>"", ""the</w>"", ""moment</w>"", ""appears</w>"", ""un"", ""staged</w>"", "".</w>"", ""this</w>"", ""sentence</w>"", ""describes</w>"", ""the</w>"", ""concept</w>"", ""<|endoftext|>""]",6353,concept</w>,31,33,77,False
fixed_suffix,description,A retractable-clawed mouser shows a garden wall overlooking moving leaves.,A retractable-clawed mouser shows a garden wall overlooking moving leaves. This sentence describes the concept,"[49406, 320, 32735, 2175, 268, 940, 3478, 24837, 528, 2665, 320, 2756, 2569, 17319, 3584, 5579, 269, 589, 12737, 13678, 518, 6353, 49407]","[""<|startoftext|>"", ""a</w>"", ""retrac"", ""table</w>"", ""-</w>"", ""cla"", ""wed</w>"", ""mous"", ""er</w>"", ""shows</w>"", ""a</w>"", ""garden</w>"", ""wall</w>"", ""overlooking</w>"", ""moving</w>"", ""leaves</w>"", "".</w>"", ""this</w>"", ""sentence</w>"", ""describes</w>"", ""the</w>"", ""concept</w>"", ""<|endoftext|>""]",6353,concept</w>,21,23,77,False
fixed_suffix,description,A neighborhood path beside a handled leash marks a collared gate watcher.,A neighborhood path beside a handled leash marks a collared gate watcher. This sentence describes the concept,"[49406, 320, 9471, 5035, 13519, 320, 26824, 36192, 5466, 320, 2929, 736, 3302, 35971, 269, 589, 12737, 13678, 518, 6353, 49407]","[""<|startoftext|>"", ""a</w>"", ""neighborhood</w>"", ""path</w>"", ""beside</w>"", ""a</w>"", ""handled</w>"", ""leash</w>"", ""marks</w>"", ""a</w>"", ""colla"", ""red</w>"", ""gate</w>"", ""watcher</w>"", "".</w>"", ""this</w>"", ""sentence</w>"", ""describes</w>"", ""the</w>"", ""concept</w>"", ""<|endoftext|>""]",6353,concept</w>,19,21,77,False
fixed_suffix,description,A woodland margin beside open grass identifies an orange-chested hedge stalker.,A woodland margin beside open grass identifies an orange-chested hedge stalker. This sentence describes the concept,"[49406, 320, 17447, 21357, 13519, 1488, 5922, 35712, 550, 4287, 268, 983, 1356, 20294, 26777, 269, 589, 12737, 13678, 518, 6353, 49407]","[""<|startoftext|>"", ""a</w>"", ""woodland</w>"", ""margin</w>"", ""beside</w>"", ""open</w>"", ""grass</w>"", ""identifies</w>"", ""an</w>"", ""orange</w>"", ""-</w>"", ""che"", ""sted</w>"", ""hedge</w>"", ""stalker</w>"", "".</w>"", ""this</w>"", ""sentence</w>"", ""describes</w>"", ""the</w>"", ""concept</w>"", ""<|endoftext|>""]",6353,concept</w>,20,22,77,False
fixed_suffix,description,A heavy-pawed mountain roamer reveals a mountain forest containing berry thickets.,A heavy-pawed mountain roamer reveals a mountain forest containing berry thickets. This sentence describes the concept,"[49406, 320, 4200, 268, 765, 3478, 3965, 532, 16147, 6621, 320, 3965, 4167, 20281, 3488, 26107, 1632, 269, 589, 12737, 13678, 518, 6353, 49407]","[""<|startoftext|>"", ""a</w>"", ""heavy</w>"", ""-</w>"", ""pa"", ""wed</w>"", ""mountain</w>"", ""ro"", ""amer</w>"", ""reveals</w>"", ""a</w>"", ""mountain</w>"", ""forest</w>"", ""containing</w>"", ""berry</w>"", ""thic"", ""kets</w>"", "".</w>"", ""this</w>"", ""sentence</w>"", ""describes</w>"", ""the</w>"", ""concept</w>"", ""<|endoftext|>""]",6353,concept</w>,22,24,77,False
fixed_suffix,description,A long-whiskered home companion shows a sunny windowsill above indoor plants.,A long-whiskered home companion shows a sunny windowsill above indoor plants. This sentence describes the concept,"[49406, 320, 1538, 268, 6024, 26690, 1137, 14963, 2665, 320, 5438, 3110, 6300, 660, 4348, 9546, 5829, 269, 589, 12737, 13678, 518, 6353, 49407]","[""<|startoftext|>"", ""a</w>"", ""long</w>"", ""-</w>"", ""whis"", ""kered</w>"", ""home</w>"", ""companion</w>"", ""shows</w>"", ""a</w>"", ""sunny</w>"", ""windo"", ""ws"", ""ill</w>"", ""above</w>"", ""indoor</w>"", ""plants</w>"", "".</w>"", ""this</w>"", ""sentence</w>"", ""describes</w>"", ""the</w>"", ""concept</w>"", ""<|endoftext|>""]",6353,concept</w>,22,24,77,False
fixed_suffix,description,A floppy-eared home guardian has an open field suited to running and retrieval.,A floppy-eared home guardian has an open field suited to running and retrieval. This sentence describes the concept,"[49406, 320, 38267, 268, 9127, 1137, 9498, 791, 550, 1488, 1570, 25919, 531, 2761, 537, 16918, 9703, 269, 589, 12737, 13678, 518, 6353, 49407]","[""<|startoftext|>"", ""a</w>"", ""floppy</w>"", ""-</w>"", ""eared</w>"", ""home</w>"", ""guardian</w>"", ""has</w>"", ""an</w>"", ""open</w>"", ""field</w>"", ""suited</w>"", ""to</w>"", ""running</w>"", ""and</w>"", ""retri"", ""eval</w>"", "".</w>"", ""this</w>"", ""sentence</w>"", ""describes</w>"", ""the</w>"", ""concept</w>"", ""<|endoftext|>""]",6353,concept</w>,22,24,77,False
fixed_suffix,description,A bushy-tailed den visitor has a snowy field containing faint prey tracks.,A bushy-tailed den visitor has a snowy field containing faint prey tracks. This sentence describes the concept,"[49406, 320, 609, 9682, 268, 20626, 1181, 13881, 791, 320, 14191, 1570, 20281, 30807, 17131, 7579, 269, 589, 12737, 13678, 518, 6353, 49407]","[""<|startoftext|>"", ""a</w>"", ""bu"", ""shy</w>"", ""-</w>"", ""tailed</w>"", ""den</w>"", ""visitor</w>"", ""has</w>"", ""a</w>"", ""snowy</w>"", ""field</w>"", ""containing</w>"", ""faint</w>"", ""prey</w>"", ""tracks</w>"", "".</w>"", ""this</w>"", ""sentence</w>"", ""describes</w>"", ""the</w>"", ""concept</w>"", ""<|endoftext|>""]",6353,concept</w>,21,23,77,False
fixed_suffix,description,A powerful berry gatherer shows a dense woodland trail marked by broad tracks.,A powerful berry gatherer shows a dense woodland trail marked by broad tracks. This sentence describes the concept,"[49406, 320, 4875, 3488, 1275, 599, 3407, 2665, 320, 19353, 17447, 4921, 12360, 638, 12623, 7579, 269, 589, 12737, 13678, 518, 6353, 49407]","[""<|startoftext|>"", ""a</w>"", ""powerful</w>"", ""berry</w>"", ""ga"", ""the"", ""rer</w>"", ""shows</w>"", ""a</w>"", ""dense</w>"", ""woodland</w>"", ""trail</w>"", ""marked</w>"", ""by</w>"", ""broad</w>"", ""tracks</w>"", "".</w>"", ""this</w>"", ""sentence</w>"", ""describes</w>"", ""the</w>"", ""concept</w>"", ""<|endoftext|>""]",6353,concept</w>,21,23,77,False
fixed_suffix,description,Slit-eyed indoor-hunter becomes recognizable through a sunny windowsill above indoor plants near a rocky meadow.,Slit-eyed indoor-hunter becomes recognizable through a sunny windowsill above indoor plants near a rocky meadow. This sentence describes the concept,"[49406, 47011, 268, 15512, 9546, 268, 6099, 6766, 47240, 1417, 320, 5438, 3110, 6300, 660, 4348, 9546, 5829, 2252, 320, 9648, 17195, 269, 589, 12737, 13678, 518, 6353, 49407]","[""<|startoftext|>"", ""slit</w>"", ""-</w>"", ""eyed</w>"", ""indoor</w>"", ""-</w>"", ""hunter</w>"", ""becomes</w>"", ""recognizable</w>"", ""through</w>"", ""a</w>"", ""sunny</w>"", ""windo"", ""ws"", ""ill</w>"", ""above</w>"", ""indoor</w>"", ""plants</w>"", ""near</w>"", ""a</w>"", ""rocky</w>"", ""meadow</w>"", "".</w>"", ""this</w>"", ""sentence</w>"", ""describes</w>"", ""the</w>"", ""concept</w>"", ""<|endoftext|>""]",6353,concept</w>,27,29,77,False
fixed_suffix,description,A neighborhood path beside a handled leash distinguishes tongue-out family-companion near low evening light.,A neighborhood path beside a handled leash distinguishes tongue-out family-companion near low evening light. This sentence describes the concept,"[49406, 320, 9471, 5035, 13519, 320, 26824, 36192, 15053, 2502, 13626, 268, 620, 1315, 268, 14963, 2252, 1042, 2285, 1395, 269, 589, 12737, 13678, 518, 6353, 49407]","[""<|startoftext|>"", ""a</w>"", ""neighborhood</w>"", ""path</w>"", ""beside</w>"", ""a</w>"", ""handled</w>"", ""leash</w>"", ""distingui"", ""shes</w>"", ""tongue</w>"", ""-</w>"", ""out</w>"", ""family</w>"", ""-</w>"", ""companion</w>"", ""near</w>"", ""low</w>"", ""evening</w>"", ""light</w>"", "".</w>"", ""this</w>"", ""sentence</w>"", ""describes</w>"", ""the</w>"", ""concept</w>"", ""<|endoftext|>""]",6353,concept</w>,25,27,77,False
fixed_suffix,description,Orange-chested hedgerow-stalker carries a woodland margin beside open grass across a calm farmyard.,Orange-chested hedgerow-stalker carries a woodland margin beside open grass across a calm farmyard. This sentence describes the concept,"[49406, 4287, 268, 983, 1356, 18271, 1291, 2250, 268, 26777, 17982, 320, 17447, 21357, 13519, 1488, 5922, 2500, 320, 7011, 1578, 1152, 746, 269, 589, 12737, 13678, 518, 6353, 49407]","[""<|startoftext|>"", ""orange</w>"", ""-</w>"", ""che"", ""sted</w>"", ""hed"", ""ger"", ""ow</w>"", ""-</w>"", ""stalker</w>"", ""carries</w>"", ""a</w>"", ""woodland</w>"", ""margin</w>"", ""beside</w>"", ""open</w>"", ""grass</w>"", ""across</w>"", ""a</w>"", ""calm</w>"", ""far"", ""my"", ""ard</w>"", "".</w>"", ""this</w>"", ""sentence</w>"", ""describes</w>"", ""the</w>"", ""concept</w>"", ""<|endoftext|>""]",6353,concept</w>,28,30,77,False
fixed_suffix,description,"Against soft morning light, a mountain forest containing berry thickets defines bulky streamside-fisher.","Against soft morning light, a mountain forest containing berry thickets defines bulky streamside-fisher. This sentence describes the concept","[49406, 1601, 3773, 1119, 1395, 267, 320, 3965, 4167, 20281, 3488, 26107, 1632, 28218, 2572, 2383, 8659, 1145, 268, 9176, 269, 589, 12737, 13678, 518, 6353, 49407]","[""<|startoftext|>"", ""against</w>"", ""soft</w>"", ""morning</w>"", ""light</w>"", "",</w>"", ""a</w>"", ""mountain</w>"", ""forest</w>"", ""containing</w>"", ""berry</w>"", ""thic"", ""kets</w>"", ""defines</w>"", ""bul"", ""ky</w>"", ""stream"", ""side</w>"", ""-</w>"", ""fisher</w>"", "".</w>"", ""this</w>"", ""sentence</w>"", ""describes</w>"", ""the</w>"", ""concept</w>"", ""<|endoftext|>""]",6353,concept</w>,25,27,77,False
fixed_suffix,description,"A sunny windowsill above indoor plants distinguishes whiskered house-prowler near a narrow riverside path, where the background preserves its outline.","A sunny windowsill above indoor plants distinguishes whiskered house-prowler near a narrow riverside path, where the background preserves its outline. This sentence describes the concept","[49406, 320, 5438, 3110, 6300, 660, 4348, 9546, 5829, 15053, 2502, 6024, 26690, 1212, 268, 38737, 1803, 2252, 320, 16652, 15809, 5035, 267, 1234, 518, 5994, 44881, 902, 26894, 269, 589, 12737, 13678, 518, 6353, 49407]","[""<|startoftext|>"", ""a</w>"", ""sunny</w>"", ""windo"", ""ws"", ""ill</w>"", ""above</w>"", ""indoor</w>"", ""plants</w>"", ""distingui"", ""shes</w>"", ""whis"", ""kered</w>"", ""house</w>"", ""-</w>"", ""prow"", ""ler</w>"", ""near</w>"", ""a</w>"", ""narrow</w>"", ""riverside</w>"", ""path</w>"", "",</w>"", ""where</w>"", ""the</w>"", ""background</w>"", ""preserves</w>"", ""its</w>"", ""outline</w>"", "".</w>"", ""this</w>"", ""sentence</w>"", ""describes</w>"", ""the</w>"", ""concept</w>"", ""<|endoftext|>""]",6353,concept</w>,34,36,77,False
fixed_suffix,description,"Against a shallow stream bank, a fenced backyard containing scattered toys defines panting ball-chaser; the pose shows balanced proportions.","Against a shallow stream bank, a fenced backyard containing scattered toys defines panting ball-chaser; the pose shows balanced proportions. This sentence describes the concept","[49406, 1601, 320, 23730, 3322, 2723, 267, 320, 5509, 2323, 12608, 20281, 22090, 7162, 28218, 1072, 694, 1069, 268, 29560, 282, 518, 4230, 2665, 15273, 39391, 269, 589, 12737, 13678, 518, 6353, 49407]","[""<|startoftext|>"", ""against</w>"", ""a</w>"", ""shallow</w>"", ""stream</w>"", ""bank</w>"", "",</w>"", ""a</w>"", ""fen"", ""ced</w>"", ""backyard</w>"", ""containing</w>"", ""scattered</w>"", ""toys</w>"", ""defines</w>"", ""pan"", ""ting</w>"", ""ball</w>"", ""-</w>"", ""chaser</w>"", "";</w>"", ""the</w>"", ""pose</w>"", ""shows</w>"", ""balanced</w>"", ""proportions</w>"", "".</w>"", ""this</w>"", ""sentence</w>"", ""describes</w>"", ""the</w>"", ""concept</w>"", ""<|endoftext|>""]",6353,concept</w>,31,33,77,False
fixed_suffix,description,"Against a pale winter field, a quiet meadow during early dawn defines amber-eyed meadow-prowler; the posture remains natural.","Against a pale winter field, a quiet meadow during early dawn defines amber-eyed meadow-prowler; the posture remains natural. This sentence describes the concept","[49406, 1601, 320, 12518, 2541, 1570, 267, 320, 7557, 17195, 1590, 2090, 7689, 28218, 9986, 268, 15512, 17195, 268, 38737, 1803, 282, 518, 29681, 6807, 3288, 269, 589, 12737, 13678, 518, 6353, 49407]","[""<|startoftext|>"", ""against</w>"", ""a</w>"", ""pale</w>"", ""winter</w>"", ""field</w>"", "",</w>"", ""a</w>"", ""quiet</w>"", ""meadow</w>"", ""during</w>"", ""early</w>"", ""dawn</w>"", ""defines</w>"", ""amber</w>"", ""-</w>"", ""eyed</w>"", ""meadow</w>"", ""-</w>"", ""prow"", ""ler</w>"", "";</w>"", ""the</w>"", ""posture</w>"", ""remains</w>"", ""natural</w>"", "".</w>"", ""this</w>"", ""sentence</w>"", ""describes</w>"", ""the</w>"", ""concept</w>"", ""<|endoftext|>""]",6353,concept</w>,31,33,77,False
fixed_suffix,description,"Heavy-pawed backcountry-wanderer displays a mountain forest containing berry thickets beside a quiet fence line, while the viewpoint remains level.","Heavy-pawed backcountry-wanderer displays a mountain forest containing berry thickets beside a quiet fence line, while the viewpoint remains level. This sentence describes the concept","[49406, 4200, 268, 765, 3478, 1663, 2157, 268, 2060, 11289, 15648, 320, 3965, 4167, 20281, 3488, 26107, 1632, 13519, 320, 7557, 12679, 1148, 267, 1519, 518, 41604, 6807, 2931, 269, 589, 12737, 13678, 518, 6353, 49407]","[""<|startoftext|>"", ""heavy</w>"", ""-</w>"", ""pa"", ""wed</w>"", ""back"", ""country</w>"", ""-</w>"", ""wan"", ""derer</w>"", ""displays</w>"", ""a</w>"", ""mountain</w>"", ""forest</w>"", ""containing</w>"", ""berry</w>"", ""thic"", ""kets</w>"", ""beside</w>"", ""a</w>"", ""quiet</w>"", ""fence</w>"", ""line</w>"", "",</w>"", ""while</w>"", ""the</w>"", ""viewpoint</w>"", ""remains</w>"", ""level</w>"", "".</w>"", ""this</w>"", ""sentence</w>"", ""describes</w>"", ""the</w>"", ""concept</w>"", ""<|endoftext|>""]",6353,concept</w>,34,36,77,False
fixed_suffix,description,"Beside a misty hillside, padded-paw windowsill-watcher reveals a dim hallway containing scattered household shadows; nearby tracks indicate scale.","Beside a misty hillside, padded-paw windowsill-watcher reveals a dim hallway containing scattered household shadows; nearby tracks indicate scale. This sentence describes the concept","[49406, 13519, 320, 18799, 37194, 267, 42253, 268, 16016, 3110, 6300, 660, 268, 35971, 6621, 320, 17523, 26845, 20281, 22090, 12412, 12971, 282, 13314, 7579, 26679, 5879, 269, 589, 12737, 13678, 518, 6353, 49407]","[""<|startoftext|>"", ""beside</w>"", ""a</w>"", ""misty</w>"", ""hillside</w>"", "",</w>"", ""padded</w>"", ""-</w>"", ""paw</w>"", ""windo"", ""ws"", ""ill</w>"", ""-</w>"", ""watcher</w>"", ""reveals</w>"", ""a</w>"", ""dim</w>"", ""hallway</w>"", ""containing</w>"", ""scattered</w>"", ""household</w>"", ""shadows</w>"", "";</w>"", ""nearby</w>"", ""tracks</w>"", ""indicate</w>"", ""scale</w>"", "".</w>"", ""this</w>"", ""sentence</w>"", ""describes</w>"", ""the</w>"", ""concept</w>"", ""<|endoftext|>""]",6353,concept</w>,32,34,77,False
fixed_suffix,description,"Broad-pawed gate-watcher carries an open field suited to running and retrieval across a patch of dense brush; meanwhile, the viewpoint remains level.","Broad-pawed gate-watcher carries an open field suited to running and retrieval across a patch of dense brush; meanwhile, the viewpoint remains level. This sentence describes the concept","[49406, 12623, 268, 765, 3478, 3302, 268, 35971, 17982, 550, 1488, 1570, 25919, 531, 2761, 537, 16918, 9703, 2500, 320, 8721, 539, 19353, 8594, 282, 9650, 267, 518, 41604, 6807, 2931, 269, 589, 12737, 13678, 518, 6353, 49407]","[""<|startoftext|>"", ""broad</w>"", ""-</w>"", ""pa"", ""wed</w>"", ""gate</w>"", ""-</w>"", ""watcher</w>"", ""carries</w>"", ""an</w>"", ""open</w>"", ""field</w>"", ""suited</w>"", ""to</w>"", ""running</w>"", ""and</w>"", ""retri"", ""eval</w>"", ""across</w>"", ""a</w>"", ""patch</w>"", ""of</w>"", ""dense</w>"", ""brush</w>"", "";</w>"", ""meanwhile</w>"", "",</w>"", ""the</w>"", ""viewpoint</w>"", ""remains</w>"", ""level</w>"", "".</w>"", ""this</w>"", ""sentence</w>"", ""describes</w>"", ""the</w>"", ""concept</w>"", ""<|endoftext|>""]",6353,concept</w>,36,38,77,False
fixed_suffix,description,"Within a sunlit garden path, bushy-tailed den-visitor demonstrates a woodland margin beside open grass, where the moment appears unstaged.","Within a sunlit garden path, bushy-tailed den-visitor demonstrates a woodland margin beside open grass, where the moment appears unstaged. This sentence describes the concept","[49406, 4154, 320, 968, 4350, 2756, 5035, 267, 609, 9682, 268, 20626, 1181, 268, 13881, 24806, 320, 17447, 21357, 13519, 1488, 5922, 267, 1234, 518, 2495, 8743, 569, 19906, 269, 589, 12737, 13678, 518, 6353, 49407]","[""<|startoftext|>"", ""within</w>"", ""a</w>"", ""sun"", ""lit</w>"", ""garden</w>"", ""path</w>"", "",</w>"", ""bu"", ""shy</w>"", ""-</w>"", ""tailed</w>"", ""den</w>"", ""-</w>"", ""visitor</w>"", ""demonstrates</w>"", ""a</w>"", ""woodland</w>"", ""margin</w>"", ""beside</w>"", ""open</w>"", ""grass</w>"", "",</w>"", ""where</w>"", ""the</w>"", ""moment</w>"", ""appears</w>"", ""un"", ""staged</w>"", "".</w>"", ""this</w>"", ""sentence</w>"", ""describes</w>"", ""the</w>"", ""concept</w>"", ""<|endoftext|>""]",6353,concept</w>,34,36,77,False
fixed_suffix,description,"A cold river crowded by migrating fish distinguishes long-clawed wilderness-resident near a shallow stream bank, where nearby tracks indicate scale.","A cold river crowded by migrating fish distinguishes long-clawed wilderness-resident near a shallow stream bank, where nearby tracks indicate scale. This sentence describes the concept","[49406, 320, 3153, 2473, 20182, 638, 43604, 2759, 15053, 2502, 1538, 268, 940, 3478, 16506, 268, 9016, 2252, 320, 23730, 3322, 2723, 267, 1234, 13314, 7579, 26679, 5879, 269, 589, 12737, 13678, 518, 6353, 49407]","[""<|startoftext|>"", ""a</w>"", ""cold</w>"", ""river</w>"", ""crowded</w>"", ""by</w>"", ""migrating</w>"", ""fish</w>"", ""distingui"", ""shes</w>"", ""long</w>"", ""-</w>"", ""cla"", ""wed</w>"", ""wilderness</w>"", ""-</w>"", ""resident</w>"", ""near</w>"", ""a</w>"", ""shallow</w>"", ""stream</w>"", ""bank</w>"", "",</w>"", ""where</w>"", ""nearby</w>"", ""tracks</w>"", ""indicate</w>"", ""scale</w>"", "".</w>"", ""this</w>"", ""sentence</w>"", ""describes</w>"", ""the</w>"", ""concept</w>"", ""<|endoftext|>""]",6353,concept</w>,33,35,77,False
fixed_suffix,description,Gentle brushing while remaining loosely curled identifies a soft-pawed indoor hunter.,Gentle brushing while remaining loosely curled identifies a soft-pawed indoor hunter. This sentence describes the concept,"[49406, 13577, 35072, 1519, 11392, 731, 8402, 43734, 35712, 320, 3773, 268, 765, 3478, 9546, 6099, 269, 589, 12737, 13678, 518, 6353, 49407]","[""<|startoftext|>"", ""gentle</w>"", ""brushing</w>"", ""while</w>"", ""remaining</w>"", ""loo"", ""sely</w>"", ""curled</w>"", ""identifies</w>"", ""a</w>"", ""soft</w>"", ""-</w>"", ""pa"", ""wed</w>"", ""indoor</w>"", ""hunter</w>"", "".</w>"", ""this</w>"", ""sentence</w>"", ""describes</w>"", ""the</w>"", ""concept</w>"", ""<|endoftext|>""]",6353,concept</w>,21,23,77,False
fixed_suffix,description,A broad-pawed walking partner reveals a walking partner by matching their pace.,A broad-pawed walking partner reveals a walking partner by matching their pace. This sentence describes the concept,"[49406, 320, 12623, 268, 765, 3478, 3941, 4568, 6621, 320, 3941, 4568, 638, 11840, 911, 9450, 269, 589, 12737, 13678, 518, 6353, 49407]","[""<|startoftext|>"", ""a</w>"", ""broad</w>"", ""-</w>"", ""pa"", ""wed</w>"", ""walking</w>"", ""partner</w>"", ""reveals</w>"", ""a</w>"", ""walking</w>"", ""partner</w>"", ""by</w>"", ""matching</w>"", ""their</w>"", ""pace</w>"", "".</w>"", ""this</w>"", ""sentence</w>"", ""describes</w>"", ""the</w>"", ""concept</w>"", ""<|endoftext|>""]",6353,concept</w>,21,23,77,False
fixed_suffix,description,An amber-eyed meadow prowler reveals a distant observer before retreating into brush.,An amber-eyed meadow prowler reveals a distant observer before retreating into brush. This sentence describes the concept,"[49406, 550, 9986, 268, 15512, 17195, 38737, 1803, 6621, 320, 18949, 22077, 1348, 515, 13842, 1095, 8594, 269, 589, 12737, 13678, 518, 6353, 49407]","[""<|startoftext|>"", ""an</w>"", ""amber</w>"", ""-</w>"", ""eyed</w>"", ""meadow</w>"", ""prow"", ""ler</w>"", ""reveals</w>"", ""a</w>"", ""distant</w>"", ""observer</w>"", ""before</w>"", ""re"", ""treating</w>"", ""into</w>"", ""brush</w>"", "".</w>"", ""this</w>"", ""sentence</w>"", ""describes</w>"", ""the</w>"", ""concept</w>"", ""<|endoftext|>""]",6353,concept</w>,22,24,77,False
fixed_suffix,description,A distant hiker before turning toward cover marks a thick-furred woodland giant.,A distant hiker before turning toward cover marks a thick-furred woodland giant. This sentence describes the concept,"[49406, 320, 18949, 40947, 1348, 4976, 8508, 2202, 5466, 320, 11006, 268, 2395, 736, 17447, 4687, 269, 589, 12737, 13678, 518, 6353, 49407]","[""<|startoftext|>"", ""a</w>"", ""distant</w>"", ""hiker</w>"", ""before</w>"", ""turning</w>"", ""toward</w>"", ""cover</w>"", ""marks</w>"", ""a</w>"", ""thick</w>"", ""-</w>"", ""fur"", ""red</w>"", ""woodland</w>"", ""giant</w>"", "".</w>"", ""this</w>"", ""sentence</w>"", ""describes</w>"", ""the</w>"", ""concept</w>"", ""<|endoftext|>""]",6353,concept</w>,21,23,77,False
fixed_suffix,description,A whiskered lap companion has nearby footsteps before following between rooms.,A whiskered lap companion has nearby footsteps before following between rooms. This sentence describes the concept,"[49406, 320, 6024, 26690, 8639, 14963, 791, 13314, 27289, 1348, 3473, 1957, 6328, 269, 589, 12737, 13678, 518, 6353, 49407]","[""<|startoftext|>"", ""a</w>"", ""whis"", ""kered</w>"", ""lap</w>"", ""companion</w>"", ""has</w>"", ""nearby</w>"", ""footsteps</w>"", ""before</w>"", ""following</w>"", ""between</w>"", ""rooms</w>"", "".</w>"", ""this</w>"", ""sentence</w>"", ""describes</w>"", ""the</w>"", ""concept</w>"", ""<|endoftext|>""]",6353,concept</w>,18,20,77,False
fixed_suffix,description,A wagging yard guardian has a handler's gesture before sitting attentively.,A wagging yard guardian has a handler's gesture before sitting attentively. This sentence describes the concept,"[49406, 320, 5764, 3905, 4313, 9498, 791, 320, 29097, 568, 21780, 1348, 4919, 1017, 1938, 1708, 269, 589, 12737, 13678, 518, 6353, 49407]","[""<|startoftext|>"", ""a</w>"", ""wag"", ""ging</w>"", ""yard</w>"", ""guardian</w>"", ""has</w>"", ""a</w>"", ""handler</w>"", ""'s</w>"", ""gesture</w>"", ""before</w>"", ""sitting</w>"", ""att"", ""enti"", ""vely</w>"", "".</w>"", ""this</w>"", ""sentence</w>"", ""describes</w>"", ""the</w>"", ""concept</w>"", ""<|endoftext|>""]",6353,concept</w>,21,23,77,False
fixed_suffix,description,A distant observer before retreating into brush marks a russet snowline hunter.,A distant observer before retreating into brush marks a russet snowline hunter. This sentence describes the concept,"[49406, 320, 18949, 22077, 1348, 515, 13842, 1095, 8594, 5466, 320, 35811, 1167, 3880, 1148, 6099, 269, 589, 12737, 13678, 518, 6353, 49407]","[""<|startoftext|>"", ""a</w>"", ""distant</w>"", ""observer</w>"", ""before</w>"", ""re"", ""treating</w>"", ""into</w>"", ""brush</w>"", ""marks</w>"", ""a</w>"", ""rus"", ""set</w>"", ""snow"", ""line</w>"", ""hunter</w>"", "".</w>"", ""this</w>"", ""sentence</w>"", ""describes</w>"", ""the</w>"", ""concept</w>"", ""<|endoftext|>""]",6353,concept</w>,21,23,77,False
fixed_suffix,description,An empty trail after detecting approaching voices identifies a massive shaggy forager.,An empty trail after detecting approaching voices identifies a massive shaggy forager. This sentence describes the concept,"[49406, 550, 7893, 4921, 953, 41290, 12164, 9144, 35712, 320, 4818, 42662, 645, 10443, 269, 589, 12737, 13678, 518, 6353, 49407]","[""<|startoftext|>"", ""an</w>"", ""empty</w>"", ""trail</w>"", ""after</w>"", ""detecting</w>"", ""approaching</w>"", ""voices</w>"", ""identifies</w>"", ""a</w>"", ""massive</w>"", ""shaggy</w>"", ""for"", ""ager</w>"", "".</w>"", ""this</w>"", ""sentence</w>"", ""describes</w>"", ""the</w>"", ""concept</w>"", ""<|endoftext|>""]",6353,concept</w>,19,21,77,False
fixed_suffix,description,"Beside soft morning light, purring room-explorer reveals an offered hand before rubbing its cheek.","Beside soft morning light, purring room-explorer reveals an offered hand before rubbing its cheek. This sentence describes the concept","[49406, 13519, 3773, 1119, 1395, 267, 1727, 2540, 1530, 268, 15776, 6621, 550, 9395, 2463, 1348, 41262, 902, 21227, 269, 589, 12737, 13678, 518, 6353, 49407]","[""<|startoftext|>"", ""beside</w>"", ""soft</w>"", ""morning</w>"", ""light</w>"", "",</w>"", ""pur"", ""ring</w>"", ""room</w>"", ""-</w>"", ""explorer</w>"", ""reveals</w>"", ""an</w>"", ""offered</w>"", ""hand</w>"", ""before</w>"", ""rubbing</w>"", ""its</w>"", ""cheek</w>"", "".</w>"", ""this</w>"", ""sentence</w>"", ""describes</w>"", ""the</w>"", ""concept</w>"", ""<|endoftext|>""]",6353,concept</w>,24,26,77,False
fixed_suffix,description,A walking partner by matching their pace distinguishes broad-pawed gate-watcher near low evening light.,A walking partner by matching their pace distinguishes broad-pawed gate-watcher near low evening light. This sentence describes the concept,"[49406, 320, 3941, 4568, 638, 11840, 911, 9450, 15053, 2502, 12623, 268, 765, 3478, 3302, 268, 35971, 2252, 1042, 2285, 1395, 269, 589, 12737, 13678, 518, 6353, 49407]","[""<|startoftext|>"", ""a</w>"", ""walking</w>"", ""partner</w>"", ""by</w>"", ""matching</w>"", ""their</w>"", ""pace</w>"", ""distingui"", ""shes</w>"", ""broad</w>"", ""-</w>"", ""pa"", ""wed</w>"", ""gate</w>"", ""-</w>"", ""watcher</w>"", ""near</w>"", ""low</w>"", ""evening</w>"", ""light</w>"", "".</w>"", ""this</w>"", ""sentence</w>"", ""describes</w>"", ""the</w>"", ""concept</w>"", ""<|endoftext|>""]",6353,concept</w>,26,28,77,False
fixed_suffix,description,Sharp-eared field-stalker carries a roadside light with a brief cautious pause across a calm farmyard.,Sharp-eared field-stalker carries a roadside light with a brief cautious pause across a calm farmyard. This sentence describes the concept,"[49406, 8157, 268, 9127, 1570, 268, 26777, 17982, 320, 26928, 1395, 593, 320, 8954, 36579, 19439, 2500, 320, 7011, 1578, 1152, 746, 269, 589, 12737, 13678, 518, 6353, 49407]","[""<|startoftext|>"", ""sharp</w>"", ""-</w>"", ""eared</w>"", ""field</w>"", ""-</w>"", ""stalker</w>"", ""carries</w>"", ""a</w>"", ""roadside</w>"", ""light</w>"", ""with</w>"", ""a</w>"", ""brief</w>"", ""cautious</w>"", ""pause</w>"", ""across</w>"", ""a</w>"", ""calm</w>"", ""far"", ""my"", ""ard</w>"", "".</w>"", ""this</w>"", ""sentence</w>"", ""describes</w>"", ""the</w>"", ""concept</w>"", ""<|endoftext|>""]",6353,concept</w>,27,29,77,False
fixed_suffix,description,Long-clawed wilderness-resident carries an empty trail after detecting approaching voices across a rocky meadow.,Long-clawed wilderness-resident carries an empty trail after detecting approaching voices across a rocky meadow. This sentence describes the concept,"[49406, 1538, 268, 940, 3478, 16506, 268, 9016, 17982, 550, 7893, 4921, 953, 41290, 12164, 9144, 2500, 320, 9648, 17195, 269, 589, 12737, 13678, 518, 6353, 49407]","[""<|startoftext|>"", ""long</w>"", ""-</w>"", ""cla"", ""wed</w>"", ""wilderness</w>"", ""-</w>"", ""resident</w>"", ""carries</w>"", ""an</w>"", ""empty</w>"", ""trail</w>"", ""after</w>"", ""detecting</w>"", ""approaching</w>"", ""voices</w>"", ""across</w>"", ""a</w>"", ""rocky</w>"", ""meadow</w>"", "".</w>"", ""this</w>"", ""sentence</w>"", ""describes</w>"", ""the</w>"", ""concept</w>"", ""<|endoftext|>""]",6353,concept</w>,25,27,77,False
fixed_suffix,description,"Within a broad dirt trail, striped hearthside-prowler demonstrates gentle brushing while remaining loosely curled, where the pose shows balanced proportions.","Within a broad dirt trail, striped hearthside-prowler demonstrates gentle brushing while remaining loosely curled, where the pose shows balanced proportions. This sentence describes the concept","[49406, 4154, 320, 12623, 11795, 4921, 267, 22192, 31563, 1145, 268, 38737, 1803, 24806, 13577, 35072, 1519, 11392, 731, 8402, 43734, 267, 1234, 518, 4230, 2665, 15273, 39391, 269, 589, 12737, 13678, 518, 6353, 49407]","[""<|startoftext|>"", ""within</w>"", ""a</w>"", ""broad</w>"", ""dirt</w>"", ""trail</w>"", "",</w>"", ""striped</w>"", ""hearth"", ""side</w>"", ""-</w>"", ""prow"", ""ler</w>"", ""demonstrates</w>"", ""gentle</w>"", ""brushing</w>"", ""while</w>"", ""remaining</w>"", ""loo"", ""sely</w>"", ""curled</w>"", "",</w>"", ""where</w>"", ""the</w>"", ""pose</w>"", ""shows</w>"", ""balanced</w>"", ""proportions</w>"", "".</w>"", ""this</w>"", ""sentence</w>"", ""describes</w>"", ""the</w>"", ""concept</w>"", ""<|endoftext|>""]",6353,concept</w>,33,35,77,False
fixed_suffix,description,"A returning person with vigorous tail sweeps distinguishes tongue-out family-companion near a narrow riverside path, where the posture remains natural.","A returning person with vigorous tail sweeps distinguishes tongue-out family-companion near a narrow riverside path, where the posture remains natural. This sentence describes the concept","[49406, 320, 9290, 2533, 593, 26781, 879, 4132, 26887, 15053, 2502, 13626, 268, 620, 1315, 268, 14963, 2252, 320, 16652, 15809, 5035, 267, 1234, 518, 29681, 6807, 3288, 269, 589, 12737, 13678, 518, 6353, 49407]","[""<|startoftext|>"", ""a</w>"", ""returning</w>"", ""person</w>"", ""with</w>"", ""vigor"", ""ous</w>"", ""tail</w>"", ""sweeps</w>"", ""distingui"", ""shes</w>"", ""tongue</w>"", ""-</w>"", ""out</w>"", ""family</w>"", ""-</w>"", ""companion</w>"", ""near</w>"", ""a</w>"", ""narrow</w>"", ""riverside</w>"", ""path</w>"", "",</w>"", ""where</w>"", ""the</w>"", ""posture</w>"", ""remains</w>"", ""natural</w>"", "".</w>"", ""this</w>"", ""sentence</w>"", ""describes</w>"", ""the</w>"", ""concept</w>"", ""<|endoftext|>""]",6353,concept</w>,33,35,77,False
fixed_suffix,description,"A clear view shows bushy-tailed den-visitor with discarded food while remaining ready to flee, as the head and torso remain visible.","A clear view shows bushy-tailed den-visitor with discarded food while remaining ready to flee, as the head and torso remain visible. This sentence describes the concept","[49406, 320, 3143, 1093, 2665, 609, 9682, 268, 20626, 1181, 268, 13881, 593, 45197, 1559, 1519, 11392, 1112, 531, 30167, 267, 601, 518, 1375, 537, 937, 706, 6415, 8626, 269, 589, 12737, 13678, 518, 6353, 49407]","[""<|startoftext|>"", ""a</w>"", ""clear</w>"", ""view</w>"", ""shows</w>"", ""bu"", ""shy</w>"", ""-</w>"", ""tailed</w>"", ""den</w>"", ""-</w>"", ""visitor</w>"", ""with</w>"", ""discarded</w>"", ""food</w>"", ""while</w>"", ""remaining</w>"", ""ready</w>"", ""to</w>"", ""flee</w>"", "",</w>"", ""as</w>"", ""the</w>"", ""head</w>"", ""and</w>"", ""tor"", ""so</w>"", ""remain</w>"", ""visible</w>"", "".</w>"", ""this</w>"", ""sentence</w>"", ""describes</w>"", ""the</w>"", ""concept</w>"", ""<|endoftext|>""]",6353,concept</w>,34,36,77,False
fixed_suffix,description,"Short-tailed mountain-roamer becomes recognizable through a roadside vehicle while remaining beyond the barrier, while the moment appears unstaged.","Short-tailed mountain-roamer becomes recognizable through a roadside vehicle while remaining beyond the barrier, while the moment appears unstaged. This sentence describes the concept","[49406, 3005, 268, 20626, 3965, 268, 532, 16147, 6766, 47240, 1417, 320, 26928, 5299, 1519, 11392, 4432, 518, 15706, 267, 1519, 518, 2495, 8743, 569, 19906, 269, 589, 12737, 13678, 518, 6353, 49407]","[""<|startoftext|>"", ""short</w>"", ""-</w>"", ""tailed</w>"", ""mountain</w>"", ""-</w>"", ""ro"", ""amer</w>"", ""becomes</w>"", ""recognizable</w>"", ""through</w>"", ""a</w>"", ""roadside</w>"", ""vehicle</w>"", ""while</w>"", ""remaining</w>"", ""beyond</w>"", ""the</w>"", ""barrier</w>"", "",</w>"", ""while</w>"", ""the</w>"", ""moment</w>"", ""appears</w>"", ""un"", ""staged</w>"", "".</w>"", ""this</w>"", ""sentence</w>"", ""describes</w>"", ""the</w>"", ""concept</w>"", ""<|endoftext|>""]",6353,concept</w>,31,33,77,False
fixed_suffix,description,"Against a misty hillside, a familiar voice with an upright tail defines striped hearthside-prowler; its full body stays visible.","Against a misty hillside, a familiar voice with an upright tail defines striped hearthside-prowler; its full body stays visible. This sentence describes the concept","[49406, 1601, 320, 18799, 37194, 267, 320, 10020, 3386, 593, 550, 29818, 4132, 28218, 22192, 31563, 1145, 268, 38737, 1803, 282, 902, 1476, 1774, 13311, 8626, 269, 589, 12737, 13678, 518, 6353, 49407]","[""<|startoftext|>"", ""against</w>"", ""a</w>"", ""misty</w>"", ""hillside</w>"", "",</w>"", ""a</w>"", ""familiar</w>"", ""voice</w>"", ""with</w>"", ""an</w>"", ""upright</w>"", ""tail</w>"", ""defines</w>"", ""striped</w>"", ""hearth"", ""side</w>"", ""-</w>"", ""prow"", ""ler</w>"", "";</w>"", ""its</w>"", ""full</w>"", ""body</w>"", ""stays</w>"", ""visible</w>"", "".</w>"", ""this</w>"", ""sentence</w>"", ""describes</w>"", ""the</w>"", ""concept</w>"", ""<|endoftext|>""]",6353,concept</w>,31,33,77,False
fixed_suffix,description,"Beside scattered autumn leaves, wet-nosed trail-helper reveals a handler's gesture before sitting attentively; ground contact stays clear.","Beside scattered autumn leaves, wet-nosed trail-helper reveals a handler's gesture before sitting attentively; ground contact stays clear. This sentence describes the concept","[49406, 13519, 22090, 6110, 5579, 267, 6682, 268, 578, 1252, 4921, 268, 29321, 6621, 320, 29097, 568, 21780, 1348, 4919, 1017, 1938, 1708, 282, 2461, 3523, 13311, 3143, 269, 589, 12737, 13678, 518, 6353, 49407]","[""<|startoftext|>"", ""beside</w>"", ""scattered</w>"", ""autumn</w>"", ""leaves</w>"", "",</w>"", ""wet</w>"", ""-</w>"", ""no"", ""sed</w>"", ""trail</w>"", ""-</w>"", ""helper</w>"", ""reveals</w>"", ""a</w>"", ""handler</w>"", ""'s</w>"", ""gesture</w>"", ""before</w>"", ""sitting</w>"", ""att"", ""enti"", ""vely</w>"", "";</w>"", ""ground</w>"", ""contact</w>"", ""stays</w>"", ""clear</w>"", "".</w>"", ""this</w>"", ""sentence</w>"", ""describes</w>"", ""the</w>"", ""concept</w>"", ""<|endoftext|>""]",6353,concept</w>,33,35,77,False
fixed_suffix,description,"Within soft morning light, amber-eyed meadow-prowler demonstrates a roadside light with a brief cautious pause, where nearby tracks indicate scale.","Within soft morning light, amber-eyed meadow-prowler demonstrates a roadside light with a brief cautious pause, where nearby tracks indicate scale. This sentence describes the concept","[49406, 4154, 3773, 1119, 1395, 267, 9986, 268, 15512, 17195, 268, 38737, 1803, 24806, 320, 26928, 1395, 593, 320, 8954, 36579, 19439, 267, 1234, 13314, 7579, 26679, 5879, 269, 589, 12737, 13678, 518, 6353, 49407]","[""<|startoftext|>"", ""within</w>"", ""soft</w>"", ""morning</w>"", ""light</w>"", "",</w>"", ""amber</w>"", ""-</w>"", ""eyed</w>"", ""meadow</w>"", ""-</w>"", ""prow"", ""ler</w>"", ""demonstrates</w>"", ""a</w>"", ""roadside</w>"", ""light</w>"", ""with</w>"", ""a</w>"", ""brief</w>"", ""cautious</w>"", ""pause</w>"", "",</w>"", ""where</w>"", ""nearby</w>"", ""tracks</w>"", ""indicate</w>"", ""scale</w>"", "".</w>"", ""this</w>"", ""sentence</w>"", ""describes</w>"", ""the</w>"", ""concept</w>"", ""<|endoftext|>""]",6353,concept</w>,33,35,77,False
fixed_suffix,description,"Long-clawed wilderness-resident displays a ranger's observation from across the river beside a quiet fence line, while the viewpoint remains level.","Long-clawed wilderness-resident displays a ranger's observation from across the river beside a quiet fence line, while the viewpoint remains level. This sentence describes the concept","[49406, 1538, 268, 940, 3478, 16506, 268, 9016, 15648, 320, 13593, 568, 20250, 633, 2500, 518, 2473, 13519, 320, 7557, 12679, 1148, 267, 1519, 518, 41604, 6807, 2931, 269, 589, 12737, 13678, 518, 6353, 49407]","[""<|startoftext|>"", ""long</w>"", ""-</w>"", ""cla"", ""wed</w>"", ""wilderness</w>"", ""-</w>"", ""resident</w>"", ""displays</w>"", ""a</w>"", ""ranger</w>"", ""'s</w>"", ""observation</w>"", ""from</w>"", ""across</w>"", ""the</w>"", ""river</w>"", ""beside</w>"", ""a</w>"", ""quiet</w>"", ""fence</w>"", ""line</w>"", "",</w>"", ""while</w>"", ""the</w>"", ""viewpoint</w>"", ""remains</w>"", ""level</w>"", "".</w>"", ""this</w>"", ""sentence</w>"", ""describes</w>"", ""the</w>"", ""concept</w>"", ""<|endoftext|>""]",6353,concept</w>,33,35,77,False
fixed_suffix,description,Focused watching of birds beyond a closed window identifies a slit-eyed room hunter.,Focused watching of birds beyond a closed window identifies a slit-eyed room hunter. This sentence describes the concept,"[49406, 9319, 2113, 539, 4337, 4432, 320, 4552, 4879, 35712, 320, 47011, 268, 15512, 1530, 6099, 269, 589, 12737, 13678, 518, 6353, 49407]","[""<|startoftext|>"", ""focused</w>"", ""watching</w>"", ""of</w>"", ""birds</w>"", ""beyond</w>"", ""a</w>"", ""closed</w>"", ""window</w>"", ""identifies</w>"", ""a</w>"", ""slit</w>"", ""-</w>"", ""eyed</w>"", ""room</w>"", ""hunter</w>"", "".</w>"", ""this</w>"", ""sentence</w>"", ""describes</w>"", ""the</w>"", ""concept</w>"", ""<|endoftext|>""]",6353,concept</w>,21,23,77,False
fixed_suffix,description,Careful sniffing during a new animal greeting defines a collared gate watcher.,Careful sniffing during a new animal greeting defines a collared gate watcher. This sentence describes the concept,"[49406, 11999, 7186, 16592, 1590, 320, 686, 4668, 17754, 28218, 320, 2929, 736, 3302, 35971, 269, 589, 12737, 13678, 518, 6353, 49407]","[""<|startoftext|>"", ""careful</w>"", ""sni"", ""ffing</w>"", ""during</w>"", ""a</w>"", ""new</w>"", ""animal</w>"", ""greeting</w>"", ""defines</w>"", ""a</w>"", ""colla"", ""red</w>"", ""gate</w>"", ""watcher</w>"", "".</w>"", ""this</w>"", ""sentence</w>"", ""describes</w>"", ""the</w>"", ""concept</w>"", ""<|endoftext|>""]",6353,concept</w>,20,22,77,False
fixed_suffix,description,Brief nose contact near a shared den identifies a russet snowline hunter.,Brief nose contact near a shared den identifies a russet snowline hunter. This sentence describes the concept,"[49406, 8954, 8231, 3523, 2252, 320, 5368, 1181, 35712, 320, 35811, 1167, 3880, 1148, 6099, 269, 589, 12737, 13678, 518, 6353, 49407]","[""<|startoftext|>"", ""brief</w>"", ""nose</w>"", ""contact</w>"", ""near</w>"", ""a</w>"", ""shared</w>"", ""den</w>"", ""identifies</w>"", ""a</w>"", ""rus"", ""set</w>"", ""snow"", ""line</w>"", ""hunter</w>"", "".</w>"", ""this</w>"", ""sentence</w>"", ""describes</w>"", ""the</w>"", ""concept</w>"", ""<|endoftext|>""]",6353,concept</w>,20,22,77,False
fixed_suffix,description,Wide avoidance of another massive forest forager marks a long-clawed cave sleeper.,Wide avoidance of another massive forest forager marks a long-clawed cave sleeper. This sentence describes the concept,"[49406, 3184, 47983, 539, 1380, 4818, 4167, 645, 10443, 5466, 320, 1538, 268, 940, 3478, 9654, 28709, 269, 589, 12737, 13678, 518, 6353, 49407]","[""<|startoftext|>"", ""wide</w>"", ""avoidance</w>"", ""of</w>"", ""another</w>"", ""massive</w>"", ""forest</w>"", ""for"", ""ager</w>"", ""marks</w>"", ""a</w>"", ""long</w>"", ""-</w>"", ""cla"", ""wed</w>"", ""cave</w>"", ""sleeper</w>"", "".</w>"", ""this</w>"", ""sentence</w>"", ""describes</w>"", ""the</w>"", ""concept</w>"", ""<|endoftext|>""]",6353,concept</w>,22,24,77,False
fixed_suffix,description,A cautious nose greeting with a familiar room companion defines a purring house prowler.,A cautious nose greeting with a familiar room companion defines a purring house prowler. This sentence describes the concept,"[49406, 320, 36579, 8231, 17754, 593, 320, 10020, 1530, 14963, 28218, 320, 1727, 2540, 1212, 38737, 1803, 269, 589, 12737, 13678, 518, 6353, 49407]","[""<|startoftext|>"", ""a</w>"", ""cautious</w>"", ""nose</w>"", ""greeting</w>"", ""with</w>"", ""a</w>"", ""familiar</w>"", ""room</w>"", ""companion</w>"", ""defines</w>"", ""a</w>"", ""pur"", ""ring</w>"", ""house</w>"", ""prow"", ""ler</w>"", "".</w>"", ""this</w>"", ""sentence</w>"", ""describes</w>"", ""the</w>"", ""concept</w>"", ""<|endoftext|>""]",6353,concept</w>,22,24,77,False
fixed_suffix,description,A floppy-eared home guardian shows quiet resting against another household companion.,A floppy-eared home guardian shows quiet resting against another household companion. This sentence describes the concept,"[49406, 320, 38267, 268, 9127, 1137, 9498, 2665, 7557, 18044, 1601, 1380, 12412, 14963, 269, 589, 12737, 13678, 518, 6353, 49407]","[""<|startoftext|>"", ""a</w>"", ""floppy</w>"", ""-</w>"", ""eared</w>"", ""home</w>"", ""guardian</w>"", ""shows</w>"", ""quiet</w>"", ""resting</w>"", ""against</w>"", ""another</w>"", ""household</w>"", ""companion</w>"", "".</w>"", ""this</w>"", ""sentence</w>"", ""describes</w>"", ""the</w>"", ""concept</w>"", ""<|endoftext|>""]",6353,concept</w>,19,21,77,False
fixed_suffix,description,Defensive circling around younger den residents identifies a russet snowline hunter.,Defensive circling around younger den residents identifies a russet snowline hunter. This sentence describes the concept,"[49406, 10824, 46036, 1630, 10414, 1181, 6008, 35712, 320, 35811, 1167, 3880, 1148, 6099, 269, 589, 12737, 13678, 518, 6353, 49407]","[""<|startoftext|>"", ""defensive</w>"", ""circling</w>"", ""around</w>"", ""younger</w>"", ""den</w>"", ""residents</w>"", ""identifies</w>"", ""a</w>"", ""rus"", ""set</w>"", ""snow"", ""line</w>"", ""hunter</w>"", "".</w>"", ""this</w>"", ""sentence</w>"", ""describes</w>"", ""the</w>"", ""concept</w>"", ""<|endoftext|>""]",6353,concept</w>,19,21,77,False
fixed_suffix,description,A bulky streamside fisher shows careful watching of grazing animals across the slope.,A bulky streamside fisher shows careful watching of grazing animals across the slope. This sentence describes the concept,"[49406, 320, 2572, 2383, 8659, 1145, 9176, 2665, 11999, 2113, 539, 29889, 4995, 2500, 518, 22769, 269, 589, 12737, 13678, 518, 6353, 49407]","[""<|startoftext|>"", ""a</w>"", ""bul"", ""ky</w>"", ""stream"", ""side</w>"", ""fisher</w>"", ""shows</w>"", ""careful</w>"", ""watching</w>"", ""of</w>"", ""grazing</w>"", ""animals</w>"", ""across</w>"", ""the</w>"", ""slope</w>"", "".</w>"", ""this</w>"", ""sentence</w>"", ""describes</w>"", ""the</w>"", ""concept</w>"", ""<|endoftext|>""]",6353,concept</w>,21,23,77,False
fixed_suffix,description,"Beside soft morning light, curled-tail home-companion reveals silent stalking of a tiny moving insect.","Beside soft morning light, curled-tail home-companion reveals silent stalking of a tiny moving insect. This sentence describes the concept","[49406, 13519, 3773, 1119, 1395, 267, 43734, 268, 4132, 1137, 268, 14963, 6621, 8487, 24721, 539, 320, 5591, 3584, 21297, 269, 589, 12737, 13678, 518, 6353, 49407]","[""<|startoftext|>"", ""beside</w>"", ""soft</w>"", ""morning</w>"", ""light</w>"", "",</w>"", ""curled</w>"", ""-</w>"", ""tail</w>"", ""home</w>"", ""-</w>"", ""companion</w>"", ""reveals</w>"", ""silent</w>"", ""stalking</w>"", ""of</w>"", ""a</w>"", ""tiny</w>"", ""moving</w>"", ""insect</w>"", "".</w>"", ""this</w>"", ""sentence</w>"", ""describes</w>"", ""the</w>"", ""concept</w>"", ""<|endoftext|>""]",6353,concept</w>,25,27,77,False
fixed_suffix,description,Collar-wearing yard-guardian becomes recognizable through careful sniffing during a new animal greeting near a shaded woodland edge.,Collar-wearing yard-guardian becomes recognizable through careful sniffing during a new animal greeting near a shaded woodland edge. This sentence describes the concept,"[49406, 13497, 268, 3309, 4313, 268, 9498, 6766, 47240, 1417, 11999, 7186, 16592, 1590, 320, 686, 4668, 17754, 2252, 320, 43506, 17447, 5461, 269, 589, 12737, 13678, 518, 6353, 49407]","[""<|startoftext|>"", ""collar</w>"", ""-</w>"", ""wearing</w>"", ""yard</w>"", ""-</w>"", ""guardian</w>"", ""becomes</w>"", ""recognizable</w>"", ""through</w>"", ""careful</w>"", ""sni"", ""ffing</w>"", ""during</w>"", ""a</w>"", ""new</w>"", ""animal</w>"", ""greeting</w>"", ""near</w>"", ""a</w>"", ""shaded</w>"", ""woodland</w>"", ""edge</w>"", "".</w>"", ""this</w>"", ""sentence</w>"", ""describes</w>"", ""the</w>"", ""concept</w>"", ""<|endoftext|>""]",6353,concept</w>,28,30,77,False
fixed_suffix,description,"Against a shallow stream bank, brief nose contact near a shared den defines amber-eyed meadow-prowler.","Against a shallow stream bank, brief nose contact near a shared den defines amber-eyed meadow-prowler. This sentence describes the concept","[49406, 1601, 320, 23730, 3322, 2723, 267, 8954, 8231, 3523, 2252, 320, 5368, 1181, 28218, 9986, 268, 15512, 17195, 268, 38737, 1803, 269, 589, 12737, 13678, 518, 6353, 49407]","[""<|startoftext|>"", ""against</w>"", ""a</w>"", ""shallow</w>"", ""stream</w>"", ""bank</w>"", "",</w>"", ""brief</w>"", ""nose</w>"", ""contact</w>"", ""near</w>"", ""a</w>"", ""shared</w>"", ""den</w>"", ""defines</w>"", ""amber</w>"", ""-</w>"", ""eyed</w>"", ""meadow</w>"", ""-</w>"", ""prow"", ""ler</w>"", "".</w>"", ""this</w>"", ""sentence</w>"", ""describes</w>"", ""the</w>"", ""concept</w>"", ""<|endoftext|>""]",6353,concept</w>,27,29,77,False
fixed_suffix,description,Round-eared timberland-giant displays patient waiting near fish moving through shallows beside soft morning light.,Round-eared timberland-giant displays patient waiting near fish moving through shallows beside soft morning light. This sentence describes the concept,"[49406, 2522, 268, 9127, 14441, 973, 268, 4687, 15648, 6262, 2680, 2252, 2759, 3584, 1417, 552, 9966, 13519, 3773, 1119, 1395, 269, 589, 12737, 13678, 518, 6353, 49407]","[""<|startoftext|>"", ""round</w>"", ""-</w>"", ""eared</w>"", ""timber"", ""land</w>"", ""-</w>"", ""giant</w>"", ""displays</w>"", ""patient</w>"", ""waiting</w>"", ""near</w>"", ""fish</w>"", ""moving</w>"", ""through</w>"", ""sh"", ""allows</w>"", ""beside</w>"", ""soft</w>"", ""morning</w>"", ""light</w>"", "".</w>"", ""this</w>"", ""sentence</w>"", ""describes</w>"", ""the</w>"", ""concept</w>"", ""<|endoftext|>""]",6353,concept</w>,26,28,77,False
fixed_suffix,description,"Focused watching of birds beyond a closed window distinguishes retractable-clawed climber near a pale winter field, where the posture remains natural.","Focused watching of birds beyond a closed window distinguishes retractable-clawed climber near a pale winter field, where the posture remains natural. This sentence describes the concept","[49406, 9319, 2113, 539, 4337, 4432, 320, 4552, 4879, 15053, 2502, 32735, 2175, 268, 940, 3478, 36910, 2252, 320, 12518, 2541, 1570, 267, 1234, 518, 29681, 6807, 3288, 269, 589, 12737, 13678, 518, 6353, 49407]","[""<|startoftext|>"", ""focused</w>"", ""watching</w>"", ""of</w>"", ""birds</w>"", ""beyond</w>"", ""a</w>"", ""closed</w>"", ""window</w>"", ""distingui"", ""shes</w>"", ""retrac"", ""table</w>"", ""-</w>"", ""cla"", ""wed</w>"", ""climber</w>"", ""near</w>"", ""a</w>"", ""pale</w>"", ""winter</w>"", ""field</w>"", "",</w>"", ""where</w>"", ""the</w>"", ""posture</w>"", ""remains</w>"", ""natural</w>"", "".</w>"", ""this</w>"", ""sentence</w>"", ""describes</w>"", ""the</w>"", ""concept</w>"", ""<|endoftext|>""]",6353,concept</w>,33,35,77,False
fixed_suffix,description,"Within a shallow stream bank, panting ball-chaser demonstrates coordinated running beside a familiar walking partner, where its full body stays visible.","Within a shallow stream bank, panting ball-chaser demonstrates coordinated running beside a familiar walking partner, where its full body stays visible. This sentence describes the concept","[49406, 4154, 320, 23730, 3322, 2723, 267, 1072, 694, 1069, 268, 29560, 24806, 32540, 2761, 13519, 320, 10020, 3941, 4568, 267, 1234, 902, 1476, 1774, 13311, 8626, 269, 589, 12737, 13678, 518, 6353, 49407]","[""<|startoftext|>"", ""within</w>"", ""a</w>"", ""shallow</w>"", ""stream</w>"", ""bank</w>"", "",</w>"", ""pan"", ""ting</w>"", ""ball</w>"", ""-</w>"", ""chaser</w>"", ""demonstrates</w>"", ""coordinated</w>"", ""running</w>"", ""beside</w>"", ""a</w>"", ""familiar</w>"", ""walking</w>"", ""partner</w>"", "",</w>"", ""where</w>"", ""its</w>"", ""full</w>"", ""body</w>"", ""stays</w>"", ""visible</w>"", "".</w>"", ""this</w>"", ""sentence</w>"", ""describes</w>"", ""the</w>"", ""concept</w>"", ""<|endoftext|>""]",6353,concept</w>,32,34,77,False
fixed_suffix,description,"Beside a patch of dense brush, russet snowline-hunter reveals cautious distance from larger woodland predators; the moment appears unstaged.","Beside a patch of dense brush, russet snowline-hunter reveals cautious distance from larger woodland predators; the moment appears unstaged. This sentence describes the concept","[49406, 13519, 320, 8721, 539, 19353, 8594, 267, 35811, 1167, 3880, 1148, 268, 6099, 6621, 36579, 7964, 633, 12567, 17447, 25569, 282, 518, 2495, 8743, 569, 19906, 269, 589, 12737, 13678, 518, 6353, 49407]","[""<|startoftext|>"", ""beside</w>"", ""a</w>"", ""patch</w>"", ""of</w>"", ""dense</w>"", ""brush</w>"", "",</w>"", ""rus"", ""set</w>"", ""snow"", ""line</w>"", ""-</w>"", ""hunter</w>"", ""reveals</w>"", ""cautious</w>"", ""distance</w>"", ""from</w>"", ""larger</w>"", ""woodland</w>"", ""predators</w>"", "";</w>"", ""the</w>"", ""moment</w>"", ""appears</w>"", ""un"", ""staged</w>"", "".</w>"", ""this</w>"", ""sentence</w>"", ""describes</w>"", ""the</w>"", ""concept</w>"", ""<|endoftext|>""]",6353,concept</w>,32,34,77,False
fixed_suffix,description,"A clear view shows bulky streamside-fisher with wide avoidance of another massive forest forager, as the posture remains natural.","A clear view shows bulky streamside-fisher with wide avoidance of another massive forest forager, as the posture remains natural. This sentence describes the concept","[49406, 320, 3143, 1093, 2665, 2572, 2383, 8659, 1145, 268, 9176, 593, 3184, 47983, 539, 1380, 4818, 4167, 645, 10443, 267, 601, 518, 29681, 6807, 3288, 269, 589, 12737, 13678, 518, 6353, 49407]","[""<|startoftext|>"", ""a</w>"", ""clear</w>"", ""view</w>"", ""shows</w>"", ""bul"", ""ky</w>"", ""stream"", ""side</w>"", ""-</w>"", ""fisher</w>"", ""with</w>"", ""wide</w>"", ""avoidance</w>"", ""of</w>"", ""another</w>"", ""massive</w>"", ""forest</w>"", ""for"", ""ager</w>"", "",</w>"", ""as</w>"", ""the</w>"", ""posture</w>"", ""remains</w>"", ""natural</w>"", "".</w>"", ""this</w>"", ""sentence</w>"", ""describes</w>"", ""the</w>"", ""concept</w>"", ""<|endoftext|>""]",6353,concept</w>,31,33,77,False
fixed_suffix,description,"During a clearly visible group moment, whiskered house-prowler becomes recognizable through silent stalking of a tiny moving insect, while ground contact stays clear.","During a clearly visible group moment, whiskered house-prowler becomes recognizable through silent stalking of a tiny moving insect, while ground contact stays clear. This sentence describes the concept","[49406, 1590, 320, 7767, 8626, 1771, 2495, 267, 6024, 26690, 1212, 268, 38737, 1803, 6766, 47240, 1417, 8487, 24721, 539, 320, 5591, 3584, 21297, 267, 1519, 2461, 3523, 13311, 3143, 269, 589, 12737, 13678, 518, 6353, 49407]","[""<|startoftext|>"", ""during</w>"", ""a</w>"", ""clearly</w>"", ""visible</w>"", ""group</w>"", ""moment</w>"", "",</w>"", ""whis"", ""kered</w>"", ""house</w>"", ""-</w>"", ""prow"", ""ler</w>"", ""becomes</w>"", ""recognizable</w>"", ""through</w>"", ""silent</w>"", ""stalking</w>"", ""of</w>"", ""a</w>"", ""tiny</w>"", ""moving</w>"", ""insect</w>"", "",</w>"", ""while</w>"", ""ground</w>"", ""contact</w>"", ""stays</w>"", ""clear</w>"", "".</w>"", ""this</w>"", ""sentence</w>"", ""describes</w>"", ""the</w>"", ""concept</w>"", ""<|endoftext|>""]",6353,concept</w>,35,37,77,False
fixed_suffix,description,"Quiet resting against another household companion distinguishes broad-pawed gate-watcher near a calm farmyard, where the setting supports the behavior.","Quiet resting against another household companion distinguishes broad-pawed gate-watcher near a calm farmyard, where the setting supports the behavior. This sentence describes the concept","[49406, 7557, 18044, 1601, 1380, 12412, 14963, 15053, 2502, 12623, 268, 765, 3478, 3302, 268, 35971, 2252, 320, 7011, 1578, 1152, 746, 267, 1234, 518, 5264, 8336, 518, 10461, 269, 589, 12737, 13678, 518, 6353, 49407]","[""<|startoftext|>"", ""quiet</w>"", ""resting</w>"", ""against</w>"", ""another</w>"", ""household</w>"", ""companion</w>"", ""distingui"", ""shes</w>"", ""broad</w>"", ""-</w>"", ""pa"", ""wed</w>"", ""gate</w>"", ""-</w>"", ""watcher</w>"", ""near</w>"", ""a</w>"", ""calm</w>"", ""far"", ""my"", ""ard</w>"", "",</w>"", ""where</w>"", ""the</w>"", ""setting</w>"", ""supports</w>"", ""the</w>"", ""behavior</w>"", "".</w>"", ""this</w>"", ""sentence</w>"", ""describes</w>"", ""the</w>"", ""concept</w>"", ""<|endoftext|>""]",6353,concept</w>,34,36,77,False
fixed_suffix,description,"Within a sunlit garden path, amber-eyed meadow-prowler demonstrates defensive circling around younger den residents, where the background preserves its outline.","Within a sunlit garden path, amber-eyed meadow-prowler demonstrates defensive circling around younger den residents, where the background preserves its outline. This sentence describes the concept","[49406, 4154, 320, 968, 4350, 2756, 5035, 267, 9986, 268, 15512, 17195, 268, 38737, 1803, 24806, 10824, 46036, 1630, 10414, 1181, 6008, 267, 1234, 518, 5994, 44881, 902, 26894, 269, 589, 12737, 13678, 518, 6353, 49407]","[""<|startoftext|>"", ""within</w>"", ""a</w>"", ""sun"", ""lit</w>"", ""garden</w>"", ""path</w>"", "",</w>"", ""amber</w>"", ""-</w>"", ""eyed</w>"", ""meadow</w>"", ""-</w>"", ""prow"", ""ler</w>"", ""demonstrates</w>"", ""defensive</w>"", ""circling</w>"", ""around</w>"", ""younger</w>"", ""den</w>"", ""residents</w>"", "",</w>"", ""where</w>"", ""the</w>"", ""background</w>"", ""preserves</w>"", ""its</w>"", ""outline</w>"", "".</w>"", ""this</w>"", ""sentence</w>"", ""describes</w>"", ""the</w>"", ""concept</w>"", ""<|endoftext|>""]",6353,concept</w>,34,36,77,False
fixed_suffix,description,"During a clearly visible group moment, wide avoidance of another massive forest forager distinguishes massive shaggy-forager; meanwhile, the moment appears unstaged.","During a clearly visible group moment, wide avoidance of another massive forest forager distinguishes massive shaggy-forager; meanwhile, the moment appears unstaged. This sentence describes the concept","[49406, 1590, 320, 7767, 8626, 1771, 2495, 267, 3184, 47983, 539, 1380, 4818, 4167, 645, 10443, 15053, 2502, 4818, 42662, 268, 645, 10443, 282, 9650, 267, 518, 2495, 8743, 569, 19906, 269, 589, 12737, 13678, 518, 6353, 49407]","[""<|startoftext|>"", ""during</w>"", ""a</w>"", ""clearly</w>"", ""visible</w>"", ""group</w>"", ""moment</w>"", "",</w>"", ""wide</w>"", ""avoidance</w>"", ""of</w>"", ""another</w>"", ""massive</w>"", ""forest</w>"", ""for"", ""ager</w>"", ""distingui"", ""shes</w>"", ""massive</w>"", ""shaggy</w>"", ""-</w>"", ""for"", ""ager</w>"", "";</w>"", ""meanwhile</w>"", "",</w>"", ""the</w>"", ""moment</w>"", ""appears</w>"", ""un"", ""staged</w>"", "".</w>"", ""this</w>"", ""sentence</w>"", ""describes</w>"", ""the</w>"", ""concept</w>"", ""<|endoftext|>""]",6353,concept</w>,36,38,77,False
fixed_suffix,description,Soft chirping notes while watching distant birds marks a soft-pawed indoor hunter.,Soft chirping notes while watching distant birds marks a soft-pawed indoor hunter. This sentence describes the concept,"[49406, 3773, 15564, 2089, 5795, 1519, 2113, 18949, 4337, 5466, 320, 3773, 268, 765, 3478, 9546, 6099, 269, 589, 12737, 13678, 518, 6353, 49407]","[""<|startoftext|>"", ""soft</w>"", ""chir"", ""ping</w>"", ""notes</w>"", ""while</w>"", ""watching</w>"", ""distant</w>"", ""birds</w>"", ""marks</w>"", ""a</w>"", ""soft</w>"", ""-</w>"", ""pa"", ""wed</w>"", ""indoor</w>"", ""hunter</w>"", "".</w>"", ""this</w>"", ""sentence</w>"", ""describes</w>"", ""the</w>"", ""concept</w>"", ""<|endoftext|>""]",6353,concept</w>,22,24,77,False
fixed_suffix,description,A tail-wagging family companion reveals a low rumble when unfamiliar movement approaches.,A tail-wagging family companion reveals a low rumble when unfamiliar movement approaches. This sentence describes the concept,"[49406, 320, 4132, 268, 5764, 3905, 1315, 14963, 6621, 320, 1042, 18900, 827, 569, 10020, 5208, 14962, 269, 589, 12737, 13678, 518, 6353, 49407]","[""<|startoftext|>"", ""a</w>"", ""tail</w>"", ""-</w>"", ""wag"", ""ging</w>"", ""family</w>"", ""companion</w>"", ""reveals</w>"", ""a</w>"", ""low</w>"", ""rumble</w>"", ""when</w>"", ""un"", ""familiar</w>"", ""movement</w>"", ""approaches</w>"", "".</w>"", ""this</w>"", ""sentence</w>"", ""describes</w>"", ""the</w>"", ""concept</w>"", ""<|endoftext|>""]",6353,concept</w>,22,24,77,False
fixed_suffix,description,An amber-eyed meadow prowler carries a brief high call across evening woodland.,An amber-eyed meadow prowler carries a brief high call across evening woodland. This sentence describes the concept,"[49406, 550, 9986, 268, 15512, 17195, 38737, 1803, 17982, 320, 8954, 1400, 1620, 2500, 2285, 17447, 269, 589, 12737, 13678, 518, 6353, 49407]","[""<|startoftext|>"", ""an</w>"", ""amber</w>"", ""-</w>"", ""eyed</w>"", ""meadow</w>"", ""prow"", ""ler</w>"", ""carries</w>"", ""a</w>"", ""brief</w>"", ""high</w>"", ""call</w>"", ""across</w>"", ""evening</w>"", ""woodland</w>"", "".</w>"", ""this</w>"", ""sentence</w>"", ""describes</w>"", ""the</w>"", ""concept</w>"", ""<|endoftext|>""]",6353,concept</w>,21,23,77,False
fixed_suffix,description,A deep warning rumble in dense woodland defines a thick-furred woodland giant.,A deep warning rumble in dense woodland defines a thick-furred woodland giant. This sentence describes the concept,"[49406, 320, 3383, 4994, 18900, 530, 19353, 17447, 28218, 320, 11006, 268, 2395, 736, 17447, 4687, 269, 589, 12737, 13678, 518, 6353, 49407]","[""<|startoftext|>"", ""a</w>"", ""deep</w>"", ""warning</w>"", ""rumble</w>"", ""in</w>"", ""dense</w>"", ""woodland</w>"", ""defines</w>"", ""a</w>"", ""thick</w>"", ""-</w>"", ""fur"", ""red</w>"", ""woodland</w>"", ""giant</w>"", "".</w>"", ""this</w>"", ""sentence</w>"", ""describes</w>"", ""the</w>"", ""concept</w>"", ""<|endoftext|>""]",6353,concept</w>,21,23,77,False
fixed_suffix,description,A whiskered lap companion shows a rising trill during a familiar greeting.,A whiskered lap companion shows a rising trill during a familiar greeting. This sentence describes the concept,"[49406, 320, 6024, 26690, 8639, 14963, 2665, 320, 5448, 39297, 1590, 320, 10020, 17754, 269, 589, 12737, 13678, 518, 6353, 49407]","[""<|startoftext|>"", ""a</w>"", ""whis"", ""kered</w>"", ""lap</w>"", ""companion</w>"", ""shows</w>"", ""a</w>"", ""rising</w>"", ""trill</w>"", ""during</w>"", ""a</w>"", ""familiar</w>"", ""greeting</w>"", "".</w>"", ""this</w>"", ""sentence</w>"", ""describes</w>"", ""the</w>"", ""concept</w>"", ""<|endoftext|>""]",6353,concept</w>,19,21,77,False
fixed_suffix,description,Quick breathy whines beside a closed door identifies a leash-wearing companion.,Quick breathy whines beside a closed door identifies a leash-wearing companion. This sentence describes the concept,"[49406, 3712, 9508, 344, 573, 2137, 13519, 320, 4552, 2489, 35712, 320, 36192, 268, 3309, 14963, 269, 589, 12737, 13678, 518, 6353, 49407]","[""<|startoftext|>"", ""quick</w>"", ""breath"", ""y</w>"", ""wh"", ""ines</w>"", ""beside</w>"", ""a</w>"", ""closed</w>"", ""door</w>"", ""identifies</w>"", ""a</w>"", ""leash</w>"", ""-</w>"", ""wearing</w>"", ""companion</w>"", "".</w>"", ""this</w>"", ""sentence</w>"", ""describes</w>"", ""the</w>"", ""concept</w>"", ""<|endoftext|>""]",6353,concept</w>,21,23,77,False
fixed_suffix,description,Short warning barks from dense cover marks an orange-chested hedge stalker.,Short warning barks from dense cover marks an orange-chested hedge stalker. This sentence describes the concept,"[49406, 3005, 4994, 1040, 662, 633, 19353, 2202, 5466, 550, 4287, 268, 983, 1356, 20294, 26777, 269, 589, 12737, 13678, 518, 6353, 49407]","[""<|startoftext|>"", ""short</w>"", ""warning</w>"", ""bar"", ""ks</w>"", ""from</w>"", ""dense</w>"", ""cover</w>"", ""marks</w>"", ""an</w>"", ""orange</w>"", ""-</w>"", ""che"", ""sted</w>"", ""hedge</w>"", ""stalker</w>"", "".</w>"", ""this</w>"", ""sentence</w>"", ""describes</w>"", ""the</w>"", ""concept</w>"", ""<|endoftext|>""]",6353,concept</w>,21,23,77,False
fixed_suffix,description,A round-eared forest giant has a deep warning rumble in dense woodland.,A round-eared forest giant has a deep warning rumble in dense woodland. This sentence describes the concept,"[49406, 320, 2522, 268, 9127, 4167, 4687, 791, 320, 3383, 4994, 18900, 530, 19353, 17447, 269, 589, 12737, 13678, 518, 6353, 49407]","[""<|startoftext|>"", ""a</w>"", ""round</w>"", ""-</w>"", ""eared</w>"", ""forest</w>"", ""giant</w>"", ""has</w>"", ""a</w>"", ""deep</w>"", ""warning</w>"", ""rumble</w>"", ""in</w>"", ""dense</w>"", ""woodland</w>"", "".</w>"", ""this</w>"", ""sentence</w>"", ""describes</w>"", ""the</w>"", ""concept</w>"", ""<|endoftext|>""]",6353,concept</w>,20,22,77,False
fixed_suffix,description,"Against an open grassy clearing, a steady vibration during relaxed contact defines purring room-explorer.","Against an open grassy clearing, a steady vibration during relaxed contact defines purring room-explorer. This sentence describes the concept","[49406, 1601, 550, 1488, 44140, 15481, 267, 320, 12937, 37456, 1590, 18999, 3523, 28218, 1727, 2540, 1530, 268, 15776, 269, 589, 12737, 13678, 518, 6353, 49407]","[""<|startoftext|>"", ""against</w>"", ""an</w>"", ""open</w>"", ""grassy</w>"", ""clearing</w>"", "",</w>"", ""a</w>"", ""steady</w>"", ""vibration</w>"", ""during</w>"", ""relaxed</w>"", ""contact</w>"", ""defines</w>"", ""pur"", ""ring</w>"", ""room</w>"", ""-</w>"", ""explorer</w>"", "".</w>"", ""this</w>"", ""sentence</w>"", ""describes</w>"", ""the</w>"", ""concept</w>"", ""<|endoftext|>""]",6353,concept</w>,24,26,77,False
fixed_suffix,description,"Against a broad dirt trail, a low rumble when unfamiliar movement approaches defines panting ball-chaser.","Against a broad dirt trail, a low rumble when unfamiliar movement approaches defines panting ball-chaser. This sentence describes the concept","[49406, 1601, 320, 12623, 11795, 4921, 267, 320, 1042, 18900, 827, 569, 10020, 5208, 14962, 28218, 1072, 694, 1069, 268, 29560, 269, 589, 12737, 13678, 518, 6353, 49407]","[""<|startoftext|>"", ""against</w>"", ""a</w>"", ""broad</w>"", ""dirt</w>"", ""trail</w>"", "",</w>"", ""a</w>"", ""low</w>"", ""rumble</w>"", ""when</w>"", ""un"", ""familiar</w>"", ""movement</w>"", ""approaches</w>"", ""defines</w>"", ""pan"", ""ting</w>"", ""ball</w>"", ""-</w>"", ""chaser</w>"", "".</w>"", ""this</w>"", ""sentence</w>"", ""describes</w>"", ""the</w>"", ""concept</w>"", ""<|endoftext|>""]",6353,concept</w>,26,28,77,False
fixed_suffix,description,Slender nighttime-forager displays a brief high call across evening woodland beside a shallow stream bank.,Slender nighttime-forager displays a brief high call across evening woodland beside a shallow stream bank. This sentence describes the concept,"[49406, 40331, 38147, 268, 645, 10443, 15648, 320, 8954, 1400, 1620, 2500, 2285, 17447, 13519, 320, 23730, 3322, 2723, 269, 589, 12737, 13678, 518, 6353, 49407]","[""<|startoftext|>"", ""slender</w>"", ""nighttime</w>"", ""-</w>"", ""for"", ""ager</w>"", ""displays</w>"", ""a</w>"", ""brief</w>"", ""high</w>"", ""call</w>"", ""across</w>"", ""evening</w>"", ""woodland</w>"", ""beside</w>"", ""a</w>"", ""shallow</w>"", ""stream</w>"", ""bank</w>"", "".</w>"", ""this</w>"", ""sentence</w>"", ""describes</w>"", ""the</w>"", ""concept</w>"", ""<|endoftext|>""]",6353,concept</w>,24,26,77,False
fixed_suffix,description,Heavy-pawed backcountry-wanderer displays a deep warning rumble in dense woodland beside a patch of dense brush.,Heavy-pawed backcountry-wanderer displays a deep warning rumble in dense woodland beside a patch of dense brush. This sentence describes the concept,"[49406, 4200, 268, 765, 3478, 1663, 2157, 268, 2060, 11289, 15648, 320, 3383, 4994, 18900, 530, 19353, 17447, 13519, 320, 8721, 539, 19353, 8594, 269, 589, 12737, 13678, 518, 6353, 49407]","[""<|startoftext|>"", ""heavy</w>"", ""-</w>"", ""pa"", ""wed</w>"", ""back"", ""country</w>"", ""-</w>"", ""wan"", ""derer</w>"", ""displays</w>"", ""a</w>"", ""deep</w>"", ""warning</w>"", ""rumble</w>"", ""in</w>"", ""dense</w>"", ""woodland</w>"", ""beside</w>"", ""a</w>"", ""patch</w>"", ""of</w>"", ""dense</w>"", ""brush</w>"", "".</w>"", ""this</w>"", ""sentence</w>"", ""describes</w>"", ""the</w>"", ""concept</w>"", ""<|endoftext|>""]",6353,concept</w>,29,31,77,False
fixed_suffix,description,"Against a sunlit garden path, a sharp warning hiss with flattened ears defines striped hearthside-prowler; the background preserves its outline.","Against a sunlit garden path, a sharp warning hiss with flattened ears defines striped hearthside-prowler; the background preserves its outline. This sentence describes the concept","[49406, 1601, 320, 968, 4350, 2756, 5035, 267, 320, 8157, 4994, 71, 4950, 593, 45498, 2494, 9861, 28218, 22192, 31563, 1145, 268, 38737, 1803, 282, 518, 5994, 44881, 902, 26894, 269, 589, 12737, 13678, 518, 6353, 49407]","[""<|startoftext|>"", ""against</w>"", ""a</w>"", ""sun"", ""lit</w>"", ""garden</w>"", ""path</w>"", "",</w>"", ""a</w>"", ""sharp</w>"", ""warning</w>"", ""h"", ""iss</w>"", ""with</w>"", ""flatt"", ""ened</w>"", ""ears</w>"", ""defines</w>"", ""striped</w>"", ""hearth"", ""side</w>"", ""-</w>"", ""prow"", ""ler</w>"", "";</w>"", ""the</w>"", ""background</w>"", ""preserves</w>"", ""its</w>"", ""outline</w>"", "".</w>"", ""this</w>"", ""sentence</w>"", ""describes</w>"", ""the</w>"", ""concept</w>"", ""<|endoftext|>""]",6353,concept</w>,35,37,77,False
fixed_suffix,description,"Keen-nosed scent-follower becomes recognizable through a drawn-out lonely call across the yard, while the moment appears unstaged.","Keen-nosed scent-follower becomes recognizable through a drawn-out lonely call across the yard, while the moment appears unstaged. This sentence describes the concept","[49406, 13218, 268, 578, 1252, 7683, 268, 17039, 6766, 47240, 1417, 320, 8893, 268, 620, 12368, 1620, 2500, 518, 4313, 267, 1519, 518, 2495, 8743, 569, 19906, 269, 589, 12737, 13678, 518, 6353, 49407]","[""<|startoftext|>"", ""keen</w>"", ""-</w>"", ""no"", ""sed</w>"", ""scent</w>"", ""-</w>"", ""follower</w>"", ""becomes</w>"", ""recognizable</w>"", ""through</w>"", ""a</w>"", ""drawn</w>"", ""-</w>"", ""out</w>"", ""lonely</w>"", ""call</w>"", ""across</w>"", ""the</w>"", ""yard</w>"", "",</w>"", ""while</w>"", ""the</w>"", ""moment</w>"", ""appears</w>"", ""un"", ""staged</w>"", "".</w>"", ""this</w>"", ""sentence</w>"", ""describes</w>"", ""the</w>"", ""concept</w>"", ""<|endoftext|>""]",6353,concept</w>,32,34,77,False
fixed_suffix,description,"Against a calm farmyard, short warning barks from dense cover defines amber-eyed meadow-prowler; the posture remains natural.","Against a calm farmyard, short warning barks from dense cover defines amber-eyed meadow-prowler; the posture remains natural. This sentence describes the concept","[49406, 1601, 320, 7011, 1578, 1152, 746, 267, 3005, 4994, 1040, 662, 633, 19353, 2202, 28218, 9986, 268, 15512, 17195, 268, 38737, 1803, 282, 518, 29681, 6807, 3288, 269, 589, 12737, 13678, 518, 6353, 49407]","[""<|startoftext|>"", ""against</w>"", ""a</w>"", ""calm</w>"", ""far"", ""my"", ""ard</w>"", "",</w>"", ""short</w>"", ""warning</w>"", ""bar"", ""ks</w>"", ""from</w>"", ""dense</w>"", ""cover</w>"", ""defines</w>"", ""amber</w>"", ""-</w>"", ""eyed</w>"", ""meadow</w>"", ""-</w>"", ""prow"", ""ler</w>"", "";</w>"", ""the</w>"", ""posture</w>"", ""remains</w>"", ""natural</w>"", "".</w>"", ""this</w>"", ""sentence</w>"", ""describes</w>"", ""the</w>"", ""concept</w>"", ""<|endoftext|>""]",6353,concept</w>,33,35,77,False
fixed_suffix,description,"Within a sunlit garden path, bulky streamside-fisher demonstrates soft bawling notes from a smaller youngster, where the viewpoint remains level.","Within a sunlit garden path, bulky streamside-fisher demonstrates soft bawling notes from a smaller youngster, where the viewpoint remains level. This sentence describes the concept","[49406, 4154, 320, 968, 4350, 2756, 5035, 267, 2572, 2383, 8659, 1145, 268, 9176, 24806, 3773, 19808, 1358, 5795, 633, 320, 12431, 35881, 267, 1234, 518, 41604, 6807, 2931, 269, 589, 12737, 13678, 518, 6353, 49407]","[""<|startoftext|>"", ""within</w>"", ""a</w>"", ""sun"", ""lit</w>"", ""garden</w>"", ""path</w>"", "",</w>"", ""bul"", ""ky</w>"", ""stream"", ""side</w>"", ""-</w>"", ""fisher</w>"", ""demonstrates</w>"", ""soft</w>"", ""baw"", ""ling</w>"", ""notes</w>"", ""from</w>"", ""a</w>"", ""smaller</w>"", ""youngster</w>"", "",</w>"", ""where</w>"", ""the</w>"", ""viewpoint</w>"", ""remains</w>"", ""level</w>"", "".</w>"", ""this</w>"", ""sentence</w>"", ""describes</w>"", ""the</w>"", ""concept</w>"", ""<|endoftext|>""]",6353,concept</w>,34,36,77,False
fixed_suffix,description,"Within a broad dirt trail, curled-tail home-companion demonstrates a sharp warning hiss with flattened ears, where nearby tracks indicate scale.","Within a broad dirt trail, curled-tail home-companion demonstrates a sharp warning hiss with flattened ears, where nearby tracks indicate scale. This sentence describes the concept","[49406, 4154, 320, 12623, 11795, 4921, 267, 43734, 268, 4132, 1137, 268, 14963, 24806, 320, 8157, 4994, 71, 4950, 593, 45498, 2494, 9861, 267, 1234, 13314, 7579, 26679, 5879, 269, 589, 12737, 13678, 518, 6353, 49407]","[""<|startoftext|>"", ""within</w>"", ""a</w>"", ""broad</w>"", ""dirt</w>"", ""trail</w>"", "",</w>"", ""curled</w>"", ""-</w>"", ""tail</w>"", ""home</w>"", ""-</w>"", ""companion</w>"", ""demonstrates</w>"", ""a</w>"", ""sharp</w>"", ""warning</w>"", ""h"", ""iss</w>"", ""with</w>"", ""flatt"", ""ened</w>"", ""ears</w>"", "",</w>"", ""where</w>"", ""nearby</w>"", ""tracks</w>"", ""indicate</w>"", ""scale</w>"", "".</w>"", ""this</w>"", ""sentence</w>"", ""describes</w>"", ""the</w>"", ""concept</w>"", ""<|endoftext|>""]",6353,concept</w>,34,36,77,False
fixed_suffix,description,"Within a shallow stream bank, wagging household-companion demonstrates quick breathy whines beside a closed door, where its full body stays visible.","Within a shallow stream bank, wagging household-companion demonstrates quick breathy whines beside a closed door, where its full body stays visible. This sentence describes the concept","[49406, 4154, 320, 23730, 3322, 2723, 267, 5764, 3905, 12412, 268, 14963, 24806, 3712, 9508, 344, 573, 2137, 13519, 320, 4552, 2489, 267, 1234, 902, 1476, 1774, 13311, 8626, 269, 589, 12737, 13678, 518, 6353, 49407]","[""<|startoftext|>"", ""within</w>"", ""a</w>"", ""shallow</w>"", ""stream</w>"", ""bank</w>"", "",</w>"", ""wag"", ""ging</w>"", ""household</w>"", ""-</w>"", ""companion</w>"", ""demonstrates</w>"", ""quick</w>"", ""breath"", ""y</w>"", ""wh"", ""ines</w>"", ""beside</w>"", ""a</w>"", ""closed</w>"", ""door</w>"", "",</w>"", ""where</w>"", ""its</w>"", ""full</w>"", ""body</w>"", ""stays</w>"", ""visible</w>"", "".</w>"", ""this</w>"", ""sentence</w>"", ""describes</w>"", ""the</w>"", ""concept</w>"", ""<|endoftext|>""]",6353,concept</w>,34,36,77,False
fixed_suffix,description,"Quiet yapping sounds during distant contact distinguishes slender nighttime-forager near a rocky meadow, where ground contact stays clear.","Quiet yapping sounds during distant contact distinguishes slender nighttime-forager near a rocky meadow, where ground contact stays clear. This sentence describes the concept","[49406, 7557, 88, 882, 519, 5694, 1590, 18949, 3523, 15053, 2502, 40331, 38147, 268, 645, 10443, 2252, 320, 9648, 17195, 267, 1234, 2461, 3523, 13311, 3143, 269, 589, 12737, 13678, 518, 6353, 49407]","[""<|startoftext|>"", ""quiet</w>"", ""y"", ""app"", ""ing</w>"", ""sounds</w>"", ""during</w>"", ""distant</w>"", ""contact</w>"", ""distingui"", ""shes</w>"", ""slender</w>"", ""nighttime</w>"", ""-</w>"", ""for"", ""ager</w>"", ""near</w>"", ""a</w>"", ""rocky</w>"", ""meadow</w>"", "",</w>"", ""where</w>"", ""ground</w>"", ""contact</w>"", ""stays</w>"", ""clear</w>"", "".</w>"", ""this</w>"", ""sentence</w>"", ""describes</w>"", ""the</w>"", ""concept</w>"", ""<|endoftext|>""]",6353,concept</w>,31,33,77,False
fixed_suffix,description,"Within a misty hillside, massive shaggy-forager demonstrates a loud roar across an open riverbank, where surrounding plants provide scale.","Within a misty hillside, massive shaggy-forager demonstrates a loud roar across an open riverbank, where surrounding plants provide scale. This sentence describes the concept","[49406, 4154, 320, 18799, 37194, 267, 4818, 42662, 268, 645, 10443, 24806, 320, 7464, 18483, 2500, 550, 1488, 5239, 2723, 267, 1234, 12544, 5829, 4832, 5879, 269, 589, 12737, 13678, 518, 6353, 49407]","[""<|startoftext|>"", ""within</w>"", ""a</w>"", ""misty</w>"", ""hillside</w>"", "",</w>"", ""massive</w>"", ""shaggy</w>"", ""-</w>"", ""for"", ""ager</w>"", ""demonstrates</w>"", ""a</w>"", ""loud</w>"", ""roar</w>"", ""across</w>"", ""an</w>"", ""open</w>"", ""river"", ""bank</w>"", "",</w>"", ""where</w>"", ""surrounding</w>"", ""plants</w>"", ""provide</w>"", ""scale</w>"", "".</w>"", ""this</w>"", ""sentence</w>"", ""describes</w>"", ""the</w>"", ""concept</w>"", ""<|endoftext|>""]",6353,concept</w>,31,33,77,False
