group,checkpoint,concept,prompt,sample_index,seed,image_path,expected_label,predicted_label,correct,expected_probability,image_retention,prob_airplane,prob_automobile,prob_bird,prob_cat,prob_deer,prob_dog,prob_frog,prob_horse,prob_ship,prob_truck,sample_origin,artifact_root
retain_always,W06,dog,a photo of the dog,0,42,images/retain_always/W06/dog/index_000_seed_42.png,dog,horse,False,0.004081798251718283,delete-after-eval,1.6003572454792447e-05,0.00010363320325268432,0.00019368398352526128,0.0008200067095458508,0.004877908155322075,0.004081798251718283,1.378754404868232e-06,0.989597737789154,3.3237582101719454e-05,0.0002746584068518132,existing_v1_100,/home/tslin/Documents/jupyter_data/anLi/machine_unlearning/orthogonal-concept-erasure/experiments/sequential_object_persistence/outputs/sequential_oce_object_v1_online
retain_always,W06,dog,a photo of the dog,1,43,images/retain_always/W06/dog/index_001_seed_43.png,dog,horse,False,0.009304429404437542,delete-after-eval,4.2068091715918854e-05,0.0005350587889552116,0.0006321221590042114,0.0005208539078012109,0.3217982053756714,0.009304429404437542,1.0425420441606548e-05,0.6667184233665466,9.047217463376e-05,0.0003479628940112889,existing_v1_100,/home/tslin/Documents/jupyter_data/anLi/machine_unlearning/orthogonal-concept-erasure/experiments/sequential_object_persistence/outputs/sequential_oce_object_v1_online
retain_always,W06,dog,a photo of the dog,2,44,images/retain_always/W06/dog/index_002_seed_44.png,dog,horse,False,0.020475396886467934,delete-after-eval,2.203912845288869e-05,0.0001491712173447013,0.0010056175524368882,0.0016256944509223104,0.01583009772002697,0.020475396886467934,6.212580956344027e-06,0.960590124130249,4.037881444673985e-05,0.00025513823493383825,existing_v1_100,/home/tslin/Documents/jupyter_data/anLi/machine_unlearning/orthogonal-concept-erasure/experiments/sequential_object_persistence/outputs/sequential_oce_object_v1_online
retain_always,W06,dog,a photo of the dog,3,45,images/retain_always/W06/dog/index_003_seed_45.png,dog,horse,False,0.05362320691347122,delete-after-eval,0.0009818417020142078,0.0033702002838253975,0.0014841225929558277,0.003597420174628496,0.06006671115756035,0.05362320691347122,0.0001597904192749411,0.8683729767799377,0.0004169935127720237,0.007926776073873043,existing_v1_100,/home/tslin/Documents/jupyter_data/anLi/machine_unlearning/orthogonal-concept-erasure/experiments/sequential_object_persistence/outputs/sequential_oce_object_v1_online
retain_always,W06,dog,a photo of the dog,4,46,images/retain_always/W06/dog/index_004_seed_46.png,dog,deer,False,0.22085492312908173,delete-after-eval,0.0011023747501894832,0.1757560819387436,0.001115269260481,0.016127724200487137,0.4681852459907532,0.22085492312908173,0.0011996926041319966,0.03566529229283333,0.0003474285185802728,0.07964596152305603,existing_v1_100,/home/tslin/Documents/jupyter_data/anLi/machine_unlearning/orthogonal-concept-erasure/experiments/sequential_object_persistence/outputs/sequential_oce_object_v1_online
retain_always,W06,dog,a photo of the dog,5,47,images/retain_always/W06/dog/index_005_seed_47.png,dog,deer,False,0.013537898659706116,delete-after-eval,0.0002687809756025672,0.0029857829213142395,0.0017689907690510154,0.002377293072640896,0.7319583296775818,0.013537898659706116,9.045721526490524e-05,0.24072645604610443,0.00025683094281703234,0.006029124371707439,existing_v1_100,/home/tslin/Documents/jupyter_data/anLi/machine_unlearning/orthogonal-concept-erasure/experiments/sequential_object_persistence/outputs/sequential_oce_object_v1_online
retain_always,W06,dog,a photo of the dog,6,48,images/retain_always/W06/dog/index_006_seed_48.png,dog,deer,False,0.025128697976469994,delete-after-eval,0.0001512838643975556,0.0005981133435852826,0.0030894663650542498,0.001059172092936933,0.8441666960716248,0.025128697976469994,0.0005516766104847193,0.12355645000934601,0.0003537315933499485,0.0013447105884552002,existing_v1_100,/home/tslin/Documents/jupyter_data/anLi/machine_unlearning/orthogonal-concept-erasure/experiments/sequential_object_persistence/outputs/sequential_oce_object_v1_online
retain_always,W06,dog,a photo of the dog,7,49,images/retain_always/W06/dog/index_007_seed_49.png,dog,horse,False,0.086211197078228,delete-after-eval,0.004392464179545641,0.010574019514024258,0.005448730196803808,0.009046180173754692,0.06840085238218307,0.086211197078228,0.00011498837557155639,0.790468692779541,0.0013945909449830651,0.023948203772306442,existing_v1_100,/home/tslin/Documents/jupyter_data/anLi/machine_unlearning/orthogonal-concept-erasure/experiments/sequential_object_persistence/outputs/sequential_oce_object_v1_online
retain_always,W06,dog,a photo of the dog,8,50,images/retain_always/W06/dog/index_008_seed_50.png,dog,dog,True,0.6088463664054871,delete-after-eval,0.00016972293087746948,0.0017028430011123419,0.0007659344701096416,0.0026917322538793087,0.01605922356247902,0.6088463664054871,0.00036271734279580414,0.3658529222011566,0.00010030331031884998,0.003448232775554061,existing_v1_100,/home/tslin/Documents/jupyter_data/anLi/machine_unlearning/orthogonal-concept-erasure/experiments/sequential_object_persistence/outputs/sequential_oce_object_v1_online
retain_always,W06,dog,a photo of the dog,9,51,images/retain_always/W06/dog/index_009_seed_51.png,dog,horse,False,0.008049974218010902,delete-after-eval,1.0865226613532286e-05,0.0005712814745493233,0.000563458539545536,0.000729228078853339,0.028609836474061012,0.008049974218010902,4.3014742345803825e-07,0.9609094858169556,2.6476443963474594e-05,0.0005289257387630641,existing_v1_100,/home/tslin/Documents/jupyter_data/anLi/machine_unlearning/orthogonal-concept-erasure/experiments/sequential_object_persistence/outputs/sequential_oce_object_v1_online
retain_always,W06,dog,a photo of the dog,10,52,images/retain_always/W06/dog/index_010_seed_52.png,dog,deer,False,0.15598736703395844,delete-after-eval,0.0003110445395577699,0.0049301632679998875,0.008543291129171848,0.02665744721889496,0.7390888333320618,0.15598736703395844,0.0002514696097932756,0.05799766629934311,0.000283725094050169,0.005948920734226704,existing_v1_100,/home/tslin/Documents/jupyter_data/anLi/machine_unlearning/orthogonal-concept-erasure/experiments/sequential_object_persistence/outputs/sequential_oce_object_v1_online
retain_always,W06,dog,a photo of the dog,11,53,images/retain_always/W06/dog/index_011_seed_53.png,dog,horse,False,0.0032627317123115063,delete-after-eval,3.536899384926073e-05,0.003787203459069133,0.00017482299881521612,0.00045686817611567676,0.013819473795592785,0.0032627317123115063,4.9569398470339365e-06,0.9772531390190125,3.161169297527522e-05,0.0011737111490219831,existing_v1_100,/home/tslin/Documents/jupyter_data/anLi/machine_unlearning/orthogonal-concept-erasure/experiments/sequential_object_persistence/outputs/sequential_oce_object_v1_online
retain_always,W06,dog,a photo of the dog,12,54,images/retain_always/W06/dog/index_012_seed_54.png,dog,horse,False,0.02300184965133667,delete-after-eval,0.0001810188841773197,0.0009898195276036859,0.022370444610714912,0.0010559610091149807,0.017509132623672485,0.02300184965133667,0.0008186772465705872,0.9289786219596863,0.0002734693407546729,0.004821044858545065,existing_v1_100,/home/tslin/Documents/jupyter_data/anLi/machine_unlearning/orthogonal-concept-erasure/experiments/sequential_object_persistence/outputs/sequential_oce_object_v1_online
retain_always,W06,dog,a photo of the dog,13,55,images/retain_always/W06/dog/index_013_seed_55.png,dog,horse,False,0.15656141936779022,delete-after-eval,0.0026144320145249367,0.02148548886179924,0.00966432224959135,0.0035013139713555574,0.017447765916585922,0.15656141936779022,0.00010997254139510915,0.7462107539176941,0.0017310096882283688,0.040673572570085526,existing_v1_100,/home/tslin/Documents/jupyter_data/anLi/machine_unlearning/orthogonal-concept-erasure/experiments/sequential_object_persistence/outputs/sequential_oce_object_v1_online
retain_always,W06,dog,a photo of the dog,14,56,images/retain_always/W06/dog/index_014_seed_56.png,dog,horse,False,0.0636971965432167,delete-after-eval,4.932063529849984e-05,5.186524140299298e-05,0.0002215301792602986,0.0015465632313862443,0.19797849655151367,0.0636971965432167,0.00013249459152575582,0.735625684261322,2.2788921341998503e-05,0.0006741348188370466,existing_v1_100,/home/tslin/Documents/jupyter_data/anLi/machine_unlearning/orthogonal-concept-erasure/experiments/sequential_object_persistence/outputs/sequential_oce_object_v1_online
retain_always,W06,dog,a photo of the dog,15,57,images/retain_always/W06/dog/index_015_seed_57.png,dog,deer,False,0.012993032112717628,delete-after-eval,0.0002999568823724985,0.003027654718607664,0.0006204252713359892,0.0007255112286657095,0.9295936226844788,0.012993032112717628,7.962677773321047e-05,0.05080389603972435,9.723213588586077e-05,0.001759096747264266,existing_v1_100,/home/tslin/Documents/jupyter_data/anLi/machine_unlearning/orthogonal-concept-erasure/experiments/sequential_object_persistence/outputs/sequential_oce_object_v1_online
retain_always,W06,dog,a photo of the dog,16,58,images/retain_always/W06/dog/index_016_seed_58.png,dog,deer,False,0.07076919078826904,delete-after-eval,0.0003735000791493803,0.00036493080551736057,0.0017991391941905022,0.003148494753986597,0.835702657699585,0.07076919078826904,0.00017299869796261191,0.08713995665311813,0.00010426366497995332,0.00042484377627260983,existing_v1_100,/home/tslin/Documents/jupyter_data/anLi/machine_unlearning/orthogonal-concept-erasure/experiments/sequential_object_persistence/outputs/sequential_oce_object_v1_online
retain_always,W06,dog,a photo of the dog,17,59,images/retain_always/W06/dog/index_017_seed_59.png,dog,deer,False,0.3641843795776367,delete-after-eval,7.256649405462667e-05,0.0004911455325782299,0.0006955732242204249,0.001681616180576384,0.5095165371894836,0.3641843795776367,0.0002751510764937848,0.12237029522657394,2.548591874074191e-05,0.0006872689700685441,existing_v1_100,/home/tslin/Documents/jupyter_data/anLi/machine_unlearning/orthogonal-concept-erasure/experiments/sequential_object_persistence/outputs/sequential_oce_object_v1_online
retain_always,W06,dog,a photo of the dog,18,60,images/retain_always/W06/dog/index_018_seed_60.png,dog,automobile,False,0.16574755311012268,delete-after-eval,0.08634699136018753,0.3263222873210907,0.053109340369701385,0.08588314056396484,0.009875905700027943,0.16574755311012268,0.05110681802034378,0.09373877942562103,0.009725946933031082,0.11814328283071518,existing_v1_100,/home/tslin/Documents/jupyter_data/anLi/machine_unlearning/orthogonal-concept-erasure/experiments/sequential_object_persistence/outputs/sequential_oce_object_v1_online
retain_always,W06,dog,a photo of the dog,19,61,images/retain_always/W06/dog/index_019_seed_61.png,dog,horse,False,0.037632234394550323,delete-after-eval,5.9816309658344835e-05,0.0014474595664069057,0.001164522604085505,0.002103901468217373,0.08394728600978851,0.037632234394550323,7.991069651325233e-06,0.8686158657073975,0.00018304158584214747,0.004837937653064728,existing_v1_100,/home/tslin/Documents/jupyter_data/anLi/machine_unlearning/orthogonal-concept-erasure/experiments/sequential_object_persistence/outputs/sequential_oce_object_v1_online
retain_always,W06,dog,a photo of the dog,20,62,images/retain_always/W06/dog/index_020_seed_62.png,dog,horse,False,0.004680698271840811,delete-after-eval,8.035660357563756e-06,2.2623951736022718e-05,0.0005408028373494744,0.0003394523519091308,0.04163982719182968,0.004680698271840811,3.1359766126115574e-06,0.9526566863059998,5.262913418846438e-06,0.00010349119111197069,existing_v1_100,/home/tslin/Documents/jupyter_data/anLi/machine_unlearning/orthogonal-concept-erasure/experiments/sequential_object_persistence/outputs/sequential_oce_object_v1_online
retain_always,W06,dog,a photo of the dog,21,63,images/retain_always/W06/dog/index_021_seed_63.png,dog,deer,False,0.012486729770898819,delete-after-eval,0.00026628398336470127,0.002124456223100424,0.0023476015776395798,0.0015922036254778504,0.8266924023628235,0.012486729770898819,6.239701178856194e-05,0.14944353699684143,0.00021712624584324658,0.004767270293086767,existing_v1_100,/home/tslin/Documents/jupyter_data/anLi/machine_unlearning/orthogonal-concept-erasure/experiments/sequential_object_persistence/outputs/sequential_oce_object_v1_online
retain_always,W06,dog,a photo of the dog,22,64,images/retain_always/W06/dog/index_022_seed_64.png,dog,horse,False,0.11318162828683853,delete-after-eval,0.00185914128087461,0.0051115830428898335,0.022176746279001236,0.022512834519147873,0.2379876673221588,0.11318162828683853,0.004722566343843937,0.5824804306030273,0.0033538953866809607,0.006613442208617926,existing_v1_100,/home/tslin/Documents/jupyter_data/anLi/machine_unlearning/orthogonal-concept-erasure/experiments/sequential_object_persistence/outputs/sequential_oce_object_v1_online
retain_always,W06,dog,a photo of the dog,23,65,images/retain_always/W06/dog/index_023_seed_65.png,dog,horse,False,0.022460293024778366,delete-after-eval,8.697508746990934e-05,0.0009479782893322408,0.0006863155285827816,0.0019553920719772577,0.03643288090825081,0.022460293024778366,3.301510514575057e-05,0.9345867037773132,0.0001128219228121452,0.0026976766530424356,existing_v1_100,/home/tslin/Documents/jupyter_data/anLi/machine_unlearning/orthogonal-concept-erasure/experiments/sequential_object_persistence/outputs/sequential_oce_object_v1_online
retain_always,W06,dog,a photo of the dog,24,66,images/retain_always/W06/dog/index_024_seed_66.png,dog,horse,False,0.004730624612420797,delete-after-eval,2.5838629881036468e-05,0.00044902737135998905,0.00032541967811994255,0.00029982096748426557,0.048642598092556,0.004730624612420797,1.8199903934146278e-05,0.9451252818107605,2.3487244106945582e-05,0.00035969942109659314,existing_v1_100,/home/tslin/Documents/jupyter_data/anLi/machine_unlearning/orthogonal-concept-erasure/experiments/sequential_object_persistence/outputs/sequential_oce_object_v1_online
retain_always,W06,dog,a photo of the dog,25,67,images/retain_always/W06/dog/index_025_seed_67.png,dog,deer,False,0.0014218674041330814,delete-after-eval,8.621749657322653e-06,0.00012026668264297768,7.925464888103306e-05,0.00010612566984491423,0.9492780566215515,0.0014218674041330814,3.654524334706366e-06,0.04891796037554741,3.2689847557776375e-06,6.0882892285007983e-05,existing_v1_100,/home/tslin/Documents/jupyter_data/anLi/machine_unlearning/orthogonal-concept-erasure/experiments/sequential_object_persistence/outputs/sequential_oce_object_v1_online
retain_always,W06,dog,a photo of the dog,26,68,images/retain_always/W06/dog/index_026_seed_68.png,dog,deer,False,0.02839779481291771,delete-after-eval,0.0018392426427453756,0.010380464605987072,0.0012061933521181345,0.00197352422401309,0.6239637732505798,0.02839779481291771,0.00016610555758234113,0.2995067536830902,0.0006605499656870961,0.03190566971898079,existing_v1_100,/home/tslin/Documents/jupyter_data/anLi/machine_unlearning/orthogonal-concept-erasure/experiments/sequential_object_persistence/outputs/sequential_oce_object_v1_online
retain_always,W06,dog,a photo of the dog,27,69,images/retain_always/W06/dog/index_027_seed_69.png,dog,dog,True,0.7520696520805359,delete-after-eval,0.0024649312254041433,0.006276427768170834,0.002599571365863085,0.004646424204111099,0.03689828887581825,0.7520696520805359,0.07474260032176971,0.11540292948484421,0.0003047616337426007,0.00459446432068944,existing_v1_100,/home/tslin/Documents/jupyter_data/anLi/machine_unlearning/orthogonal-concept-erasure/experiments/sequential_object_persistence/outputs/sequential_oce_object_v1_online
retain_always,W06,dog,a photo of the dog,28,70,images/retain_always/W06/dog/index_028_seed_70.png,dog,horse,False,0.04714386910200119,delete-after-eval,0.0009144882787950337,0.005226016975939274,0.0009234661119990051,0.0036879614926874638,0.18244603276252747,0.04714386910200119,0.0008974644006229937,0.7509298324584961,0.00025073543656617403,0.007580105680972338,existing_v1_100,/home/tslin/Documents/jupyter_data/anLi/machine_unlearning/orthogonal-concept-erasure/experiments/sequential_object_persistence/outputs/sequential_oce_object_v1_online
retain_always,W06,dog,a photo of the dog,29,71,images/retain_always/W06/dog/index_029_seed_71.png,dog,dog,True,0.5295385718345642,delete-after-eval,0.003525714622810483,0.007388992700725794,0.0031111829448491335,0.009416819550096989,0.03609918802976608,0.5295385718345642,0.0014850773150101304,0.3875894248485565,0.0018307188292965293,0.020014310255646706,existing_v1_100,/home/tslin/Documents/jupyter_data/anLi/machine_unlearning/orthogonal-concept-erasure/experiments/sequential_object_persistence/outputs/sequential_oce_object_v1_online
retain_always,W06,dog,a photo of the dog,30,72,images/retain_always/W06/dog/index_030_seed_72.png,dog,horse,False,0.2345152199268341,delete-after-eval,0.00015179617912508547,0.0006021809531375766,0.0005492559866979718,0.005382372997701168,0.07382066547870636,0.2345152199268341,2.0093611965421587e-05,0.6830255389213562,8.6354193626903e-05,0.001846559694968164,existing_v1_100,/home/tslin/Documents/jupyter_data/anLi/machine_unlearning/orthogonal-concept-erasure/experiments/sequential_object_persistence/outputs/sequential_oce_object_v1_online
retain_always,W06,dog,a photo of the dog,31,73,images/retain_always/W06/dog/index_031_seed_73.png,dog,horse,False,0.0003151626151520759,delete-after-eval,1.917683903229772e-06,4.730652290163562e-05,2.898371712944936e-05,3.252176247769967e-05,0.0001306082704104483,0.0003151626151520759,7.633531140527339e-08,0.9993973970413208,4.867949428444263e-06,4.120415178476833e-05,existing_v1_100,/home/tslin/Documents/jupyter_data/anLi/machine_unlearning/orthogonal-concept-erasure/experiments/sequential_object_persistence/outputs/sequential_oce_object_v1_online
retain_always,W06,dog,a photo of the dog,32,74,images/retain_always/W06/dog/index_032_seed_74.png,dog,deer,False,0.18006692826747894,delete-after-eval,0.00024260861391667277,0.001041590003296733,0.0018052239902317524,0.0026095423381775618,0.6293134093284607,0.18006692826747894,7.398156594717875e-05,0.1829887330532074,0.00013757165288552642,0.001720392843708396,existing_v1_100,/home/tslin/Documents/jupyter_data/anLi/machine_unlearning/orthogonal-concept-erasure/experiments/sequential_object_persistence/outputs/sequential_oce_object_v1_online
retain_always,W06,dog,a photo of the dog,33,75,images/retain_always/W06/dog/index_033_seed_75.png,dog,horse,False,0.003911553416401148,delete-after-eval,6.731324901920743e-06,0.0006248769350349903,0.0013882340863347054,0.00023782886273693293,0.4297562539577484,0.003911553416401148,3.3362859994667815e-06,0.563762903213501,2.0998682884965092e-05,0.00028726895106956363,existing_v1_100,/home/tslin/Documents/jupyter_data/anLi/machine_unlearning/orthogonal-concept-erasure/experiments/sequential_object_persistence/outputs/sequential_oce_object_v1_online
retain_always,W06,dog,a photo of the dog,34,76,images/retain_always/W06/dog/index_034_seed_76.png,dog,horse,False,0.07455389946699142,delete-after-eval,0.0003086563665419817,0.0030017755925655365,0.0033525186590850353,0.006200794130563736,0.25965696573257446,0.07455389946699142,3.328742604935542e-05,0.6487249732017517,0.0004099950019735843,0.003757114289328456,existing_v1_100,/home/tslin/Documents/jupyter_data/anLi/machine_unlearning/orthogonal-concept-erasure/experiments/sequential_object_persistence/outputs/sequential_oce_object_v1_online
retain_always,W06,dog,a photo of the dog,35,77,images/retain_always/W06/dog/index_035_seed_77.png,dog,horse,False,0.014952420257031918,delete-after-eval,3.031860978808254e-05,0.0009197167819365859,0.0013872470008209348,0.0007916939212009311,0.08978265523910522,0.014952420257031918,6.136404863354983e-06,0.8910813927650452,6.471962842624635e-05,0.0009837147081270814,existing_v1_100,/home/tslin/Documents/jupyter_data/anLi/machine_unlearning/orthogonal-concept-erasure/experiments/sequential_object_persistence/outputs/sequential_oce_object_v1_online
retain_always,W06,dog,a photo of the dog,36,78,images/retain_always/W06/dog/index_036_seed_78.png,dog,horse,False,0.0011929693864658475,delete-after-eval,1.4990596355346497e-05,0.0004538116918411106,0.000244382448727265,0.0004697423428297043,0.0027845026925206184,0.0011929693864658475,1.3247865354060195e-05,0.9947040677070618,1.1751405509130564e-05,0.00011049456952605397,existing_v1_100,/home/tslin/Documents/jupyter_data/anLi/machine_unlearning/orthogonal-concept-erasure/experiments/sequential_object_persistence/outputs/sequential_oce_object_v1_online
retain_always,W06,dog,a photo of the dog,37,79,images/retain_always/W06/dog/index_037_seed_79.png,dog,deer,False,0.0055844224989414215,delete-after-eval,0.00010983566608047113,0.00015873606025706977,0.001648235134780407,0.00018233020091429353,0.9872328042984009,0.0055844224989414215,0.00129027443472296,0.0036529425997287035,3.931894389097579e-05,0.00010109468712471426,existing_v1_100,/home/tslin/Documents/jupyter_data/anLi/machine_unlearning/orthogonal-concept-erasure/experiments/sequential_object_persistence/outputs/sequential_oce_object_v1_online
retain_always,W06,dog,a photo of the dog,38,80,images/retain_always/W06/dog/index_038_seed_80.png,dog,horse,False,0.21727904677391052,delete-after-eval,0.003708556992933154,0.001551021821796894,0.021314993500709534,0.0165677759796381,0.22822868824005127,0.21727904677391052,0.0018560929456725717,0.5081121325492859,0.00036954504321329296,0.0010121687082573771,existing_v1_100,/home/tslin/Documents/jupyter_data/anLi/machine_unlearning/orthogonal-concept-erasure/experiments/sequential_object_persistence/outputs/sequential_oce_object_v1_online
retain_always,W06,dog,a photo of the dog,39,81,images/retain_always/W06/dog/index_039_seed_81.png,dog,dog,True,0.4599825441837311,delete-after-eval,0.006093109957873821,0.014655303210020065,0.05231764540076256,0.05845646560192108,0.08774852007627487,0.4599825441837311,0.0026157600805163383,0.2830720841884613,0.004891704302281141,0.030166951939463615,existing_v1_100,/home/tslin/Documents/jupyter_data/anLi/machine_unlearning/orthogonal-concept-erasure/experiments/sequential_object_persistence/outputs/sequential_oce_object_v1_online
retain_always,W06,dog,a photo of the dog,40,82,images/retain_always/W06/dog/index_040_seed_82.png,dog,horse,False,0.009013610891997814,delete-after-eval,7.455494142050156e-06,0.0004619295068550855,8.092434291029349e-05,0.0008854116895236075,0.003345188219100237,0.009013610891997814,1.1509162050060695e-06,0.9861232042312622,3.0900984711479396e-05,5.015753777115606e-05,existing_v1_100,/home/tslin/Documents/jupyter_data/anLi/machine_unlearning/orthogonal-concept-erasure/experiments/sequential_object_persistence/outputs/sequential_oce_object_v1_online
retain_always,W06,dog,a photo of the dog,41,83,images/retain_always/W06/dog/index_041_seed_83.png,dog,horse,False,0.10061931610107422,delete-after-eval,0.0003150714037474245,0.005228986963629723,0.005931969732046127,0.002703171456232667,0.1825445145368576,0.10061931610107422,0.00024790025781840086,0.6872503161430359,0.00029250659281387925,0.014866311103105545,existing_v1_100,/home/tslin/Documents/jupyter_data/anLi/machine_unlearning/orthogonal-concept-erasure/experiments/sequential_object_persistence/outputs/sequential_oce_object_v1_online
retain_always,W06,dog,a photo of the dog,42,84,images/retain_always/W06/dog/index_042_seed_84.png,dog,horse,False,0.009330342523753643,delete-after-eval,0.0005308373365551233,0.0019064589869230986,0.004606994334608316,0.0009366945014335215,0.21953237056732178,0.009330342523753643,0.00014620945148635656,0.7599555253982544,5.3468927944777533e-05,0.0030010552145540714,existing_v1_100,/home/tslin/Documents/jupyter_data/anLi/machine_unlearning/orthogonal-concept-erasure/experiments/sequential_object_persistence/outputs/sequential_oce_object_v1_online
retain_always,W06,dog,a photo of the dog,43,85,images/retain_always/W06/dog/index_043_seed_85.png,dog,deer,False,0.24037045240402222,delete-after-eval,0.0009738600929267704,0.03482098504900932,0.001817357144318521,0.021697847172617912,0.34576526284217834,0.24037045240402222,0.0018902461742982268,0.34311506152153015,0.0001669628545641899,0.009381956420838833,existing_v1_100,/home/tslin/Documents/jupyter_data/anLi/machine_unlearning/orthogonal-concept-erasure/experiments/sequential_object_persistence/outputs/sequential_oce_object_v1_online
retain_always,W06,dog,a photo of the dog,44,86,images/retain_always/W06/dog/index_044_seed_86.png,dog,dog,True,0.4093528389930725,delete-after-eval,0.001194017706438899,0.0021952844690531492,0.026353884488344193,0.055582135915756226,0.20412622392177582,0.4093528389930725,0.0021881903521716595,0.290160596370697,0.0007624519057571888,0.0080843735486269,existing_v1_100,/home/tslin/Documents/jupyter_data/anLi/machine_unlearning/orthogonal-concept-erasure/experiments/sequential_object_persistence/outputs/sequential_oce_object_v1_online
retain_always,W06,dog,a photo of the dog,45,87,images/retain_always/W06/dog/index_045_seed_87.png,dog,deer,False,0.06960438191890717,delete-after-eval,0.00015952950343489647,0.00029063361580483615,0.002595240483060479,0.001747054047882557,0.9001452326774597,0.06960438191890717,0.0007588317384943366,0.023724783211946487,9.069783118320629e-05,0.0008836683700792491,existing_v1_100,/home/tslin/Documents/jupyter_data/anLi/machine_unlearning/orthogonal-concept-erasure/experiments/sequential_object_persistence/outputs/sequential_oce_object_v1_online
retain_always,W06,dog,a photo of the dog,46,88,images/retain_always/W06/dog/index_046_seed_88.png,dog,deer,False,0.0029915780760347843,delete-after-eval,4.999023076379672e-06,4.894739686278626e-05,0.0007803744520060718,0.00016528461128473282,0.9877110123634338,0.0029915780760347843,6.287748419708805e-06,0.00817432813346386,3.232313974876888e-05,8.491522021358833e-05,existing_v1_100,/home/tslin/Documents/jupyter_data/anLi/machine_unlearning/orthogonal-concept-erasure/experiments/sequential_object_persistence/outputs/sequential_oce_object_v1_online
retain_always,W06,dog,a photo of the dog,47,89,images/retain_always/W06/dog/index_047_seed_89.png,dog,deer,False,0.01915787346661091,delete-after-eval,0.00010979146463796496,0.0012769777094945312,0.0023151894565671682,0.0010813410626724362,0.7711957693099976,0.01915787346661091,2.0843730453634635e-05,0.20370560884475708,0.00014658189320471138,0.0009899974102154374,existing_v1_100,/home/tslin/Documents/jupyter_data/anLi/machine_unlearning/orthogonal-concept-erasure/experiments/sequential_object_persistence/outputs/sequential_oce_object_v1_online
retain_always,W06,dog,a photo of the dog,48,90,images/retain_always/W06/dog/index_048_seed_90.png,dog,horse,False,0.10121471434831619,delete-after-eval,0.00010383518383605406,0.009527808055281639,0.00372935738414526,0.005682849790900946,0.05776276811957359,0.10121471434831619,0.0003091242688242346,0.8103167414665222,0.0004915646277368069,0.010861254297196865,existing_v1_100,/home/tslin/Documents/jupyter_data/anLi/machine_unlearning/orthogonal-concept-erasure/experiments/sequential_object_persistence/outputs/sequential_oce_object_v1_online
retain_always,W06,dog,a photo of the dog,49,91,images/retain_always/W06/dog/index_049_seed_91.png,dog,deer,False,0.08741922676563263,delete-after-eval,0.00010281367576681077,0.0030132189858704805,0.003947821445763111,0.0065523916855454445,0.7196826934814453,0.08741922676563263,7.358071161434054e-05,0.17555297911167145,0.00045722717186436057,0.0031980618368834257,existing_v1_100,/home/tslin/Documents/jupyter_data/anLi/machine_unlearning/orthogonal-concept-erasure/experiments/sequential_object_persistence/outputs/sequential_oce_object_v1_online
retain_always,W06,dog,a photo of the dog,50,92,images/retain_always/W06/dog/index_050_seed_92.png,dog,dog,True,0.6619071364402771,delete-after-eval,0.004653240088373423,0.1479409635066986,0.0019725619349628687,0.02021630108356476,0.021234117448329926,0.6619071364402771,0.0017455476336181164,0.08305639773607254,0.0009553926647640765,0.05631830915808678,existing_v1_100,/home/tslin/Documents/jupyter_data/anLi/machine_unlearning/orthogonal-concept-erasure/experiments/sequential_object_persistence/outputs/sequential_oce_object_v1_online
retain_always,W06,dog,a photo of the dog,51,93,images/retain_always/W06/dog/index_051_seed_93.png,dog,automobile,False,0.26779255270957947,delete-after-eval,0.00301135191693902,0.47485268115997314,0.002628677524626255,0.037894945591688156,0.04665534570813179,0.26779255270957947,0.03954402729868889,0.05709609016776085,0.001608206075616181,0.06891610473394394,existing_v1_100,/home/tslin/Documents/jupyter_data/anLi/machine_unlearning/orthogonal-concept-erasure/experiments/sequential_object_persistence/outputs/sequential_oce_object_v1_online
retain_always,W06,dog,a photo of the dog,52,94,images/retain_always/W06/dog/index_052_seed_94.png,dog,deer,False,0.021687671542167664,delete-after-eval,4.395276846480556e-05,0.00046581277274526656,0.0015427828766405582,0.0004726566548924893,0.5546875596046448,0.021687671542167664,1.1321360034344252e-05,0.4202274680137634,2.5754903617780656e-05,0.0008350627613253891,existing_v1_100,/home/tslin/Documents/jupyter_data/anLi/machine_unlearning/orthogonal-concept-erasure/experiments/sequential_object_persistence/outputs/sequential_oce_object_v1_online
retain_always,W06,dog,a photo of the dog,53,95,images/retain_always/W06/dog/index_053_seed_95.png,dog,dog,True,0.657884955406189,delete-after-eval,0.0002291269483976066,0.0026820285711437464,0.0005818864447064698,0.007792938966304064,0.14879567921161652,0.657884955406189,0.0026405882090330124,0.17671407759189606,0.00016134536417666823,0.0025173851754516363,existing_v1_100,/home/tslin/Documents/jupyter_data/anLi/machine_unlearning/orthogonal-concept-erasure/experiments/sequential_object_persistence/outputs/sequential_oce_object_v1_online
retain_always,W06,dog,a photo of the dog,54,96,images/retain_always/W06/dog/index_054_seed_96.png,dog,deer,False,0.005293102003633976,delete-after-eval,8.772646651777904e-06,6.442170615628129e-06,0.00013065231905784458,0.000304297631373629,0.9881850481033325,0.005293102003633976,8.131079994200263e-06,0.0060053798370063305,5.684610641765175e-06,5.252216215012595e-05,existing_v1_100,/home/tslin/Documents/jupyter_data/anLi/machine_unlearning/orthogonal-concept-erasure/experiments/sequential_object_persistence/outputs/sequential_oce_object_v1_online
retain_always,W06,dog,a photo of the dog,55,97,images/retain_always/W06/dog/index_055_seed_97.png,dog,deer,False,0.03946178779006004,delete-after-eval,9.220546780852601e-05,0.0002338611229788512,0.0017046979628503323,0.0029404640663415194,0.5591126680374146,0.03946178779006004,3.141540219075978e-05,0.3954891264438629,8.630338561488315e-05,0.0008474369533360004,existing_v1_100,/home/tslin/Documents/jupyter_data/anLi/machine_unlearning/orthogonal-concept-erasure/experiments/sequential_object_persistence/outputs/sequential_oce_object_v1_online
retain_always,W06,dog,a photo of the dog,56,98,images/retain_always/W06/dog/index_056_seed_98.png,dog,horse,False,0.20105941593647003,delete-after-eval,0.0011051694164052606,0.006411207839846611,0.0009912761161103845,0.012339295819401741,0.14545270800590515,0.20105941593647003,0.0007265331223607063,0.6282199621200562,0.0007205754518508911,0.0029738498851656914,existing_v1_100,/home/tslin/Documents/jupyter_data/anLi/machine_unlearning/orthogonal-concept-erasure/experiments/sequential_object_persistence/outputs/sequential_oce_object_v1_online
retain_always,W06,dog,a photo of the dog,57,99,images/retain_always/W06/dog/index_057_seed_99.png,dog,horse,False,0.13813500106334686,delete-after-eval,0.00041448482079431415,0.02732759155333042,0.0023840810172259808,0.03322373703122139,0.20994848012924194,0.13813500106334686,0.0011200634762644768,0.5801275968551636,0.0003029643266927451,0.007015990559011698,existing_v1_100,/home/tslin/Documents/jupyter_data/anLi/machine_unlearning/orthogonal-concept-erasure/experiments/sequential_object_persistence/outputs/sequential_oce_object_v1_online
retain_always,W06,dog,a photo of the dog,58,100,images/retain_always/W06/dog/index_058_seed_100.png,dog,horse,False,0.0208045095205307,delete-after-eval,0.00019110069843009114,0.0006313637713901699,0.0011829787399619818,0.0019676839001476765,0.15115085244178772,0.0208045095205307,0.00017122903955169022,0.8222306966781616,4.38339811807964e-05,0.0016256453236564994,existing_v1_100,/home/tslin/Documents/jupyter_data/anLi/machine_unlearning/orthogonal-concept-erasure/experiments/sequential_object_persistence/outputs/sequential_oce_object_v1_online
retain_always,W06,dog,a photo of the dog,59,101,images/retain_always/W06/dog/index_059_seed_101.png,dog,dog,True,0.47055184841156006,delete-after-eval,0.0008848214638419449,0.005391483195126057,0.03492237254977226,0.053090326488018036,0.18430520594120026,0.47055184841156006,0.003243958344683051,0.21853038668632507,0.0015393182402476668,0.027540218085050583,existing_v1_100,/home/tslin/Documents/jupyter_data/anLi/machine_unlearning/orthogonal-concept-erasure/experiments/sequential_object_persistence/outputs/sequential_oce_object_v1_online
retain_always,W06,dog,a photo of the dog,60,102,images/retain_always/W06/dog/index_060_seed_102.png,dog,deer,False,0.12456201016902924,delete-after-eval,0.00034791723010130227,0.00608109449967742,0.0037331643979996443,0.0228570643812418,0.771658182144165,0.12456201016902924,0.000606663292273879,0.06773093342781067,0.0003149579279124737,0.0021080372389405966,existing_v1_100,/home/tslin/Documents/jupyter_data/anLi/machine_unlearning/orthogonal-concept-erasure/experiments/sequential_object_persistence/outputs/sequential_oce_object_v1_online
retain_always,W06,dog,a photo of the dog,61,103,images/retain_always/W06/dog/index_061_seed_103.png,dog,horse,False,0.2749939560890198,delete-after-eval,0.0001747018686728552,0.0049642715603113174,0.0038952678442001343,0.00695358170196414,0.06982932239770889,0.2749939560890198,0.00016580680676270276,0.636808454990387,0.00019673041242640465,0.0020179380662739277,existing_v1_100,/home/tslin/Documents/jupyter_data/anLi/machine_unlearning/orthogonal-concept-erasure/experiments/sequential_object_persistence/outputs/sequential_oce_object_v1_online
retain_always,W06,dog,a photo of the dog,62,104,images/retain_always/W06/dog/index_062_seed_104.png,dog,horse,False,0.0935765951871872,delete-after-eval,1.8564829588285647e-05,0.002897451166063547,0.0003214324824512005,0.003646076424047351,0.12309634685516357,0.0935765951871872,6.895539991091937e-05,0.7738032937049866,2.559048152761534e-05,0.002545643365010619,existing_v1_100,/home/tslin/Documents/jupyter_data/anLi/machine_unlearning/orthogonal-concept-erasure/experiments/sequential_object_persistence/outputs/sequential_oce_object_v1_online
retain_always,W06,dog,a photo of the dog,63,105,images/retain_always/W06/dog/index_063_seed_105.png,dog,deer,False,0.013200161047279835,delete-after-eval,7.520711278630188e-06,0.00014049206220079213,0.001675969804637134,0.0015537452418357134,0.8394238948822021,0.013200161047279835,4.7144832933554426e-05,0.1437995284795761,1.8198430552729405e-05,0.00013325670443009585,existing_v1_100,/home/tslin/Documents/jupyter_data/anLi/machine_unlearning/orthogonal-concept-erasure/experiments/sequential_object_persistence/outputs/sequential_oce_object_v1_online
retain_always,W06,dog,a photo of the dog,64,106,images/retain_always/W06/dog/index_064_seed_106.png,dog,automobile,False,0.3138267397880554,delete-after-eval,0.014178224839270115,0.5542152523994446,0.001370569341816008,0.009104489348828793,0.013999366201460361,0.3138267397880554,0.00766987819224596,0.02052166685461998,0.013485392555594444,0.05162837728857994,existing_v1_100,/home/tslin/Documents/jupyter_data/anLi/machine_unlearning/orthogonal-concept-erasure/experiments/sequential_object_persistence/outputs/sequential_oce_object_v1_online
retain_always,W06,dog,a photo of the dog,65,107,images/retain_always/W06/dog/index_065_seed_107.png,dog,deer,False,0.18207649886608124,delete-after-eval,0.0008464817074127495,0.005683694966137409,0.0012096138671040535,0.003101958194747567,0.5247507691383362,0.18207649886608124,0.0013236397644504905,0.2779095768928528,0.0003994494618382305,0.0026983506977558136,existing_v1_100,/home/tslin/Documents/jupyter_data/anLi/machine_unlearning/orthogonal-concept-erasure/experiments/sequential_object_persistence/outputs/sequential_oce_object_v1_online
retain_always,W06,dog,a photo of the dog,66,108,images/retain_always/W06/dog/index_066_seed_108.png,dog,deer,False,0.02414746768772602,delete-after-eval,7.609889144077897e-05,0.00030743112438358366,0.0009768352610990405,0.0008661844185553491,0.9557401537895203,0.02414746768772602,6.104893691372126e-05,0.016909398138523102,6.858159031253308e-05,0.0008466761792078614,existing_v1_100,/home/tslin/Documents/jupyter_data/anLi/machine_unlearning/orthogonal-concept-erasure/experiments/sequential_object_persistence/outputs/sequential_oce_object_v1_online
retain_always,W06,dog,a photo of the dog,67,109,images/retain_always/W06/dog/index_067_seed_109.png,dog,deer,False,0.1475927084684372,delete-after-eval,0.0003053340769838542,0.0027009304612874985,0.0052688242867589,0.020667722448706627,0.5133414268493652,0.1475927084684372,0.00024405559815932065,0.30727419257164,0.00014140974963083863,0.002463384298607707,existing_v1_100,/home/tslin/Documents/jupyter_data/anLi/machine_unlearning/orthogonal-concept-erasure/experiments/sequential_object_persistence/outputs/sequential_oce_object_v1_online
retain_always,W06,dog,a photo of the dog,68,110,images/retain_always/W06/dog/index_068_seed_110.png,dog,horse,False,0.050946202129125595,delete-after-eval,0.0001542078098282218,0.0002801620285026729,0.003927132580429316,0.0016254237852990627,0.045126620680093765,0.050946202129125595,5.6044154916889966e-05,0.8972142934799194,0.00012198586773592979,0.000547931413166225,existing_v1_100,/home/tslin/Documents/jupyter_data/anLi/machine_unlearning/orthogonal-concept-erasure/experiments/sequential_object_persistence/outputs/sequential_oce_object_v1_online
retain_always,W06,dog,a photo of the dog,69,111,images/retain_always/W06/dog/index_069_seed_111.png,dog,horse,False,0.08618957549333572,delete-after-eval,8.297694876091555e-05,0.0005646959762088954,0.0019527219701558352,0.0021919645369052887,0.01845957525074482,0.08618957549333572,1.5124315723369364e-05,0.8894405961036682,0.0001612692722119391,0.0009415195090696216,existing_v1_100,/home/tslin/Documents/jupyter_data/anLi/machine_unlearning/orthogonal-concept-erasure/experiments/sequential_object_persistence/outputs/sequential_oce_object_v1_online
retain_always,W06,dog,a photo of the dog,70,112,images/retain_always/W06/dog/index_070_seed_112.png,dog,horse,False,0.008820942603051662,delete-after-eval,5.8192039432469755e-05,0.00040901085594668984,0.0015692992601543665,0.001224308623932302,0.47573211789131165,0.008820942603051662,6.233596195670543e-06,0.5118483304977417,3.948119410779327e-05,0.0002920460538007319,existing_v1_100,/home/tslin/Documents/jupyter_data/anLi/machine_unlearning/orthogonal-concept-erasure/experiments/sequential_object_persistence/outputs/sequential_oce_object_v1_online
retain_always,W06,dog,a photo of the dog,71,113,images/retain_always/W06/dog/index_071_seed_113.png,dog,deer,False,0.011606603860855103,delete-after-eval,1.6103669622680172e-05,0.00017822971858549863,0.0011735418811440468,0.0018429894698783755,0.959088921546936,0.011606603860855103,2.613709330034908e-05,0.02553045004606247,3.2540177926421165e-05,0.0005044876597821712,existing_v1_100,/home/tslin/Documents/jupyter_data/anLi/machine_unlearning/orthogonal-concept-erasure/experiments/sequential_object_persistence/outputs/sequential_oce_object_v1_online
retain_always,W06,dog,a photo of the dog,72,114,images/retain_always/W06/dog/index_072_seed_114.png,dog,horse,False,0.06778033822774887,delete-after-eval,0.0008840314694680274,0.006367236841470003,0.0009322623373009264,0.011808552779257298,0.3015616834163666,0.06778033822774887,0.0005092606297694147,0.6054438352584839,0.0003004124737344682,0.004412458278238773,existing_v1_100,/home/tslin/Documents/jupyter_data/anLi/machine_unlearning/orthogonal-concept-erasure/experiments/sequential_object_persistence/outputs/sequential_oce_object_v1_online
retain_always,W06,dog,a photo of the dog,73,115,images/retain_always/W06/dog/index_073_seed_115.png,dog,horse,False,0.0016237539239227772,delete-after-eval,1.0157306860492099e-05,0.0002623194013722241,2.0703088011941873e-05,0.00010572937753750011,0.004806268494576216,0.0016237539239227772,3.507112523948308e-06,0.9930349588394165,1.73749249370303e-05,0.00011520591215230525,existing_v1_100,/home/tslin/Documents/jupyter_data/anLi/machine_unlearning/orthogonal-concept-erasure/experiments/sequential_object_persistence/outputs/sequential_oce_object_v1_online
retain_always,W06,dog,a photo of the dog,74,116,images/retain_always/W06/dog/index_074_seed_116.png,dog,horse,False,0.017254918813705444,delete-after-eval,9.467627387493849e-05,0.0009304137201979756,0.00047843833453953266,0.0028816070407629013,0.12134454399347305,0.017254918813705444,8.567363693146035e-05,0.8525975346565247,0.00015401867858599871,0.004178144503384829,existing_v1_100,/home/tslin/Documents/jupyter_data/anLi/machine_unlearning/orthogonal-concept-erasure/experiments/sequential_object_persistence/outputs/sequential_oce_object_v1_online
retain_always,W06,dog,a photo of the dog,75,117,images/retain_always/W06/dog/index_075_seed_117.png,dog,horse,False,0.2518499791622162,delete-after-eval,0.001619699876755476,0.005870509427040815,0.002956740790978074,0.01555634941905737,0.042911432683467865,0.2518499791622162,0.003230614820495248,0.6655097603797913,0.0008509308099746704,0.009643969126045704,existing_v1_100,/home/tslin/Documents/jupyter_data/anLi/machine_unlearning/orthogonal-concept-erasure/experiments/sequential_object_persistence/outputs/sequential_oce_object_v1_online
retain_always,W06,dog,a photo of the dog,76,118,images/retain_always/W06/dog/index_076_seed_118.png,dog,horse,False,0.20032134652137756,delete-after-eval,0.0006991984555497766,0.00392627390101552,0.0041763572953641415,0.017743587493896484,0.20334170758724213,0.20032134652137756,0.0012331567704677582,0.5555769205093384,0.0008018643129616976,0.012179517187178135,existing_v1_100,/home/tslin/Documents/jupyter_data/anLi/machine_unlearning/orthogonal-concept-erasure/experiments/sequential_object_persistence/outputs/sequential_oce_object_v1_online
retain_always,W06,dog,a photo of the dog,77,119,images/retain_always/W06/dog/index_077_seed_119.png,dog,horse,False,0.0017543976427987218,delete-after-eval,3.4600525395944715e-05,0.00033712617005221546,0.0002670083777047694,0.00025938343605957925,0.022633172571659088,0.0017543976427987218,8.18928765511373e-06,0.9743220806121826,2.906568261096254e-05,0.00035501894308254123,existing_v1_100,/home/tslin/Documents/jupyter_data/anLi/machine_unlearning/orthogonal-concept-erasure/experiments/sequential_object_persistence/outputs/sequential_oce_object_v1_online
retain_always,W06,dog,a photo of the dog,78,120,images/retain_always/W06/dog/index_078_seed_120.png,dog,deer,False,0.00782906636595726,delete-after-eval,3.381401256774552e-05,0.00042041647247970104,0.002045963890850544,0.0007448091637343168,0.8887185454368591,0.00782906636595726,1.2256157788215205e-05,0.09937918931245804,2.7848622266901657e-05,0.0007880539051257074,existing_v1_100,/home/tslin/Documents/jupyter_data/anLi/machine_unlearning/orthogonal-concept-erasure/experiments/sequential_object_persistence/outputs/sequential_oce_object_v1_online
retain_always,W06,dog,a photo of the dog,79,121,images/retain_always/W06/dog/index_079_seed_121.png,dog,horse,False,0.061814747750759125,delete-after-eval,0.00011330811685184017,0.001830560271628201,0.0011762897484004498,0.006553402170538902,0.1510462462902069,0.061814747750759125,0.00013331951049622148,0.7749274373054504,0.00016481769853271544,0.0022399425506591797,existing_v1_100,/home/tslin/Documents/jupyter_data/anLi/machine_unlearning/orthogonal-concept-erasure/experiments/sequential_object_persistence/outputs/sequential_oce_object_v1_online
retain_always,W06,dog,a photo of the dog,80,122,images/retain_always/W06/dog/index_080_seed_122.png,dog,horse,False,0.0038046089466661215,delete-after-eval,2.173249868064886e-06,4.5997370762052014e-05,0.00012479722499847412,0.00021202987409196794,0.0046137478202581406,0.0038046089466661215,4.5951551896905585e-07,0.9910516738891602,5.4471306611958425e-06,0.00013903455692343414,existing_v1_100,/home/tslin/Documents/jupyter_data/anLi/machine_unlearning/orthogonal-concept-erasure/experiments/sequential_object_persistence/outputs/sequential_oce_object_v1_online
retain_always,W06,dog,a photo of the dog,81,123,images/retain_always/W06/dog/index_081_seed_123.png,dog,horse,False,0.001449348870664835,delete-after-eval,5.648952992487466e-06,8.008443546714261e-05,8.927012095227838e-05,0.00012343515118118376,0.0012757445219904184,0.001449348870664835,6.920736268511973e-07,0.9969141483306885,7.64456399338087e-06,5.385122858569957e-05,existing_v1_100,/home/tslin/Documents/jupyter_data/anLi/machine_unlearning/orthogonal-concept-erasure/experiments/sequential_object_persistence/outputs/sequential_oce_object_v1_online
retain_always,W06,dog,a photo of the dog,82,124,images/retain_always/W06/dog/index_082_seed_124.png,dog,horse,False,0.0012200572527945042,delete-after-eval,3.649199470601161e-06,0.00018951110541820526,0.0003996423038188368,0.00035238591954112053,0.01390328723937273,0.0012200572527945042,1.6520799590580282e-06,0.9838666915893555,1.2651658835238777e-05,5.05662574141752e-05,existing_v1_100,/home/tslin/Documents/jupyter_data/anLi/machine_unlearning/orthogonal-concept-erasure/experiments/sequential_object_persistence/outputs/sequential_oce_object_v1_online
retain_always,W06,dog,a photo of the dog,83,125,images/retain_always/W06/dog/index_083_seed_125.png,dog,horse,False,0.06902633607387543,delete-after-eval,1.4285424185800366e-05,0.001164727727882564,0.0006399783887900412,0.0011796311009675264,0.01404266245663166,0.06902633607387543,1.291457283514319e-05,0.9125203490257263,2.0063043848495e-05,0.0013790312223136425,existing_v1_100,/home/tslin/Documents/jupyter_data/anLi/machine_unlearning/orthogonal-concept-erasure/experiments/sequential_object_persistence/outputs/sequential_oce_object_v1_online
retain_always,W06,dog,a photo of the dog,84,126,images/retain_always/W06/dog/index_084_seed_126.png,dog,horse,False,0.031977299600839615,delete-after-eval,0.00036291289143264294,0.01574706844985485,0.00356875266879797,0.001995709026232362,0.23057493567466736,0.031977299600839615,2.3247996068676002e-05,0.7096250057220459,0.0001577362563693896,0.005967275705188513,existing_v1_100,/home/tslin/Documents/jupyter_data/anLi/machine_unlearning/orthogonal-concept-erasure/experiments/sequential_object_persistence/outputs/sequential_oce_object_v1_online
retain_always,W06,dog,a photo of the dog,85,127,images/retain_always/W06/dog/index_085_seed_127.png,dog,horse,False,0.016987210139632225,delete-after-eval,6.486453639809042e-05,0.001563594676554203,0.0005114676896482706,0.0017437837086617947,0.4359835982322693,0.016987210139632225,3.6944602470612153e-05,0.5415399074554443,8.217195863835514e-05,0.001486459281295538,existing_v1_100,/home/tslin/Documents/jupyter_data/anLi/machine_unlearning/orthogonal-concept-erasure/experiments/sequential_object_persistence/outputs/sequential_oce_object_v1_online
retain_always,W06,dog,a photo of the dog,86,128,images/retain_always/W06/dog/index_086_seed_128.png,dog,horse,False,0.01802743598818779,delete-after-eval,0.00011996921239187941,0.015009744092822075,0.001698051462881267,0.0011397330090403557,0.22191651165485382,0.01802743598818779,0.00034561759093776345,0.7323269844055176,0.00023442193923983723,0.009181522764265537,existing_v1_100,/home/tslin/Documents/jupyter_data/anLi/machine_unlearning/orthogonal-concept-erasure/experiments/sequential_object_persistence/outputs/sequential_oce_object_v1_online
retain_always,W06,dog,a photo of the dog,87,129,images/retain_always/W06/dog/index_087_seed_129.png,dog,dog,True,0.540687084197998,delete-after-eval,0.0009765647118911147,0.016858607530593872,0.01898488774895668,0.04217753931879997,0.16220256686210632,0.540687084197998,0.0004243531438987702,0.19621235132217407,0.001959720393642783,0.01951630413532257,existing_v1_100,/home/tslin/Documents/jupyter_data/anLi/machine_unlearning/orthogonal-concept-erasure/experiments/sequential_object_persistence/outputs/sequential_oce_object_v1_online
retain_always,W06,dog,a photo of the dog,88,130,images/retain_always/W06/dog/index_088_seed_130.png,dog,deer,False,0.04688895493745804,delete-after-eval,0.0002565475588198751,0.001958005828782916,0.005456938873976469,0.006251068320125341,0.7934175729751587,0.04688895493745804,0.0002927831665147096,0.13855651021003723,0.0006121582118794322,0.0063094510696828365,existing_v1_100,/home/tslin/Documents/jupyter_data/anLi/machine_unlearning/orthogonal-concept-erasure/experiments/sequential_object_persistence/outputs/sequential_oce_object_v1_online
retain_always,W06,dog,a photo of the dog,89,131,images/retain_always/W06/dog/index_089_seed_131.png,dog,deer,False,0.2782000005245209,delete-after-eval,0.00036255980376154184,0.0007029631524346769,0.009309645742177963,0.010526860132813454,0.5277224779129028,0.2782000005245209,0.0002836027124430984,0.17035016417503357,0.0001926624245243147,0.002349043497815728,existing_v1_100,/home/tslin/Documents/jupyter_data/anLi/machine_unlearning/orthogonal-concept-erasure/experiments/sequential_object_persistence/outputs/sequential_oce_object_v1_online
retain_always,W06,dog,a photo of the dog,90,132,images/retain_always/W06/dog/index_090_seed_132.png,dog,deer,False,0.015468182042241096,delete-after-eval,5.9090598369948566e-05,0.00033064812305383384,0.0009656132315285504,0.00029088184237480164,0.9176305532455444,0.015468182042241096,2.775977918645367e-05,0.06439780443906784,1.244106260855915e-05,0.000816970830783248,existing_v1_100,/home/tslin/Documents/jupyter_data/anLi/machine_unlearning/orthogonal-concept-erasure/experiments/sequential_object_persistence/outputs/sequential_oce_object_v1_online
retain_always,W06,dog,a photo of the dog,91,133,images/retain_always/W06/dog/index_091_seed_133.png,dog,horse,False,0.003035777248442173,delete-after-eval,2.2487954993266612e-05,0.0002706550876609981,0.0001667387696215883,0.00040649986476637423,0.008296587504446507,0.003035777248442173,1.1192661077075172e-05,0.9875197410583496,1.7745449440553784e-05,0.0002525353920646012,existing_v1_100,/home/tslin/Documents/jupyter_data/anLi/machine_unlearning/orthogonal-concept-erasure/experiments/sequential_object_persistence/outputs/sequential_oce_object_v1_online
retain_always,W06,dog,a photo of the dog,92,134,images/retain_always/W06/dog/index_092_seed_134.png,dog,deer,False,0.020227940753102303,delete-after-eval,1.81114755832823e-05,0.0002552103251218796,0.0008639518055133522,0.0023835417814552784,0.812218964099884,0.020227940753102303,3.744844434550032e-05,0.1635555475950241,3.811043279711157e-05,0.0004010681586805731,existing_v1_100,/home/tslin/Documents/jupyter_data/anLi/machine_unlearning/orthogonal-concept-erasure/experiments/sequential_object_persistence/outputs/sequential_oce_object_v1_online
retain_always,W06,dog,a photo of the dog,93,135,images/retain_always/W06/dog/index_093_seed_135.png,dog,deer,False,0.024147965013980865,delete-after-eval,0.00010806631325976923,0.0007195876096375287,0.0010991502786055207,0.0012323807459324598,0.7350658178329468,0.024147965013980865,0.00013771472731605172,0.23608528077602386,0.0001233958319062367,0.0012807206949219108,existing_v1_100,/home/tslin/Documents/jupyter_data/anLi/machine_unlearning/orthogonal-concept-erasure/experiments/sequential_object_persistence/outputs/sequential_oce_object_v1_online
retain_always,W06,dog,a photo of the dog,94,136,images/retain_always/W06/dog/index_094_seed_136.png,dog,deer,False,0.024898983538150787,delete-after-eval,4.511963197728619e-05,0.00013928340922575444,0.0003519562887959182,0.0007240473642013967,0.9198420643806458,0.024898983538150787,0.00014227183419279754,0.05256607010960579,3.106932490481995e-05,0.001259197830222547,existing_v1_100,/home/tslin/Documents/jupyter_data/anLi/machine_unlearning/orthogonal-concept-erasure/experiments/sequential_object_persistence/outputs/sequential_oce_object_v1_online
retain_always,W06,dog,a photo of the dog,95,137,images/retain_always/W06/dog/index_095_seed_137.png,dog,horse,False,0.021083582192659378,delete-after-eval,4.664039079216309e-05,0.0005120894056744874,0.00038601565756835043,0.002254120074212551,0.07842081785202026,0.021083582192659378,2.691822373890318e-05,0.8967446684837341,4.396260192152113e-05,0.0004812149272765964,existing_v1_100,/home/tslin/Documents/jupyter_data/anLi/machine_unlearning/orthogonal-concept-erasure/experiments/sequential_object_persistence/outputs/sequential_oce_object_v1_online
retain_always,W06,dog,a photo of the dog,96,138,images/retain_always/W06/dog/index_096_seed_138.png,dog,dog,True,0.39597028493881226,delete-after-eval,0.0027164591010659933,0.00880910363048315,0.027559829875826836,0.032081373035907745,0.280826210975647,0.39597028493881226,0.002989701461046934,0.19935829937458038,0.0025084977969527245,0.04718027636408806,existing_v1_100,/home/tslin/Documents/jupyter_data/anLi/machine_unlearning/orthogonal-concept-erasure/experiments/sequential_object_persistence/outputs/sequential_oce_object_v1_online
retain_always,W06,dog,a photo of the dog,97,139,images/retain_always/W06/dog/index_097_seed_139.png,dog,deer,False,0.17311280965805054,delete-after-eval,0.00014616375847253948,0.0007954189786687493,0.001498362165875733,0.0028439124580472708,0.7429080009460449,0.17311280965805054,0.0011486938456073403,0.07711973786354065,7.928541890578344e-05,0.0003476632118690759,existing_v1_100,/home/tslin/Documents/jupyter_data/anLi/machine_unlearning/orthogonal-concept-erasure/experiments/sequential_object_persistence/outputs/sequential_oce_object_v1_online
retain_always,W06,dog,a photo of the dog,98,140,images/retain_always/W06/dog/index_098_seed_140.png,dog,dog,True,0.890597939491272,delete-after-eval,8.775784226600081e-05,0.0028937729075551033,0.0007611939799971879,0.009670696221292019,0.019389158114790916,0.890597939491272,0.00011139981506858021,0.07319695502519608,7.16985814506188e-05,0.0032193330116569996,existing_v1_100,/home/tslin/Documents/jupyter_data/anLi/machine_unlearning/orthogonal-concept-erasure/experiments/sequential_object_persistence/outputs/sequential_oce_object_v1_online
retain_always,W06,dog,a photo of the dog,99,141,images/retain_always/W06/dog/index_099_seed_141.png,dog,deer,False,0.007240897510200739,delete-after-eval,1.5059155884955544e-05,0.00023351330310106277,0.0010765568586066365,0.0003383481234777719,0.8550001978874207,0.007240897510200739,1.2448799679987133e-05,0.13584460318088531,3.733224730240181e-05,0.0002010389871429652,existing_v1_100,/home/tslin/Documents/jupyter_data/anLi/machine_unlearning/orthogonal-concept-erasure/experiments/sequential_object_persistence/outputs/sequential_oce_object_v1_online
retain_always,W06,dog,a photo of the dog,100,142,images/experiment1_sequential_own_step/retain_always/W06/dog/index_100_seed_142.png,dog,horse,False,0.05619695037603378,delete-after-eval,5.014303314965218e-05,0.0006843907758593559,0.0021065245382487774,0.003877263981848955,0.127853125333786,0.05619695037603378,3.844130696961656e-05,0.8082230091094971,9.157213207799941e-05,0.0008786075050011277,new_followup_supplement,/home/tslin/Documents/jupyter_data/anLi/machine_unlearning/orthogonal-concept-erasure/experiments/sequential_object_followup/outputs/sequential_oce_object_followup_v1
retain_always,W06,dog,a photo of the dog,101,143,images/experiment1_sequential_own_step/retain_always/W06/dog/index_101_seed_143.png,dog,automobile,False,0.24704799056053162,delete-after-eval,0.008786813355982304,0.31732118129730225,0.0020128057803958654,0.017716264352202415,0.13056161999702454,0.24704799056053162,0.0021967305801808834,0.07363257557153702,0.0022881105542182922,0.1984359472990036,new_followup_supplement,/home/tslin/Documents/jupyter_data/anLi/machine_unlearning/orthogonal-concept-erasure/experiments/sequential_object_followup/outputs/sequential_oce_object_followup_v1
retain_always,W06,dog,a photo of the dog,102,144,images/experiment1_sequential_own_step/retain_always/W06/dog/index_102_seed_144.png,dog,horse,False,0.007635877933353186,delete-after-eval,2.4972896426334046e-05,0.00044576459913514555,5.525419328478165e-05,0.0004090690636076033,0.008523231372237206,0.007635877933353186,1.1009855370502919e-05,0.982582688331604,4.804076161235571e-05,0.0002641984901856631,new_followup_supplement,/home/tslin/Documents/jupyter_data/anLi/machine_unlearning/orthogonal-concept-erasure/experiments/sequential_object_followup/outputs/sequential_oce_object_followup_v1
retain_always,W06,dog,a photo of the dog,103,145,images/experiment1_sequential_own_step/retain_always/W06/dog/index_103_seed_145.png,dog,deer,False,0.054627515375614166,delete-after-eval,0.00013027108798269182,0.0016092754667624831,0.0026168343611061573,0.008123124949634075,0.8822153210639954,0.054627515375614166,9.911051165545359e-05,0.0472148060798645,0.0002831944148056209,0.0030806041322648525,new_followup_supplement,/home/tslin/Documents/jupyter_data/anLi/machine_unlearning/orthogonal-concept-erasure/experiments/sequential_object_followup/outputs/sequential_oce_object_followup_v1
retain_always,W06,dog,a photo of the dog,104,146,images/experiment1_sequential_own_step/retain_always/W06/dog/index_104_seed_146.png,dog,horse,False,0.002049374161288142,delete-after-eval,2.478164560670848e-06,0.00030223309295251966,4.640193219529465e-05,0.00021670230489689857,0.0008138688281178474,0.002049374161288142,5.49163132745889e-07,0.9963930249214172,1.0927815310424194e-05,0.0001644969015615061,new_followup_supplement,/home/tslin/Documents/jupyter_data/anLi/machine_unlearning/orthogonal-concept-erasure/experiments/sequential_object_followup/outputs/sequential_oce_object_followup_v1
retain_always,W06,dog,a photo of the dog,105,147,images/experiment1_sequential_own_step/retain_always/W06/dog/index_105_seed_147.png,dog,deer,False,0.18738512694835663,delete-after-eval,0.0005751583958044648,0.010516582056879997,0.002118377946317196,0.012203730642795563,0.7576334476470947,0.18738512694835663,0.004089071415364742,0.004876506049185991,0.00013209693133831024,0.0204697847366333,new_followup_supplement,/home/tslin/Documents/jupyter_data/anLi/machine_unlearning/orthogonal-concept-erasure/experiments/sequential_object_followup/outputs/sequential_oce_object_followup_v1
retain_always,W06,dog,a photo of the dog,106,148,images/experiment1_sequential_own_step/retain_always/W06/dog/index_106_seed_148.png,dog,deer,False,0.09265606105327606,delete-after-eval,0.0004569225711748004,0.0038838419131934643,0.0025771886575967073,0.00822352059185505,0.6690261363983154,0.09265606105327606,0.00023888789291959256,0.21789100766181946,0.000163983553647995,0.004882544744759798,new_followup_supplement,/home/tslin/Documents/jupyter_data/anLi/machine_unlearning/orthogonal-concept-erasure/experiments/sequential_object_followup/outputs/sequential_oce_object_followup_v1
retain_always,W06,dog,a photo of the dog,107,149,images/experiment1_sequential_own_step/retain_always/W06/dog/index_107_seed_149.png,dog,horse,False,0.05291682854294777,delete-after-eval,0.0006551672122441232,0.004229934420436621,0.009259014390408993,0.003504184540361166,0.19531142711639404,0.05291682854294777,0.0007525596884079278,0.7224935293197632,0.0006408295012079179,0.010236564092338085,new_followup_supplement,/home/tslin/Documents/jupyter_data/anLi/machine_unlearning/orthogonal-concept-erasure/experiments/sequential_object_followup/outputs/sequential_oce_object_followup_v1
retain_always,W06,dog,a photo of the dog,108,150,images/experiment1_sequential_own_step/retain_always/W06/dog/index_108_seed_150.png,dog,horse,False,0.008250894956290722,delete-after-eval,3.244451363570988e-05,0.0025350095238536596,0.00013808414223603904,0.0002595797413960099,0.002615863224491477,0.008250894956290722,3.5453249438432977e-06,0.9846412539482117,4.2833704355871305e-05,0.001480514882132411,new_followup_supplement,/home/tslin/Documents/jupyter_data/anLi/machine_unlearning/orthogonal-concept-erasure/experiments/sequential_object_followup/outputs/sequential_oce_object_followup_v1
retain_always,W06,dog,a photo of the dog,109,151,images/experiment1_sequential_own_step/retain_always/W06/dog/index_109_seed_151.png,dog,deer,False,0.00793521199375391,delete-after-eval,3.693261896842159e-05,7.901886419858783e-05,0.0006928833317942917,0.00041231836075894535,0.9866278767585754,0.00793521199375391,2.800547008519061e-05,0.003942995332181454,2.4163047783076763e-05,0.00022067072859499604,new_followup_supplement,/home/tslin/Documents/jupyter_data/anLi/machine_unlearning/orthogonal-concept-erasure/experiments/sequential_object_followup/outputs/sequential_oce_object_followup_v1
retain_always,W06,dog,a photo of the dog,110,152,images/experiment1_sequential_own_step/retain_always/W06/dog/index_110_seed_152.png,dog,deer,False,0.0033653958234936,delete-after-eval,1.3258740182209294e-05,0.00025611359160393476,0.00042261849739588797,0.00029214913956820965,0.9384928941726685,0.0033653958234936,5.031048658565851e-06,0.05703209713101387,1.7754848158801906e-05,0.00010275743261445314,new_followup_supplement,/home/tslin/Documents/jupyter_data/anLi/machine_unlearning/orthogonal-concept-erasure/experiments/sequential_object_followup/outputs/sequential_oce_object_followup_v1
retain_always,W06,dog,a photo of the dog,111,153,images/experiment1_sequential_own_step/retain_always/W06/dog/index_111_seed_153.png,dog,horse,False,0.005035789217799902,delete-after-eval,2.0744775611092336e-05,0.00013717508409172297,0.00011485632421681657,0.0006608630646951497,0.03428633511066437,0.005035789217799902,2.7951066385867307e-06,0.9595929384231567,2.4907407350838184e-05,0.00012362186680547893,new_followup_supplement,/home/tslin/Documents/jupyter_data/anLi/machine_unlearning/orthogonal-concept-erasure/experiments/sequential_object_followup/outputs/sequential_oce_object_followup_v1
retain_always,W06,dog,a photo of the dog,112,154,images/experiment1_sequential_own_step/retain_always/W06/dog/index_112_seed_154.png,dog,horse,False,0.0572822280228138,delete-after-eval,0.003656842513009906,0.13864079117774963,0.007575180847197771,0.0064303092658519745,0.016676630824804306,0.0572822280228138,0.002892342396080494,0.7524744272232056,0.003150273347273469,0.011220981366932392,new_followup_supplement,/home/tslin/Documents/jupyter_data/anLi/machine_unlearning/orthogonal-concept-erasure/experiments/sequential_object_followup/outputs/sequential_oce_object_followup_v1
retain_always,W06,dog,a photo of the dog,113,155,images/experiment1_sequential_own_step/retain_always/W06/dog/index_113_seed_155.png,dog,horse,False,0.005598799325525761,delete-after-eval,2.576249244157225e-05,0.0002898982784245163,0.0015827177558094263,0.0004061415384057909,0.16307410597801208,0.005598799325525761,3.8631027564406395e-05,0.8284904360771179,1.2447857443476096e-05,0.00048106195754371583,new_followup_supplement,/home/tslin/Documents/jupyter_data/anLi/machine_unlearning/orthogonal-concept-erasure/experiments/sequential_object_followup/outputs/sequential_oce_object_followup_v1
retain_always,W06,dog,a photo of the dog,114,156,images/experiment1_sequential_own_step/retain_always/W06/dog/index_114_seed_156.png,dog,deer,False,0.13727039098739624,delete-after-eval,0.007993066683411598,0.002153238281607628,0.005933036096394062,0.010314599610865116,0.5746170282363892,0.13727039098739624,0.0015418909024447203,0.25156891345977783,0.0013941810466349125,0.007213563192635775,new_followup_supplement,/home/tslin/Documents/jupyter_data/anLi/machine_unlearning/orthogonal-concept-erasure/experiments/sequential_object_followup/outputs/sequential_oce_object_followup_v1
retain_always,W06,dog,a photo of the dog,115,157,images/experiment1_sequential_own_step/retain_always/W06/dog/index_115_seed_157.png,dog,deer,False,0.04884345456957817,delete-after-eval,0.00013875094009563327,0.0007106130942702293,0.0013394630514085293,0.0027442353311926126,0.8926658630371094,0.04884345456957817,6.984757783357054e-05,0.04954936355352402,0.00018679813365451992,0.0037516187876462936,new_followup_supplement,/home/tslin/Documents/jupyter_data/anLi/machine_unlearning/orthogonal-concept-erasure/experiments/sequential_object_followup/outputs/sequential_oce_object_followup_v1
retain_always,W06,dog,a photo of the dog,116,158,images/experiment1_sequential_own_step/retain_always/W06/dog/index_116_seed_158.png,dog,horse,False,0.0031562591902911663,delete-after-eval,8.738466021895874e-06,5.026367580285296e-05,0.00021966712665744126,0.00046061351895332336,0.005040677264332771,0.0031562591902911663,3.356247816554969e-06,0.9908919930458069,2.698726166272536e-05,0.000141576660098508,new_followup_supplement,/home/tslin/Documents/jupyter_data/anLi/machine_unlearning/orthogonal-concept-erasure/experiments/sequential_object_followup/outputs/sequential_oce_object_followup_v1
retain_always,W06,dog,a photo of the dog,117,159,images/experiment1_sequential_own_step/retain_always/W06/dog/index_117_seed_159.png,dog,deer,False,0.10403043031692505,delete-after-eval,0.0004035080492030829,0.0009692180901765823,0.008018416352570057,0.008543295785784721,0.7828450798988342,0.10403043031692505,0.00017664242477621883,0.09242304414510727,0.00035877799382433295,0.002231693360954523,new_followup_supplement,/home/tslin/Documents/jupyter_data/anLi/machine_unlearning/orthogonal-concept-erasure/experiments/sequential_object_followup/outputs/sequential_oce_object_followup_v1
retain_always,W06,dog,a photo of the dog,118,160,images/experiment1_sequential_own_step/retain_always/W06/dog/index_118_seed_160.png,dog,horse,False,0.0334160290658474,delete-after-eval,0.00010805117199197412,0.000405517581384629,0.0004306900955270976,0.0005235730204731226,0.006387592758983374,0.0334160290658474,3.334836583235301e-05,0.9569664597511292,5.635369598167017e-05,0.0016723654698580503,new_followup_supplement,/home/tslin/Documents/jupyter_data/anLi/machine_unlearning/orthogonal-concept-erasure/experiments/sequential_object_followup/outputs/sequential_oce_object_followup_v1
retain_always,W06,dog,a photo of the dog,119,161,images/experiment1_sequential_own_step/retain_always/W06/dog/index_119_seed_161.png,dog,horse,False,0.0036427753511816263,delete-after-eval,3.3226384402951226e-05,0.0004693741793744266,0.000655981304589659,0.0003864259924739599,0.01587497629225254,0.0036427753511816263,1.8641547285369597e-05,0.9784180521965027,5.9497844631550834e-05,0.0004411574627738446,new_followup_supplement,/home/tslin/Documents/jupyter_data/anLi/machine_unlearning/orthogonal-concept-erasure/experiments/sequential_object_followup/outputs/sequential_oce_object_followup_v1
retain_always,W06,dog,a photo of the dog,120,162,images/experiment1_sequential_own_step/retain_always/W06/dog/index_120_seed_162.png,dog,horse,False,0.03928123414516449,delete-after-eval,4.087323759449646e-05,0.0005633612163364887,0.001507359673269093,0.005196635145694017,0.30943500995635986,0.03928123414516449,1.4419598301174119e-05,0.6421671509742737,6.950848910491914e-05,0.0017244130140170455,new_followup_supplement,/home/tslin/Documents/jupyter_data/anLi/machine_unlearning/orthogonal-concept-erasure/experiments/sequential_object_followup/outputs/sequential_oce_object_followup_v1
retain_always,W06,dog,a photo of the dog,121,163,images/experiment1_sequential_own_step/retain_always/W06/dog/index_121_seed_163.png,dog,deer,False,0.21201837062835693,delete-after-eval,0.00017188946367241442,0.0002862547989934683,0.0021451981738209724,0.010422431863844395,0.6660027503967285,0.21201837062835693,0.000817003776319325,0.10699371248483658,9.346429578727111e-05,0.0010490275453776121,new_followup_supplement,/home/tslin/Documents/jupyter_data/anLi/machine_unlearning/orthogonal-concept-erasure/experiments/sequential_object_followup/outputs/sequential_oce_object_followup_v1
retain_always,W06,dog,a photo of the dog,122,164,images/experiment1_sequential_own_step/retain_always/W06/dog/index_122_seed_164.png,dog,horse,False,0.0006149905966594815,delete-after-eval,3.4930701531266095e-06,5.365964534576051e-05,3.408766133361496e-05,4.8782701924210414e-05,0.0002093501971103251,0.0006149905966594815,2.1171058506297413e-07,0.9989612102508545,5.827385848533595e-06,6.842378206783906e-05,new_followup_supplement,/home/tslin/Documents/jupyter_data/anLi/machine_unlearning/orthogonal-concept-erasure/experiments/sequential_object_followup/outputs/sequential_oce_object_followup_v1
retain_always,W06,dog,a photo of the dog,123,165,images/experiment1_sequential_own_step/retain_always/W06/dog/index_123_seed_165.png,dog,horse,False,0.0138658806681633,delete-after-eval,0.0004110181762371212,0.015421988442540169,0.0008592357044108212,0.0010262347059324384,0.078193798661232,0.0138658806681633,0.00015286031702999026,0.8835107684135437,0.0001614994980627671,0.0063967593014240265,new_followup_supplement,/home/tslin/Documents/jupyter_data/anLi/machine_unlearning/orthogonal-concept-erasure/experiments/sequential_object_followup/outputs/sequential_oce_object_followup_v1
retain_always,W06,dog,a photo of the dog,124,166,images/experiment1_sequential_own_step/retain_always/W06/dog/index_124_seed_166.png,dog,horse,False,0.00255045504309237,delete-after-eval,1.4995338460721541e-05,0.00010334289981983602,0.00044781414908356965,0.0005183896864764392,0.005049954634159803,0.00255045504309237,7.730387551418971e-06,0.9911642074584961,4.3277799704810604e-05,9.992008563131094e-05,new_followup_supplement,/home/tslin/Documents/jupyter_data/anLi/machine_unlearning/orthogonal-concept-erasure/experiments/sequential_object_followup/outputs/sequential_oce_object_followup_v1
retain_always,W06,dog,a photo of the dog,125,167,images/experiment1_sequential_own_step/retain_always/W06/dog/index_125_seed_167.png,dog,deer,False,0.34364229440689087,delete-after-eval,0.00020715822756756097,0.0003079233574680984,0.0007052227738313377,0.005684228613972664,0.46031805872917175,0.34364229440689087,0.00011701036419253796,0.18725070357322693,0.00018092973914463073,0.0015865544555708766,new_followup_supplement,/home/tslin/Documents/jupyter_data/anLi/machine_unlearning/orthogonal-concept-erasure/experiments/sequential_object_followup/outputs/sequential_oce_object_followup_v1
retain_always,W06,dog,a photo of the dog,126,168,images/experiment1_sequential_own_step/retain_always/W06/dog/index_126_seed_168.png,dog,horse,False,0.10190200805664062,delete-after-eval,0.001179967657662928,0.005406534764915705,0.002417712239548564,0.011036274954676628,0.2585037648677826,0.10190200805664062,0.00012447114568203688,0.6048516035079956,0.0014524400467053056,0.013125112280249596,new_followup_supplement,/home/tslin/Documents/jupyter_data/anLi/machine_unlearning/orthogonal-concept-erasure/experiments/sequential_object_followup/outputs/sequential_oce_object_followup_v1
retain_always,W06,dog,a photo of the dog,127,169,images/experiment1_sequential_own_step/retain_always/W06/dog/index_127_seed_169.png,dog,horse,False,0.0163206048309803,delete-after-eval,0.00020874988695140928,0.008043721318244934,0.000737840193323791,0.0018315648194402456,0.015172605402767658,0.0163206048309803,2.1222727809799835e-05,0.9538218975067139,2.9784485377604142e-05,0.0038119175005704165,new_followup_supplement,/home/tslin/Documents/jupyter_data/anLi/machine_unlearning/orthogonal-concept-erasure/experiments/sequential_object_followup/outputs/sequential_oce_object_followup_v1
retain_always,W06,dog,a photo of the dog,128,170,images/experiment1_sequential_own_step/retain_always/W06/dog/index_128_seed_170.png,dog,deer,False,0.019543945789337158,delete-after-eval,0.00034500384936109185,0.001808042754419148,0.0010052722645923495,0.0023037081118673086,0.7162092924118042,0.019543945789337158,0.00020715389109682292,0.25485214591026306,0.00030007000896148384,0.003425347153097391,new_followup_supplement,/home/tslin/Documents/jupyter_data/anLi/machine_unlearning/orthogonal-concept-erasure/experiments/sequential_object_followup/outputs/sequential_oce_object_followup_v1
retain_always,W06,dog,a photo of the dog,129,171,images/experiment1_sequential_own_step/retain_always/W06/dog/index_129_seed_171.png,dog,deer,False,0.07597842812538147,delete-after-eval,7.973187894094735e-05,0.0010442850179970264,0.001846352475695312,0.003784121247008443,0.8181470632553101,0.07597842812538147,5.98468650423456e-05,0.09591246396303177,0.00010411838593427092,0.0030435628723353148,new_followup_supplement,/home/tslin/Documents/jupyter_data/anLi/machine_unlearning/orthogonal-concept-erasure/experiments/sequential_object_followup/outputs/sequential_oce_object_followup_v1
retain_always,W06,dog,a photo of the dog,130,172,images/experiment1_sequential_own_step/retain_always/W06/dog/index_130_seed_172.png,dog,horse,False,0.005637104157358408,delete-after-eval,1.0374042176408693e-05,4.7305988118750975e-05,0.0004591102770064026,0.0009102537296712399,0.008129144087433815,0.005637104157358408,2.1444784579216503e-06,0.9846466779708862,4.982452082913369e-05,0.00010804392513819039,new_followup_supplement,/home/tslin/Documents/jupyter_data/anLi/machine_unlearning/orthogonal-concept-erasure/experiments/sequential_object_followup/outputs/sequential_oce_object_followup_v1
retain_always,W06,dog,a photo of the dog,131,173,images/experiment1_sequential_own_step/retain_always/W06/dog/index_131_seed_173.png,dog,horse,False,0.04399479553103447,delete-after-eval,0.00014487853331957012,0.0007828176603652537,0.0010714349336922169,0.002517196349799633,0.09339261054992676,0.04399479553103447,0.00013324299652595073,0.8543654084205627,0.0001288038183702156,0.0034687884617596865,new_followup_supplement,/home/tslin/Documents/jupyter_data/anLi/machine_unlearning/orthogonal-concept-erasure/experiments/sequential_object_followup/outputs/sequential_oce_object_followup_v1
retain_always,W06,dog,a photo of the dog,132,174,images/experiment1_sequential_own_step/retain_always/W06/dog/index_132_seed_174.png,dog,horse,False,0.019235169515013695,delete-after-eval,0.00019270917982794344,0.0011403848184272647,0.001342310686595738,0.0004262916627340019,0.08893183618783951,0.019235169515013695,2.2099893612903543e-05,0.8855931758880615,0.00012199815682834014,0.0029939136002212763,new_followup_supplement,/home/tslin/Documents/jupyter_data/anLi/machine_unlearning/orthogonal-concept-erasure/experiments/sequential_object_followup/outputs/sequential_oce_object_followup_v1
retain_always,W06,dog,a photo of the dog,133,175,images/experiment1_sequential_own_step/retain_always/W06/dog/index_133_seed_175.png,dog,horse,False,0.044494811445474625,delete-after-eval,3.154698424623348e-05,0.0015359311364591122,0.0009662878583185375,0.0026289732195436954,0.0012938129948452115,0.044494811445474625,7.077640930219786e-06,0.9474549889564514,9.793778735911474e-05,0.001488715410232544,new_followup_supplement,/home/tslin/Documents/jupyter_data/anLi/machine_unlearning/orthogonal-concept-erasure/experiments/sequential_object_followup/outputs/sequential_oce_object_followup_v1
retain_always,W06,dog,a photo of the dog,134,176,images/experiment1_sequential_own_step/retain_always/W06/dog/index_134_seed_176.png,dog,deer,False,0.26536044478416443,delete-after-eval,0.002015030011534691,0.004057798534631729,0.01051304955035448,0.04090788587927818,0.40992259979248047,0.26536044478416443,0.006014897022396326,0.24669718742370605,0.0033916528336703777,0.011119444854557514,new_followup_supplement,/home/tslin/Documents/jupyter_data/anLi/machine_unlearning/orthogonal-concept-erasure/experiments/sequential_object_followup/outputs/sequential_oce_object_followup_v1
retain_always,W06,dog,a photo of the dog,135,177,images/experiment1_sequential_own_step/retain_always/W06/dog/index_135_seed_177.png,dog,deer,False,0.1244388073682785,delete-after-eval,0.0018698853673413396,0.0721316933631897,0.007972012273967266,0.018406996503472328,0.5573610663414001,0.1244388073682785,0.0004162842524237931,0.19213558733463287,0.0003780282859224826,0.024889662861824036,new_followup_supplement,/home/tslin/Documents/jupyter_data/anLi/machine_unlearning/orthogonal-concept-erasure/experiments/sequential_object_followup/outputs/sequential_oce_object_followup_v1
retain_always,W06,dog,a photo of the dog,136,178,images/experiment1_sequential_own_step/retain_always/W06/dog/index_136_seed_178.png,dog,horse,False,0.042327769100666046,delete-after-eval,7.183902198448777e-05,0.0010256355162709951,0.005754614248871803,0.0037877706345170736,0.1148347407579422,0.042327769100666046,1.2644790331250988e-05,0.8306940197944641,0.00026053047622554004,0.0012304927222430706,new_followup_supplement,/home/tslin/Documents/jupyter_data/anLi/machine_unlearning/orthogonal-concept-erasure/experiments/sequential_object_followup/outputs/sequential_oce_object_followup_v1
retain_always,W06,dog,a photo of the dog,137,179,images/experiment1_sequential_own_step/retain_always/W06/dog/index_137_seed_179.png,dog,horse,False,0.02161998115479946,delete-after-eval,0.0003109535318799317,0.007492000237107277,0.0010336777195334435,0.0015157620655372739,0.0015989526873454452,0.02161998115479946,1.3508813935914077e-05,0.9590597748756409,0.0008747895481064916,0.006480596028268337,new_followup_supplement,/home/tslin/Documents/jupyter_data/anLi/machine_unlearning/orthogonal-concept-erasure/experiments/sequential_object_followup/outputs/sequential_oce_object_followup_v1
retain_always,W06,dog,a photo of the dog,138,180,images/experiment1_sequential_own_step/retain_always/W06/dog/index_138_seed_180.png,dog,horse,False,0.002506828401237726,delete-after-eval,8.608491953054909e-06,0.0002552903024479747,8.36583785712719e-05,0.00017568064504303038,0.0014210841618478298,0.002506828401237726,3.32088404775277e-07,0.9953893423080444,8.108753718261141e-06,0.00015093172260094434,new_followup_supplement,/home/tslin/Documents/jupyter_data/anLi/machine_unlearning/orthogonal-concept-erasure/experiments/sequential_object_followup/outputs/sequential_oce_object_followup_v1
retain_always,W06,dog,a photo of the dog,139,181,images/experiment1_sequential_own_step/retain_always/W06/dog/index_139_seed_181.png,dog,horse,False,0.0018245007377117872,delete-after-eval,2.99573421216337e-05,0.00011024164268746972,0.00016278712428174913,0.00020434558973647654,0.005659539718180895,0.0018245007377117872,8.36300114315236e-06,0.9917421340942383,1.9997003619209863e-05,0.00023821255308575928,new_followup_supplement,/home/tslin/Documents/jupyter_data/anLi/machine_unlearning/orthogonal-concept-erasure/experiments/sequential_object_followup/outputs/sequential_oce_object_followup_v1
retain_always,W06,dog,a photo of the dog,140,182,images/experiment1_sequential_own_step/retain_always/W06/dog/index_140_seed_182.png,dog,deer,False,0.08436742424964905,delete-after-eval,0.0006893285899423063,0.020928138867020607,0.005664147436618805,0.004816203378140926,0.6017694473266602,0.08436742424964905,0.00011469804303487763,0.24442251026630402,0.0002920226543210447,0.03693600744009018,new_followup_supplement,/home/tslin/Documents/jupyter_data/anLi/machine_unlearning/orthogonal-concept-erasure/experiments/sequential_object_followup/outputs/sequential_oce_object_followup_v1
retain_always,W06,dog,a photo of the dog,141,183,images/experiment1_sequential_own_step/retain_always/W06/dog/index_141_seed_183.png,dog,horse,False,0.07143431156873703,delete-after-eval,0.017192205414175987,0.1300821751356125,0.008598919957876205,0.004901039879769087,0.01996755413711071,0.07143431156873703,0.0009497403516434133,0.5676502585411072,0.0012525744969025254,0.1779712438583374,new_followup_supplement,/home/tslin/Documents/jupyter_data/anLi/machine_unlearning/orthogonal-concept-erasure/experiments/sequential_object_followup/outputs/sequential_oce_object_followup_v1
retain_always,W06,dog,a photo of the dog,142,184,images/experiment1_sequential_own_step/retain_always/W06/dog/index_142_seed_184.png,dog,horse,False,0.1589900702238083,delete-after-eval,0.005690911319106817,0.03931161388754845,0.008134194649755955,0.005816341377794743,0.11143416166305542,0.1589900702238083,0.0035342343617230654,0.6396444439888,0.001377707696519792,0.026066385209560394,new_followup_supplement,/home/tslin/Documents/jupyter_data/anLi/machine_unlearning/orthogonal-concept-erasure/experiments/sequential_object_followup/outputs/sequential_oce_object_followup_v1
retain_always,W06,dog,a photo of the dog,143,185,images/experiment1_sequential_own_step/retain_always/W06/dog/index_143_seed_185.png,dog,horse,False,0.04958789050579071,delete-after-eval,3.5493605537340045e-05,0.0002840039669536054,0.00117120414506644,0.009783542715013027,0.3267872929573059,0.04958789050579071,0.0003710877208504826,0.610763669013977,7.908316183602437e-05,0.0011367907281965017,new_followup_supplement,/home/tslin/Documents/jupyter_data/anLi/machine_unlearning/orthogonal-concept-erasure/experiments/sequential_object_followup/outputs/sequential_oce_object_followup_v1
retain_always,W06,dog,a photo of the dog,144,186,images/experiment1_sequential_own_step/retain_always/W06/dog/index_144_seed_186.png,dog,deer,False,0.3659926652908325,delete-after-eval,3.440996806602925e-05,0.0005954001098871231,0.0012097145663574338,0.006736599374562502,0.5945487022399902,0.3659926652908325,0.0001163945416919887,0.029762014746665955,5.597862764261663e-05,0.0009481838205829263,new_followup_supplement,/home/tslin/Documents/jupyter_data/anLi/machine_unlearning/orthogonal-concept-erasure/experiments/sequential_object_followup/outputs/sequential_oce_object_followup_v1
retain_always,W06,dog,a photo of the dog,145,187,images/experiment1_sequential_own_step/retain_always/W06/dog/index_145_seed_187.png,dog,horse,False,0.07044288516044617,delete-after-eval,0.0004181399126537144,0.013444182462990284,0.010661972686648369,0.00619936641305685,0.3776741921901703,0.07044288516044617,5.601616794592701e-05,0.5166203379631042,0.0003978982858825475,0.004084967542439699,new_followup_supplement,/home/tslin/Documents/jupyter_data/anLi/machine_unlearning/orthogonal-concept-erasure/experiments/sequential_object_followup/outputs/sequential_oce_object_followup_v1
retain_always,W06,dog,a photo of the dog,146,188,images/experiment1_sequential_own_step/retain_always/W06/dog/index_146_seed_188.png,dog,horse,False,0.07071772962808609,delete-after-eval,8.60284999362193e-05,0.0030575545970350504,0.001453791162930429,0.003169103292748332,0.20922918617725372,0.07071772962808609,7.465134785888949e-06,0.7114148139953613,0.00017288903472945094,0.0006914592231623828,new_followup_supplement,/home/tslin/Documents/jupyter_data/anLi/machine_unlearning/orthogonal-concept-erasure/experiments/sequential_object_followup/outputs/sequential_oce_object_followup_v1
retain_always,W06,dog,a photo of the dog,147,189,images/experiment1_sequential_own_step/retain_always/W06/dog/index_147_seed_189.png,dog,horse,False,0.001132011180743575,delete-after-eval,2.0894409317406826e-05,8.723507198737934e-05,0.00012141133629484102,0.00010816172289196402,0.0023103817366063595,0.001132011180743575,7.379555313491437e-07,0.99607914686203,4.056456873513525e-06,0.00013601366663351655,new_followup_supplement,/home/tslin/Documents/jupyter_data/anLi/machine_unlearning/orthogonal-concept-erasure/experiments/sequential_object_followup/outputs/sequential_oce_object_followup_v1
retain_always,W06,dog,a photo of the dog,148,190,images/experiment1_sequential_own_step/retain_always/W06/dog/index_148_seed_190.png,dog,dog,True,0.4115150272846222,delete-after-eval,0.001546081737615168,0.0025516897439956665,0.0667218491435051,0.05216909199953079,0.25175952911376953,0.4115150272846222,0.0036016316153109074,0.15458445250988007,0.001381833921186626,0.05416879802942276,new_followup_supplement,/home/tslin/Documents/jupyter_data/anLi/machine_unlearning/orthogonal-concept-erasure/experiments/sequential_object_followup/outputs/sequential_oce_object_followup_v1
retain_always,W06,dog,a photo of the dog,149,191,images/experiment1_sequential_own_step/retain_always/W06/dog/index_149_seed_191.png,dog,deer,False,0.006777625065296888,delete-after-eval,1.685165989329107e-05,0.00015554387937299907,0.0006533396081067622,0.0007863289210945368,0.6474580764770508,0.006777625065296888,3.6732137687067734e-06,0.34387025237083435,1.124210211855825e-05,0.0002671361726243049,new_followup_supplement,/home/tslin/Documents/jupyter_data/anLi/machine_unlearning/orthogonal-concept-erasure/experiments/sequential_object_followup/outputs/sequential_oce_object_followup_v1
retain_always,W06,dog,a photo of the dog,150,192,images/experiment1_sequential_own_step/retain_always/W06/dog/index_150_seed_192.png,dog,deer,False,0.004375305492430925,delete-after-eval,3.2145231671165675e-05,0.00012390899064484984,0.0009385921875946224,0.000705174112226814,0.9810650944709778,0.004375305492430925,2.311266325705219e-05,0.01226520910859108,2.611042327771429e-05,0.00044535723282024264,new_followup_supplement,/home/tslin/Documents/jupyter_data/anLi/machine_unlearning/orthogonal-concept-erasure/experiments/sequential_object_followup/outputs/sequential_oce_object_followup_v1
retain_always,W06,dog,a photo of the dog,151,193,images/experiment1_sequential_own_step/retain_always/W06/dog/index_151_seed_193.png,dog,horse,False,0.0013409495586529374,delete-after-eval,3.0918583888706053e-06,0.00010274355008732527,0.00011389563587727025,0.00020653122919611633,0.009015189483761787,0.0013409495586529374,2.4148914690158563e-06,0.989051878452301,8.900668035494164e-06,0.0001543481630505994,new_followup_supplement,/home/tslin/Documents/jupyter_data/anLi/machine_unlearning/orthogonal-concept-erasure/experiments/sequential_object_followup/outputs/sequential_oce_object_followup_v1
retain_always,W06,dog,a photo of the dog,152,194,images/experiment1_sequential_own_step/retain_always/W06/dog/index_152_seed_194.png,dog,horse,False,0.004036398138850927,delete-after-eval,2.5319632186437957e-06,0.0003674164181575179,0.00021356290380936116,0.0004715894174296409,0.0006791275809518993,0.004036398138850927,1.732435180201719e-06,0.994183361530304,2.1008907424402423e-05,2.329385097254999e-05,new_followup_supplement,/home/tslin/Documents/jupyter_data/anLi/machine_unlearning/orthogonal-concept-erasure/experiments/sequential_object_followup/outputs/sequential_oce_object_followup_v1
retain_always,W06,dog,a photo of the dog,153,195,images/experiment1_sequential_own_step/retain_always/W06/dog/index_153_seed_195.png,dog,deer,False,0.0423700325191021,delete-after-eval,0.00045935731031931937,0.0017280698521062732,0.0015709905419498682,0.003924321848899126,0.9187532067298889,0.0423700325191021,0.00023524944845121354,0.022848809137940407,0.0005797413759864867,0.007530268747359514,new_followup_supplement,/home/tslin/Documents/jupyter_data/anLi/machine_unlearning/orthogonal-concept-erasure/experiments/sequential_object_followup/outputs/sequential_oce_object_followup_v1
retain_always,W06,dog,a photo of the dog,154,196,images/experiment1_sequential_own_step/retain_always/W06/dog/index_154_seed_196.png,dog,deer,False,0.0013763332972303033,delete-after-eval,4.312175406084862e-06,0.0004932654555886984,0.000177486683242023,4.052623989991844e-05,0.9659931063652039,0.0013763332972303033,2.031797976087546e-06,0.03145452216267586,4.495359462453052e-06,0.0004539176297839731,new_followup_supplement,/home/tslin/Documents/jupyter_data/anLi/machine_unlearning/orthogonal-concept-erasure/experiments/sequential_object_followup/outputs/sequential_oce_object_followup_v1
retain_always,W06,dog,a photo of the dog,155,197,images/experiment1_sequential_own_step/retain_always/W06/dog/index_155_seed_197.png,dog,dog,True,0.4344177842140198,delete-after-eval,0.0017043498810380697,0.003571375273168087,0.023324476554989815,0.09932732582092285,0.16513660550117493,0.4344177842140198,0.0016688108444213867,0.2555008828639984,0.003027243074029684,0.01232115738093853,new_followup_supplement,/home/tslin/Documents/jupyter_data/anLi/machine_unlearning/orthogonal-concept-erasure/experiments/sequential_object_followup/outputs/sequential_oce_object_followup_v1
retain_always,W06,dog,a photo of the dog,156,198,images/experiment1_sequential_own_step/retain_always/W06/dog/index_156_seed_198.png,dog,horse,False,0.017317986115813255,delete-after-eval,2.0190980649203993e-05,9.406569006387144e-05,0.0001489861315349117,0.0016182143008336425,0.04726545140147209,0.017317986115813255,8.9759423644864e-06,0.9333313703536987,2.6637508199200965e-05,0.0001680635759839788,new_followup_supplement,/home/tslin/Documents/jupyter_data/anLi/machine_unlearning/orthogonal-concept-erasure/experiments/sequential_object_followup/outputs/sequential_oce_object_followup_v1
retain_always,W06,dog,a photo of the dog,157,199,images/experiment1_sequential_own_step/retain_always/W06/dog/index_157_seed_199.png,dog,horse,False,0.13457542657852173,delete-after-eval,0.0010979485232383013,0.002194746630266309,0.002133845118805766,0.0045887501910328865,0.34411874413490295,0.13457542657852173,0.0001333035179413855,0.5044867992401123,0.00022951693972572684,0.006440895609557629,new_followup_supplement,/home/tslin/Documents/jupyter_data/anLi/machine_unlearning/orthogonal-concept-erasure/experiments/sequential_object_followup/outputs/sequential_oce_object_followup_v1
retain_always,W06,dog,a photo of the dog,158,200,images/experiment1_sequential_own_step/retain_always/W06/dog/index_158_seed_200.png,dog,horse,False,0.02005610801279545,delete-after-eval,3.970069519709796e-05,0.0003022161254193634,0.00027972288080491126,0.0008719264878891408,0.005352231673896313,0.02005610801279545,9.135406435234472e-05,0.9723347425460815,8.714754221728072e-05,0.0005848313448950648,new_followup_supplement,/home/tslin/Documents/jupyter_data/anLi/machine_unlearning/orthogonal-concept-erasure/experiments/sequential_object_followup/outputs/sequential_oce_object_followup_v1
retain_always,W06,dog,a photo of the dog,159,201,images/experiment1_sequential_own_step/retain_always/W06/dog/index_159_seed_201.png,dog,deer,False,0.009558592922985554,delete-after-eval,0.00013920314086135477,0.022561419755220413,0.0016611958853900433,0.0018328131409361959,0.6919347047805786,0.009558592922985554,5.239190431893803e-05,0.25648725032806396,0.00014240453310776502,0.015629926696419716,new_followup_supplement,/home/tslin/Documents/jupyter_data/anLi/machine_unlearning/orthogonal-concept-erasure/experiments/sequential_object_followup/outputs/sequential_oce_object_followup_v1
retain_always,W06,dog,a photo of the dog,160,202,images/experiment1_sequential_own_step/retain_always/W06/dog/index_160_seed_202.png,dog,horse,False,0.00572280352935195,delete-after-eval,9.005951142171398e-06,0.0001507802226115018,0.00016278155089821666,0.00012034048995701596,0.01444073673337698,0.00572280352935195,4.785049895872362e-06,0.9792519211769104,9.811096788325813e-06,0.0001269968197448179,new_followup_supplement,/home/tslin/Documents/jupyter_data/anLi/machine_unlearning/orthogonal-concept-erasure/experiments/sequential_object_followup/outputs/sequential_oce_object_followup_v1
retain_always,W06,dog,a photo of the dog,161,203,images/experiment1_sequential_own_step/retain_always/W06/dog/index_161_seed_203.png,dog,horse,False,0.010122878476977348,delete-after-eval,8.562146831536666e-05,0.0007688102195970714,0.0019151888554915786,0.001696012681350112,0.04044964164495468,0.010122878476977348,5.890353713766672e-05,0.9439062476158142,8.530767081538215e-05,0.0009113632258959115,new_followup_supplement,/home/tslin/Documents/jupyter_data/anLi/machine_unlearning/orthogonal-concept-erasure/experiments/sequential_object_followup/outputs/sequential_oce_object_followup_v1
retain_always,W06,dog,a photo of the dog,162,204,images/experiment1_sequential_own_step/retain_always/W06/dog/index_162_seed_204.png,dog,deer,False,0.06473056972026825,delete-after-eval,0.0002686962252482772,0.0016721072606742382,0.004058250226080418,0.011087325401604176,0.8808526396751404,0.06473056972026825,0.0001006531310849823,0.033631838858127594,0.0003753924975171685,0.0032225733157247305,new_followup_supplement,/home/tslin/Documents/jupyter_data/anLi/machine_unlearning/orthogonal-concept-erasure/experiments/sequential_object_followup/outputs/sequential_oce_object_followup_v1
retain_always,W06,dog,a photo of the dog,163,205,images/experiment1_sequential_own_step/retain_always/W06/dog/index_163_seed_205.png,dog,horse,False,0.009401875548064709,delete-after-eval,0.00017385344835929573,0.0017204878386110067,0.0007744026370346546,0.00041637237882241607,0.18260382115840912,0.009401875548064709,7.318072221096372e-06,0.8018440008163452,0.00011031128087779507,0.0029475160408765078,new_followup_supplement,/home/tslin/Documents/jupyter_data/anLi/machine_unlearning/orthogonal-concept-erasure/experiments/sequential_object_followup/outputs/sequential_oce_object_followup_v1
retain_always,W06,dog,a photo of the dog,164,206,images/experiment1_sequential_own_step/retain_always/W06/dog/index_164_seed_206.png,dog,deer,False,0.0529676154255867,delete-after-eval,0.00024358047812711447,0.0014370859134942293,0.004305963404476643,0.0055260565131902695,0.746597409248352,0.0529676154255867,0.00020929574384354055,0.18543843924999237,0.00013124753604643047,0.0031433715485036373,new_followup_supplement,/home/tslin/Documents/jupyter_data/anLi/machine_unlearning/orthogonal-concept-erasure/experiments/sequential_object_followup/outputs/sequential_oce_object_followup_v1
retain_always,W06,dog,a photo of the dog,165,207,images/experiment1_sequential_own_step/retain_always/W06/dog/index_165_seed_207.png,dog,deer,False,0.02076401375234127,delete-after-eval,8.592403901275247e-06,4.739932046504691e-05,0.0002832909522112459,0.0004316203994676471,0.9699515104293823,0.02076401375234127,0.00017214645049534738,0.008147621527314186,5.457217412185855e-06,0.00018828388419933617,new_followup_supplement,/home/tslin/Documents/jupyter_data/anLi/machine_unlearning/orthogonal-concept-erasure/experiments/sequential_object_followup/outputs/sequential_oce_object_followup_v1
retain_always,W06,dog,a photo of the dog,166,208,images/experiment1_sequential_own_step/retain_always/W06/dog/index_166_seed_208.png,dog,deer,False,0.01990836299955845,delete-after-eval,6.905249756528065e-05,0.0031148423440754414,0.0005125679890625179,0.001208332134410739,0.803296685218811,0.01990836299955845,8.832403545966372e-05,0.16558381915092468,5.275719377095811e-05,0.0061652883887290955,new_followup_supplement,/home/tslin/Documents/jupyter_data/anLi/machine_unlearning/orthogonal-concept-erasure/experiments/sequential_object_followup/outputs/sequential_oce_object_followup_v1
retain_always,W06,dog,a photo of the dog,167,209,images/experiment1_sequential_own_step/retain_always/W06/dog/index_167_seed_209.png,dog,dog,True,0.7866523861885071,delete-after-eval,0.00014528981409966946,0.0006022922461852431,0.0028386975172907114,0.006171708926558495,0.13637208938598633,0.7866523861885071,0.0057577695697546005,0.06032298505306244,4.6507524530170485e-05,0.001090254751034081,new_followup_supplement,/home/tslin/Documents/jupyter_data/anLi/machine_unlearning/orthogonal-concept-erasure/experiments/sequential_object_followup/outputs/sequential_oce_object_followup_v1
retain_always,W06,dog,a photo of the dog,168,210,images/experiment1_sequential_own_step/retain_always/W06/dog/index_168_seed_210.png,dog,horse,False,0.06585319340229034,delete-after-eval,0.00041953835170716047,0.01578262448310852,0.0017835880862548947,0.004298703745007515,0.008486008271574974,0.06585319340229034,3.304695928818546e-05,0.8867692351341248,0.0014609541976824403,0.015113119967281818,new_followup_supplement,/home/tslin/Documents/jupyter_data/anLi/machine_unlearning/orthogonal-concept-erasure/experiments/sequential_object_followup/outputs/sequential_oce_object_followup_v1
retain_always,W06,dog,a photo of the dog,169,211,images/experiment1_sequential_own_step/retain_always/W06/dog/index_169_seed_211.png,dog,deer,False,0.04042499512434006,delete-after-eval,0.00019762743613682687,0.0015040793223306537,0.001895829802379012,0.0018010467756539583,0.7101675271987915,0.04042499512434006,9.74251906882273e-06,0.24163247644901276,0.00017311472038272768,0.002193583408370614,new_followup_supplement,/home/tslin/Documents/jupyter_data/anLi/machine_unlearning/orthogonal-concept-erasure/experiments/sequential_object_followup/outputs/sequential_oce_object_followup_v1
retain_always,W06,dog,a photo of the dog,170,212,images/experiment1_sequential_own_step/retain_always/W06/dog/index_170_seed_212.png,dog,horse,False,0.0057105435989797115,delete-after-eval,1.2105909263482317e-05,2.2850703317089938e-05,6.177944305818528e-05,0.0001750729134073481,0.004455220885574818,0.0057105435989797115,9.575981039233739e-07,0.9895177483558655,1.509317007730715e-05,2.8677663067355752e-05,new_followup_supplement,/home/tslin/Documents/jupyter_data/anLi/machine_unlearning/orthogonal-concept-erasure/experiments/sequential_object_followup/outputs/sequential_oce_object_followup_v1
retain_always,W06,dog,a photo of the dog,171,213,images/experiment1_sequential_own_step/retain_always/W06/dog/index_171_seed_213.png,dog,deer,False,0.011984995566308498,delete-after-eval,0.0001177008671220392,0.0020495071075856686,0.0018146272050216794,0.001279702177271247,0.7842274308204651,0.011984995566308498,0.0016889942344278097,0.19570772349834442,0.00022979533241596073,0.0008995743119157851,new_followup_supplement,/home/tslin/Documents/jupyter_data/anLi/machine_unlearning/orthogonal-concept-erasure/experiments/sequential_object_followup/outputs/sequential_oce_object_followup_v1
retain_always,W06,dog,a photo of the dog,172,214,images/experiment1_sequential_own_step/retain_always/W06/dog/index_172_seed_214.png,dog,horse,False,0.009589891880750656,delete-after-eval,1.3909264453104697e-05,0.00024237504112534225,0.0001742807507980615,0.0010344487382099032,0.0092694703489542,0.009589891880750656,3.483661203063093e-05,0.9788318872451782,4.23330238845665e-05,0.0007665714947506785,new_followup_supplement,/home/tslin/Documents/jupyter_data/anLi/machine_unlearning/orthogonal-concept-erasure/experiments/sequential_object_followup/outputs/sequential_oce_object_followup_v1
retain_always,W06,dog,a photo of the dog,173,215,images/experiment1_sequential_own_step/retain_always/W06/dog/index_173_seed_215.png,dog,deer,False,0.016527697443962097,delete-after-eval,3.9776739868102595e-05,0.0010489278938621283,0.003443838329985738,0.002382139675319195,0.5501196980476379,0.016527697443962097,2.522573595342692e-05,0.4250987470149994,0.00011273262498434633,0.0012011324288323522,new_followup_supplement,/home/tslin/Documents/jupyter_data/anLi/machine_unlearning/orthogonal-concept-erasure/experiments/sequential_object_followup/outputs/sequential_oce_object_followup_v1
retain_always,W06,dog,a photo of the dog,174,216,images/experiment1_sequential_own_step/retain_always/W06/dog/index_174_seed_216.png,dog,horse,False,0.04810279980301857,delete-after-eval,9.130330727202818e-05,0.0005963201983831823,0.0010751908412203193,0.003884589532390237,0.1720706671476364,0.04810279980301857,0.00014446122804656625,0.7734636664390564,5.176748527446762e-05,0.000519245455507189,new_followup_supplement,/home/tslin/Documents/jupyter_data/anLi/machine_unlearning/orthogonal-concept-erasure/experiments/sequential_object_followup/outputs/sequential_oce_object_followup_v1
retain_always,W06,dog,a photo of the dog,175,217,images/experiment1_sequential_own_step/retain_always/W06/dog/index_175_seed_217.png,dog,horse,False,0.0932207927107811,delete-after-eval,0.002227228367701173,0.0021525199990719557,0.008456851355731487,0.009487641043961048,0.17079278826713562,0.0932207927107811,0.00027359696105122566,0.7090420126914978,0.0012868910562247038,0.003059767885133624,new_followup_supplement,/home/tslin/Documents/jupyter_data/anLi/machine_unlearning/orthogonal-concept-erasure/experiments/sequential_object_followup/outputs/sequential_oce_object_followup_v1
retain_always,W06,dog,a photo of the dog,176,218,images/experiment1_sequential_own_step/retain_always/W06/dog/index_176_seed_218.png,dog,deer,False,0.05632524937391281,delete-after-eval,1.887974030978512e-05,2.03513955057133e-05,0.0001466222747694701,0.001386557356454432,0.9295541644096375,0.05632524937391281,1.174514545709826e-05,0.012369499541819096,1.5644991435692646e-05,0.0001512762828497216,new_followup_supplement,/home/tslin/Documents/jupyter_data/anLi/machine_unlearning/orthogonal-concept-erasure/experiments/sequential_object_followup/outputs/sequential_oce_object_followup_v1
retain_always,W06,dog,a photo of the dog,177,219,images/experiment1_sequential_own_step/retain_always/W06/dog/index_177_seed_219.png,dog,horse,False,0.019410060718655586,delete-after-eval,5.777162732556462e-05,0.0005120306159369648,0.0006684866384603083,0.0014423169195652008,0.10436791181564331,0.019410060718655586,7.726315743639134e-06,0.8727724552154541,7.200870459200814e-05,0.0006891873199492693,new_followup_supplement,/home/tslin/Documents/jupyter_data/anLi/machine_unlearning/orthogonal-concept-erasure/experiments/sequential_object_followup/outputs/sequential_oce_object_followup_v1
retain_always,W06,dog,a photo of the dog,178,220,images/experiment1_sequential_own_step/retain_always/W06/dog/index_178_seed_220.png,dog,deer,False,0.009438975714147091,delete-after-eval,4.721326695289463e-05,0.00102012709248811,0.0006832043873146176,0.0013297050027176738,0.5234452486038208,0.009438975714147091,5.732354475185275e-05,0.46264421939849854,9.216339094564319e-05,0.0012417782563716173,new_followup_supplement,/home/tslin/Documents/jupyter_data/anLi/machine_unlearning/orthogonal-concept-erasure/experiments/sequential_object_followup/outputs/sequential_oce_object_followup_v1
retain_always,W06,dog,a photo of the dog,179,221,images/experiment1_sequential_own_step/retain_always/W06/dog/index_179_seed_221.png,dog,deer,False,0.0328470841050148,delete-after-eval,3.0060720746405423e-05,0.00038551955367438495,0.00029929037555120885,0.0004823228809982538,0.7549355626106262,0.0328470841050148,7.996538624865934e-05,0.20957326889038086,4.470123894861899e-05,0.001322164200246334,new_followup_supplement,/home/tslin/Documents/jupyter_data/anLi/machine_unlearning/orthogonal-concept-erasure/experiments/sequential_object_followup/outputs/sequential_oce_object_followup_v1
retain_always,W06,dog,a photo of the dog,180,222,images/experiment1_sequential_own_step/retain_always/W06/dog/index_180_seed_222.png,dog,deer,False,0.014001607894897461,delete-after-eval,4.315834758017445e-06,3.437205305090174e-05,0.00013903051149100065,0.00013000362378079444,0.9825625419616699,0.014001607894897461,1.3731661056226585e-05,0.003039157949388027,3.288139623691677e-06,7.195754733402282e-05,new_followup_supplement,/home/tslin/Documents/jupyter_data/anLi/machine_unlearning/orthogonal-concept-erasure/experiments/sequential_object_followup/outputs/sequential_oce_object_followup_v1
retain_always,W06,dog,a photo of the dog,181,223,images/experiment1_sequential_own_step/retain_always/W06/dog/index_181_seed_223.png,dog,horse,False,0.0225375983864069,delete-after-eval,0.001107427291572094,0.003393569029867649,0.003447239985689521,0.001517802127636969,0.036894310265779495,0.0225375983864069,4.275198807590641e-05,0.9223278760910034,0.0008310558623634279,0.007900464348495007,new_followup_supplement,/home/tslin/Documents/jupyter_data/anLi/machine_unlearning/orthogonal-concept-erasure/experiments/sequential_object_followup/outputs/sequential_oce_object_followup_v1
retain_always,W06,dog,a photo of the dog,182,224,images/experiment1_sequential_own_step/retain_always/W06/dog/index_182_seed_224.png,dog,horse,False,0.063299261033535,delete-after-eval,0.0022162047680467367,0.0042318738996982574,0.014955124817788601,0.00819945428520441,0.07771669328212738,0.063299261033535,0.003216996556147933,0.823854386806488,0.0005387308774515986,0.001771282171830535,new_followup_supplement,/home/tslin/Documents/jupyter_data/anLi/machine_unlearning/orthogonal-concept-erasure/experiments/sequential_object_followup/outputs/sequential_oce_object_followup_v1
retain_always,W06,dog,a photo of the dog,183,225,images/experiment1_sequential_own_step/retain_always/W06/dog/index_183_seed_225.png,dog,horse,False,0.30254265666007996,delete-after-eval,0.0002794511092361063,0.00043579540215432644,0.0010778491850942373,0.00636691739782691,0.24255934357643127,0.30254265666007996,0.00037726963637396693,0.44418543577194214,6.459421274485067e-05,0.0021106363274157047,new_followup_supplement,/home/tslin/Documents/jupyter_data/anLi/machine_unlearning/orthogonal-concept-erasure/experiments/sequential_object_followup/outputs/sequential_oce_object_followup_v1
retain_always,W06,dog,a photo of the dog,184,226,images/experiment1_sequential_own_step/retain_always/W06/dog/index_184_seed_226.png,dog,horse,False,0.06182381138205528,delete-after-eval,0.00011715868458850309,0.010145284235477448,0.000597725564148277,0.003130979835987091,0.049185339361429214,0.06182381138205528,3.5119624953949824e-05,0.8694961071014404,6.633817247347906e-05,0.0054021249525249004,new_followup_supplement,/home/tslin/Documents/jupyter_data/anLi/machine_unlearning/orthogonal-concept-erasure/experiments/sequential_object_followup/outputs/sequential_oce_object_followup_v1
retain_always,W06,dog,a photo of the dog,185,227,images/experiment1_sequential_own_step/retain_always/W06/dog/index_185_seed_227.png,dog,horse,False,0.020090751349925995,delete-after-eval,0.00023817733745090663,0.0012114598648622632,0.001246592029929161,0.0014765521045774221,0.31130775809288025,0.020090751349925995,2.6761519620777108e-05,0.6623187065124512,0.0001870798587333411,0.0018962089670822024,new_followup_supplement,/home/tslin/Documents/jupyter_data/anLi/machine_unlearning/orthogonal-concept-erasure/experiments/sequential_object_followup/outputs/sequential_oce_object_followup_v1
retain_always,W06,dog,a photo of the dog,186,228,images/experiment1_sequential_own_step/retain_always/W06/dog/index_186_seed_228.png,dog,horse,False,0.08245924860239029,delete-after-eval,6.153620779514313e-05,0.0007676267414353788,0.0001493417948950082,0.0020854203030467033,0.09728627651929855,0.08245924860239029,4.265278039383702e-05,0.8164548277854919,9.583669452695176e-05,0.0005971604841761291,new_followup_supplement,/home/tslin/Documents/jupyter_data/anLi/machine_unlearning/orthogonal-concept-erasure/experiments/sequential_object_followup/outputs/sequential_oce_object_followup_v1
retain_always,W06,dog,a photo of the dog,187,229,images/experiment1_sequential_own_step/retain_always/W06/dog/index_187_seed_229.png,dog,horse,False,0.0029663369059562683,delete-after-eval,6.4204350564978085e-06,5.989690907881595e-05,0.00018698311760090292,0.0001308598293690011,0.0007231526542454958,0.0029663369059562683,4.0666859604243655e-06,0.9957969188690186,1.1209329386474565e-05,0.00011416844790801406,new_followup_supplement,/home/tslin/Documents/jupyter_data/anLi/machine_unlearning/orthogonal-concept-erasure/experiments/sequential_object_followup/outputs/sequential_oce_object_followup_v1
retain_always,W06,dog,a photo of the dog,188,230,images/experiment1_sequential_own_step/retain_always/W06/dog/index_188_seed_230.png,dog,horse,False,0.009888550266623497,delete-after-eval,2.3988261091290042e-05,0.0005126988980919123,0.0009593580034561455,0.0012072838144376874,0.02861843630671501,0.009888550266623497,6.960652171983384e-06,0.958465039730072,3.7023019103799015e-05,0.0002805754484143108,new_followup_supplement,/home/tslin/Documents/jupyter_data/anLi/machine_unlearning/orthogonal-concept-erasure/experiments/sequential_object_followup/outputs/sequential_oce_object_followup_v1
retain_always,W06,dog,a photo of the dog,189,231,images/experiment1_sequential_own_step/retain_always/W06/dog/index_189_seed_231.png,dog,deer,False,0.01383902132511139,delete-after-eval,0.00014447355351876467,0.0003863674064632505,0.010184907354414463,0.0007018650649115443,0.4898544251918793,0.01383902132511139,1.7793470760807395e-05,0.483259916305542,0.00010381873289588839,0.0015073741087689996,new_followup_supplement,/home/tslin/Documents/jupyter_data/anLi/machine_unlearning/orthogonal-concept-erasure/experiments/sequential_object_followup/outputs/sequential_oce_object_followup_v1
retain_always,W06,dog,a photo of the dog,190,232,images/experiment1_sequential_own_step/retain_always/W06/dog/index_190_seed_232.png,dog,horse,False,0.002257830463349819,delete-after-eval,2.3493241315009072e-05,0.0003720430249813944,5.9989572037011385e-05,0.00021609794930554926,0.004578400403261185,0.002257830463349819,4.857552085013594e-07,0.99196857213974,1.4792235560889821e-05,0.0005082509596832097,new_followup_supplement,/home/tslin/Documents/jupyter_data/anLi/machine_unlearning/orthogonal-concept-erasure/experiments/sequential_object_followup/outputs/sequential_oce_object_followup_v1
retain_always,W06,dog,a photo of the dog,191,233,images/experiment1_sequential_own_step/retain_always/W06/dog/index_191_seed_233.png,dog,horse,False,0.01204846240580082,delete-after-eval,3.9614584238734096e-05,0.0004208307364024222,0.0002852663747034967,0.0004816379805561155,0.029778113588690758,0.01204846240580082,1.3892295100959018e-05,0.956348717212677,5.186285125091672e-05,0.0005315904272720218,new_followup_supplement,/home/tslin/Documents/jupyter_data/anLi/machine_unlearning/orthogonal-concept-erasure/experiments/sequential_object_followup/outputs/sequential_oce_object_followup_v1
retain_always,W06,dog,a photo of the dog,192,234,images/experiment1_sequential_own_step/retain_always/W06/dog/index_192_seed_234.png,dog,horse,False,0.0047013526782393456,delete-after-eval,2.9240594813018106e-05,0.0003574068541638553,0.0008036334766075015,0.0006767659215256572,0.001827696803957224,0.0047013526782393456,1.831253257478238e-06,0.9912080764770508,6.832244980614632e-05,0.0003257760254200548,new_followup_supplement,/home/tslin/Documents/jupyter_data/anLi/machine_unlearning/orthogonal-concept-erasure/experiments/sequential_object_followup/outputs/sequential_oce_object_followup_v1
retain_always,W06,dog,a photo of the dog,193,235,images/experiment1_sequential_own_step/retain_always/W06/dog/index_193_seed_235.png,dog,horse,False,0.008934756740927696,delete-after-eval,3.6051133065484464e-05,0.0030815093778073788,0.0010673223296180367,0.0010149129666388035,0.46955469250679016,0.008934756740927696,2.568574473116314e-06,0.5148940682411194,2.9646031180163845e-05,0.0013844037894159555,new_followup_supplement,/home/tslin/Documents/jupyter_data/anLi/machine_unlearning/orthogonal-concept-erasure/experiments/sequential_object_followup/outputs/sequential_oce_object_followup_v1
retain_always,W06,dog,a photo of the dog,194,236,images/experiment1_sequential_own_step/retain_always/W06/dog/index_194_seed_236.png,dog,horse,False,0.04287968948483467,delete-after-eval,0.001225917600095272,0.0023071698378771544,0.005605131853371859,0.007617128547281027,0.4525269567966461,0.04287968948483467,0.00025354904937557876,0.4807422459125519,0.0005410702433437109,0.006301225628703833,new_followup_supplement,/home/tslin/Documents/jupyter_data/anLi/machine_unlearning/orthogonal-concept-erasure/experiments/sequential_object_followup/outputs/sequential_oce_object_followup_v1
retain_always,W06,dog,a photo of the dog,195,237,images/experiment1_sequential_own_step/retain_always/W06/dog/index_195_seed_237.png,dog,dog,True,0.861413836479187,delete-after-eval,5.840435187565163e-05,0.0005953733343631029,0.0007651952328160405,0.008525666780769825,0.11027337610721588,0.861413836479187,0.009500951506197453,0.0077994996681809425,3.7474655982805416e-05,0.0010301502188667655,new_followup_supplement,/home/tslin/Documents/jupyter_data/anLi/machine_unlearning/orthogonal-concept-erasure/experiments/sequential_object_followup/outputs/sequential_oce_object_followup_v1
retain_always,W06,dog,a photo of the dog,196,238,images/experiment1_sequential_own_step/retain_always/W06/dog/index_196_seed_238.png,dog,horse,False,0.03195881098508835,delete-after-eval,3.5683053283719346e-05,0.0005470446776598692,0.0008338190382346511,0.0033692950382828712,0.24189536273479462,0.03195881098508835,2.1831467165611684e-05,0.7201606631278992,0.00015786678704898804,0.001019632676616311,new_followup_supplement,/home/tslin/Documents/jupyter_data/anLi/machine_unlearning/orthogonal-concept-erasure/experiments/sequential_object_followup/outputs/sequential_oce_object_followup_v1
retain_always,W06,dog,a photo of the dog,197,239,images/experiment1_sequential_own_step/retain_always/W06/dog/index_197_seed_239.png,dog,horse,False,0.01001922320574522,delete-after-eval,0.0003931305545847863,0.004366751294583082,0.0009009375353343785,0.0009197589242830873,0.012761364690959454,0.01001922320574522,1.0280613423674367e-05,0.9689086675643921,0.0003617304319050163,0.0013581416569650173,new_followup_supplement,/home/tslin/Documents/jupyter_data/anLi/machine_unlearning/orthogonal-concept-erasure/experiments/sequential_object_followup/outputs/sequential_oce_object_followup_v1
retain_always,W06,dog,a photo of the dog,198,240,images/experiment1_sequential_own_step/retain_always/W06/dog/index_198_seed_240.png,dog,horse,False,0.17709623277187347,delete-after-eval,0.0004410127585288137,0.007306497544050217,0.0013684137957170606,0.012526417151093483,0.013626116327941418,0.17709623277187347,0.00019566051196306944,0.7802488207817078,0.0007215807563625276,0.00646921107545495,new_followup_supplement,/home/tslin/Documents/jupyter_data/anLi/machine_unlearning/orthogonal-concept-erasure/experiments/sequential_object_followup/outputs/sequential_oce_object_followup_v1
retain_always,W06,dog,a photo of the dog,199,241,images/experiment1_sequential_own_step/retain_always/W06/dog/index_199_seed_241.png,dog,dog,True,0.40756362676620483,delete-after-eval,0.004414506256580353,0.009040874429047108,0.0015633620787411928,0.01928464137017727,0.14337369799613953,0.40756362676620483,0.001860849210061133,0.4005628526210785,0.0010086242109537125,0.011326956562697887,new_followup_supplement,/home/tslin/Documents/jupyter_data/anLi/machine_unlearning/orthogonal-concept-erasure/experiments/sequential_object_followup/outputs/sequential_oce_object_followup_v1
