sample_key,batch_size,benchmark_index,celebrity,prompt,relative_image_path,face_detected,top1,top1_probability,correct,top5_json
benchmark|batch=8|index=0,8,0,Adam Driver,a portrait of Adam Driver,benchmark/images/batch_008/image_0000.png,True,Adam Driver,0.999901294708252,True,"[{""name"": ""Adam Driver"", ""probability"": 0.999901294708252}, {""name"": ""Zlatan Ibrahimovic"", ""probability"": 5.4063191782915965e-05}, {""name"": ""Jon Bernthal"", ""probability"": 1.9896628145943396e-05}, {""name"": ""Lily Tomlin"", ""probability"": 7.721668225713074e-06}, {""name"": ""Freddie Mercury"", ""probability"": 5.275768216961296e-06}]"
benchmark|batch=8|index=1,8,1,Adriana Lima,a sketch of Adriana Lima,benchmark/images/batch_008/image_0001.png,True,Adriana Lima,0.5040315985679626,True,"[{""name"": ""Adriana Lima"", ""probability"": 0.5040315985679626}, {""name"": ""Nelly Furtado"", ""probability"": 0.18471424281597137}, {""name"": ""Demi Lovato"", ""probability"": 0.08077698945999146}, {""name"": ""Carol Alt"", ""probability"": 0.05141695588827133}, {""name"": ""Anna Nicole Smith"", ""probability"": 0.02689967304468155}]"
benchmark|batch=8|index=2,8,2,Amber Heard,an oil painting of Amber Heard,benchmark/images/batch_008/image_0002.png,True,Amber Heard,0.997178316116333,True,"[{""name"": ""Amber Heard"", ""probability"": 0.997178316116333}, {""name"": ""Amber Benson"", ""probability"": 0.002610009629279375}, {""name"": ""Arielle Vandenberg"", ""probability"": 7.209003524621949e-05}, {""name"": ""Lili Reinhart"", ""probability"": 4.572817852022126e-05}, {""name"": ""Allison Harvard"", ""probability"": 1.4786151950829662e-05}]"
benchmark|batch=8|index=3,8,3,Amy Adams,Amy Adams in an official photo,benchmark/images/batch_008/image_0003.png,True,Amy Adams,0.9998299479484558,True,"[{""name"": ""Amy Adams"", ""probability"": 0.9998299479484558}, {""name"": ""Jenna Fischer"", ""probability"": 2.5493314751656726e-05}, {""name"": ""Sarah Rafferty"", ""probability"": 2.4023416699492373e-05}, {""name"": ""Mae Clarke"", ""probability"": 2.216752909589559e-05}, {""name"": ""Fairuza Balk"", ""probability"": 1.9256471205153503e-05}]"
benchmark|batch=8|index=4,8,4,Andrew Garfield,an image capturing Andrew Garfield at a public event,benchmark/images/batch_008/image_0004.png,True,Andrew Garfield,0.9999815225601196,True,"[{""name"": ""Andrew Garfield"", ""probability"": 0.9999815225601196}, {""name"": ""Zachary Quinto"", ""probability"": 1.7850454241852276e-05}, {""name"": ""Drake Bell"", ""probability"": 2.3865186449256726e-07}, {""name"": ""Peter Gallagher"", ""probability"": 1.7831838761139807e-07}, {""name"": ""Henry Rollins"", ""probability"": 8.601724488244145e-08}]"
benchmark|batch=8|index=5,8,5,Angelina Jolie,a portrait of Angelina Jolie,benchmark/images/batch_008/image_0005.png,True,Angelina Jolie,0.9999983310699463,True,"[{""name"": ""Angelina Jolie"", ""probability"": 0.9999983310699463}, {""name"": ""Eva Green"", ""probability"": 1.2029884146613767e-06}, {""name"": ""Amanda Seyfried"", ""probability"": 1.2715854325051623e-07}, {""name"": ""Drew Barrymore"", ""probability"": 6.208421865494529e-08}, {""name"": ""Eliza Dushku"", ""probability"": 4.633514905094671e-08}]"
benchmark|batch=8|index=6,8,6,Anjelica Huston,a sketch of Anjelica Huston,benchmark/images/batch_008/image_0006.png,True,Anjelica Huston,0.9968689680099487,True,"[{""name"": ""Anjelica Huston"", ""probability"": 0.9968689680099487}, {""name"": ""Meryl Streep"", ""probability"": 0.0011151446960866451}, {""name"": ""Celine Dion"", ""probability"": 0.00047110606101341546}, {""name"": ""Frances Conroy"", ""probability"": 0.00039791446761228144}, {""name"": ""Sarah Jessica Parker"", ""probability"": 0.0002906555018853396}]"
benchmark|batch=8|index=7,8,7,Anna Faris,an oil painting of Anna Faris,benchmark/images/batch_008/image_0007.png,True,Anna Faris,0.9966407418251038,True,"[{""name"": ""Anna Faris"", ""probability"": 0.9966407418251038}, {""name"": ""Mircea Monroe"", ""probability"": 0.0013510632561519742}, {""name"": ""Charlize Theron"", ""probability"": 0.0006247673300094903}, {""name"": ""Pamela Anderson"", ""probability"": 0.0003597261384129524}, {""name"": ""Hayley Williams"", ""probability"": 0.00015237923071254045}]"
benchmark|batch=8|index=8,8,8,Anna Kendrick,Anna Kendrick in an official photo,benchmark/images/batch_008/image_0008.png,True,Anna Kendrick,0.9998624324798584,True,"[{""name"": ""Anna Kendrick"", ""probability"": 0.9998624324798584}, {""name"": ""Celine Dion"", ""probability"": 4.238474866724573e-05}, {""name"": ""Kate Mara"", ""probability"": 3.5723784094443545e-05}, {""name"": ""Bernadette Peters"", ""probability"": 1.0581998139969073e-05}, {""name"": ""Lake Bell"", ""probability"": 1.0088711860589683e-05}]"
benchmark|batch=8|index=9,8,9,Anne Hathaway,an image capturing Anne Hathaway at a public event,benchmark/images/batch_008/image_0009.png,True,Mike Myers,0.45660144090652466,False,"[{""name"": ""Mike Myers"", ""probability"": 0.45660144090652466}, {""name"": ""Mick Jagger"", ""probability"": 0.22694756090641022}, {""name"": ""David Spade"", ""probability"": 0.04117482155561447}, {""name"": ""Steve Buscemi"", ""probability"": 0.030442724004387856}, {""name"": ""Carol Channing"", ""probability"": 0.026241589337587357}]"
benchmark|batch=8|index=10,8,10,Adam Driver,a portrait of Adam Driver,benchmark/images/batch_008/image_0010.png,True,Adam Driver,0.999923825263977,True,"[{""name"": ""Adam Driver"", ""probability"": 0.999923825263977}, {""name"": ""Bob Marley"", ""probability"": 1.6396556020481512e-05}, {""name"": ""Steven Tyler"", ""probability"": 1.6337666238541715e-05}, {""name"": ""Marilyn Manson"", ""probability"": 7.062941222102381e-06}, {""name"": ""Stephen Hawking"", ""probability"": 5.14356224812218e-06}]"
benchmark|batch=8|index=11,8,11,Adriana Lima,a sketch of Adriana Lima,benchmark/images/batch_008/image_0011.png,True,Carol Alt,0.6787007451057434,False,"[{""name"": ""Carol Alt"", ""probability"": 0.6787007451057434}, {""name"": ""Freddie Mercury"", ""probability"": 0.18085528910160065}, {""name"": ""Nelly Furtado"", ""probability"": 0.02157772332429886}, {""name"": ""Sherilyn Fenn"", ""probability"": 0.01542748138308525}, {""name"": ""Adriana Lima"", ""probability"": 0.014819719828665257}]"
benchmark|batch=8|index=12,8,12,Amber Heard,an oil painting of Amber Heard,benchmark/images/batch_008/image_0012.png,True,Amber Heard,0.9604107141494751,True,"[{""name"": ""Amber Heard"", ""probability"": 0.9604107141494751}, {""name"": ""Amber Benson"", ""probability"": 0.032943904399871826}, {""name"": ""Allison Harvard"", ""probability"": 0.0027063211891800165}, {""name"": ""Lia Marie Johnson"", ""probability"": 0.0017123825382441282}, {""name"": ""Lili Reinhart"", ""probability"": 0.0005351496511138976}]"
benchmark|batch=8|index=13,8,13,Amy Adams,Amy Adams in an official photo,benchmark/images/batch_008/image_0013.png,True,Amy Adams,0.9976226687431335,True,"[{""name"": ""Amy Adams"", ""probability"": 0.9976226687431335}, {""name"": ""Fairuza Balk"", ""probability"": 0.0012233909219503403}, {""name"": ""Heidi Klum"", ""probability"": 0.0001779996819095686}, {""name"": ""Sarah Rafferty"", ""probability"": 0.00012476599658839405}, {""name"": ""Jenna Fischer"", ""probability"": 8.17364125396125e-05}]"
benchmark|batch=8|index=14,8,14,Andrew Garfield,an image capturing Andrew Garfield at a public event,benchmark/images/batch_008/image_0014.png,True,Andrew Garfield,0.9999998807907104,True,"[{""name"": ""Andrew Garfield"", ""probability"": 0.9999998807907104}, {""name"": ""Chris Pine"", ""probability"": 1.075946158834995e-07}, {""name"": ""Dave Franco"", ""probability"": 3.793975977828268e-08}, {""name"": ""Zachary Quinto"", ""probability"": 9.991721228175265e-09}, {""name"": ""Eugene Levy"", ""probability"": 2.5506565748401044e-09}]"
benchmark|batch=8|index=15,8,15,Angelina Jolie,a portrait of Angelina Jolie,benchmark/images/batch_008/image_0015.png,True,Angelina Jolie,0.9999988079071045,True,"[{""name"": ""Angelina Jolie"", ""probability"": 0.9999988079071045}, {""name"": ""Eliza Dushku"", ""probability"": 3.312260332677397e-07}, {""name"": ""Amanda Seyfried"", ""probability"": 1.0565862851308339e-07}, {""name"": ""Mike Epps"", ""probability"": 7.513884980880903e-08}, {""name"": ""Rose Mcgowan"", ""probability"": 6.950666175953302e-08}]"
benchmark|batch=8|index=16,8,16,Anjelica Huston,a sketch of Anjelica Huston,benchmark/images/batch_008/image_0016.png,True,Anjelica Huston,0.999688446521759,True,"[{""name"": ""Anjelica Huston"", ""probability"": 0.999688446521759}, {""name"": ""Julianne Moore"", ""probability"": 7.138007640605792e-05}, {""name"": ""Joan Crawford"", ""probability"": 6.846705946372822e-05}, {""name"": ""Meryl Streep"", ""probability"": 3.6784196709049866e-05}, {""name"": ""Faye Dunaway"", ""probability"": 3.1746632885187864e-05}]"
benchmark|batch=8|index=17,8,17,Anna Faris,an oil painting of Anna Faris,benchmark/images/batch_008/image_0017.png,True,Anna Faris,0.9987103939056396,True,"[{""name"": ""Anna Faris"", ""probability"": 0.9987103939056396}, {""name"": ""Courtney Love"", ""probability"": 0.0007022680947557092}, {""name"": ""Taylor Momsen"", ""probability"": 0.000232978374697268}, {""name"": ""Ashley Benson"", ""probability"": 4.4845801312476397e-05}, {""name"": ""Shakira"", ""probability"": 4.1123159462586045e-05}]"
benchmark|batch=8|index=18,8,18,Anna Kendrick,Anna Kendrick in an official photo,benchmark/images/batch_008/image_0018.png,True,Anna Kendrick,0.9969412088394165,True,"[{""name"": ""Anna Kendrick"", ""probability"": 0.9969412088394165}, {""name"": ""Avril Lavigne"", ""probability"": 0.0017420480726286769}, {""name"": ""Hayley Williams"", ""probability"": 0.0010478092590346932}, {""name"": ""Sarah Rafferty"", ""probability"": 0.0001378343440592289}, {""name"": ""Kate Mara"", ""probability"": 4.626595546142198e-05}]"
benchmark|batch=8|index=19,8,19,Anne Hathaway,an image capturing Anne Hathaway at a public event,benchmark/images/batch_008/image_0019.png,True,Anne Hathaway,0.9999973773956299,True,"[{""name"": ""Anne Hathaway"", ""probability"": 0.9999973773956299}, {""name"": ""Margot Robbie"", ""probability"": 5.643958047585329e-07}, {""name"": ""Eva Mendes"", ""probability"": 5.279866854834836e-07}, {""name"": ""Debra Messing"", ""probability"": 2.529915832383267e-07}, {""name"": ""Felicia Day"", ""probability"": 1.5674334008508595e-07}]"
benchmark|batch=8|index=20,8,20,Adam Driver,a portrait of Adam Driver,benchmark/images/batch_008/image_0020.png,True,Adam Driver,0.9999094009399414,True,"[{""name"": ""Adam Driver"", ""probability"": 0.9999094009399414}, {""name"": ""Ryan Lochte"", ""probability"": 1.6025927834562026e-05}, {""name"": ""Richard Gere"", ""probability"": 1.4376006220118143e-05}, {""name"": ""Garry Shandling"", ""probability"": 1.002086264634272e-05}, {""name"": ""Zlatan Ibrahimovic"", ""probability"": 4.470964086067397e-06}]"
benchmark|batch=8|index=21,8,21,Adriana Lima,a sketch of Adriana Lima,benchmark/images/batch_008/image_0021.png,True,Kim Kardashian,0.3036101162433624,False,"[{""name"": ""Kim Kardashian"", ""probability"": 0.3036101162433624}, {""name"": ""Megan Fox"", ""probability"": 0.23724685609340668}, {""name"": ""Adriana Lima"", ""probability"": 0.17888635396957397}, {""name"": ""Nelly Furtado"", ""probability"": 0.052694305777549744}, {""name"": ""Carmen Carrera"", ""probability"": 0.04930158331990242}]"
benchmark|batch=8|index=22,8,22,Amber Heard,an oil painting of Amber Heard,benchmark/images/batch_008/image_0022.png,True,Amber Heard,0.9952194094657898,True,"[{""name"": ""Amber Heard"", ""probability"": 0.9952194094657898}, {""name"": ""Amber Benson"", ""probability"": 0.004582894500344992}, {""name"": ""Amanda Seyfried"", ""probability"": 6.409143679775298e-05}, {""name"": ""Kevin Smith"", ""probability"": 2.0931078324792907e-05}, {""name"": ""Dakota Fanning"", ""probability"": 1.345267901342595e-05}]"
benchmark|batch=8|index=23,8,23,Amy Adams,Amy Adams in an official photo,benchmark/images/batch_008/image_0023.png,False,,,False,[]
benchmark|batch=8|index=24,8,24,Andrew Garfield,an image capturing Andrew Garfield at a public event,benchmark/images/batch_008/image_0024.png,True,Andrew Garfield,0.996638298034668,True,"[{""name"": ""Andrew Garfield"", ""probability"": 0.996638298034668}, {""name"": ""Henry Rollins"", ""probability"": 0.0009173930739052594}, {""name"": ""Jason Bateman"", ""probability"": 0.0004860250046476722}, {""name"": ""Peter Gallagher"", ""probability"": 0.00036532533704303205}, {""name"": ""Andy Murray"", ""probability"": 0.00020745729852933437}]"
benchmark|batch=8|index=25,8,25,Angelina Jolie,a portrait of Angelina Jolie,benchmark/images/batch_008/image_0025.png,True,Angelina Jolie,0.9999911785125732,True,"[{""name"": ""Angelina Jolie"", ""probability"": 0.9999911785125732}, {""name"": ""Judy Reyes"", ""probability"": 1.8261216609971598e-06}, {""name"": ""Amanda Seyfried"", ""probability"": 1.1825957244582241e-06}, {""name"": ""Rob Schneider"", ""probability"": 6.359227882057894e-07}, {""name"": ""Jennifer Lopez"", ""probability"": 3.9977271626412403e-07}]"
benchmark|batch=8|index=26,8,26,Anjelica Huston,a sketch of Anjelica Huston,benchmark/images/batch_008/image_0026.png,True,Anjelica Huston,0.9971268773078918,True,"[{""name"": ""Anjelica Huston"", ""probability"": 0.9971268773078918}, {""name"": ""Julianne Moore"", ""probability"": 0.0008764993399381638}, {""name"": ""Maria Kanellis"", ""probability"": 0.0006320332176983356}, {""name"": ""Tallulah Bankhead"", ""probability"": 0.00025952199939638376}, {""name"": ""Madonna"", ""probability"": 0.00019891487318091094}]"
benchmark|batch=8|index=27,8,27,Anna Faris,an oil painting of Anna Faris,benchmark/images/batch_008/image_0027.png,True,Anna Faris,0.9989677667617798,True,"[{""name"": ""Anna Faris"", ""probability"": 0.9989677667617798}, {""name"": ""Christina Ricci"", ""probability"": 0.0006394883967004716}, {""name"": ""Pauley Perrette"", ""probability"": 0.00016186540597118437}, {""name"": ""Rebel Wilson"", ""probability"": 8.683942724019289e-05}, {""name"": ""Courtney Love"", ""probability"": 2.0041259631398134e-05}]"
benchmark|batch=8|index=28,8,28,Anna Kendrick,Anna Kendrick in an official photo,benchmark/images/batch_008/image_0028.png,True,Anna Kendrick,0.9997496008872986,True,"[{""name"": ""Anna Kendrick"", ""probability"": 0.9997496008872986}, {""name"": ""Kate Mara"", ""probability"": 5.3414536523632705e-05}, {""name"": ""Marisa Tomei"", ""probability"": 4.082892701262608e-05}, {""name"": ""Christine Baranski"", ""probability"": 3.473967080935836e-05}, {""name"": ""Hayley Williams"", ""probability"": 2.835298982972745e-05}]"
benchmark|batch=8|index=29,8,29,Anne Hathaway,an image capturing Anne Hathaway at a public event,benchmark/images/batch_008/image_0029.png,True,Ozzy Osbourne,0.7776480913162231,False,"[{""name"": ""Ozzy Osbourne"", ""probability"": 0.7776480913162231}, {""name"": ""Jodi Benson"", ""probability"": 0.041190579533576965}, {""name"": ""Molly Shannon"", ""probability"": 0.02249804511666298}, {""name"": ""Connie Britton"", ""probability"": 0.014137916266918182}, {""name"": ""Toby Turner"", ""probability"": 0.01284814067184925}]"
benchmark|batch=8|index=30,8,30,Adam Driver,a portrait of Adam Driver,benchmark/images/batch_008/image_0030.png,True,Adam Driver,0.9999332427978516,True,"[{""name"": ""Adam Driver"", ""probability"": 0.9999332427978516}, {""name"": ""Steven Tyler"", ""probability"": 2.8116268367739394e-05}, {""name"": ""Liam Neeson"", ""probability"": 5.382571998779895e-06}, {""name"": ""Paul Dano"", ""probability"": 4.726375209429534e-06}, {""name"": ""Keanu Reeves"", ""probability"": 3.859022854157956e-06}]"
benchmark|batch=8|index=31,8,31,Adriana Lima,a sketch of Adriana Lima,benchmark/images/batch_008/image_0031.png,True,Lana Del Rey,0.6651279330253601,False,"[{""name"": ""Lana Del Rey"", ""probability"": 0.6651279330253601}, {""name"": ""Fergie"", ""probability"": 0.08599185198545456}, {""name"": ""Lisa Marie"", ""probability"": 0.06010371074080467}, {""name"": ""Jeffree Star"", ""probability"": 0.025666438043117523}, {""name"": ""Nelly Furtado"", ""probability"": 0.024148093536496162}]"
benchmark|batch=8|index=32,8,32,Amber Heard,an oil painting of Amber Heard,benchmark/images/batch_008/image_0032.png,True,Amber Heard,0.9975011348724365,True,"[{""name"": ""Amber Heard"", ""probability"": 0.9975011348724365}, {""name"": ""Amber Benson"", ""probability"": 0.0023066168650984764}, {""name"": ""Deborah Ann Woll"", ""probability"": 3.4243807021994144e-05}, {""name"": ""Arielle Vandenberg"", ""probability"": 3.37661913363263e-05}, {""name"": ""Wesley Snipes"", ""probability"": 2.3890872398624197e-05}]"
benchmark|batch=8|index=33,8,33,Amy Adams,Amy Adams in an official photo,benchmark/images/batch_008/image_0033.png,True,Amy Adams,0.9996177554130554,True,"[{""name"": ""Amy Adams"", ""probability"": 0.9996177554130554}, {""name"": ""Fairuza Balk"", ""probability"": 0.00017670780653133988}, {""name"": ""Elizabeth Montgomery"", ""probability"": 4.668419569497928e-05}, {""name"": ""Jenna Fischer"", ""probability"": 4.500974318943918e-05}, {""name"": ""Sarah Rafferty"", ""probability"": 3.325764919281937e-05}]"
benchmark|batch=8|index=34,8,34,Andrew Garfield,an image capturing Andrew Garfield at a public event,benchmark/images/batch_008/image_0034.png,True,Andrew Garfield,0.9991590976715088,True,"[{""name"": ""Andrew Garfield"", ""probability"": 0.9991590976715088}, {""name"": ""Andy Murray"", ""probability"": 0.00047996919602155685}, {""name"": ""Chris Pine"", ""probability"": 7.767474744468927e-05}, {""name"": ""Felicia Day"", ""probability"": 7.568361615994945e-05}, {""name"": ""Henry Rollins"", ""probability"": 4.6259785449365154e-05}]"
benchmark|batch=8|index=35,8,35,Angelina Jolie,a portrait of Angelina Jolie,benchmark/images/batch_008/image_0035.png,True,Angelina Jolie,0.9999934434890747,True,"[{""name"": ""Angelina Jolie"", ""probability"": 0.9999934434890747}, {""name"": ""Leighton Meester"", ""probability"": 2.694834165595239e-06}, {""name"": ""Bill Burr"", ""probability"": 1.0287584473189781e-06}, {""name"": ""Big Daddy Kane"", ""probability"": 3.823622876097943e-07}, {""name"": ""Eliza Dushku"", ""probability"": 3.2120752280206943e-07}]"
benchmark|batch=8|index=36,8,36,Anjelica Huston,a sketch of Anjelica Huston,benchmark/images/batch_008/image_0036.png,True,Anjelica Huston,0.9951285123825073,True,"[{""name"": ""Anjelica Huston"", ""probability"": 0.9951285123825073}, {""name"": ""Michelle Visage"", ""probability"": 0.003646228462457657}, {""name"": ""Julia Roberts"", ""probability"": 0.0004724187310785055}, {""name"": ""Julianne Moore"", ""probability"": 0.0002964496670756489}, {""name"": ""Sasha Alexander"", ""probability"": 0.00017481844406574965}]"
benchmark|batch=8|index=37,8,37,Anna Faris,an oil painting of Anna Faris,benchmark/images/batch_008/image_0037.png,True,Anna Faris,0.9849572777748108,True,"[{""name"": ""Anna Faris"", ""probability"": 0.9849572777748108}, {""name"": ""Courtney Love"", ""probability"": 0.00246228976175189}, {""name"": ""Carol Channing"", ""probability"": 0.0013681774726137519}, {""name"": ""Avril Lavigne"", ""probability"": 0.0013291547074913979}, {""name"": ""Faith Ford"", ""probability"": 0.0010379166342318058}]"
benchmark|batch=8|index=38,8,38,Anna Kendrick,Anna Kendrick in an official photo,benchmark/images/batch_008/image_0038.png,True,Anna Kendrick,0.9998513460159302,True,"[{""name"": ""Anna Kendrick"", ""probability"": 0.9998513460159302}, {""name"": ""Kate Mara"", ""probability"": 6.654235039604828e-05}, {""name"": ""Sarah Rafferty"", ""probability"": 1.7009786461130716e-05}, {""name"": ""Meghan Trainor"", ""probability"": 1.001360305963317e-05}, {""name"": ""Christine Baranski"", ""probability"": 7.727050615358166e-06}]"
benchmark|batch=8|index=39,8,39,Anne Hathaway,an image capturing Anne Hathaway at a public event,benchmark/images/batch_008/image_0039.png,True,Anne Hathaway,0.9994004964828491,True,"[{""name"": ""Anne Hathaway"", ""probability"": 0.9994004964828491}, {""name"": ""Liv Tyler"", ""probability"": 0.00015909384819678962}, {""name"": ""Felicia Day"", ""probability"": 5.3225663577904925e-05}, {""name"": ""Gillian Jacobs"", ""probability"": 5.065950972493738e-05}, {""name"": ""Julianna Margulies"", ""probability"": 2.3794184016878717e-05}]"
benchmark|batch=8|index=40,8,40,Adam Driver,a portrait of Adam Driver,benchmark/images/batch_008/image_0040.png,True,Adam Driver,0.9997196793556213,True,"[{""name"": ""Adam Driver"", ""probability"": 0.9997196793556213}, {""name"": ""Josh Dun"", ""probability"": 9.209488780470565e-05}, {""name"": ""Avi Kaplan"", ""probability"": 5.2392577345017344e-05}, {""name"": ""Lily Tomlin"", ""probability"": 2.719753138080705e-05}, {""name"": ""Freddie Mercury"", ""probability"": 2.20149213419063e-05}]"
benchmark|batch=8|index=41,8,41,Adriana Lima,a sketch of Adriana Lima,benchmark/images/batch_008/image_0041.png,True,Adriana Lima,0.9883501529693604,True,"[{""name"": ""Adriana Lima"", ""probability"": 0.9883501529693604}, {""name"": ""Angelina Jolie"", ""probability"": 0.0045631397515535355}, {""name"": ""Carol Alt"", ""probability"": 0.0014225855702534318}, {""name"": ""Kim Kardashian"", ""probability"": 0.0010180907556787133}, {""name"": ""Megan Fox"", ""probability"": 0.0006223208620212972}]"
benchmark|batch=8|index=42,8,42,Amber Heard,an oil painting of Amber Heard,benchmark/images/batch_008/image_0042.png,True,Amber Heard,0.9849867224693298,True,"[{""name"": ""Amber Heard"", ""probability"": 0.9849867224693298}, {""name"": ""Amber Benson"", ""probability"": 0.013276495039463043}, {""name"": ""Amanda Seyfried"", ""probability"": 0.00028203349211253226}, {""name"": ""Eva Marie"", ""probability"": 0.00020543964637909085}, {""name"": ""Judy Greer"", ""probability"": 0.0001694372040219605}]"
benchmark|batch=8|index=43,8,43,Amy Adams,Amy Adams in an official photo,benchmark/images/batch_008/image_0043.png,True,Amy Adams,0.9994732737541199,True,"[{""name"": ""Amy Adams"", ""probability"": 0.9994732737541199}, {""name"": ""Sarah Rafferty"", ""probability"": 0.00023701282043475658}, {""name"": ""Heidi Klum"", ""probability"": 5.6005352234933525e-05}, {""name"": ""Vanessa Bayer"", ""probability"": 5.450202661450021e-05}, {""name"": ""Fairuza Balk"", ""probability"": 4.568952863337472e-05}]"
benchmark|batch=8|index=44,8,44,Andrew Garfield,an image capturing Andrew Garfield at a public event,benchmark/images/batch_008/image_0044.png,True,Andrew Garfield,0.9854974746704102,True,"[{""name"": ""Andrew Garfield"", ""probability"": 0.9854974746704102}, {""name"": ""Zac Efron"", ""probability"": 0.0029944994021207094}, {""name"": ""Drake Bell"", ""probability"": 0.0024528116919100285}, {""name"": ""Joe Jonas"", ""probability"": 0.0016383436741307378}, {""name"": ""Kevin Jonas"", ""probability"": 0.0010531559819355607}]"
benchmark|batch=8|index=45,8,45,Angelina Jolie,a portrait of Angelina Jolie,benchmark/images/batch_008/image_0045.png,True,Angelina Jolie,0.9999972581863403,True,"[{""name"": ""Angelina Jolie"", ""probability"": 0.9999972581863403}, {""name"": ""Gene Tierney"", ""probability"": 8.97006486866303e-07}, {""name"": ""Charlize Theron"", ""probability"": 7.245643587339146e-07}, {""name"": ""Carol Alt"", ""probability"": 2.9425075354083674e-07}, {""name"": ""Meaghan Martin"", ""probability"": 9.914133158872573e-08}]"
benchmark|batch=8|index=46,8,46,Anjelica Huston,a sketch of Anjelica Huston,benchmark/images/batch_008/image_0046.png,True,Anjelica Huston,0.9994378685951233,True,"[{""name"": ""Anjelica Huston"", ""probability"": 0.9994378685951233}, {""name"": ""Meryl Streep"", ""probability"": 0.00037664896808564663}, {""name"": ""Frances Conroy"", ""probability"": 9.312338806921616e-05}, {""name"": ""Julianne Moore"", ""probability"": 2.9257784262881614e-05}, {""name"": ""Michele Morgan"", ""probability"": 1.6693553334334865e-05}]"
benchmark|batch=8|index=47,8,47,Anna Faris,an oil painting of Anna Faris,benchmark/images/batch_008/image_0047.png,True,Anna Faris,0.934450089931488,True,"[{""name"": ""Anna Faris"", ""probability"": 0.934450089931488}, {""name"": ""Courtney Love"", ""probability"": 0.05091127008199692}, {""name"": ""Britney Spears"", ""probability"": 0.0036688605323433876}, {""name"": ""Fergie"", ""probability"": 0.002996956231072545}, {""name"": ""Goldie Hawn"", ""probability"": 0.0017511926125735044}]"
benchmark|batch=8|index=48,8,48,Anna Kendrick,Anna Kendrick in an official photo,benchmark/images/batch_008/image_0048.png,True,Anna Kendrick,0.9437118172645569,True,"[{""name"": ""Anna Kendrick"", ""probability"": 0.9437118172645569}, {""name"": ""Hayley Williams"", ""probability"": 0.051205944269895554}, {""name"": ""Jeffree Star"", ""probability"": 0.0010723499581217766}, {""name"": ""Amy Winehouse"", ""probability"": 0.0007920900825411081}, {""name"": ""Meghan Trainor"", ""probability"": 0.0006016314146108925}]"
benchmark|batch=8|index=49,8,49,Anne Hathaway,an image capturing Anne Hathaway at a public event,benchmark/images/batch_008/image_0049.png,True,Anne Hathaway,0.999834418296814,True,"[{""name"": ""Anne Hathaway"", ""probability"": 0.999834418296814}, {""name"": ""Theresa May"", ""probability"": 7.473166624549776e-05}, {""name"": ""Felicia Day"", ""probability"": 7.282911246875301e-05}, {""name"": ""Rachel Dratch"", ""probability"": 3.4542363209766336e-06}, {""name"": ""Ilana Glazer"", ""probability"": 2.014548272200045e-06}]"
benchmark|batch=16|index=50,16,50,Adam Driver,a portrait of Adam Driver,benchmark/images/batch_016/image_0050.png,True,Adam Driver,0.9945857524871826,True,"[{""name"": ""Adam Driver"", ""probability"": 0.9945857524871826}, {""name"": ""Paul Dano"", ""probability"": 0.0004974441253580153}, {""name"": ""Vincent Price"", ""probability"": 0.00047599684330634773}, {""name"": ""Bob Marley"", ""probability"": 0.00041231271461583674}, {""name"": ""Steven Tyler"", ""probability"": 0.00039936506072990596}]"
benchmark|batch=16|index=51,16,51,Adriana Lima,a sketch of Adriana Lima,benchmark/images/batch_016/image_0051.png,True,Adriana Lima,0.9984821677207947,True,"[{""name"": ""Adriana Lima"", ""probability"": 0.9984821677207947}, {""name"": ""Carol Alt"", ""probability"": 0.00035917956847697496}, {""name"": ""Ashley Benson"", ""probability"": 0.0002727201208472252}, {""name"": ""Arielle Vandenberg"", ""probability"": 0.000224894261918962}, {""name"": ""Scarlett Johansson"", ""probability"": 7.65350996516645e-05}]"
benchmark|batch=16|index=52,16,52,Amber Heard,an oil painting of Amber Heard,benchmark/images/batch_016/image_0052.png,True,Amber Heard,0.9840438961982727,True,"[{""name"": ""Amber Heard"", ""probability"": 0.9840438961982727}, {""name"": ""Amber Benson"", ""probability"": 0.014553089626133442}, {""name"": ""Aubrey Plaza"", ""probability"": 0.0002913749194703996}, {""name"": ""Amanda Seyfried"", ""probability"": 0.00022227833687793463}, {""name"": ""Billie Eilish"", ""probability"": 0.00010777325951494277}]"
benchmark|batch=16|index=53,16,53,Amy Adams,Amy Adams in an official photo,benchmark/images/batch_016/image_0053.png,True,Avril Lavigne,0.500909686088562,False,"[{""name"": ""Avril Lavigne"", ""probability"": 0.500909686088562}, {""name"": ""Ashley Benson"", ""probability"": 0.10497123003005981}, {""name"": ""Daveigh Chase"", ""probability"": 0.053350113332271576}, {""name"": ""Stevie Nicks"", ""probability"": 0.0510454885661602}, {""name"": ""Irene Cara"", ""probability"": 0.04641065001487732}]"
benchmark|batch=16|index=54,16,54,Andrew Garfield,an image capturing Andrew Garfield at a public event,benchmark/images/batch_016/image_0054.png,True,Andrew Garfield,0.9918184876441956,True,"[{""name"": ""Andrew Garfield"", ""probability"": 0.9918184876441956}, {""name"": ""Frankie Grande"", ""probability"": 0.001827811123803258}, {""name"": ""Alex Turner"", ""probability"": 0.0016303124139085412}, {""name"": ""Andy Murray"", ""probability"": 0.0014248209772631526}, {""name"": ""David Giuntoli"", ""probability"": 0.0005212158430367708}]"
benchmark|batch=16|index=55,16,55,Angelina Jolie,a portrait of Angelina Jolie,benchmark/images/batch_016/image_0055.png,True,Angelina Jolie,0.9953332543373108,True,"[{""name"": ""Angelina Jolie"", ""probability"": 0.9953332543373108}, {""name"": ""Bill Burr"", ""probability"": 0.0029904735274612904}, {""name"": ""Kristin Chenoweth"", ""probability"": 0.0007239846745505929}, {""name"": ""Michelle Pfeiffer"", ""probability"": 0.00020607738406397402}, {""name"": ""Gwen Stefani"", ""probability"": 0.00013189594028517604}]"
benchmark|batch=16|index=56,16,56,Anjelica Huston,a sketch of Anjelica Huston,benchmark/images/batch_016/image_0056.png,True,Anjelica Huston,0.9987596273422241,True,"[{""name"": ""Anjelica Huston"", ""probability"": 0.9987596273422241}, {""name"": ""Meryl Streep"", ""probability"": 0.0011666914215311408}, {""name"": ""Glenn Close"", ""probability"": 4.5027321903035045e-05}, {""name"": ""Julianne Moore"", ""probability"": 7.1692857090965845e-06}, {""name"": ""Frances Conroy"", ""probability"": 5.288276497594779e-06}]"
benchmark|batch=16|index=57,16,57,Anna Faris,an oil painting of Anna Faris,benchmark/images/batch_016/image_0057.png,True,Anna Faris,0.9023374915122986,True,"[{""name"": ""Anna Faris"", ""probability"": 0.9023374915122986}, {""name"": ""Christina Ricci"", ""probability"": 0.0860830545425415}, {""name"": ""Florence Henderson"", ""probability"": 0.006898991763591766}, {""name"": ""Pauley Perrette"", ""probability"": 0.0006883610039949417}, {""name"": ""Emma Watson"", ""probability"": 0.000684507132973522}]"
benchmark|batch=16|index=58,16,58,Anna Kendrick,Anna Kendrick in an official photo,benchmark/images/batch_016/image_0058.png,True,Anna Kendrick,0.9997810125350952,True,"[{""name"": ""Anna Kendrick"", ""probability"": 0.9997810125350952}, {""name"": ""Allie Deberry"", ""probability"": 4.0871116652851924e-05}, {""name"": ""Christine Baranski"", ""probability"": 2.8985528842895292e-05}, {""name"": ""Avril Lavigne"", ""probability"": 1.736749072733801e-05}, {""name"": ""Kate Mara"", ""probability"": 1.6820071323309094e-05}]"
benchmark|batch=16|index=59,16,59,Anne Hathaway,an image capturing Anne Hathaway at a public event,benchmark/images/batch_016/image_0059.png,True,Anne Hathaway,0.9999536871910095,True,"[{""name"": ""Anne Hathaway"", ""probability"": 0.9999536871910095}, {""name"": ""Margot Robbie"", ""probability"": 9.396629138791468e-06}, {""name"": ""Eva Mendes"", ""probability"": 7.09404321241891e-06}, {""name"": ""Sophia Loren"", ""probability"": 5.200869509280892e-06}, {""name"": ""Ingrid Bergman"", ""probability"": 4.1458347368461546e-06}]"
benchmark|batch=16|index=60,16,60,Adam Driver,a portrait of Adam Driver,benchmark/images/batch_016/image_0060.png,True,Adam Driver,0.9999107122421265,True,"[{""name"": ""Adam Driver"", ""probability"": 0.9999107122421265}, {""name"": ""Keanu Reeves"", ""probability"": 1.6560454241698608e-05}, {""name"": ""Benedict Cumberbatch"", ""probability"": 1.4330742487800308e-05}, {""name"": ""Charlie Murphy"", ""probability"": 1.0990958799084183e-05}, {""name"": ""Anthony Kiedis"", ""probability"": 1.0041214409284294e-05}]"
benchmark|batch=16|index=61,16,61,Adriana Lima,a sketch of Adriana Lima,benchmark/images/batch_016/image_0061.png,True,Adriana Lima,0.9839316606521606,True,"[{""name"": ""Adriana Lima"", ""probability"": 0.9839316606521606}, {""name"": ""Megan Fox"", ""probability"": 0.005322892218828201}, {""name"": ""Sunny Leone"", ""probability"": 0.003082508221268654}, {""name"": ""Jeffree Star"", ""probability"": 0.0012951811077073216}, {""name"": ""Jessica Alba"", ""probability"": 0.0011819114442914724}]"
benchmark|batch=16|index=62,16,62,Amber Heard,an oil painting of Amber Heard,benchmark/images/batch_016/image_0062.png,True,Amber Heard,0.9803654551506042,True,"[{""name"": ""Amber Heard"", ""probability"": 0.9803654551506042}, {""name"": ""Amber Benson"", ""probability"": 0.0066299294121563435}, {""name"": ""Allison Harvard"", ""probability"": 0.00486042769625783}, {""name"": ""Iggy Azalea"", ""probability"": 0.0009756240178830922}, {""name"": ""Aubrey Plaza"", ""probability"": 0.0008518200484104455}]"
benchmark|batch=16|index=63,16,63,Amy Adams,Amy Adams in an official photo,benchmark/images/batch_016/image_0063.png,True,Amy Adams,0.998313307762146,True,"[{""name"": ""Amy Adams"", ""probability"": 0.998313307762146}, {""name"": ""Avril Lavigne"", ""probability"": 0.000673508970066905}, {""name"": ""Heidi Klum"", ""probability"": 0.0006471997476182878}, {""name"": ""Fairuza Balk"", ""probability"": 7.454528531525284e-05}, {""name"": ""Jenna Fischer"", ""probability"": 7.355352863669395e-05}]"
benchmark|batch=16|index=64,16,64,Andrew Garfield,an image capturing Andrew Garfield at a public event,benchmark/images/batch_016/image_0064.png,True,Andrew Garfield,0.9996206164360046,True,"[{""name"": ""Andrew Garfield"", ""probability"": 0.9996206164360046}, {""name"": ""Zachary Quinto"", ""probability"": 0.0003303714038338512}, {""name"": ""Chris Pine"", ""probability"": 1.3257093087304384e-05}, {""name"": ""Drake Bell"", ""probability"": 1.2240384421602357e-05}, {""name"": ""Henry Cavill"", ""probability"": 3.925080363842426e-06}]"
benchmark|batch=16|index=65,16,65,Angelina Jolie,a portrait of Angelina Jolie,benchmark/images/batch_016/image_0065.png,True,Angelina Jolie,0.9999985098838806,True,"[{""name"": ""Angelina Jolie"", ""probability"": 0.9999985098838806}, {""name"": ""Eliza Dushku"", ""probability"": 1.107424168367288e-06}, {""name"": ""Gal Gadot"", ""probability"": 1.6774865230217983e-07}, {""name"": ""Ashlee Simpson"", ""probability"": 5.83679238275181e-08}, {""name"": ""Eva Green"", ""probability"": 2.872031323875035e-08}]"
benchmark|batch=16|index=66,16,66,Anjelica Huston,a sketch of Anjelica Huston,benchmark/images/batch_016/image_0066.png,True,Anjelica Huston,0.9999071359634399,True,"[{""name"": ""Anjelica Huston"", ""probability"": 0.9999071359634399}, {""name"": ""Kirstie Alley"", ""probability"": 1.1416896086302586e-05}, {""name"": ""Frances Conroy"", ""probability"": 1.0852371815417428e-05}, {""name"": ""Rachel Dratch"", ""probability"": 9.892171874525957e-06}, {""name"": ""Theresa May"", ""probability"": 8.700886610313319e-06}]"
benchmark|batch=16|index=67,16,67,Anna Faris,an oil painting of Anna Faris,benchmark/images/batch_016/image_0067.png,True,Anna Faris,0.9932222366333008,True,"[{""name"": ""Anna Faris"", ""probability"": 0.9932222366333008}, {""name"": ""Meaghan Martin"", ""probability"": 0.0008210650994442403}, {""name"": ""Dreama Walker"", ""probability"": 0.0007106370176188648}, {""name"": ""Jenny Mccarthy"", ""probability"": 0.0006443144520744681}, {""name"": ""Jodie Sweetin"", ""probability"": 0.0004986379644833505}]"
benchmark|batch=16|index=68,16,68,Anna Kendrick,Anna Kendrick in an official photo,benchmark/images/batch_016/image_0068.png,True,Anna Kendrick,0.9997146725654602,True,"[{""name"": ""Anna Kendrick"", ""probability"": 0.9997146725654602}, {""name"": ""Marisa Tomei"", ""probability"": 7.215425284812227e-05}, {""name"": ""Kate Mara"", ""probability"": 6.659953942289576e-05}, {""name"": ""Christine Baranski"", ""probability"": 3.7705034628743306e-05}, {""name"": ""Celine Dion"", ""probability"": 2.614752338558901e-05}]"
benchmark|batch=16|index=69,16,69,Anne Hathaway,an image capturing Anne Hathaway at a public event,benchmark/images/batch_016/image_0069.png,True,Anne Hathaway,0.999999463558197,True,"[{""name"": ""Anne Hathaway"", ""probability"": 0.999999463558197}, {""name"": ""Lake Bell"", ""probability"": 9.18309694952768e-08}, {""name"": ""Margot Robbie"", ""probability"": 8.113241278806527e-08}, {""name"": ""Heather Graham"", ""probability"": 6.163946153492361e-08}, {""name"": ""Emily Ratajkowski"", ""probability"": 5.939975622482052e-08}]"
benchmark|batch=16|index=70,16,70,Adam Driver,a portrait of Adam Driver,benchmark/images/batch_016/image_0070.png,True,Adam Driver,0.9984827637672424,True,"[{""name"": ""Adam Driver"", ""probability"": 0.9984827637672424}, {""name"": ""Steven Tyler"", ""probability"": 0.00033089984208345413}, {""name"": ""Keanu Reeves"", ""probability"": 0.0002545710594858974}, {""name"": ""Dan Howell"", ""probability"": 0.00022321917640510947}, {""name"": ""Stephen Hawking"", ""probability"": 0.00014814938185736537}]"
benchmark|batch=16|index=71,16,71,Adriana Lima,a sketch of Adriana Lima,benchmark/images/batch_016/image_0071.png,True,Adriana Lima,0.9993359446525574,True,"[{""name"": ""Adriana Lima"", ""probability"": 0.9993359446525574}, {""name"": ""Carol Alt"", ""probability"": 0.00046869320794939995}, {""name"": ""Grace Phipps"", ""probability"": 6.304944690782577e-05}, {""name"": ""Anna Nicole Smith"", ""probability"": 3.4133048757212237e-05}, {""name"": ""Megan Fox"", ""probability"": 1.7993132132687606e-05}]"
benchmark|batch=16|index=72,16,72,Amber Heard,an oil painting of Amber Heard,benchmark/images/batch_016/image_0072.png,True,Amber Heard,0.9600476026535034,True,"[{""name"": ""Amber Heard"", ""probability"": 0.9600476026535034}, {""name"": ""Amber Benson"", ""probability"": 0.03592158481478691}, {""name"": ""Natalie Dormer"", ""probability"": 0.0006315861828625202}, {""name"": ""Rebecca Gayheart"", ""probability"": 0.00035886006662622094}, {""name"": ""Allison Harvard"", ""probability"": 0.000346150656696409}]"
benchmark|batch=16|index=73,16,73,Amy Adams,Amy Adams in an official photo,benchmark/images/batch_016/image_0073.png,False,,,False,[]
benchmark|batch=16|index=74,16,74,Andrew Garfield,an image capturing Andrew Garfield at a public event,benchmark/images/batch_016/image_0074.png,True,Andrew Garfield,0.9916970729827881,True,"[{""name"": ""Andrew Garfield"", ""probability"": 0.9916970729827881}, {""name"": ""Drake Bell"", ""probability"": 0.00388013175688684}, {""name"": ""James Van Der Beek"", ""probability"": 0.0018958429573103786}, {""name"": ""Chris Pine"", ""probability"": 0.00032474653562530875}, {""name"": ""Henry Rollins"", ""probability"": 0.0002568804775364697}]"
benchmark|batch=16|index=75,16,75,Angelina Jolie,a portrait of Angelina Jolie,benchmark/images/batch_016/image_0075.png,True,Angelina Jolie,0.9890986084938049,True,"[{""name"": ""Angelina Jolie"", ""probability"": 0.9890986084938049}, {""name"": ""Carol Alt"", ""probability"": 0.00980968028306961}, {""name"": ""Geena Davis"", ""probability"": 0.0002629268274176866}, {""name"": ""Eliza Dushku"", ""probability"": 0.00024520352599211037}, {""name"": ""Julie Delpy"", ""probability"": 8.638308645458892e-05}]"
benchmark|batch=16|index=76,16,76,Anjelica Huston,a sketch of Anjelica Huston,benchmark/images/batch_016/image_0076.png,True,Anjelica Huston,0.9731422066688538,True,"[{""name"": ""Anjelica Huston"", ""probability"": 0.9731422066688538}, {""name"": ""Frances Conroy"", ""probability"": 0.01047840528190136}, {""name"": ""Katey Sagal"", ""probability"": 0.0029468447901308537}, {""name"": ""Jodie Foster"", ""probability"": 0.0023810765706002712}, {""name"": ""David Bowie"", ""probability"": 0.0021726267877966166}]"
benchmark|batch=16|index=77,16,77,Anna Faris,an oil painting of Anna Faris,benchmark/images/batch_016/image_0077.png,True,Anna Faris,0.9966164827346802,True,"[{""name"": ""Anna Faris"", ""probability"": 0.9966164827346802}, {""name"": ""Pauley Perrette"", ""probability"": 0.0006224381504580379}, {""name"": ""Hayley Williams"", ""probability"": 0.00047800465836189687}, {""name"": ""Elisabeth Moss"", ""probability"": 0.0003552022099029273}, {""name"": ""Goldie Hawn"", ""probability"": 0.0003307576116640121}]"
benchmark|batch=16|index=78,16,78,Anna Kendrick,Anna Kendrick in an official photo,benchmark/images/batch_016/image_0078.png,True,Anna Kendrick,0.999131977558136,True,"[{""name"": ""Anna Kendrick"", ""probability"": 0.999131977558136}, {""name"": ""Kate Mara"", ""probability"": 0.0006723830592818558}, {""name"": ""Christine Baranski"", ""probability"": 5.310895721777342e-05}, {""name"": ""Sarah Rafferty"", ""probability"": 2.910360854002647e-05}, {""name"": ""Avril Lavigne"", ""probability"": 2.5859970264718868e-05}]"
benchmark|batch=16|index=79,16,79,Anne Hathaway,an image capturing Anne Hathaway at a public event,benchmark/images/batch_016/image_0079.png,True,Vanessa Bayer,0.4294017553329468,False,"[{""name"": ""Vanessa Bayer"", ""probability"": 0.4294017553329468}, {""name"": ""Anne Hathaway"", ""probability"": 0.38047024607658386}, {""name"": ""Jessica Chastain"", ""probability"": 0.05842773616313934}, {""name"": ""Emma Roberts"", ""probability"": 0.05300338566303253}, {""name"": ""Lana Del Rey"", ""probability"": 0.02561751939356327}]"
benchmark|batch=16|index=80,16,80,Adam Driver,a portrait of Adam Driver,benchmark/images/batch_016/image_0080.png,True,Adam Driver,0.9999728202819824,True,"[{""name"": ""Adam Driver"", ""probability"": 0.9999728202819824}, {""name"": ""Vincent Price"", ""probability"": 4.4551334212883376e-06}, {""name"": ""Freddie Mercury"", ""probability"": 4.0531276681576855e-06}, {""name"": ""Keanu Reeves"", ""probability"": 2.5156721221719636e-06}, {""name"": ""Shawnee Smith"", ""probability"": 1.5296175206458429e-06}]"
benchmark|batch=16|index=81,16,81,Adriana Lima,a sketch of Adriana Lima,benchmark/images/batch_016/image_0081.png,True,Adriana Lima,0.7304980158805847,True,"[{""name"": ""Adriana Lima"", ""probability"": 0.7304980158805847}, {""name"": ""Debbie Harry"", ""probability"": 0.11373072862625122}, {""name"": ""Amanda Seyfried"", ""probability"": 0.021645940840244293}, {""name"": ""Amy Lee"", ""probability"": 0.019482841715216637}, {""name"": ""Kim Kardashian"", ""probability"": 0.018756132572889328}]"
benchmark|batch=16|index=82,16,82,Amber Heard,an oil painting of Amber Heard,benchmark/images/batch_016/image_0082.png,True,Amber Heard,0.9532380104064941,True,"[{""name"": ""Amber Heard"", ""probability"": 0.9532380104064941}, {""name"": ""Amber Benson"", ""probability"": 0.04601640626788139}, {""name"": ""Bette Davis"", ""probability"": 0.00021726869454141706}, {""name"": ""Aubrey Plaza"", ""probability"": 0.00012264108227100223}, {""name"": ""Natasha Lyonne"", ""probability"": 7.506722613470629e-05}]"
benchmark|batch=16|index=83,16,83,Amy Adams,Amy Adams in an official photo,benchmark/images/batch_016/image_0083.png,True,Sissy Spacek,0.20724502205848694,False,"[{""name"": ""Sissy Spacek"", ""probability"": 0.20724502205848694}, {""name"": ""Gwyneth Paltrow"", ""probability"": 0.2037259340286255}, {""name"": ""Amy Adams"", ""probability"": 0.12631899118423462}, {""name"": ""Chord Overstreet"", ""probability"": 0.11979309469461441}, {""name"": ""Emily Kinney"", ""probability"": 0.031451113522052765}]"
benchmark|batch=16|index=84,16,84,Andrew Garfield,an image capturing Andrew Garfield at a public event,benchmark/images/batch_016/image_0084.png,True,Andrew Garfield,0.9167615175247192,True,"[{""name"": ""Andrew Garfield"", ""probability"": 0.9167615175247192}, {""name"": ""Henry Rollins"", ""probability"": 0.026262488216161728}, {""name"": ""Peter Gallagher"", ""probability"": 0.020134035497903824}, {""name"": ""Roger Federer"", ""probability"": 0.017327019944787025}, {""name"": ""Michael Imperioli"", ""probability"": 0.006034803576767445}]"
benchmark|batch=16|index=85,16,85,Angelina Jolie,a portrait of Angelina Jolie,benchmark/images/batch_016/image_0085.png,True,Angelina Jolie,1.0,True,"[{""name"": ""Angelina Jolie"", ""probability"": 1.0}, {""name"": ""Amanda Seyfried"", ""probability"": 1.3752370797703861e-08}, {""name"": ""Eva Green"", ""probability"": 8.670352436013218e-09}, {""name"": ""Gal Gadot"", ""probability"": 7.720916350706375e-09}, {""name"": ""Elizabeth Berkley"", ""probability"": 7.12844716588279e-09}]"
benchmark|batch=16|index=86,16,86,Anjelica Huston,a sketch of Anjelica Huston,benchmark/images/batch_016/image_0086.png,True,Anjelica Huston,0.9998565912246704,True,"[{""name"": ""Anjelica Huston"", ""probability"": 0.9998565912246704}, {""name"": ""Joan Crawford"", ""probability"": 6.296689389273524e-05}, {""name"": ""Frances Conroy"", ""probability"": 1.7229498553206213e-05}, {""name"": ""Meryl Streep"", ""probability"": 1.1488697964523453e-05}, {""name"": ""Alaska Thunderfuck"", ""probability"": 8.627224815427326e-06}]"
benchmark|batch=16|index=87,16,87,Anna Faris,an oil painting of Anna Faris,benchmark/images/batch_016/image_0087.png,True,Anna Faris,0.9929850697517395,True,"[{""name"": ""Anna Faris"", ""probability"": 0.9929850697517395}, {""name"": ""Courtney Love"", ""probability"": 0.0025588569696992636}, {""name"": ""Taylor Momsen"", ""probability"": 0.0009514849516563118}, {""name"": ""Jodie Sweetin"", ""probability"": 0.0006763678975403309}, {""name"": ""Christina Ricci"", ""probability"": 0.0006251647719182074}]"
benchmark|batch=16|index=88,16,88,Anna Kendrick,Anna Kendrick in an official photo,benchmark/images/batch_016/image_0088.png,True,Anna Kendrick,0.9922566413879395,True,"[{""name"": ""Anna Kendrick"", ""probability"": 0.9922566413879395}, {""name"": ""Hayley Williams"", ""probability"": 0.007423958275467157}, {""name"": ""Taylor Swift"", ""probability"": 8.608304051449522e-05}, {""name"": ""Sarah Rafferty"", ""probability"": 2.7025560484617017e-05}, {""name"": ""Lacey Chabert"", ""probability"": 2.1119027223903686e-05}]"
benchmark|batch=16|index=89,16,89,Anne Hathaway,an image capturing Anne Hathaway at a public event,benchmark/images/batch_016/image_0089.png,True,Aisha Tyler,0.6159822940826416,False,"[{""name"": ""Aisha Tyler"", ""probability"": 0.6159822940826416}, {""name"": ""Aidy Bryant"", ""probability"": 0.33540019392967224}, {""name"": ""Whoopi Goldberg"", ""probability"": 0.02695145644247532}, {""name"": ""Octavia Spencer"", ""probability"": 0.006231558974832296}, {""name"": ""Megan Mullally"", ""probability"": 0.005644539371132851}]"
benchmark|batch=16|index=90,16,90,Adam Driver,a portrait of Adam Driver,benchmark/images/batch_016/image_0090.png,True,Freddie Mercury,0.45067885518074036,False,"[{""name"": ""Freddie Mercury"", ""probability"": 0.45067885518074036}, {""name"": ""Adam Driver"", ""probability"": 0.13674090802669525}, {""name"": ""Josh Hartnett"", ""probability"": 0.07504905760288239}, {""name"": ""Michael Fassbender"", ""probability"": 0.06634611636400223}, {""name"": ""Shawn Mendes"", ""probability"": 0.05573716014623642}]"
benchmark|batch=16|index=91,16,91,Adriana Lima,a sketch of Adriana Lima,benchmark/images/batch_016/image_0091.png,True,Adriana Lima,0.9777066707611084,True,"[{""name"": ""Adriana Lima"", ""probability"": 0.9777066707611084}, {""name"": ""Anna Nicole Smith"", ""probability"": 0.010354666970670223}, {""name"": ""Fairuza Balk"", ""probability"": 0.0035036182962358}, {""name"": ""Carol Alt"", ""probability"": 0.003006138140335679}, {""name"": ""Debbie Harry"", ""probability"": 0.0021285326220095158}]"
benchmark|batch=16|index=92,16,92,Amber Heard,an oil painting of Amber Heard,benchmark/images/batch_016/image_0092.png,True,Amber Heard,0.8859089612960815,True,"[{""name"": ""Amber Heard"", ""probability"": 0.8859089612960815}, {""name"": ""Christina Aguilera"", ""probability"": 0.06043479964137077}, {""name"": ""Amber Benson"", ""probability"": 0.036762893199920654}, {""name"": ""Natasha Lyonne"", ""probability"": 0.004573299083858728}, {""name"": ""Iggy Azalea"", ""probability"": 0.002692177891731262}]"
benchmark|batch=16|index=93,16,93,Amy Adams,Amy Adams in an official photo,benchmark/images/batch_016/image_0093.png,True,Amy Adams,0.999527096748352,True,"[{""name"": ""Amy Adams"", ""probability"": 0.999527096748352}, {""name"": ""Fairuza Balk"", ""probability"": 0.00014791278226766735}, {""name"": ""Amy Schumer"", ""probability"": 7.293917587958276e-05}, {""name"": ""Jenna Fischer"", ""probability"": 6.472106178989634e-05}, {""name"": ""Elizabeth Montgomery"", ""probability"": 3.896342241205275e-05}]"
benchmark|batch=16|index=94,16,94,Andrew Garfield,an image capturing Andrew Garfield at a public event,benchmark/images/batch_016/image_0094.png,True,Andrew Garfield,0.9662372469902039,True,"[{""name"": ""Andrew Garfield"", ""probability"": 0.9662372469902039}, {""name"": ""Pierce Brosnan"", ""probability"": 0.017601311206817627}, {""name"": ""Kian Lawley"", ""probability"": 0.00474854651838541}, {""name"": ""Liam Payne"", ""probability"": 0.0013191456673666835}, {""name"": ""Tom Wilson"", ""probability"": 0.0009466682095080614}]"
benchmark|batch=16|index=95,16,95,Angelina Jolie,a portrait of Angelina Jolie,benchmark/images/batch_016/image_0095.png,True,Angelina Jolie,0.9999892115592957,True,"[{""name"": ""Angelina Jolie"", ""probability"": 0.9999892115592957}, {""name"": ""Gal Gadot"", ""probability"": 5.9030003285442945e-06}, {""name"": ""Charlize Theron"", ""probability"": 1.4524481457556249e-06}, {""name"": ""Bill Burr"", ""probability"": 5.841909000992018e-07}, {""name"": ""Eva Green"", ""probability"": 5.76746458591515e-07}]"
benchmark|batch=16|index=96,16,96,Anjelica Huston,a sketch of Anjelica Huston,benchmark/images/batch_016/image_0096.png,True,Anjelica Huston,0.9995942711830139,True,"[{""name"": ""Anjelica Huston"", ""probability"": 0.9995942711830139}, {""name"": ""Moria Casan"", ""probability"": 0.00032210786594077945}, {""name"": ""Angela Raiola"", ""probability"": 1.3945141290605534e-05}, {""name"": ""Alaska Thunderfuck"", ""probability"": 1.2302671166253276e-05}, {""name"": ""Julia Roberts"", ""probability"": 9.455409781367052e-06}]"
benchmark|batch=16|index=97,16,97,Anna Faris,an oil painting of Anna Faris,benchmark/images/batch_016/image_0097.png,True,Anna Faris,0.9977051615715027,True,"[{""name"": ""Anna Faris"", ""probability"": 0.9977051615715027}, {""name"": ""Goldie Hawn"", ""probability"": 0.0006941209430806339}, {""name"": ""Lindsay Lohan"", ""probability"": 0.0002484373690094799}, {""name"": ""Sheri Moon Zombie"", ""probability"": 0.0001778971345629543}, {""name"": ""Mircea Monroe"", ""probability"": 0.0001334073895122856}]"
benchmark|batch=16|index=98,16,98,Anna Kendrick,Anna Kendrick in an official photo,benchmark/images/batch_016/image_0098.png,True,Anna Kendrick,0.9983471632003784,True,"[{""name"": ""Anna Kendrick"", ""probability"": 0.9983471632003784}, {""name"": ""Kate Mara"", ""probability"": 0.0009793589124456048}, {""name"": ""Avril Lavigne"", ""probability"": 0.0003429863427300006}, {""name"": ""Hayley Williams"", ""probability"": 0.00015052856178954244}, {""name"": ""Taylor Swift"", ""probability"": 7.375825225608423e-05}]"
benchmark|batch=16|index=99,16,99,Anne Hathaway,an image capturing Anne Hathaway at a public event,benchmark/images/batch_016/image_0099.png,True,Michael Ian Black,0.39800986647605896,False,"[{""name"": ""Michael Ian Black"", ""probability"": 0.39800986647605896}, {""name"": ""Mindy Kaling"", ""probability"": 0.1012045219540596}, {""name"": ""Jack Black"", ""probability"": 0.0872691422700882}, {""name"": ""Alexandra Daddario"", ""probability"": 0.07265669107437134}, {""name"": ""Chris Farley"", ""probability"": 0.06761455535888672}]"
benchmark|batch=24|index=100,24,100,Adam Driver,a portrait of Adam Driver,benchmark/images/batch_024/image_0100.png,True,Adam Driver,0.9999105930328369,True,"[{""name"": ""Adam Driver"", ""probability"": 0.9999105930328369}, {""name"": ""Bob Marley"", ""probability"": 2.466796649969183e-05}, {""name"": ""Troy Baker"", ""probability"": 1.9812836399069056e-05}, {""name"": ""Shawnee Smith"", ""probability"": 1.3016644516028464e-05}, {""name"": ""Robert Lewandowski"", ""probability"": 3.0038406748644775e-06}]"
benchmark|batch=24|index=101,24,101,Adriana Lima,a sketch of Adriana Lima,benchmark/images/batch_024/image_0101.png,True,Adriana Lima,0.9982585906982422,True,"[{""name"": ""Adriana Lima"", ""probability"": 0.9982585906982422}, {""name"": ""Carol Alt"", ""probability"": 0.0006661950028501451}, {""name"": ""Debbie Harry"", ""probability"": 0.0003957737935706973}, {""name"": ""Nelly Furtado"", ""probability"": 8.020101086003706e-05}, {""name"": ""Jeffree Star"", ""probability"": 7.611868932144716e-05}]"
benchmark|batch=24|index=102,24,102,Amber Heard,an oil painting of Amber Heard,benchmark/images/batch_024/image_0102.png,True,Amber Heard,0.9646599888801575,True,"[{""name"": ""Amber Heard"", ""probability"": 0.9646599888801575}, {""name"": ""Amber Benson"", ""probability"": 0.03232554346323013}, {""name"": ""Bette Davis"", ""probability"": 0.0006218160851858556}, {""name"": ""Allison Harvard"", ""probability"": 0.00040487703518010676}, {""name"": ""Iggy Azalea"", ""probability"": 0.0002599353319965303}]"
benchmark|batch=24|index=103,24,103,Amy Adams,Amy Adams in an official photo,benchmark/images/batch_024/image_0103.png,True,Amy Adams,0.9998037219047546,True,"[{""name"": ""Amy Adams"", ""probability"": 0.9998037219047546}, {""name"": ""Heidi Klum"", ""probability"": 6.942002073628828e-05}, {""name"": ""Fairuza Balk"", ""probability"": 5.301669443724677e-05}, {""name"": ""Katherine Mcnamara"", ""probability"": 1.1212181561859325e-05}, {""name"": ""Sophia Bush"", ""probability"": 7.383638603641884e-06}]"
benchmark|batch=24|index=104,24,104,Andrew Garfield,an image capturing Andrew Garfield at a public event,benchmark/images/batch_024/image_0104.png,True,Andrew Garfield,0.9829338192939758,True,"[{""name"": ""Andrew Garfield"", ""probability"": 0.9829338192939758}, {""name"": ""Andy Murray"", ""probability"": 0.008570022881031036}, {""name"": ""Henry Rollins"", ""probability"": 0.0038004375528544188}, {""name"": ""David Rose"", ""probability"": 0.000913031748495996}, {""name"": ""Eugene Levy"", ""probability"": 0.0007193824858404696}]"
benchmark|batch=24|index=105,24,105,Angelina Jolie,a portrait of Angelina Jolie,benchmark/images/batch_024/image_0105.png,True,Angelina Jolie,0.9998430609703064,True,"[{""name"": ""Angelina Jolie"", ""probability"": 0.9998430609703064}, {""name"": ""Geena Davis"", ""probability"": 7.461062341462821e-05}, {""name"": ""Courteney Cox"", ""probability"": 2.9337888918234967e-05}, {""name"": ""Debbie Harry"", ""probability"": 1.0207680134044494e-05}, {""name"": ""Katie Holmes"", ""probability"": 3.2216189538303297e-06}]"
benchmark|batch=24|index=106,24,106,Anjelica Huston,a sketch of Anjelica Huston,benchmark/images/batch_024/image_0106.png,True,Anjelica Huston,0.9993234872817993,True,"[{""name"": ""Anjelica Huston"", ""probability"": 0.9993234872817993}, {""name"": ""Meryl Streep"", ""probability"": 0.0004606832517310977}, {""name"": ""Julianne Moore"", ""probability"": 4.0619474020786583e-05}, {""name"": ""Glenn Close"", ""probability"": 1.655044252402149e-05}, {""name"": ""Sasha Alexander"", ""probability"": 1.555500057293102e-05}]"
benchmark|batch=24|index=107,24,107,Anna Faris,an oil painting of Anna Faris,benchmark/images/batch_024/image_0107.png,True,Anna Faris,0.999302089214325,True,"[{""name"": ""Anna Faris"", ""probability"": 0.999302089214325}, {""name"": ""Christina Ricci"", ""probability"": 0.00019779389549512416}, {""name"": ""Charlize Theron"", ""probability"": 0.00010067343828268349}, {""name"": ""Courtney Love"", ""probability"": 3.618790287873708e-05}, {""name"": ""Britney Spears"", ""probability"": 3.553904025466181e-05}]"
benchmark|batch=24|index=108,24,108,Anna Kendrick,Anna Kendrick in an official photo,benchmark/images/batch_024/image_0108.png,True,Anna Kendrick,0.9999937415122986,True,"[{""name"": ""Anna Kendrick"", ""probability"": 0.9999937415122986}, {""name"": ""Amy Winehouse"", ""probability"": 7.479284249711782e-07}, {""name"": ""Hayley Williams"", ""probability"": 6.426570280382293e-07}, {""name"": ""Celine Dion"", ""probability"": 5.749806746280228e-07}, {""name"": ""Christine Baranski"", ""probability"": 5.609851996268844e-07}]"
benchmark|batch=24|index=109,24,109,Anne Hathaway,an image capturing Anne Hathaway at a public event,benchmark/images/batch_024/image_0109.png,True,Anne Hathaway,0.9998857975006104,True,"[{""name"": ""Anne Hathaway"", ""probability"": 0.9998857975006104}, {""name"": ""Amy Winehouse"", ""probability"": 0.00010668279719538987}, {""name"": ""Joan Crawford"", ""probability"": 4.713475391326938e-06}, {""name"": ""Kimbra"", ""probability"": 6.562045768987446e-07}, {""name"": ""Filthy Frank"", ""probability"": 3.481794124127191e-07}]"
benchmark|batch=24|index=110,24,110,Adam Driver,a portrait of Adam Driver,benchmark/images/batch_024/image_0110.png,True,Adam Driver,0.9999479055404663,True,"[{""name"": ""Adam Driver"", ""probability"": 0.9999479055404663}, {""name"": ""Freddie Mercury"", ""probability"": 7.664704753551632e-06}, {""name"": ""Lily Tomlin"", ""probability"": 7.617455594299827e-06}, {""name"": ""Troy Baker"", ""probability"": 5.963730018265778e-06}, {""name"": ""Keanu Reeves"", ""probability"": 5.534607680601766e-06}]"
benchmark|batch=24|index=111,24,111,Adriana Lima,a sketch of Adriana Lima,benchmark/images/batch_024/image_0111.png,True,Adriana Lima,0.9994361996650696,True,"[{""name"": ""Adriana Lima"", ""probability"": 0.9994361996650696}, {""name"": ""Angelina Jolie"", ""probability"": 0.00013115645560901612}, {""name"": ""Jasmine V"", ""probability"": 6.752018816769123e-05}, {""name"": ""Carol Alt"", ""probability"": 4.4991746108280495e-05}, {""name"": ""Ryan Destiny"", ""probability"": 4.36767513747327e-05}]"
benchmark|batch=24|index=112,24,112,Amber Heard,an oil painting of Amber Heard,benchmark/images/batch_024/image_0112.png,True,Amber Heard,0.9966840744018555,True,"[{""name"": ""Amber Heard"", ""probability"": 0.9966840744018555}, {""name"": ""Amber Benson"", ""probability"": 0.0014893843326717615}, {""name"": ""Amanda Seyfried"", ""probability"": 0.00043154892046004534}, {""name"": ""Christina Aguilera"", ""probability"": 0.00028422524337656796}, {""name"": ""Rebecca Gayheart"", ""probability"": 0.00023333309218287468}]"
benchmark|batch=24|index=113,24,113,Amy Adams,Amy Adams in an official photo,benchmark/images/batch_024/image_0113.png,True,Amy Adams,0.9999033212661743,True,"[{""name"": ""Amy Adams"", ""probability"": 0.9999033212661743}, {""name"": ""Jenna Fischer"", ""probability"": 4.56271372968331e-05}, {""name"": ""Fairuza Balk"", ""probability"": 1.3063769984000828e-05}, {""name"": ""Jennette Mccurdy"", ""probability"": 9.72088128037285e-06}, {""name"": ""Natasha Lyonne"", ""probability"": 9.266092092730105e-06}]"
benchmark|batch=24|index=114,24,114,Andrew Garfield,an image capturing Andrew Garfield at a public event,benchmark/images/batch_024/image_0114.png,True,Andrew Garfield,0.4800563156604767,True,"[{""name"": ""Andrew Garfield"", ""probability"": 0.4800563156604767}, {""name"": ""John Mayer"", ""probability"": 0.2894962430000305}, {""name"": ""John Mulaney"", ""probability"": 0.11786679178476334}, {""name"": ""Kellan Lutz"", ""probability"": 0.022771967574954033}, {""name"": ""Taylor Lautner"", ""probability"": 0.011989150196313858}]"
benchmark|batch=24|index=115,24,115,Angelina Jolie,a portrait of Angelina Jolie,benchmark/images/batch_024/image_0115.png,True,Angelina Jolie,0.9998856782913208,True,"[{""name"": ""Angelina Jolie"", ""probability"": 0.9998856782913208}, {""name"": ""Eliza Dushku"", ""probability"": 2.3920983949210495e-05}, {""name"": ""Michelle Pfeiffer"", ""probability"": 1.1286590051895473e-05}, {""name"": ""Stana Katic"", ""probability"": 6.882918114570202e-06}, {""name"": ""Eva Green"", ""probability"": 5.911768766964087e-06}]"
benchmark|batch=24|index=116,24,116,Anjelica Huston,a sketch of Anjelica Huston,benchmark/images/batch_024/image_0116.png,True,Anjelica Huston,0.9970961213111877,True,"[{""name"": ""Anjelica Huston"", ""probability"": 0.9970961213111877}, {""name"": ""Sarah Jessica Parker"", ""probability"": 0.002112629823386669}, {""name"": ""Katey Sagal"", ""probability"": 0.00016520399367436767}, {""name"": ""Shawnee Smith"", ""probability"": 7.093798194546252e-05}, {""name"": ""Lily Tomlin"", ""probability"": 6.62705788272433e-05}]"
benchmark|batch=24|index=117,24,117,Anna Faris,an oil painting of Anna Faris,benchmark/images/batch_024/image_0117.png,True,Anna Faris,0.9914687275886536,True,"[{""name"": ""Anna Faris"", ""probability"": 0.9914687275886536}, {""name"": ""Jessica Nigri"", ""probability"": 0.003097923006862402}, {""name"": ""Taylor Momsen"", ""probability"": 0.002449425170198083}, {""name"": ""Paula Deen"", ""probability"": 0.0011890425812453032}, {""name"": ""Courtney Love"", ""probability"": 0.000501695554703474}]"
benchmark|batch=24|index=118,24,118,Anna Kendrick,Anna Kendrick in an official photo,benchmark/images/batch_024/image_0118.png,True,Anna Kendrick,0.9998465776443481,True,"[{""name"": ""Anna Kendrick"", ""probability"": 0.9998465776443481}, {""name"": ""Alexandra Daddario"", ""probability"": 3.3520886063342914e-05}, {""name"": ""Avril Lavigne"", ""probability"": 2.634243355714716e-05}, {""name"": ""Lake Bell"", ""probability"": 1.2929458534927107e-05}, {""name"": ""Selma Blair"", ""probability"": 8.59506235428853e-06}]"
benchmark|batch=24|index=119,24,119,Anne Hathaway,an image capturing Anne Hathaway at a public event,benchmark/images/batch_024/image_0119.png,True,Anne Hathaway,0.9999887943267822,True,"[{""name"": ""Anne Hathaway"", ""probability"": 0.9999887943267822}, {""name"": ""Andy Murray"", ""probability"": 1.4410179574042559e-06}, {""name"": ""Felicia Day"", ""probability"": 1.239781795447925e-06}, {""name"": ""Joan Crawford"", ""probability"": 1.0089154329762096e-06}, {""name"": ""Margot Robbie"", ""probability"": 9.173138550977455e-07}]"
benchmark|batch=24|index=120,24,120,Adam Driver,a portrait of Adam Driver,benchmark/images/batch_024/image_0120.png,True,Freddie Mercury,0.2662345767021179,False,"[{""name"": ""Freddie Mercury"", ""probability"": 0.2662345767021179}, {""name"": ""Adam Driver"", ""probability"": 0.10596384853124619}, {""name"": ""Matt Bellamy"", ""probability"": 0.08736220747232437}, {""name"": ""Adrien Brody"", ""probability"": 0.08130451291799545}, {""name"": ""Matthew Mcconaughey"", ""probability"": 0.08124995231628418}]"
benchmark|batch=24|index=121,24,121,Adriana Lima,a sketch of Adriana Lima,benchmark/images/batch_024/image_0121.png,True,Adriana Lima,0.9648181796073914,True,"[{""name"": ""Adriana Lima"", ""probability"": 0.9648181796073914}, {""name"": ""Megan Fox"", ""probability"": 0.008659178391098976}, {""name"": ""Jaimie Alexander"", ""probability"": 0.007300123572349548}, {""name"": ""Nelly Furtado"", ""probability"": 0.0034289334435015917}, {""name"": ""Jeffree Star"", ""probability"": 0.0018142734188586473}]"
benchmark|batch=24|index=122,24,122,Amber Heard,an oil painting of Amber Heard,benchmark/images/batch_024/image_0122.png,True,Amber Heard,0.9933100938796997,True,"[{""name"": ""Amber Heard"", ""probability"": 0.9933100938796997}, {""name"": ""Amber Benson"", ""probability"": 0.005887866951525211}, {""name"": ""Rebecca Gayheart"", ""probability"": 0.00033398292725905776}, {""name"": ""Allison Harvard"", ""probability"": 0.00010946561087621376}, {""name"": ""Joan Crawford"", ""probability"": 3.2898424251470715e-05}]"
benchmark|batch=24|index=123,24,123,Amy Adams,Amy Adams in an official photo,benchmark/images/batch_024/image_0123.png,True,Amy Adams,0.9989669322967529,True,"[{""name"": ""Amy Adams"", ""probability"": 0.9989669322967529}, {""name"": ""Sarah Rafferty"", ""probability"": 0.000420219061197713}, {""name"": ""Amy Schumer"", ""probability"": 0.0002932533679995686}, {""name"": ""Elizabeth Montgomery"", ""probability"": 0.00013188173761591315}, {""name"": ""Avril Lavigne"", ""probability"": 6.132626003818586e-05}]"
benchmark|batch=24|index=124,24,124,Andrew Garfield,an image capturing Andrew Garfield at a public event,benchmark/images/batch_024/image_0124.png,True,Andrew Garfield,0.9997459053993225,True,"[{""name"": ""Andrew Garfield"", ""probability"": 0.9997459053993225}, {""name"": ""Henry Rollins"", ""probability"": 0.0002325784444110468}, {""name"": ""Brendon Urie"", ""probability"": 7.768319846945815e-06}, {""name"": ""Dave Franco"", ""probability"": 5.222117124503711e-06}, {""name"": ""Darren Criss"", ""probability"": 1.56023259023641e-06}]"
benchmark|batch=24|index=125,24,125,Angelina Jolie,a portrait of Angelina Jolie,benchmark/images/batch_024/image_0125.png,True,Angelina Jolie,0.9999991655349731,True,"[{""name"": ""Angelina Jolie"", ""probability"": 0.9999991655349731}, {""name"": ""Gal Gadot"", ""probability"": 2.737636179972469e-07}, {""name"": ""Paris Jackson"", ""probability"": 1.701118037544802e-07}, {""name"": ""Amanda Seyfried"", ""probability"": 7.676333524386791e-08}, {""name"": ""Elizabeth Berkley"", ""probability"": 6.155203635671569e-08}]"
benchmark|batch=24|index=126,24,126,Anjelica Huston,a sketch of Anjelica Huston,benchmark/images/batch_024/image_0126.png,True,Anjelica Huston,0.998357892036438,True,"[{""name"": ""Anjelica Huston"", ""probability"": 0.998357892036438}, {""name"": ""Julia Roberts"", ""probability"": 0.0003241531958337873}, {""name"": ""Sarah Jessica Parker"", ""probability"": 0.00019558868370950222}, {""name"": ""Meryl Streep"", ""probability"": 0.00016944701201282442}, {""name"": ""Glenn Close"", ""probability"": 0.00013405551726464182}]"
benchmark|batch=24|index=127,24,127,Anna Faris,an oil painting of Anna Faris,benchmark/images/batch_024/image_0127.png,True,Anna Faris,0.9988276362419128,True,"[{""name"": ""Anna Faris"", ""probability"": 0.9988276362419128}, {""name"": ""Sarah Michelle Gellar"", ""probability"": 0.00027320138178765774}, {""name"": ""Taylor Momsen"", ""probability"": 0.00018117677245754749}, {""name"": ""Britney Spears"", ""probability"": 0.00013189918536227196}, {""name"": ""Charlize Theron"", ""probability"": 0.00011852764873765409}]"
benchmark|batch=24|index=128,24,128,Anna Kendrick,Anna Kendrick in an official photo,benchmark/images/batch_024/image_0128.png,True,Anna Kendrick,0.8467817902565002,True,"[{""name"": ""Anna Kendrick"", ""probability"": 0.8467817902565002}, {""name"": ""Marisa Tomei"", ""probability"": 0.0584123395383358}, {""name"": ""Alexandra Daddario"", ""probability"": 0.03446995094418526}, {""name"": ""Kate Mara"", ""probability"": 0.026067297905683517}, {""name"": ""Christine Baranski"", ""probability"": 0.017179453745484352}]"
benchmark|batch=24|index=129,24,129,Anne Hathaway,an image capturing Anne Hathaway at a public event,benchmark/images/batch_024/image_0129.png,True,Chandler Riggs,0.7265483736991882,False,"[{""name"": ""Chandler Riggs"", ""probability"": 0.7265483736991882}, {""name"": ""Greyson Chance"", ""probability"": 0.15047375857830048}, {""name"": ""Louis Tomlinson"", ""probability"": 0.025389837101101875}, {""name"": ""Mike Myers"", ""probability"": 0.01266764011234045}, {""name"": ""Michael Fox"", ""probability"": 0.010692063719034195}]"
benchmark|batch=24|index=130,24,130,Adam Driver,a portrait of Adam Driver,benchmark/images/batch_024/image_0130.png,True,Adam Driver,0.9720934629440308,True,"[{""name"": ""Adam Driver"", ""probability"": 0.9720934629440308}, {""name"": ""Freddie Mercury"", ""probability"": 0.012721763923764229}, {""name"": ""Josh Hartnett"", ""probability"": 0.0048135980032384396}, {""name"": ""Keanu Reeves"", ""probability"": 0.0012804587604478002}, {""name"": ""Natalie Portman"", ""probability"": 0.0008787431288510561}]"
benchmark|batch=24|index=131,24,131,Adriana Lima,a sketch of Adriana Lima,benchmark/images/batch_024/image_0131.png,True,Adriana Lima,0.7971183657646179,True,"[{""name"": ""Adriana Lima"", ""probability"": 0.7971183657646179}, {""name"": ""Eva Green"", ""probability"": 0.05494166538119316}, {""name"": ""Amy Lee"", ""probability"": 0.023943867534399033}, {""name"": ""Jeffree Star"", ""probability"": 0.010104571469128132}, {""name"": ""Angelina Jolie"", ""probability"": 0.009429370053112507}]"
benchmark|batch=24|index=132,24,132,Amber Heard,an oil painting of Amber Heard,benchmark/images/batch_024/image_0132.png,True,Amber Heard,0.9832901358604431,True,"[{""name"": ""Amber Heard"", ""probability"": 0.9832901358604431}, {""name"": ""Amber Benson"", ""probability"": 0.013937955722212791}, {""name"": ""Natasha Lyonne"", ""probability"": 0.0004759382572956383}, {""name"": ""Rebecca Gayheart"", ""probability"": 0.00040112168062478304}, {""name"": ""Christina Aguilera"", ""probability"": 0.00032257847487926483}]"
benchmark|batch=24|index=133,24,133,Amy Adams,Amy Adams in an official photo,benchmark/images/batch_024/image_0133.png,True,Amy Adams,0.9991426467895508,True,"[{""name"": ""Amy Adams"", ""probability"": 0.9991426467895508}, {""name"": ""Natasha Lyonne"", ""probability"": 0.0001898523623822257}, {""name"": ""Fairuza Balk"", ""probability"": 0.00015375182556454092}, {""name"": ""Sarah Rafferty"", ""probability"": 0.00014110164192970842}, {""name"": ""Elizabeth Montgomery"", ""probability"": 7.39454771974124e-05}]"
benchmark|batch=24|index=134,24,134,Andrew Garfield,an image capturing Andrew Garfield at a public event,benchmark/images/batch_024/image_0134.png,True,Matt Lanter,0.23508384823799133,False,"[{""name"": ""Matt Lanter"", ""probability"": 0.23508384823799133}, {""name"": ""Charlie Puth"", ""probability"": 0.11922221630811691}, {""name"": ""Drake Bell"", ""probability"": 0.10886968672275543}, {""name"": ""Andrew Garfield"", ""probability"": 0.10427834093570709}, {""name"": ""Kevin Jonas"", ""probability"": 0.07281821966171265}]"
benchmark|batch=24|index=135,24,135,Angelina Jolie,a portrait of Angelina Jolie,benchmark/images/batch_024/image_0135.png,True,Angelina Jolie,0.9999951124191284,True,"[{""name"": ""Angelina Jolie"", ""probability"": 0.9999951124191284}, {""name"": ""Eliza Dushku"", ""probability"": 1.532325086373021e-06}, {""name"": ""Christina Ricci"", ""probability"": 4.7436307681891776e-07}, {""name"": ""Stana Katic"", ""probability"": 2.6234420147375204e-07}, {""name"": ""Eva Green"", ""probability"": 2.050550591548017e-07}]"
benchmark|batch=24|index=136,24,136,Anjelica Huston,a sketch of Anjelica Huston,benchmark/images/batch_024/image_0136.png,True,Anjelica Huston,0.998689591884613,True,"[{""name"": ""Anjelica Huston"", ""probability"": 0.998689591884613}, {""name"": ""Meryl Streep"", ""probability"": 0.0002958762343041599}, {""name"": ""Glenn Close"", ""probability"": 0.0002498408721294254}, {""name"": ""Faye Dunaway"", ""probability"": 0.0001267910556634888}, {""name"": ""Moria Casan"", ""probability"": 0.00012403905566316098}]"
benchmark|batch=24|index=137,24,137,Anna Faris,an oil painting of Anna Faris,benchmark/images/batch_024/image_0137.png,True,Anna Faris,0.982154130935669,True,"[{""name"": ""Anna Faris"", ""probability"": 0.982154130935669}, {""name"": ""Courtney Love"", ""probability"": 0.00215044803917408}, {""name"": ""Pauley Perrette"", ""probability"": 0.0020630070939660072}, {""name"": ""Paula Deen"", ""probability"": 0.001961840782314539}, {""name"": ""Mircea Monroe"", ""probability"": 0.0015919137513265014}]"
benchmark|batch=24|index=138,24,138,Anna Kendrick,Anna Kendrick in an official photo,benchmark/images/batch_024/image_0138.png,True,Anna Kendrick,0.9994550943374634,True,"[{""name"": ""Anna Kendrick"", ""probability"": 0.9994550943374634}, {""name"": ""Kate Mara"", ""probability"": 0.0003331767802592367}, {""name"": ""Kristen Stewart"", ""probability"": 6.779931572964415e-05}, {""name"": ""Lacey Chabert"", ""probability"": 4.4805987272411585e-05}, {""name"": ""Christine Baranski"", ""probability"": 1.4102015484240837e-05}]"
benchmark|batch=24|index=139,24,139,Anne Hathaway,an image capturing Anne Hathaway at a public event,benchmark/images/batch_024/image_0139.png,False,,,False,[]
benchmark|batch=24|index=140,24,140,Adam Driver,a portrait of Adam Driver,benchmark/images/batch_024/image_0140.png,True,Adam Driver,0.9990667104721069,True,"[{""name"": ""Adam Driver"", ""probability"": 0.9990667104721069}, {""name"": ""Lily Tomlin"", ""probability"": 0.0007140412926673889}, {""name"": ""Steven Tyler"", ""probability"": 8.826567500364035e-05}, {""name"": ""Josh Dun"", ""probability"": 2.0766639863722958e-05}, {""name"": ""Aj Styles"", ""probability"": 1.140071890404215e-05}]"
benchmark|batch=24|index=141,24,141,Adriana Lima,a sketch of Adriana Lima,benchmark/images/batch_024/image_0141.png,True,Adriana Lima,0.9757670760154724,True,"[{""name"": ""Adriana Lima"", ""probability"": 0.9757670760154724}, {""name"": ""Lucy Hale"", ""probability"": 0.007573481183499098}, {""name"": ""Jenna Dewan"", ""probability"": 0.0024827029556035995}, {""name"": ""Jaimie Alexander"", ""probability"": 0.0018573087872937322}, {""name"": ""Lily Aldridge"", ""probability"": 0.001415864797309041}]"
benchmark|batch=24|index=142,24,142,Amber Heard,an oil painting of Amber Heard,benchmark/images/batch_024/image_0142.png,True,Amber Heard,0.9862171411514282,True,"[{""name"": ""Amber Heard"", ""probability"": 0.9862171411514282}, {""name"": ""Amber Benson"", ""probability"": 0.008823479525744915}, {""name"": ""Iggy Azalea"", ""probability"": 0.0010379276936873794}, {""name"": ""Bette Davis"", ""probability"": 0.0008241900359280407}, {""name"": ""Belen Esteban"", ""probability"": 0.0003939412999898195}]"
benchmark|batch=24|index=143,24,143,Amy Adams,Amy Adams in an official photo,benchmark/images/batch_024/image_0143.png,True,Amy Adams,0.9976223111152649,True,"[{""name"": ""Amy Adams"", ""probability"": 0.9976223111152649}, {""name"": ""Heidi Klum"", ""probability"": 0.0008119499543681741}, {""name"": ""Sarah Rafferty"", ""probability"": 0.00026605871971696615}, {""name"": ""Elizabeth Montgomery"", ""probability"": 0.00026348294341005385}, {""name"": ""Jenna Fischer"", ""probability"": 0.000249131815508008}]"
benchmark|batch=24|index=144,24,144,Andrew Garfield,an image capturing Andrew Garfield at a public event,benchmark/images/batch_024/image_0144.png,True,Andrew Garfield,0.9928132891654968,True,"[{""name"": ""Andrew Garfield"", ""probability"": 0.9928132891654968}, {""name"": ""Zachary Quinto"", ""probability"": 0.0016255495138466358}, {""name"": ""Chris Pine"", ""probability"": 0.0008361557265743613}, {""name"": ""Charlie Weber"", ""probability"": 0.0008101966232061386}, {""name"": ""Peter Gallagher"", ""probability"": 0.0007801837637089193}]"
benchmark|batch=24|index=145,24,145,Angelina Jolie,a portrait of Angelina Jolie,benchmark/images/batch_024/image_0145.png,True,Angelina Jolie,0.9999988079071045,True,"[{""name"": ""Angelina Jolie"", ""probability"": 0.9999988079071045}, {""name"": ""Eliza Dushku"", ""probability"": 3.6873984754492994e-07}, {""name"": ""Jennifer Lopez"", ""probability"": 2.0641394371523347e-07}, {""name"": ""Cheyenne Jackson"", ""probability"": 7.45603685459173e-08}, {""name"": ""Stana Katic"", ""probability"": 7.129353463142252e-08}]"
benchmark|batch=24|index=146,24,146,Anjelica Huston,a sketch of Anjelica Huston,benchmark/images/batch_024/image_0146.png,True,Anjelica Huston,0.9977890253067017,True,"[{""name"": ""Anjelica Huston"", ""probability"": 0.9977890253067017}, {""name"": ""Frances Conroy"", ""probability"": 0.000803218805231154}, {""name"": ""Laura Pausini"", ""probability"": 0.000335515447659418}, {""name"": ""Marilyn Manson"", ""probability"": 0.0001043424490489997}, {""name"": ""Amy Poehler"", ""probability"": 0.0001028440601658076}]"
benchmark|batch=24|index=147,24,147,Anna Faris,an oil painting of Anna Faris,benchmark/images/batch_024/image_0147.png,True,Anna Faris,0.9843401312828064,True,"[{""name"": ""Anna Faris"", ""probability"": 0.9843401312828064}, {""name"": ""Taylor Momsen"", ""probability"": 0.012140183709561825}, {""name"": ""Courtney Love"", ""probability"": 0.0013752084923908114}, {""name"": ""Julianne Hough"", ""probability"": 0.000451464467914775}, {""name"": ""Sheri Moon Zombie"", ""probability"": 0.0003226406406611204}]"
benchmark|batch=24|index=148,24,148,Anna Kendrick,Anna Kendrick in an official photo,benchmark/images/batch_024/image_0148.png,True,Anna Kendrick,0.9997642636299133,True,"[{""name"": ""Anna Kendrick"", ""probability"": 0.9997642636299133}, {""name"": ""Marisa Tomei"", ""probability"": 5.6390490499325097e-05}, {""name"": ""Lake Bell"", ""probability"": 2.9464803446899168e-05}, {""name"": ""Amy Winehouse"", ""probability"": 2.449660860293079e-05}, {""name"": ""Mayim Bialik"", ""probability"": 2.1980320525472052e-05}]"
benchmark|batch=24|index=149,24,149,Anne Hathaway,an image capturing Anne Hathaway at a public event,benchmark/images/batch_024/image_0149.png,True,Christopher Lambert,0.7614209651947021,False,"[{""name"": ""Christopher Lambert"", ""probability"": 0.7614209651947021}, {""name"": ""Peter Weller"", ""probability"": 0.11835511028766632}, {""name"": ""Rupaul"", ""probability"": 0.024342522025108337}, {""name"": ""George Carlin"", ""probability"": 0.017583413049578667}, {""name"": ""Billy Zane"", ""probability"": 0.016765110194683075}]"
benchmark|batch=32|index=150,32,150,Adam Driver,a portrait of Adam Driver,benchmark/images/batch_032/image_0150.png,True,Adam Driver,0.9752652645111084,True,"[{""name"": ""Adam Driver"", ""probability"": 0.9752652645111084}, {""name"": ""Shawnee Smith"", ""probability"": 0.0099943233653903}, {""name"": ""Avi Kaplan"", ""probability"": 0.0027636438608169556}, {""name"": ""Zlatan Ibrahimovic"", ""probability"": 0.001184097258374095}, {""name"": ""Freddie Mercury"", ""probability"": 0.001128438045270741}]"
benchmark|batch=32|index=151,32,151,Adriana Lima,a sketch of Adriana Lima,benchmark/images/batch_032/image_0151.png,True,Adriana Lima,0.9974831342697144,True,"[{""name"": ""Adriana Lima"", ""probability"": 0.9974831342697144}, {""name"": ""Natalie Portman"", ""probability"": 0.0013375047128647566}, {""name"": ""Nelly Furtado"", ""probability"": 0.0008877540240064263}, {""name"": ""Carol Alt"", ""probability"": 3.978990207542665e-05}, {""name"": ""Scarlett Johansson"", ""probability"": 2.9050619559711777e-05}]"
benchmark|batch=32|index=152,32,152,Amber Heard,an oil painting of Amber Heard,benchmark/images/batch_032/image_0152.png,True,Amber Heard,0.9935047030448914,True,"[{""name"": ""Amber Heard"", ""probability"": 0.9935047030448914}, {""name"": ""Amber Benson"", ""probability"": 0.0031482242047786713}, {""name"": ""Judy Greer"", ""probability"": 0.0013755147811025381}, {""name"": ""Deborah Ann Woll"", ""probability"": 0.00041644854354672134}, {""name"": ""Amanda Seyfried"", ""probability"": 0.00036786377313546836}]"
benchmark|batch=32|index=153,32,153,Amy Adams,Amy Adams in an official photo,benchmark/images/batch_032/image_0153.png,True,Amy Adams,0.9991428852081299,True,"[{""name"": ""Amy Adams"", ""probability"": 0.9991428852081299}, {""name"": ""Elizabeth Montgomery"", ""probability"": 0.0003928749356418848}, {""name"": ""Sarah Rafferty"", ""probability"": 0.00022374668333213776}, {""name"": ""Avril Lavigne"", ""probability"": 0.00017641681188251823}, {""name"": ""Amy Schumer"", ""probability"": 1.4226740859157871e-05}]"
benchmark|batch=32|index=154,32,154,Andrew Garfield,an image capturing Andrew Garfield at a public event,benchmark/images/batch_032/image_0154.png,True,Ringo Starr,0.895969808101654,False,"[{""name"": ""Ringo Starr"", ""probability"": 0.895969808101654}, {""name"": ""George Harrison"", ""probability"": 0.038838133215904236}, {""name"": ""Mayim Bialik"", ""probability"": 0.02568381279706955}, {""name"": ""John Oliver"", ""probability"": 0.01313791237771511}, {""name"": ""Shahrukh Khan"", ""probability"": 0.007818040437996387}]"
benchmark|batch=32|index=155,32,155,Angelina Jolie,a portrait of Angelina Jolie,benchmark/images/batch_032/image_0155.png,True,Angelina Jolie,0.9999825954437256,True,"[{""name"": ""Angelina Jolie"", ""probability"": 0.9999825954437256}, {""name"": ""Eva Green"", ""probability"": 6.580583431059495e-06}, {""name"": ""Ashlee Simpson"", ""probability"": 9.62314061325742e-07}, {""name"": ""Paris Jackson"", ""probability"": 8.880017503543058e-07}, {""name"": ""Debbie Harry"", ""probability"": 7.870231684137252e-07}]"
benchmark|batch=32|index=156,32,156,Anjelica Huston,a sketch of Anjelica Huston,benchmark/images/batch_032/image_0156.png,True,Anjelica Huston,0.9983012080192566,True,"[{""name"": ""Anjelica Huston"", ""probability"": 0.9983012080192566}, {""name"": ""Frances Conroy"", ""probability"": 0.001358421752229333}, {""name"": ""Elizabeth Taylor"", ""probability"": 7.487132825190201e-05}, {""name"": ""Cher"", ""probability"": 5.4326505050994456e-05}, {""name"": ""Julianne Moore"", ""probability"": 3.483580439933576e-05}]"
benchmark|batch=32|index=157,32,157,Anna Faris,an oil painting of Anna Faris,benchmark/images/batch_032/image_0157.png,True,Anna Faris,0.9993387460708618,True,"[{""name"": ""Anna Faris"", ""probability"": 0.9993387460708618}, {""name"": ""Hayley Williams"", ""probability"": 0.0003994895960204303}, {""name"": ""Christina Ricci"", ""probability"": 5.703766873921268e-05}, {""name"": ""Taylor Momsen"", ""probability"": 4.561198875308037e-05}, {""name"": ""Courtney Love"", ""probability"": 3.7036941648693755e-05}]"
benchmark|batch=32|index=158,32,158,Anna Kendrick,Anna Kendrick in an official photo,benchmark/images/batch_032/image_0158.png,True,Anna Kendrick,0.9998445510864258,True,"[{""name"": ""Anna Kendrick"", ""probability"": 0.9998445510864258}, {""name"": ""Kate Mara"", ""probability"": 0.00011202340829186141}, {""name"": ""Alexandra Daddario"", ""probability"": 2.702927667996846e-05}, {""name"": ""Avril Lavigne"", ""probability"": 9.04616535990499e-06}, {""name"": ""Hayley Williams"", ""probability"": 2.1093294435559073e-06}]"
benchmark|batch=32|index=159,32,159,Anne Hathaway,an image capturing Anne Hathaway at a public event,benchmark/images/batch_032/image_0159.png,True,Anne Hathaway,0.9999707937240601,True,"[{""name"": ""Anne Hathaway"", ""probability"": 0.9999707937240601}, {""name"": ""Elisabeth Moss"", ""probability"": 8.328858712047804e-06}, {""name"": ""Joan Crawford"", ""probability"": 4.289026037440635e-06}, {""name"": ""Milla Jovovich"", ""probability"": 3.698249429362477e-06}, {""name"": ""Margot Robbie"", ""probability"": 1.57869635586394e-06}]"
benchmark|batch=32|index=160,32,160,Adam Driver,a portrait of Adam Driver,benchmark/images/batch_032/image_0160.png,True,Adam Driver,0.9997896552085876,True,"[{""name"": ""Adam Driver"", ""probability"": 0.9997896552085876}, {""name"": ""Paul Dano"", ""probability"": 7.992452447069809e-05}, {""name"": ""Keanu Reeves"", ""probability"": 2.200072049163282e-05}, {""name"": ""Freddie Mercury"", ""probability"": 1.9688732209033333e-05}, {""name"": ""Avi Kaplan"", ""probability"": 1.5523581168963574e-05}]"
benchmark|batch=32|index=161,32,161,Adriana Lima,a sketch of Adriana Lima,benchmark/images/batch_032/image_0161.png,True,Gal Gadot,0.4091686010360718,False,"[{""name"": ""Gal Gadot"", ""probability"": 0.4091686010360718}, {""name"": ""Adriana Lima"", ""probability"": 0.20882371068000793}, {""name"": ""Chris Cornell"", ""probability"": 0.1921055167913437}, {""name"": ""Jessica Alba"", ""probability"": 0.0336766391992569}, {""name"": ""Trey Songz"", ""probability"": 0.025971269235014915}]"
benchmark|batch=32|index=162,32,162,Amber Heard,an oil painting of Amber Heard,benchmark/images/batch_032/image_0162.png,True,Amber Heard,0.9941956400871277,True,"[{""name"": ""Amber Heard"", ""probability"": 0.9941956400871277}, {""name"": ""Amber Benson"", ""probability"": 0.0034308936446905136}, {""name"": ""Aubrey Plaza"", ""probability"": 0.0003376396489329636}, {""name"": ""Iggy Azalea"", ""probability"": 0.0003123421629425138}, {""name"": ""Lili Reinhart"", ""probability"": 0.00029571933555416763}]"
benchmark|batch=32|index=163,32,163,Amy Adams,Amy Adams in an official photo,benchmark/images/batch_032/image_0163.png,True,Amy Adams,0.9997976422309875,True,"[{""name"": ""Amy Adams"", ""probability"": 0.9997976422309875}, {""name"": ""Heidi Klum"", ""probability"": 0.00017081380065064877}, {""name"": ""Fairuza Balk"", ""probability"": 1.1269378774159122e-05}, {""name"": ""Avril Lavigne"", ""probability"": 8.754239388508722e-06}, {""name"": ""Sarah Rafferty"", ""probability"": 2.861558414224419e-06}]"
benchmark|batch=32|index=164,32,164,Andrew Garfield,an image capturing Andrew Garfield at a public event,benchmark/images/batch_032/image_0164.png,True,Andrew Garfield,0.9997532963752747,True,"[{""name"": ""Andrew Garfield"", ""probability"": 0.9997532963752747}, {""name"": ""Peter Gallagher"", ""probability"": 5.223080006544478e-05}, {""name"": ""Timothy Olyphant"", ""probability"": 2.288860378030222e-05}, {""name"": ""Felicia Day"", ""probability"": 2.0015897462144494e-05}, {""name"": ""Jason Bateman"", ""probability"": 1.5911880836938508e-05}]"
benchmark|batch=32|index=165,32,165,Angelina Jolie,a portrait of Angelina Jolie,benchmark/images/batch_032/image_0165.png,True,Angelina Jolie,0.9999877214431763,True,"[{""name"": ""Angelina Jolie"", ""probability"": 0.9999877214431763}, {""name"": ""Amanda Seyfried"", ""probability"": 2.28483759201481e-06}, {""name"": ""Gal Gadot"", ""probability"": 2.2095027816249058e-06}, {""name"": ""Debbie Harry"", ""probability"": 9.065255994755717e-07}, {""name"": ""Eliza Dushku"", ""probability"": 7.757052458146063e-07}]"
benchmark|batch=32|index=166,32,166,Anjelica Huston,a sketch of Anjelica Huston,benchmark/images/batch_032/image_0166.png,True,Anjelica Huston,0.9874901175498962,True,"[{""name"": ""Anjelica Huston"", ""probability"": 0.9874901175498962}, {""name"": ""Frances Conroy"", ""probability"": 0.011355875991284847}, {""name"": ""Greta Garbo"", ""probability"": 0.0004100001824554056}, {""name"": ""Carrie Fisher"", ""probability"": 0.0001710185024421662}, {""name"": ""Betty White"", ""probability"": 0.00011252415424678475}]"
benchmark|batch=32|index=167,32,167,Anna Faris,an oil painting of Anna Faris,benchmark/images/batch_032/image_0167.png,True,Anna Faris,0.5933997631072998,True,"[{""name"": ""Anna Faris"", ""probability"": 0.5933997631072998}, {""name"": ""Courtney Love"", ""probability"": 0.3348672688007355}, {""name"": ""Florence Henderson"", ""probability"": 0.016730641946196556}, {""name"": ""Mircea Monroe"", ""probability"": 0.015485950745642185}, {""name"": ""Christina Ricci"", ""probability"": 0.012901759706437588}]"
benchmark|batch=32|index=168,32,168,Anna Kendrick,Anna Kendrick in an official photo,benchmark/images/batch_032/image_0168.png,True,Anna Kendrick,0.7834766507148743,True,"[{""name"": ""Anna Kendrick"", ""probability"": 0.7834766507148743}, {""name"": ""Kate Mara"", ""probability"": 0.14884422719478607}, {""name"": ""Celine Dion"", ""probability"": 0.042164888232946396}, {""name"": ""Jodie Sweetin"", ""probability"": 0.006752200424671173}, {""name"": ""Lily Rabe"", ""probability"": 0.0054961214773356915}]"
benchmark|batch=32|index=169,32,169,Anne Hathaway,an image capturing Anne Hathaway at a public event,benchmark/images/batch_032/image_0169.png,True,Anne Hathaway,1.0,True,"[{""name"": ""Anne Hathaway"", ""probability"": 1.0}, {""name"": ""Eva Mendes"", ""probability"": 2.8049246258987637e-10}, {""name"": ""Felicia Day"", ""probability"": 5.022145893596175e-11}, {""name"": ""Amy Winehouse"", ""probability"": 3.699377956745131e-11}, {""name"": ""Margot Robbie"", ""probability"": 3.0466899836323336e-11}]"
benchmark|batch=32|index=170,32,170,Adam Driver,a portrait of Adam Driver,benchmark/images/batch_032/image_0170.png,True,Adam Driver,0.9996395111083984,True,"[{""name"": ""Adam Driver"", ""probability"": 0.9996395111083984}, {""name"": ""Marilyn Manson"", ""probability"": 0.00028122449293732643}, {""name"": ""Bob Marley"", ""probability"": 1.5007774891273584e-05}, {""name"": ""Avi Kaplan"", ""probability"": 1.0890496923821047e-05}, {""name"": ""Joey Graceffa"", ""probability"": 7.829213245713618e-06}]"
benchmark|batch=32|index=171,32,171,Adriana Lima,a sketch of Adriana Lima,benchmark/images/batch_032/image_0171.png,True,Adriana Lima,0.9995425939559937,True,"[{""name"": ""Adriana Lima"", ""probability"": 0.9995425939559937}, {""name"": ""Anna Nicole Smith"", ""probability"": 0.0002050646289717406}, {""name"": ""Fairuza Balk"", ""probability"": 7.283229206223041e-05}, {""name"": ""Halle Berry"", ""probability"": 1.9978479031124152e-05}, {""name"": ""Jenna Dewan"", ""probability"": 1.5171990526141599e-05}]"
benchmark|batch=32|index=172,32,172,Amber Heard,an oil painting of Amber Heard,benchmark/images/batch_032/image_0172.png,True,Amber Heard,0.9685758352279663,True,"[{""name"": ""Amber Heard"", ""probability"": 0.9685758352279663}, {""name"": ""Amber Benson"", ""probability"": 0.026500647887587547}, {""name"": ""Allison Harvard"", ""probability"": 0.002827425953000784}, {""name"": ""Aubrey Plaza"", ""probability"": 0.0010663620196282864}, {""name"": ""Amanda Seyfried"", ""probability"": 0.00022903121134731919}]"
benchmark|batch=32|index=173,32,173,Amy Adams,Amy Adams in an official photo,benchmark/images/batch_032/image_0173.png,True,Amy Adams,0.9993501305580139,True,"[{""name"": ""Amy Adams"", ""probability"": 0.9993501305580139}, {""name"": ""Avril Lavigne"", ""probability"": 0.00025214964989572763}, {""name"": ""Sarah Rafferty"", ""probability"": 0.00014268510858528316}, {""name"": ""Natasha Lyonne"", ""probability"": 5.717605017707683e-05}, {""name"": ""Mae Clarke"", ""probability"": 2.3740765755064785e-05}]"
benchmark|batch=32|index=174,32,174,Andrew Garfield,an image capturing Andrew Garfield at a public event,benchmark/images/batch_032/image_0174.png,True,Andrew Garfield,0.9605132341384888,True,"[{""name"": ""Andrew Garfield"", ""probability"": 0.9605132341384888}, {""name"": ""Dave Franco"", ""probability"": 0.015707673504948616}, {""name"": ""Andy Murray"", ""probability"": 0.009505214169621468}, {""name"": ""Kendall Schmidt"", ""probability"": 0.001547657884657383}, {""name"": ""Bradley Gregg"", ""probability"": 0.0011018719524145126}]"
benchmark|batch=32|index=175,32,175,Angelina Jolie,a portrait of Angelina Jolie,benchmark/images/batch_032/image_0175.png,True,Angelina Jolie,0.9981400966644287,True,"[{""name"": ""Angelina Jolie"", ""probability"": 0.9981400966644287}, {""name"": ""Sherilyn Fenn"", ""probability"": 0.0008982857689261436}, {""name"": ""Toni Braxton"", ""probability"": 0.0004320277366787195}, {""name"": ""Ginnifer Goodwin"", ""probability"": 0.0003329815517645329}, {""name"": ""Charlize Theron"", ""probability"": 5.926634185016155e-05}]"
benchmark|batch=32|index=176,32,176,Anjelica Huston,a sketch of Anjelica Huston,benchmark/images/batch_032/image_0176.png,True,Anjelica Huston,0.9415971636772156,True,"[{""name"": ""Anjelica Huston"", ""probability"": 0.9415971636772156}, {""name"": ""Joan Crawford"", ""probability"": 0.026332374662160873}, {""name"": ""Meryl Streep"", ""probability"": 0.009777801111340523}, {""name"": ""Alaska Thunderfuck"", ""probability"": 0.006197498645633459}, {""name"": ""Kirstie Alley"", ""probability"": 0.0021228620316833258}]"
benchmark|batch=32|index=177,32,177,Anna Faris,an oil painting of Anna Faris,benchmark/images/batch_032/image_0177.png,True,Anna Faris,0.6931792497634888,True,"[{""name"": ""Anna Faris"", ""probability"": 0.6931792497634888}, {""name"": ""Taylor Momsen"", ""probability"": 0.15177805721759796}, {""name"": ""Courtney Love"", ""probability"": 0.11300483345985413}, {""name"": ""Tara Reid"", ""probability"": 0.02253914810717106}, {""name"": ""Jessica Nigri"", ""probability"": 0.004035831894725561}]"
benchmark|batch=32|index=178,32,178,Anna Kendrick,Anna Kendrick in an official photo,benchmark/images/batch_032/image_0178.png,True,Anna Kendrick,0.9995161294937134,True,"[{""name"": ""Anna Kendrick"", ""probability"": 0.9995161294937134}, {""name"": ""Kate Mara"", ""probability"": 0.00021383263811003417}, {""name"": ""Christine Baranski"", ""probability"": 8.916914521250874e-05}, {""name"": ""Avril Lavigne"", ""probability"": 2.5252595150959678e-05}, {""name"": ""Celine Dion"", ""probability"": 2.4704628231120296e-05}]"
benchmark|batch=32|index=179,32,179,Anne Hathaway,an image capturing Anne Hathaway at a public event,benchmark/images/batch_032/image_0179.png,True,Jean Harlow,0.38169896602630615,False,"[{""name"": ""Jean Harlow"", ""probability"": 0.38169896602630615}, {""name"": ""Meryl Streep"", ""probability"": 0.20264941453933716}, {""name"": ""Megan Mullally"", ""probability"": 0.07562646269798279}, {""name"": ""John Hodgman"", ""probability"": 0.04200969263911247}, {""name"": ""Ariel Winter"", ""probability"": 0.03597061336040497}]"
benchmark|batch=32|index=180,32,180,Adam Driver,a portrait of Adam Driver,benchmark/images/batch_032/image_0180.png,False,,,False,[]
benchmark|batch=32|index=181,32,181,Adriana Lima,a sketch of Adriana Lima,benchmark/images/batch_032/image_0181.png,True,Adriana Lima,0.9100838899612427,True,"[{""name"": ""Adriana Lima"", ""probability"": 0.9100838899612427}, {""name"": ""Angelina Jolie"", ""probability"": 0.01720154844224453}, {""name"": ""Nelly Furtado"", ""probability"": 0.011693422682583332}, {""name"": ""Anna Nicole Smith"", ""probability"": 0.008940308354794979}, {""name"": ""Olivia Munn"", ""probability"": 0.005285975988954306}]"
benchmark|batch=32|index=182,32,182,Amber Heard,an oil painting of Amber Heard,benchmark/images/batch_032/image_0182.png,True,Amber Heard,0.9880114197731018,True,"[{""name"": ""Amber Heard"", ""probability"": 0.9880114197731018}, {""name"": ""Amber Benson"", ""probability"": 0.009302357211709023}, {""name"": ""Arielle Vandenberg"", ""probability"": 0.002330378396436572}, {""name"": ""Lauren German"", ""probability"": 0.00010051697609014809}, {""name"": ""Deborah Ann Woll"", ""probability"": 4.083347084815614e-05}]"
benchmark|batch=32|index=183,32,183,Amy Adams,Amy Adams in an official photo,benchmark/images/batch_032/image_0183.png,True,Amy Adams,0.9856963157653809,True,"[{""name"": ""Amy Adams"", ""probability"": 0.9856963157653809}, {""name"": ""Fairuza Balk"", ""probability"": 0.004035271238535643}, {""name"": ""Avril Lavigne"", ""probability"": 0.0038839669432491064}, {""name"": ""Susan Sarandon"", ""probability"": 0.0009160214685834944}, {""name"": ""Elizabeth Montgomery"", ""probability"": 0.0008854648913256824}]"
benchmark|batch=32|index=184,32,184,Andrew Garfield,an image capturing Andrew Garfield at a public event,benchmark/images/batch_032/image_0184.png,True,Andrew Garfield,0.9988300204277039,True,"[{""name"": ""Andrew Garfield"", ""probability"": 0.9988300204277039}, {""name"": ""Chris Pine"", ""probability"": 0.00037101691123098135}, {""name"": ""Dave Franco"", ""probability"": 0.00024013069923967123}, {""name"": ""Rob Delaney"", ""probability"": 0.00010142350947717205}, {""name"": ""Zac Efron"", ""probability"": 4.27821469202172e-05}]"
benchmark|batch=32|index=185,32,185,Angelina Jolie,a portrait of Angelina Jolie,benchmark/images/batch_032/image_0185.png,True,Angelina Jolie,0.9999933838844299,True,"[{""name"": ""Angelina Jolie"", ""probability"": 0.9999933838844299}, {""name"": ""Paris Jackson"", ""probability"": 1.4004609738549334e-06}, {""name"": ""Eva Green"", ""probability"": 1.2043346941936761e-06}, {""name"": ""Gal Gadot"", ""probability"": 8.318626782966021e-07}, {""name"": ""Cheyenne Jackson"", ""probability"": 3.2196257393479755e-07}]"
benchmark|batch=32|index=186,32,186,Anjelica Huston,a sketch of Anjelica Huston,benchmark/images/batch_032/image_0186.png,True,Anjelica Huston,0.9995967745780945,True,"[{""name"": ""Anjelica Huston"", ""probability"": 0.9995967745780945}, {""name"": ""Katey Sagal"", ""probability"": 0.00017588264017831534}, {""name"": ""Lily Tomlin"", ""probability"": 8.882071415428072e-05}, {""name"": ""Paget Brewster"", ""probability"": 5.0838381866924465e-05}, {""name"": ""Moria Casan"", ""probability"": 1.7002923414111137e-05}]"
benchmark|batch=32|index=187,32,187,Anna Faris,an oil painting of Anna Faris,benchmark/images/batch_032/image_0187.png,True,Anna Faris,0.9807925820350647,True,"[{""name"": ""Anna Faris"", ""probability"": 0.9807925820350647}, {""name"": ""Courtney Love"", ""probability"": 0.01079558301717043}, {""name"": ""Jessica Nigri"", ""probability"": 0.0026501319371163845}, {""name"": ""Hayley Williams"", ""probability"": 0.0016654377104714513}, {""name"": ""Amanda Bynes"", ""probability"": 0.000799961038865149}]"
benchmark|batch=32|index=188,32,188,Anna Kendrick,Anna Kendrick in an official photo,benchmark/images/batch_032/image_0188.png,True,Anna Kendrick,0.9998860359191895,True,"[{""name"": ""Anna Kendrick"", ""probability"": 0.9998860359191895}, {""name"": ""Celine Dion"", ""probability"": 4.4571756006916985e-05}, {""name"": ""Lisa Marie"", ""probability"": 7.478133284166688e-06}, {""name"": ""Ali Larter"", ""probability"": 7.068590093695093e-06}, {""name"": ""Jodie Sweetin"", ""probability"": 4.475326477404451e-06}]"
benchmark|batch=32|index=189,32,189,Anne Hathaway,an image capturing Anne Hathaway at a public event,benchmark/images/batch_032/image_0189.png,True,David Cross,0.20402635633945465,False,"[{""name"": ""David Cross"", ""probability"": 0.20402635633945465}, {""name"": ""Tom Petty"", ""probability"": 0.17434513568878174}, {""name"": ""Eric Wareheim"", ""probability"": 0.10900000482797623}, {""name"": ""Whoopi Goldberg"", ""probability"": 0.0448022224009037}, {""name"": ""Snoop Dogg"", ""probability"": 0.04099045321345329}]"
benchmark|batch=32|index=190,32,190,Adam Driver,a portrait of Adam Driver,benchmark/images/batch_032/image_0190.png,True,Adam Driver,0.9999592900276184,True,"[{""name"": ""Adam Driver"", ""probability"": 0.9999592900276184}, {""name"": ""Bob Marley"", ""probability"": 1.0101060070155654e-05}, {""name"": ""Lily Tomlin"", ""probability"": 6.290700184763409e-06}, {""name"": ""Zlatan Ibrahimovic"", ""probability"": 4.6271302380773704e-06}, {""name"": ""Shawnee Smith"", ""probability"": 2.898703087339527e-06}]"
benchmark|batch=32|index=191,32,191,Adriana Lima,a sketch of Adriana Lima,benchmark/images/batch_032/image_0191.png,True,Adriana Lima,0.9993618726730347,True,"[{""name"": ""Adriana Lima"", ""probability"": 0.9993618726730347}, {""name"": ""Amber Heard"", ""probability"": 0.00020590009808074683}, {""name"": ""Charlize Theron"", ""probability"": 0.00019438388699200004}, {""name"": ""Jenna Dewan"", ""probability"": 3.8996866351226345e-05}, {""name"": ""Heidi Klum"", ""probability"": 2.3420052457368e-05}]"
benchmark|batch=32|index=192,32,192,Amber Heard,an oil painting of Amber Heard,benchmark/images/batch_032/image_0192.png,True,Amber Heard,0.9963657855987549,True,"[{""name"": ""Amber Heard"", ""probability"": 0.9963657855987549}, {""name"": ""Amber Benson"", ""probability"": 0.0032195441890507936}, {""name"": ""Christina Aguilera"", ""probability"": 7.675190136069432e-05}, {""name"": ""Allison Harvard"", ""probability"": 4.487829573918134e-05}, {""name"": ""Iggy Azalea"", ""probability"": 3.369969272171147e-05}]"
benchmark|batch=32|index=193,32,193,Amy Adams,Amy Adams in an official photo,benchmark/images/batch_032/image_0193.png,True,Amy Adams,0.995633602142334,True,"[{""name"": ""Amy Adams"", ""probability"": 0.995633602142334}, {""name"": ""Sarah Rafferty"", ""probability"": 0.0024958059657365084}, {""name"": ""Mae Clarke"", ""probability"": 0.0006965989014133811}, {""name"": ""Elizabeth Montgomery"", ""probability"": 0.0003847012994810939}, {""name"": ""Jenna Fischer"", ""probability"": 0.00025357535923831165}]"
benchmark|batch=32|index=194,32,194,Andrew Garfield,an image capturing Andrew Garfield at a public event,benchmark/images/batch_032/image_0194.png,True,Andrew Garfield,0.9269043803215027,True,"[{""name"": ""Andrew Garfield"", ""probability"": 0.9269043803215027}, {""name"": ""Pierce Brosnan"", ""probability"": 0.01963014528155327}, {""name"": ""David Rose"", ""probability"": 0.013967824168503284}, {""name"": ""Zachary Quinto"", ""probability"": 0.008669734001159668}, {""name"": ""Darren Criss"", ""probability"": 0.004449970554560423}]"
benchmark|batch=32|index=195,32,195,Angelina Jolie,a portrait of Angelina Jolie,benchmark/images/batch_032/image_0195.png,True,Angelina Jolie,0.9999974370002747,True,"[{""name"": ""Angelina Jolie"", ""probability"": 0.9999974370002747}, {""name"": ""Eliza Dushku"", ""probability"": 1.710148580968962e-06}, {""name"": ""Mike Epps"", ""probability"": 1.0738644817820386e-07}, {""name"": ""Charlize Theron"", ""probability"": 7.846048077908563e-08}, {""name"": ""Michelle Pfeiffer"", ""probability"": 7.683381397782796e-08}]"
benchmark|batch=32|index=196,32,196,Anjelica Huston,a sketch of Anjelica Huston,benchmark/images/batch_032/image_0196.png,True,Anjelica Huston,0.999907374382019,True,"[{""name"": ""Anjelica Huston"", ""probability"": 0.999907374382019}, {""name"": ""Frances Conroy"", ""probability"": 2.1273504898999818e-05}, {""name"": ""Barbra Streisand"", ""probability"": 1.8616727174958214e-05}, {""name"": ""Katey Sagal"", ""probability"": 7.694194209761918e-06}, {""name"": ""Marilyn Manson"", ""probability"": 4.554908628051635e-06}]"
benchmark|batch=32|index=197,32,197,Anna Faris,an oil painting of Anna Faris,benchmark/images/batch_032/image_0197.png,True,Anna Faris,0.9760000109672546,True,"[{""name"": ""Anna Faris"", ""probability"": 0.9760000109672546}, {""name"": ""Courtney Love"", ""probability"": 0.011758455075323582}, {""name"": ""Dakota Fanning"", ""probability"": 0.0035421233624219894}, {""name"": ""Taylor Momsen"", ""probability"": 0.0030819701496511698}, {""name"": ""Jean Harlow"", ""probability"": 0.0020283733028918505}]"
benchmark|batch=32|index=198,32,198,Anna Kendrick,Anna Kendrick in an official photo,benchmark/images/batch_032/image_0198.png,True,Anna Kendrick,0.8742040991783142,True,"[{""name"": ""Anna Kendrick"", ""probability"": 0.8742040991783142}, {""name"": ""Hayley Williams"", ""probability"": 0.09006214886903763}, {""name"": ""Jeffree Star"", ""probability"": 0.009419509209692478}, {""name"": ""Taylor Swift"", ""probability"": 0.0076605333015322685}, {""name"": ""Meghan Trainor"", ""probability"": 0.004472578875720501}]"
benchmark|batch=32|index=199,32,199,Anne Hathaway,an image capturing Anne Hathaway at a public event,benchmark/images/batch_032/image_0199.png,True,Tina Fey,0.24456718564033508,False,"[{""name"": ""Tina Fey"", ""probability"": 0.24456718564033508}, {""name"": ""David Tennant"", ""probability"": 0.11240164190530777}, {""name"": ""John Denver"", ""probability"": 0.09055591374635696}, {""name"": ""Maria De Filippi"", ""probability"": 0.07542894035577774}, {""name"": ""Molly Shannon"", ""probability"": 0.06852396577596664}]"
