group,checkpoint,concept,prompt,sample_index,seed,image_path,expected_label,predicted_label,correct,expected_probability,image_retention,prob_airplane,prob_automobile,prob_bird,prob_cat,prob_deer,prob_dog,prob_frog,prob_horse,prob_ship,prob_truck,sample_origin,artifact_root
retain_always,W10,truck,a photo of the truck,0,42,images/retain_always/W10/truck/index_000_seed_42.png,truck,truck,True,0.388691246509552,delete-after-eval,0.012282978743314743,0.3771393895149231,0.016659589484333992,0.01213198620826006,0.048681601881980896,0.024988550692796707,0.01935707777738571,0.08089128136634827,0.019176313653588295,0.388691246509552,existing_v1_100,/home/tslin/Documents/jupyter_data/anLi/machine_unlearning/orthogonal-concept-erasure/experiments/sequential_object_persistence/outputs/sequential_oce_object_v1_online
retain_always,W10,truck,a photo of the truck,1,43,images/retain_always/W10/truck/index_001_seed_43.png,truck,truck,True,0.3625527024269104,delete-after-eval,0.05332903936505318,0.2440539449453354,0.017917005345225334,0.033091600984334946,0.043981876224279404,0.07455216348171234,0.04847566783428192,0.046697620302438736,0.07534842193126678,0.3625527024269104,existing_v1_100,/home/tslin/Documents/jupyter_data/anLi/machine_unlearning/orthogonal-concept-erasure/experiments/sequential_object_persistence/outputs/sequential_oce_object_v1_online
retain_always,W10,truck,a photo of the truck,2,44,images/retain_always/W10/truck/index_002_seed_44.png,truck,truck,True,0.4577649235725403,delete-after-eval,0.002670661313459277,0.41660261154174805,0.006745901890099049,0.010488229803740978,0.0033942267764359713,0.007473445031791925,0.007484928239136934,0.05096808820962906,0.036407049745321274,0.4577649235725403,existing_v1_100,/home/tslin/Documents/jupyter_data/anLi/machine_unlearning/orthogonal-concept-erasure/experiments/sequential_object_persistence/outputs/sequential_oce_object_v1_online
retain_always,W10,truck,a photo of the truck,3,45,images/retain_always/W10/truck/index_003_seed_45.png,truck,truck,True,0.3423088788986206,delete-after-eval,0.0032556764781475067,0.28233981132507324,0.038029931485652924,0.05068982020020485,0.01988941617310047,0.05117974430322647,0.08875645697116852,0.09845943748950958,0.025090839713811874,0.3423088788986206,existing_v1_100,/home/tslin/Documents/jupyter_data/anLi/machine_unlearning/orthogonal-concept-erasure/experiments/sequential_object_persistence/outputs/sequential_oce_object_v1_online
retain_always,W10,truck,a photo of the truck,4,46,images/retain_always/W10/truck/index_004_seed_46.png,truck,truck,True,0.2919749319553375,delete-after-eval,0.020253531634807587,0.08358156681060791,0.05628916621208191,0.12065119296312332,0.1689840704202652,0.13700208067893982,0.02543901465833187,0.05821893736720085,0.037605538964271545,0.2919749319553375,existing_v1_100,/home/tslin/Documents/jupyter_data/anLi/machine_unlearning/orthogonal-concept-erasure/experiments/sequential_object_persistence/outputs/sequential_oce_object_v1_online
retain_always,W10,truck,a photo of the truck,5,47,images/retain_always/W10/truck/index_005_seed_47.png,truck,frog,False,0.07933778315782547,delete-after-eval,0.00517741683870554,0.025710728019475937,0.1531558483839035,0.033670712262392044,0.11224459856748581,0.056577760726213455,0.46330511569976807,0.05304941534996033,0.017770685255527496,0.07933778315782547,existing_v1_100,/home/tslin/Documents/jupyter_data/anLi/machine_unlearning/orthogonal-concept-erasure/experiments/sequential_object_persistence/outputs/sequential_oce_object_v1_online
retain_always,W10,truck,a photo of the truck,6,48,images/retain_always/W10/truck/index_006_seed_48.png,truck,automobile,False,0.43097808957099915,delete-after-eval,0.0026467221323400736,0.48096781969070435,0.0021780605893582106,0.0015475990949198604,0.00353408046066761,0.004548099357634783,0.002363689709454775,0.05864010006189346,0.012595727108418941,0.43097808957099915,existing_v1_100,/home/tslin/Documents/jupyter_data/anLi/machine_unlearning/orthogonal-concept-erasure/experiments/sequential_object_persistence/outputs/sequential_oce_object_v1_online
retain_always,W10,truck,a photo of the truck,7,49,images/retain_always/W10/truck/index_007_seed_49.png,truck,automobile,False,0.47871625423431396,delete-after-eval,0.0007855439325794578,0.4979020059108734,0.0034783531446009874,0.0007736145053058863,0.008658524602651596,0.001269998145289719,0.006387697067111731,0.0010194370988756418,0.001008575432933867,0.47871625423431396,existing_v1_100,/home/tslin/Documents/jupyter_data/anLi/machine_unlearning/orthogonal-concept-erasure/experiments/sequential_object_persistence/outputs/sequential_oce_object_v1_online
retain_always,W10,truck,a photo of the truck,8,50,images/retain_always/W10/truck/index_008_seed_50.png,truck,automobile,False,0.14604732394218445,delete-after-eval,0.0011273979907855392,0.7684876918792725,0.0034302324056625366,0.02555403672158718,0.00630602240562439,0.02281644567847252,0.003618827788159251,0.012088936753571033,0.010523101314902306,0.14604732394218445,existing_v1_100,/home/tslin/Documents/jupyter_data/anLi/machine_unlearning/orthogonal-concept-erasure/experiments/sequential_object_persistence/outputs/sequential_oce_object_v1_online
retain_always,W10,truck,a photo of the truck,9,51,images/retain_always/W10/truck/index_009_seed_51.png,truck,truck,True,0.4618076682090759,delete-after-eval,0.0037464683409780264,0.37037429213523865,0.015745146200060844,0.007871129550039768,0.0042127575725317,0.022909970954060555,0.004899343941360712,0.05208507552742958,0.05634811893105507,0.4618076682090759,existing_v1_100,/home/tslin/Documents/jupyter_data/anLi/machine_unlearning/orthogonal-concept-erasure/experiments/sequential_object_persistence/outputs/sequential_oce_object_v1_online
retain_always,W10,truck,a photo of the truck,10,52,images/retain_always/W10/truck/index_010_seed_52.png,truck,deer,False,0.00871097669005394,delete-after-eval,0.009064187295734882,0.007285182364284992,0.08885297179222107,0.08146829903125763,0.38032981753349304,0.18804508447647095,0.0981958881020546,0.13473984599113464,0.003307638457044959,0.00871097669005394,existing_v1_100,/home/tslin/Documents/jupyter_data/anLi/machine_unlearning/orthogonal-concept-erasure/experiments/sequential_object_persistence/outputs/sequential_oce_object_v1_online
retain_always,W10,truck,a photo of the truck,11,53,images/retain_always/W10/truck/index_011_seed_53.png,truck,horse,False,0.14428526163101196,delete-after-eval,0.04416503757238388,0.16254670917987823,0.022578194737434387,0.012217237614095211,0.011845825240015984,0.06155930832028389,0.042089637368917465,0.41521695256233215,0.08349587023258209,0.14428526163101196,existing_v1_100,/home/tslin/Documents/jupyter_data/anLi/machine_unlearning/orthogonal-concept-erasure/experiments/sequential_object_persistence/outputs/sequential_oce_object_v1_online
retain_always,W10,truck,a photo of the truck,12,54,images/retain_always/W10/truck/index_012_seed_54.png,truck,truck,True,0.7209893465042114,delete-after-eval,0.00038439579657278955,0.2447042316198349,0.012991009280085564,0.001646192860789597,0.0018614394357427955,0.0019694496877491474,0.0006151174893602729,0.003309461986646056,0.011529366485774517,0.7209893465042114,existing_v1_100,/home/tslin/Documents/jupyter_data/anLi/machine_unlearning/orthogonal-concept-erasure/experiments/sequential_object_persistence/outputs/sequential_oce_object_v1_online
retain_always,W10,truck,a photo of the truck,13,55,images/retain_always/W10/truck/index_013_seed_55.png,truck,automobile,False,0.13385815918445587,delete-after-eval,0.025393323972821236,0.2282099723815918,0.04271351546049118,0.07047992944717407,0.131018728017807,0.07399501651525497,0.12045196443796158,0.12730976939201355,0.046569548547267914,0.13385815918445587,existing_v1_100,/home/tslin/Documents/jupyter_data/anLi/machine_unlearning/orthogonal-concept-erasure/experiments/sequential_object_persistence/outputs/sequential_oce_object_v1_online
retain_always,W10,truck,a photo of the truck,14,56,images/retain_always/W10/truck/index_014_seed_56.png,truck,truck,True,0.6258186101913452,delete-after-eval,0.006865744944661856,0.09036655724048615,0.011961140669882298,0.006909129209816456,0.03331400826573372,0.014496739953756332,0.045932967215776443,0.01590404286980629,0.14843104779720306,0.6258186101913452,existing_v1_100,/home/tslin/Documents/jupyter_data/anLi/machine_unlearning/orthogonal-concept-erasure/experiments/sequential_object_persistence/outputs/sequential_oce_object_v1_online
retain_always,W10,truck,a photo of the truck,15,57,images/retain_always/W10/truck/index_015_seed_57.png,truck,automobile,False,0.42090362310409546,delete-after-eval,0.009864607825875282,0.5105889439582825,0.0022776289843022823,0.0035814305301755667,0.0004509269492700696,0.001962345791980624,0.0007911765133030713,0.013410354033112526,0.036168958991765976,0.42090362310409546,existing_v1_100,/home/tslin/Documents/jupyter_data/anLi/machine_unlearning/orthogonal-concept-erasure/experiments/sequential_object_persistence/outputs/sequential_oce_object_v1_online
retain_always,W10,truck,a photo of the truck,16,58,images/retain_always/W10/truck/index_016_seed_58.png,truck,horse,False,0.03670208156108856,delete-after-eval,0.018330777063965797,0.05778190493583679,0.03793306276202202,0.08611679822206497,0.05835540220141411,0.07333297282457352,0.08737422525882721,0.5022834539413452,0.04178928956389427,0.03670208156108856,existing_v1_100,/home/tslin/Documents/jupyter_data/anLi/machine_unlearning/orthogonal-concept-erasure/experiments/sequential_object_persistence/outputs/sequential_oce_object_v1_online
retain_always,W10,truck,a photo of the truck,17,59,images/retain_always/W10/truck/index_017_seed_59.png,truck,truck,True,0.5472589731216431,delete-after-eval,0.0090127382427454,0.1699923723936081,0.028216926380991936,0.012106609530746937,0.0034755421802401543,0.07129190862178802,0.05992729216814041,0.05162302404642105,0.04709465429186821,0.5472589731216431,existing_v1_100,/home/tslin/Documents/jupyter_data/anLi/machine_unlearning/orthogonal-concept-erasure/experiments/sequential_object_persistence/outputs/sequential_oce_object_v1_online
retain_always,W10,truck,a photo of the truck,18,60,images/retain_always/W10/truck/index_018_seed_60.png,truck,truck,True,0.5223681926727295,delete-after-eval,0.0064737736247479916,0.20169532299041748,0.01145644299685955,0.004647877532988787,0.02624247409403324,0.027172189205884933,0.060050029307603836,0.08661796897649765,0.0532757043838501,0.5223681926727295,existing_v1_100,/home/tslin/Documents/jupyter_data/anLi/machine_unlearning/orthogonal-concept-erasure/experiments/sequential_object_persistence/outputs/sequential_oce_object_v1_online
retain_always,W10,truck,a photo of the truck,19,61,images/retain_always/W10/truck/index_019_seed_61.png,truck,automobile,False,0.35720860958099365,delete-after-eval,0.0030835475772619247,0.5362765789031982,0.02566005103290081,0.006113972514867783,0.023780962452292442,0.005911855027079582,0.004839946050196886,0.008444695733487606,0.02867979183793068,0.35720860958099365,existing_v1_100,/home/tslin/Documents/jupyter_data/anLi/machine_unlearning/orthogonal-concept-erasure/experiments/sequential_object_persistence/outputs/sequential_oce_object_v1_online
retain_always,W10,truck,a photo of the truck,20,62,images/retain_always/W10/truck/index_020_seed_62.png,truck,automobile,False,0.11066240817308426,delete-after-eval,0.03029632195830345,0.6216428875923157,0.019792674109339714,0.022953378036618233,0.046354278922080994,0.031095454469323158,0.05390261858701706,0.05008585378527641,0.013214093632996082,0.11066240817308426,existing_v1_100,/home/tslin/Documents/jupyter_data/anLi/machine_unlearning/orthogonal-concept-erasure/experiments/sequential_object_persistence/outputs/sequential_oce_object_v1_online
retain_always,W10,truck,a photo of the truck,21,63,images/retain_always/W10/truck/index_021_seed_63.png,truck,truck,True,0.4731691777706146,delete-after-eval,0.08045697212219238,0.14179880917072296,0.005161682143807411,0.01779165305197239,0.003805608721449971,0.007325379643589258,0.005727165378630161,0.008646665140986443,0.2561168670654297,0.4731691777706146,existing_v1_100,/home/tslin/Documents/jupyter_data/anLi/machine_unlearning/orthogonal-concept-erasure/experiments/sequential_object_persistence/outputs/sequential_oce_object_v1_online
retain_always,W10,truck,a photo of the truck,22,64,images/retain_always/W10/truck/index_022_seed_64.png,truck,truck,True,0.6990112066268921,delete-after-eval,0.004786388948559761,0.18686601519584656,0.0072607859037816525,0.0033037755638360977,0.010785985738039017,0.0051673902198672295,0.002125592902302742,0.04351115599274635,0.037181656807661057,0.6990112066268921,existing_v1_100,/home/tslin/Documents/jupyter_data/anLi/machine_unlearning/orthogonal-concept-erasure/experiments/sequential_object_persistence/outputs/sequential_oce_object_v1_online
retain_always,W10,truck,a photo of the truck,23,65,images/retain_always/W10/truck/index_023_seed_65.png,truck,truck,True,0.5632932186126709,delete-after-eval,0.09460987895727158,0.14597198367118835,0.018609438091516495,0.005546569358557463,0.0141409607604146,0.007884347811341286,0.02163749374449253,0.035080816596746445,0.09322536736726761,0.5632932186126709,existing_v1_100,/home/tslin/Documents/jupyter_data/anLi/machine_unlearning/orthogonal-concept-erasure/experiments/sequential_object_persistence/outputs/sequential_oce_object_v1_online
retain_always,W10,truck,a photo of the truck,24,66,images/retain_always/W10/truck/index_024_seed_66.png,truck,horse,False,0.18837900459766388,delete-after-eval,0.03829604759812355,0.1922483891248703,0.05336365848779678,0.02631494216620922,0.08247518539428711,0.05878989025950432,0.011960463598370552,0.32542577385902405,0.022746767848730087,0.18837900459766388,existing_v1_100,/home/tslin/Documents/jupyter_data/anLi/machine_unlearning/orthogonal-concept-erasure/experiments/sequential_object_persistence/outputs/sequential_oce_object_v1_online
retain_always,W10,truck,a photo of the truck,25,67,images/retain_always/W10/truck/index_025_seed_67.png,truck,automobile,False,0.1782754808664322,delete-after-eval,0.08097169548273087,0.3628684878349304,0.0356171652674675,0.051282256841659546,0.06035109609365463,0.07015526294708252,0.1002582535147667,0.035497527569532394,0.02472277358174324,0.1782754808664322,existing_v1_100,/home/tslin/Documents/jupyter_data/anLi/machine_unlearning/orthogonal-concept-erasure/experiments/sequential_object_persistence/outputs/sequential_oce_object_v1_online
retain_always,W10,truck,a photo of the truck,26,68,images/retain_always/W10/truck/index_026_seed_68.png,truck,horse,False,0.1544736623764038,delete-after-eval,0.01383934449404478,0.048079777508974075,0.038210269063711166,0.03203170374035835,0.06638787686824799,0.19799961149692535,0.08968207985162735,0.22489292919635773,0.13440270721912384,0.1544736623764038,existing_v1_100,/home/tslin/Documents/jupyter_data/anLi/machine_unlearning/orthogonal-concept-erasure/experiments/sequential_object_persistence/outputs/sequential_oce_object_v1_online
retain_always,W10,truck,a photo of the truck,27,69,images/retain_always/W10/truck/index_027_seed_69.png,truck,automobile,False,0.08117090910673141,delete-after-eval,0.0035935838241130114,0.8978226184844971,0.0006480271695181727,0.0009199384949170053,0.0022839463781565428,0.0029421416111290455,0.0012798027601093054,0.0032111641485244036,0.006128009874373674,0.08117090910673141,existing_v1_100,/home/tslin/Documents/jupyter_data/anLi/machine_unlearning/orthogonal-concept-erasure/experiments/sequential_object_persistence/outputs/sequential_oce_object_v1_online
retain_always,W10,truck,a photo of the truck,28,70,images/retain_always/W10/truck/index_028_seed_70.png,truck,automobile,False,0.1430356204509735,delete-after-eval,0.009557087905704975,0.3740229606628418,0.053171928972005844,0.03931022807955742,0.07636164128780365,0.037796348333358765,0.040399178862571716,0.20832648873329163,0.018018556758761406,0.1430356204509735,existing_v1_100,/home/tslin/Documents/jupyter_data/anLi/machine_unlearning/orthogonal-concept-erasure/experiments/sequential_object_persistence/outputs/sequential_oce_object_v1_online
retain_always,W10,truck,a photo of the truck,29,71,images/retain_always/W10/truck/index_029_seed_71.png,truck,dog,False,0.013883423991501331,delete-after-eval,0.0031611029990017414,0.03180300071835518,0.013454735279083252,0.084185890853405,0.12806053459644318,0.4641675651073456,0.01955510303378105,0.23821991682052612,0.003508766181766987,0.013883423991501331,existing_v1_100,/home/tslin/Documents/jupyter_data/anLi/machine_unlearning/orthogonal-concept-erasure/experiments/sequential_object_persistence/outputs/sequential_oce_object_v1_online
retain_always,W10,truck,a photo of the truck,30,72,images/retain_always/W10/truck/index_030_seed_72.png,truck,frog,False,0.039083126932382584,delete-after-eval,0.01139385811984539,0.04895199090242386,0.18943044543266296,0.24993328750133514,0.011066627688705921,0.112663634121418,0.26110827922821045,0.041770193725824356,0.03459853306412697,0.039083126932382584,existing_v1_100,/home/tslin/Documents/jupyter_data/anLi/machine_unlearning/orthogonal-concept-erasure/experiments/sequential_object_persistence/outputs/sequential_oce_object_v1_online
retain_always,W10,truck,a photo of the truck,31,73,images/retain_always/W10/truck/index_031_seed_73.png,truck,airplane,False,0.24728088080883026,delete-after-eval,0.4047606587409973,0.02987860143184662,0.10246296226978302,0.021654648706316948,0.02833552286028862,0.020944375544786453,0.07162774354219437,0.030934065580368042,0.0421205498278141,0.24728088080883026,existing_v1_100,/home/tslin/Documents/jupyter_data/anLi/machine_unlearning/orthogonal-concept-erasure/experiments/sequential_object_persistence/outputs/sequential_oce_object_v1_online
retain_always,W10,truck,a photo of the truck,32,74,images/retain_always/W10/truck/index_032_seed_74.png,truck,dog,False,0.14134865999221802,delete-after-eval,0.026203040033578873,0.07618777453899384,0.08457154035568237,0.07116342335939407,0.15186871588230133,0.1781577169895172,0.11748091876506805,0.11104512214660645,0.041973087936639786,0.14134865999221802,existing_v1_100,/home/tslin/Documents/jupyter_data/anLi/machine_unlearning/orthogonal-concept-erasure/experiments/sequential_object_persistence/outputs/sequential_oce_object_v1_online
retain_always,W10,truck,a photo of the truck,33,75,images/retain_always/W10/truck/index_033_seed_75.png,truck,truck,True,0.8247862458229065,delete-after-eval,0.0026477626524865627,0.14978931844234467,0.0004582379187922925,0.0007964184624142945,0.00043698606896214187,0.0011943965218961239,0.00011180725414305925,0.0039708372205495834,0.01580795831978321,0.8247862458229065,existing_v1_100,/home/tslin/Documents/jupyter_data/anLi/machine_unlearning/orthogonal-concept-erasure/experiments/sequential_object_persistence/outputs/sequential_oce_object_v1_online
retain_always,W10,truck,a photo of the truck,34,76,images/retain_always/W10/truck/index_034_seed_76.png,truck,automobile,False,0.04066769778728485,delete-after-eval,0.0003184129891451448,0.9236297011375427,0.0022501873318105936,0.007205009460449219,0.002888146322220564,0.007608482614159584,0.001275634509511292,0.009067684412002563,0.005089100915938616,0.04066769778728485,existing_v1_100,/home/tslin/Documents/jupyter_data/anLi/machine_unlearning/orthogonal-concept-erasure/experiments/sequential_object_persistence/outputs/sequential_oce_object_v1_online
retain_always,W10,truck,a photo of the truck,35,77,images/retain_always/W10/truck/index_035_seed_77.png,truck,automobile,False,0.1890702247619629,delete-after-eval,0.0008373354212380946,0.786188006401062,0.0044216918759047985,0.002207136945798993,0.0017265038331970572,0.001962577924132347,0.0010011924896389246,0.006577779538929462,0.006007521413266659,0.1890702247619629,existing_v1_100,/home/tslin/Documents/jupyter_data/anLi/machine_unlearning/orthogonal-concept-erasure/experiments/sequential_object_persistence/outputs/sequential_oce_object_v1_online
retain_always,W10,truck,a photo of the truck,36,78,images/retain_always/W10/truck/index_036_seed_78.png,truck,automobile,False,0.25247859954833984,delete-after-eval,0.0038115347269922495,0.44371843338012695,0.018978994339704514,0.01751437596976757,0.00935117993503809,0.013540697284042835,0.17261606454849243,0.018949659541249275,0.049040429294109344,0.25247859954833984,existing_v1_100,/home/tslin/Documents/jupyter_data/anLi/machine_unlearning/orthogonal-concept-erasure/experiments/sequential_object_persistence/outputs/sequential_oce_object_v1_online
retain_always,W10,truck,a photo of the truck,37,79,images/retain_always/W10/truck/index_037_seed_79.png,truck,truck,True,0.29665854573249817,delete-after-eval,0.0029908993747085333,0.11905045807361603,0.11923520267009735,0.066513791680336,0.062350109219551086,0.07541688531637192,0.1767328828573227,0.0538274385035038,0.02722378820180893,0.29665854573249817,existing_v1_100,/home/tslin/Documents/jupyter_data/anLi/machine_unlearning/orthogonal-concept-erasure/experiments/sequential_object_persistence/outputs/sequential_oce_object_v1_online
retain_always,W10,truck,a photo of the truck,38,80,images/retain_always/W10/truck/index_038_seed_80.png,truck,airplane,False,0.1365310549736023,delete-after-eval,0.4325314164161682,0.16427470743656158,0.03660454973578453,0.010186259634792805,0.11033786088228226,0.01566351018846035,0.06429655849933624,0.006763971410691738,0.022810058668255806,0.1365310549736023,existing_v1_100,/home/tslin/Documents/jupyter_data/anLi/machine_unlearning/orthogonal-concept-erasure/experiments/sequential_object_persistence/outputs/sequential_oce_object_v1_online
retain_always,W10,truck,a photo of the truck,39,81,images/retain_always/W10/truck/index_039_seed_81.png,truck,automobile,False,0.39828765392303467,delete-after-eval,0.00043166495743207633,0.5171970725059509,0.008347698487341404,0.014960328117012978,0.010566235519945621,0.008241322822868824,0.0020127471070736647,0.02048238180577755,0.019472908228635788,0.39828765392303467,existing_v1_100,/home/tslin/Documents/jupyter_data/anLi/machine_unlearning/orthogonal-concept-erasure/experiments/sequential_object_persistence/outputs/sequential_oce_object_v1_online
retain_always,W10,truck,a photo of the truck,40,82,images/retain_always/W10/truck/index_040_seed_82.png,truck,ship,False,0.16638465225696564,delete-after-eval,0.11490864306688309,0.09765683114528656,0.1493409425020218,0.028087373822927475,0.01131996139883995,0.04193292185664177,0.06635792553424835,0.1116005927324295,0.21241018176078796,0.16638465225696564,existing_v1_100,/home/tslin/Documents/jupyter_data/anLi/machine_unlearning/orthogonal-concept-erasure/experiments/sequential_object_persistence/outputs/sequential_oce_object_v1_online
retain_always,W10,truck,a photo of the truck,41,83,images/retain_always/W10/truck/index_041_seed_83.png,truck,dog,False,0.05605444312095642,delete-after-eval,0.006855157669633627,0.20147515833377838,0.033894557505846024,0.25877469778060913,0.010267420671880245,0.2856845557689667,0.09000100195407867,0.04925452917814255,0.007738527376204729,0.05605444312095642,existing_v1_100,/home/tslin/Documents/jupyter_data/anLi/machine_unlearning/orthogonal-concept-erasure/experiments/sequential_object_persistence/outputs/sequential_oce_object_v1_online
retain_always,W10,truck,a photo of the truck,42,84,images/retain_always/W10/truck/index_042_seed_84.png,truck,ship,False,0.2776463031768799,delete-after-eval,0.05555478855967522,0.09648124873638153,0.018019666895270348,0.053552109748125076,0.01041683554649353,0.04127292335033417,0.09849795699119568,0.01633262448012829,0.3322255611419678,0.2776463031768799,existing_v1_100,/home/tslin/Documents/jupyter_data/anLi/machine_unlearning/orthogonal-concept-erasure/experiments/sequential_object_persistence/outputs/sequential_oce_object_v1_online
retain_always,W10,truck,a photo of the truck,43,85,images/retain_always/W10/truck/index_043_seed_85.png,truck,truck,True,0.5730448961257935,delete-after-eval,0.0010771394008770585,0.2784510850906372,0.014719108119606972,0.008689832873642445,0.07362039387226105,0.006260030437260866,0.0014862382085993886,0.033386845141649246,0.009264473803341389,0.5730448961257935,existing_v1_100,/home/tslin/Documents/jupyter_data/anLi/machine_unlearning/orthogonal-concept-erasure/experiments/sequential_object_persistence/outputs/sequential_oce_object_v1_online
retain_always,W10,truck,a photo of the truck,44,86,images/retain_always/W10/truck/index_044_seed_86.png,truck,automobile,False,0.0708402544260025,delete-after-eval,0.16373500227928162,0.3235766291618347,0.06795185804367065,0.04630344733595848,0.029241178184747696,0.10583490133285522,0.04165143147110939,0.09397652000188828,0.05688874423503876,0.0708402544260025,existing_v1_100,/home/tslin/Documents/jupyter_data/anLi/machine_unlearning/orthogonal-concept-erasure/experiments/sequential_object_persistence/outputs/sequential_oce_object_v1_online
retain_always,W10,truck,a photo of the truck,45,87,images/retain_always/W10/truck/index_045_seed_87.png,truck,automobile,False,0.13138830661773682,delete-after-eval,0.0064204237423837185,0.8006128668785095,0.002951675793156028,0.0013052269350737333,0.02140461839735508,0.002103176200762391,0.006131402682512999,0.007022236939519644,0.020659983158111572,0.13138830661773682,existing_v1_100,/home/tslin/Documents/jupyter_data/anLi/machine_unlearning/orthogonal-concept-erasure/experiments/sequential_object_persistence/outputs/sequential_oce_object_v1_online
retain_always,W10,truck,a photo of the truck,46,88,images/retain_always/W10/truck/index_046_seed_88.png,truck,truck,True,0.5780302286148071,delete-after-eval,0.011979679577052593,0.08853880316019058,0.012813366018235683,0.03215515613555908,0.012399164028465748,0.03265548497438431,0.030365487560629845,0.05198146402835846,0.1490810662508011,0.5780302286148071,existing_v1_100,/home/tslin/Documents/jupyter_data/anLi/machine_unlearning/orthogonal-concept-erasure/experiments/sequential_object_persistence/outputs/sequential_oce_object_v1_online
retain_always,W10,truck,a photo of the truck,47,89,images/retain_always/W10/truck/index_047_seed_89.png,truck,truck,True,0.4893776774406433,delete-after-eval,0.0009742359397932887,0.4223199784755707,0.00894720945507288,0.008347084745764732,0.04107481986284256,0.00640048086643219,0.0008424107218161225,0.013916962780058384,0.007799207232892513,0.4893776774406433,existing_v1_100,/home/tslin/Documents/jupyter_data/anLi/machine_unlearning/orthogonal-concept-erasure/experiments/sequential_object_persistence/outputs/sequential_oce_object_v1_online
retain_always,W10,truck,a photo of the truck,48,90,images/retain_always/W10/truck/index_048_seed_90.png,truck,truck,True,0.46912074089050293,delete-after-eval,0.046498000621795654,0.24774831533432007,0.012820737436413765,0.02225307747721672,0.013101737014949322,0.011310053057968616,0.007333430927246809,0.03224959224462509,0.13756433129310608,0.46912074089050293,existing_v1_100,/home/tslin/Documents/jupyter_data/anLi/machine_unlearning/orthogonal-concept-erasure/experiments/sequential_object_persistence/outputs/sequential_oce_object_v1_online
retain_always,W10,truck,a photo of the truck,49,91,images/retain_always/W10/truck/index_049_seed_91.png,truck,horse,False,0.16548645496368408,delete-after-eval,0.032057709991931915,0.04414207488298416,0.0642828419804573,0.08520819991827011,0.09968500584363937,0.17283128201961517,0.046954140067100525,0.2774909734725952,0.011861364357173443,0.16548645496368408,existing_v1_100,/home/tslin/Documents/jupyter_data/anLi/machine_unlearning/orthogonal-concept-erasure/experiments/sequential_object_persistence/outputs/sequential_oce_object_v1_online
retain_always,W10,truck,a photo of the truck,50,92,images/retain_always/W10/truck/index_050_seed_92.png,truck,truck,True,0.7479371428489685,delete-after-eval,0.010539528913795948,0.12823010981082916,0.0014992774231359363,0.002108838874846697,0.007875320501625538,0.01098388247191906,0.0024279437493532896,0.053799375891685486,0.03459867835044861,0.7479371428489685,existing_v1_100,/home/tslin/Documents/jupyter_data/anLi/machine_unlearning/orthogonal-concept-erasure/experiments/sequential_object_persistence/outputs/sequential_oce_object_v1_online
retain_always,W10,truck,a photo of the truck,51,93,images/retain_always/W10/truck/index_051_seed_93.png,truck,automobile,False,0.4010283946990967,delete-after-eval,0.002736166585236788,0.49672892689704895,0.006438315846025944,0.00477074459195137,0.01668131910264492,0.004073083400726318,0.0006285295239649713,0.025075705721974373,0.04183880239725113,0.4010283946990967,existing_v1_100,/home/tslin/Documents/jupyter_data/anLi/machine_unlearning/orthogonal-concept-erasure/experiments/sequential_object_persistence/outputs/sequential_oce_object_v1_online
retain_always,W10,truck,a photo of the truck,52,94,images/retain_always/W10/truck/index_052_seed_94.png,truck,truck,True,0.8736591935157776,delete-after-eval,0.0012022526934742928,0.0772673487663269,0.001428911811672151,0.004173485562205315,0.012386437505483627,0.004616518039256334,0.0005029651219956577,0.01770704984664917,0.0070559498853981495,0.8736591935157776,existing_v1_100,/home/tslin/Documents/jupyter_data/anLi/machine_unlearning/orthogonal-concept-erasure/experiments/sequential_object_persistence/outputs/sequential_oce_object_v1_online
retain_always,W10,truck,a photo of the truck,53,95,images/retain_always/W10/truck/index_053_seed_95.png,truck,automobile,False,0.21055868268013,delete-after-eval,0.014155443757772446,0.5469357371330261,0.028550313785672188,0.007140567526221275,0.07974790781736374,0.025809789076447487,0.012991847470402718,0.05712854117155075,0.016981154680252075,0.21055868268013,existing_v1_100,/home/tslin/Documents/jupyter_data/anLi/machine_unlearning/orthogonal-concept-erasure/experiments/sequential_object_persistence/outputs/sequential_oce_object_v1_online
retain_always,W10,truck,a photo of the truck,54,96,images/retain_always/W10/truck/index_054_seed_96.png,truck,truck,True,0.7979535460472107,delete-after-eval,0.0008257007575593889,0.15996311604976654,0.0018453635275363922,0.001260160468518734,0.00803789496421814,0.002486554207280278,0.0025372758973389864,0.010266711004078388,0.014823762699961662,0.7979535460472107,existing_v1_100,/home/tslin/Documents/jupyter_data/anLi/machine_unlearning/orthogonal-concept-erasure/experiments/sequential_object_persistence/outputs/sequential_oce_object_v1_online
retain_always,W10,truck,a photo of the truck,55,97,images/retain_always/W10/truck/index_055_seed_97.png,truck,truck,True,0.46372565627098083,delete-after-eval,0.005218489095568657,0.28903207182884216,0.007464126218110323,0.007236536126583815,0.012510698288679123,0.015182041563093662,0.04979025200009346,0.023310286924242973,0.12652985751628876,0.46372565627098083,existing_v1_100,/home/tslin/Documents/jupyter_data/anLi/machine_unlearning/orthogonal-concept-erasure/experiments/sequential_object_persistence/outputs/sequential_oce_object_v1_online
retain_always,W10,truck,a photo of the truck,56,98,images/retain_always/W10/truck/index_056_seed_98.png,truck,automobile,False,0.29223164916038513,delete-after-eval,0.04395382106304169,0.45320984721183777,0.012006455101072788,0.0021840992849320173,0.005453792866319418,0.007179959211498499,0.003323754295706749,0.01319974660873413,0.1672569066286087,0.29223164916038513,existing_v1_100,/home/tslin/Documents/jupyter_data/anLi/machine_unlearning/orthogonal-concept-erasure/experiments/sequential_object_persistence/outputs/sequential_oce_object_v1_online
retain_always,W10,truck,a photo of the truck,57,99,images/retain_always/W10/truck/index_057_seed_99.png,truck,truck,True,0.6489691734313965,delete-after-eval,0.0010633799247443676,0.19665290415287018,0.011588129214942455,0.014706718735396862,0.04642511531710625,0.00827967282384634,0.0012413522927090526,0.03445063531398773,0.036623019725084305,0.6489691734313965,existing_v1_100,/home/tslin/Documents/jupyter_data/anLi/machine_unlearning/orthogonal-concept-erasure/experiments/sequential_object_persistence/outputs/sequential_oce_object_v1_online
retain_always,W10,truck,a photo of the truck,58,100,images/retain_always/W10/truck/index_058_seed_100.png,truck,frog,False,0.10207027941942215,delete-after-eval,0.006344203371554613,0.04792705550789833,0.17078141868114471,0.0175055842846632,0.06274542212486267,0.052846211940050125,0.3713909089565277,0.15332476794719696,0.015064126811921597,0.10207027941942215,existing_v1_100,/home/tslin/Documents/jupyter_data/anLi/machine_unlearning/orthogonal-concept-erasure/experiments/sequential_object_persistence/outputs/sequential_oce_object_v1_online
retain_always,W10,truck,a photo of the truck,59,101,images/retain_always/W10/truck/index_059_seed_101.png,truck,truck,True,0.40300750732421875,delete-after-eval,0.06582632660865784,0.1597394347190857,0.032056357711553574,0.04362254962325096,0.044369377195835114,0.057843200862407684,0.0318823866546154,0.08311185985803604,0.07854103296995163,0.40300750732421875,existing_v1_100,/home/tslin/Documents/jupyter_data/anLi/machine_unlearning/orthogonal-concept-erasure/experiments/sequential_object_persistence/outputs/sequential_oce_object_v1_online
retain_always,W10,truck,a photo of the truck,60,102,images/retain_always/W10/truck/index_060_seed_102.png,truck,truck,True,0.7234662175178528,delete-after-eval,0.0069045149721205235,0.10550829023122787,0.00808675866574049,0.001773943193256855,0.00229961471632123,0.0014790785498917103,0.0022609892766922712,0.008651534095406532,0.13956902921199799,0.7234662175178528,existing_v1_100,/home/tslin/Documents/jupyter_data/anLi/machine_unlearning/orthogonal-concept-erasure/experiments/sequential_object_persistence/outputs/sequential_oce_object_v1_online
retain_always,W10,truck,a photo of the truck,61,103,images/retain_always/W10/truck/index_061_seed_103.png,truck,truck,True,0.2543503940105438,delete-after-eval,0.007492317818105221,0.11549077183008194,0.05347677320241928,0.011970600113272667,0.12397750467061996,0.08551009744405746,0.05123639851808548,0.2160472571849823,0.08044782280921936,0.2543503940105438,existing_v1_100,/home/tslin/Documents/jupyter_data/anLi/machine_unlearning/orthogonal-concept-erasure/experiments/sequential_object_persistence/outputs/sequential_oce_object_v1_online
retain_always,W10,truck,a photo of the truck,62,104,images/retain_always/W10/truck/index_062_seed_104.png,truck,frog,False,0.09657661616802216,delete-after-eval,0.00965929590165615,0.12519463896751404,0.02139434963464737,0.04416913166642189,0.0916023850440979,0.09632532298564911,0.37088674306869507,0.11445200443267822,0.029739508405327797,0.09657661616802216,existing_v1_100,/home/tslin/Documents/jupyter_data/anLi/machine_unlearning/orthogonal-concept-erasure/experiments/sequential_object_persistence/outputs/sequential_oce_object_v1_online
retain_always,W10,truck,a photo of the truck,63,105,images/retain_always/W10/truck/index_063_seed_105.png,truck,truck,True,0.7718852162361145,delete-after-eval,0.004067002329975367,0.10206326842308044,0.005457916297018528,0.00235364749096334,0.00205629738047719,0.0032911847811192274,0.0004623288114089519,0.004155990667641163,0.10420699417591095,0.7718852162361145,existing_v1_100,/home/tslin/Documents/jupyter_data/anLi/machine_unlearning/orthogonal-concept-erasure/experiments/sequential_object_persistence/outputs/sequential_oce_object_v1_online
retain_always,W10,truck,a photo of the truck,64,106,images/retain_always/W10/truck/index_064_seed_106.png,truck,automobile,False,0.036319393664598465,delete-after-eval,0.0020667961798608303,0.7093831300735474,0.0028945505619049072,0.004747449420392513,0.002796210115775466,0.009643598459661007,0.18124954402446747,0.006233671214431524,0.04466560482978821,0.036319393664598465,existing_v1_100,/home/tslin/Documents/jupyter_data/anLi/machine_unlearning/orthogonal-concept-erasure/experiments/sequential_object_persistence/outputs/sequential_oce_object_v1_online
retain_always,W10,truck,a photo of the truck,65,107,images/retain_always/W10/truck/index_065_seed_107.png,truck,automobile,False,0.16151894629001617,delete-after-eval,0.0024042967706918716,0.7164684534072876,0.0052797384560108185,0.009612574242055416,0.019995730370283127,0.01551703829318285,0.06235036626458168,0.0055428678169846535,0.0013099764473736286,0.16151894629001617,existing_v1_100,/home/tslin/Documents/jupyter_data/anLi/machine_unlearning/orthogonal-concept-erasure/experiments/sequential_object_persistence/outputs/sequential_oce_object_v1_online
retain_always,W10,truck,a photo of the truck,66,108,images/retain_always/W10/truck/index_066_seed_108.png,truck,truck,True,0.37161019444465637,delete-after-eval,0.0007770801312290132,0.06529314070940018,0.020494870841503143,0.03755704313516617,0.012419569306075573,0.04959534481167793,0.09780727326869965,0.013243896886706352,0.3312016725540161,0.37161019444465637,existing_v1_100,/home/tslin/Documents/jupyter_data/anLi/machine_unlearning/orthogonal-concept-erasure/experiments/sequential_object_persistence/outputs/sequential_oce_object_v1_online
retain_always,W10,truck,a photo of the truck,67,109,images/retain_always/W10/truck/index_067_seed_109.png,truck,truck,True,0.5980998873710632,delete-after-eval,0.0025626327842473984,0.33897119760513306,0.003591983811929822,0.004178959410637617,0.009131692349910736,0.008676223456859589,0.011129935272037983,0.005073911976069212,0.01858357898890972,0.5980998873710632,existing_v1_100,/home/tslin/Documents/jupyter_data/anLi/machine_unlearning/orthogonal-concept-erasure/experiments/sequential_object_persistence/outputs/sequential_oce_object_v1_online
retain_always,W10,truck,a photo of the truck,68,110,images/retain_always/W10/truck/index_068_seed_110.png,truck,dog,False,0.08911819010972977,delete-after-eval,0.01145015750080347,0.08620349317789078,0.02075238898396492,0.24198466539382935,0.10812217742204666,0.2787022590637207,0.04924353212118149,0.09404735267162323,0.02037585899233818,0.08911819010972977,existing_v1_100,/home/tslin/Documents/jupyter_data/anLi/machine_unlearning/orthogonal-concept-erasure/experiments/sequential_object_persistence/outputs/sequential_oce_object_v1_online
retain_always,W10,truck,a photo of the truck,69,111,images/retain_always/W10/truck/index_069_seed_111.png,truck,automobile,False,0.10092756897211075,delete-after-eval,0.009481371380388737,0.8118011355400085,0.004676248412579298,0.0008718998287804425,0.0012436070246621966,0.0013581197708845139,0.0021330390591174364,0.005758601240813732,0.061748407781124115,0.10092756897211075,existing_v1_100,/home/tslin/Documents/jupyter_data/anLi/machine_unlearning/orthogonal-concept-erasure/experiments/sequential_object_persistence/outputs/sequential_oce_object_v1_online
retain_always,W10,truck,a photo of the truck,70,112,images/retain_always/W10/truck/index_070_seed_112.png,truck,truck,True,0.5136936902999878,delete-after-eval,0.004483084660023451,0.2571786046028137,0.010668573901057243,0.048107512295246124,0.041758522391319275,0.04774551838636398,0.015748916193842888,0.023850493133068085,0.03676506131887436,0.5136936902999878,existing_v1_100,/home/tslin/Documents/jupyter_data/anLi/machine_unlearning/orthogonal-concept-erasure/experiments/sequential_object_persistence/outputs/sequential_oce_object_v1_online
retain_always,W10,truck,a photo of the truck,71,113,images/retain_always/W10/truck/index_071_seed_113.png,truck,automobile,False,0.09251566231250763,delete-after-eval,0.0307434294372797,0.26178908348083496,0.08635786920785904,0.04413387179374695,0.04955408349633217,0.08265352994203568,0.08612411469221115,0.2067563235759735,0.05937208607792854,0.09251566231250763,existing_v1_100,/home/tslin/Documents/jupyter_data/anLi/machine_unlearning/orthogonal-concept-erasure/experiments/sequential_object_persistence/outputs/sequential_oce_object_v1_online
retain_always,W10,truck,a photo of the truck,72,114,images/retain_always/W10/truck/index_072_seed_114.png,truck,automobile,False,0.2638047933578491,delete-after-eval,0.0061251516453921795,0.5165746808052063,0.01269479189068079,0.023031756281852722,0.0095143998041749,0.03514450043439865,0.07152881473302841,0.034952905029058456,0.026628175750374794,0.2638047933578491,existing_v1_100,/home/tslin/Documents/jupyter_data/anLi/machine_unlearning/orthogonal-concept-erasure/experiments/sequential_object_persistence/outputs/sequential_oce_object_v1_online
retain_always,W10,truck,a photo of the truck,73,115,images/retain_always/W10/truck/index_073_seed_115.png,truck,frog,False,0.12863299250602722,delete-after-eval,0.033864736557006836,0.1381428986787796,0.0398477278649807,0.057890478521585464,0.008243411779403687,0.14702850580215454,0.301651269197464,0.12296248227357864,0.02173544466495514,0.12863299250602722,existing_v1_100,/home/tslin/Documents/jupyter_data/anLi/machine_unlearning/orthogonal-concept-erasure/experiments/sequential_object_persistence/outputs/sequential_oce_object_v1_online
retain_always,W10,truck,a photo of the truck,74,116,images/retain_always/W10/truck/index_074_seed_116.png,truck,truck,True,0.4178416430950165,delete-after-eval,0.005897981580346823,0.3773128092288971,0.008115550503134727,0.019581591710448265,0.029015328735113144,0.07342974841594696,0.0009708759025670588,0.05092940852046013,0.016905101016163826,0.4178416430950165,existing_v1_100,/home/tslin/Documents/jupyter_data/anLi/machine_unlearning/orthogonal-concept-erasure/experiments/sequential_object_persistence/outputs/sequential_oce_object_v1_online
retain_always,W10,truck,a photo of the truck,75,117,images/retain_always/W10/truck/index_075_seed_117.png,truck,dog,False,0.04480457305908203,delete-after-eval,0.002617217367514968,0.043902114033699036,0.0496697798371315,0.11604942381381989,0.1270042210817337,0.31473803520202637,0.15845473110675812,0.12882719933986664,0.013932697474956512,0.04480457305908203,existing_v1_100,/home/tslin/Documents/jupyter_data/anLi/machine_unlearning/orthogonal-concept-erasure/experiments/sequential_object_persistence/outputs/sequential_oce_object_v1_online
retain_always,W10,truck,a photo of the truck,76,118,images/retain_always/W10/truck/index_076_seed_118.png,truck,truck,True,0.4773716330528259,delete-after-eval,0.09942121803760529,0.2700323164463043,0.010770762339234352,0.007265349850058556,0.005133111495524645,0.005212067160755396,0.0020688993390649557,0.034193847328424454,0.08853085339069366,0.4773716330528259,existing_v1_100,/home/tslin/Documents/jupyter_data/anLi/machine_unlearning/orthogonal-concept-erasure/experiments/sequential_object_persistence/outputs/sequential_oce_object_v1_online
retain_always,W10,truck,a photo of the truck,77,119,images/retain_always/W10/truck/index_077_seed_119.png,truck,truck,True,0.4844677746295929,delete-after-eval,0.005099602974951267,0.2478628158569336,0.05628879368305206,0.012839781120419502,0.01062854565680027,0.07938884943723679,0.041929010301828384,0.045682668685913086,0.015812069177627563,0.4844677746295929,existing_v1_100,/home/tslin/Documents/jupyter_data/anLi/machine_unlearning/orthogonal-concept-erasure/experiments/sequential_object_persistence/outputs/sequential_oce_object_v1_online
retain_always,W10,truck,a photo of the truck,78,120,images/retain_always/W10/truck/index_078_seed_120.png,truck,horse,False,0.16503484547138214,delete-after-eval,0.023434482514858246,0.07999628782272339,0.0203490499407053,0.07437709718942642,0.039578456431627274,0.26153239607810974,0.010786416940391064,0.2676849365234375,0.05722597613930702,0.16503484547138214,existing_v1_100,/home/tslin/Documents/jupyter_data/anLi/machine_unlearning/orthogonal-concept-erasure/experiments/sequential_object_persistence/outputs/sequential_oce_object_v1_online
retain_always,W10,truck,a photo of the truck,79,121,images/retain_always/W10/truck/index_079_seed_121.png,truck,truck,True,0.5553082227706909,delete-after-eval,0.0057888091541826725,0.04062456265091896,0.022467944771051407,0.009370196610689163,0.06332158297300339,0.06304524838924408,0.057557713240385056,0.01567094959318638,0.16684478521347046,0.5553082227706909,existing_v1_100,/home/tslin/Documents/jupyter_data/anLi/machine_unlearning/orthogonal-concept-erasure/experiments/sequential_object_persistence/outputs/sequential_oce_object_v1_online
retain_always,W10,truck,a photo of the truck,80,122,images/retain_always/W10/truck/index_080_seed_122.png,truck,ship,False,0.060309767723083496,delete-after-eval,0.01464085653424263,0.12715473771095276,0.027986636385321617,0.010435624979436398,0.004638771992176771,0.009717022068798542,0.007174605969339609,0.020209720358252525,0.717732310295105,0.060309767723083496,existing_v1_100,/home/tslin/Documents/jupyter_data/anLi/machine_unlearning/orthogonal-concept-erasure/experiments/sequential_object_persistence/outputs/sequential_oce_object_v1_online
retain_always,W10,truck,a photo of the truck,81,123,images/retain_always/W10/truck/index_081_seed_123.png,truck,bird,False,0.14578911662101746,delete-after-eval,0.01629011519253254,0.2695450782775879,0.28203073143959045,0.03658256679773331,0.020523976534605026,0.04906393587589264,0.033977363258600235,0.03446059301495552,0.1117364913225174,0.14578911662101746,existing_v1_100,/home/tslin/Documents/jupyter_data/anLi/machine_unlearning/orthogonal-concept-erasure/experiments/sequential_object_persistence/outputs/sequential_oce_object_v1_online
retain_always,W10,truck,a photo of the truck,82,124,images/retain_always/W10/truck/index_082_seed_124.png,truck,truck,True,0.5302340388298035,delete-after-eval,0.0005938239628449082,0.1400672346353531,0.008889704011380672,0.0098814582452178,0.20421843230724335,0.01406658161431551,0.0037944703362882137,0.07501950860023499,0.013234836049377918,0.5302340388298035,existing_v1_100,/home/tslin/Documents/jupyter_data/anLi/machine_unlearning/orthogonal-concept-erasure/experiments/sequential_object_persistence/outputs/sequential_oce_object_v1_online
retain_always,W10,truck,a photo of the truck,83,125,images/retain_always/W10/truck/index_083_seed_125.png,truck,truck,True,0.3018634617328644,delete-after-eval,0.03732216730713844,0.25150877237319946,0.013905582949519157,0.01983780227601528,0.05817446485161781,0.03197050467133522,0.05729560926556587,0.0919448733329773,0.13617683947086334,0.3018634617328644,existing_v1_100,/home/tslin/Documents/jupyter_data/anLi/machine_unlearning/orthogonal-concept-erasure/experiments/sequential_object_persistence/outputs/sequential_oce_object_v1_online
retain_always,W10,truck,a photo of the truck,84,126,images/retain_always/W10/truck/index_084_seed_126.png,truck,truck,True,0.44353461265563965,delete-after-eval,0.001975836232304573,0.3744608163833618,0.017034731805324554,0.01084502786397934,0.06427185982465744,0.006177283823490143,0.0014472660841420293,0.05295982211828232,0.027292750775814056,0.44353461265563965,existing_v1_100,/home/tslin/Documents/jupyter_data/anLi/machine_unlearning/orthogonal-concept-erasure/experiments/sequential_object_persistence/outputs/sequential_oce_object_v1_online
retain_always,W10,truck,a photo of the truck,85,127,images/retain_always/W10/truck/index_085_seed_127.png,truck,automobile,False,0.3631478250026703,delete-after-eval,0.0027949553914368153,0.608536422252655,0.0039473604410886765,0.0019103869562968612,0.0016573923639953136,0.0025901696644723415,0.00043668411672115326,0.004975656513124704,0.010003175586462021,0.3631478250026703,existing_v1_100,/home/tslin/Documents/jupyter_data/anLi/machine_unlearning/orthogonal-concept-erasure/experiments/sequential_object_persistence/outputs/sequential_oce_object_v1_online
retain_always,W10,truck,a photo of the truck,86,128,images/retain_always/W10/truck/index_086_seed_128.png,truck,truck,True,0.5589144229888916,delete-after-eval,0.016453135758638382,0.042570337653160095,0.023475833237171173,0.0039590997621417046,0.0837673470377922,0.017894182354211807,0.020910007879137993,0.10901612788438797,0.12303952872753143,0.5589144229888916,existing_v1_100,/home/tslin/Documents/jupyter_data/anLi/machine_unlearning/orthogonal-concept-erasure/experiments/sequential_object_persistence/outputs/sequential_oce_object_v1_online
retain_always,W10,truck,a photo of the truck,87,129,images/retain_always/W10/truck/index_087_seed_129.png,truck,automobile,False,0.2095758467912674,delete-after-eval,0.12930843234062195,0.4023432433605194,0.03339181840419769,0.028991401195526123,0.06623628735542297,0.03506147116422653,0.03666339069604874,0.019939130172133446,0.03848898783326149,0.2095758467912674,existing_v1_100,/home/tslin/Documents/jupyter_data/anLi/machine_unlearning/orthogonal-concept-erasure/experiments/sequential_object_persistence/outputs/sequential_oce_object_v1_online
retain_always,W10,truck,a photo of the truck,88,130,images/retain_always/W10/truck/index_088_seed_130.png,truck,dog,False,0.08507676422595978,delete-after-eval,0.04277316480875015,0.17751315236091614,0.1394776552915573,0.1004888117313385,0.020315244793891907,0.23739118874073029,0.054708123207092285,0.10761173814535141,0.03464417904615402,0.08507676422595978,existing_v1_100,/home/tslin/Documents/jupyter_data/anLi/machine_unlearning/orthogonal-concept-erasure/experiments/sequential_object_persistence/outputs/sequential_oce_object_v1_online
retain_always,W10,truck,a photo of the truck,89,131,images/retain_always/W10/truck/index_089_seed_131.png,truck,dog,False,0.11889244616031647,delete-after-eval,0.008747216314077377,0.13438761234283447,0.14020046591758728,0.06626669317483902,0.1279028058052063,0.17353209853172302,0.09527182579040527,0.0910579040646553,0.04374092444777489,0.11889244616031647,existing_v1_100,/home/tslin/Documents/jupyter_data/anLi/machine_unlearning/orthogonal-concept-erasure/experiments/sequential_object_persistence/outputs/sequential_oce_object_v1_online
retain_always,W10,truck,a photo of the truck,90,132,images/retain_always/W10/truck/index_090_seed_132.png,truck,deer,False,0.0385294146835804,delete-after-eval,0.004746316000819206,0.022758016362786293,0.03344474732875824,0.03491028770804405,0.5096868872642517,0.2851378321647644,0.02098907344043255,0.03311038017272949,0.01668703183531761,0.0385294146835804,existing_v1_100,/home/tslin/Documents/jupyter_data/anLi/machine_unlearning/orthogonal-concept-erasure/experiments/sequential_object_persistence/outputs/sequential_oce_object_v1_online
retain_always,W10,truck,a photo of the truck,91,133,images/retain_always/W10/truck/index_091_seed_133.png,truck,truck,True,0.3039267361164093,delete-after-eval,0.016916191205382347,0.2990025579929352,0.056039538234472275,0.04527214542031288,0.03734675794839859,0.04358416050672531,0.03379170224070549,0.03823408856987953,0.12588615715503693,0.3039267361164093,existing_v1_100,/home/tslin/Documents/jupyter_data/anLi/machine_unlearning/orthogonal-concept-erasure/experiments/sequential_object_persistence/outputs/sequential_oce_object_v1_online
retain_always,W10,truck,a photo of the truck,92,134,images/retain_always/W10/truck/index_092_seed_134.png,truck,airplane,False,0.14772091805934906,delete-after-eval,0.4984701871871948,0.09433963894844055,0.067361980676651,0.016774216666817665,0.06370215862989426,0.032210350036621094,0.01963372714817524,0.04533420503139496,0.014452612958848476,0.14772091805934906,existing_v1_100,/home/tslin/Documents/jupyter_data/anLi/machine_unlearning/orthogonal-concept-erasure/experiments/sequential_object_persistence/outputs/sequential_oce_object_v1_online
retain_always,W10,truck,a photo of the truck,93,135,images/retain_always/W10/truck/index_093_seed_135.png,truck,truck,True,0.3151746988296509,delete-after-eval,0.003984740003943443,0.029575061053037643,0.0465724915266037,0.017396962270140648,0.27283069491386414,0.13362988829612732,0.03661734610795975,0.12887462973594666,0.015343515202403069,0.3151746988296509,existing_v1_100,/home/tslin/Documents/jupyter_data/anLi/machine_unlearning/orthogonal-concept-erasure/experiments/sequential_object_persistence/outputs/sequential_oce_object_v1_online
retain_always,W10,truck,a photo of the truck,94,136,images/retain_always/W10/truck/index_094_seed_136.png,truck,truck,True,0.2451331615447998,delete-after-eval,0.01029346976429224,0.049745529890060425,0.14211079478263855,0.05242222547531128,0.04128188639879227,0.042477354407310486,0.21363937854766846,0.10300898551940918,0.09988716244697571,0.2451331615447998,existing_v1_100,/home/tslin/Documents/jupyter_data/anLi/machine_unlearning/orthogonal-concept-erasure/experiments/sequential_object_persistence/outputs/sequential_oce_object_v1_online
retain_always,W10,truck,a photo of the truck,95,137,images/retain_always/W10/truck/index_095_seed_137.png,truck,frog,False,0.031193817034363747,delete-after-eval,0.03754426911473274,0.1560416966676712,0.018531689420342445,0.07278472930192947,0.030305156484246254,0.11470077186822891,0.46495699882507324,0.03289731219410896,0.04104355722665787,0.031193817034363747,existing_v1_100,/home/tslin/Documents/jupyter_data/anLi/machine_unlearning/orthogonal-concept-erasure/experiments/sequential_object_persistence/outputs/sequential_oce_object_v1_online
retain_always,W10,truck,a photo of the truck,96,138,images/retain_always/W10/truck/index_096_seed_138.png,truck,truck,True,0.6787588596343994,delete-after-eval,0.006180375814437866,0.2806510627269745,0.0019258863758295774,0.0003280600067228079,0.0050307088531553745,0.000834209902677685,0.002839898457750678,0.005237459205091,0.018213428556919098,0.6787588596343994,existing_v1_100,/home/tslin/Documents/jupyter_data/anLi/machine_unlearning/orthogonal-concept-erasure/experiments/sequential_object_persistence/outputs/sequential_oce_object_v1_online
retain_always,W10,truck,a photo of the truck,97,139,images/retain_always/W10/truck/index_097_seed_139.png,truck,truck,True,0.3163636028766632,delete-after-eval,0.013324982486665249,0.25274714827537537,0.03180666267871857,0.02697620540857315,0.1142343133687973,0.056275706738233566,0.08168505877256393,0.05658482387661934,0.05000150203704834,0.3163636028766632,existing_v1_100,/home/tslin/Documents/jupyter_data/anLi/machine_unlearning/orthogonal-concept-erasure/experiments/sequential_object_persistence/outputs/sequential_oce_object_v1_online
retain_always,W10,truck,a photo of the truck,98,140,images/retain_always/W10/truck/index_098_seed_140.png,truck,bird,False,0.17790217697620392,delete-after-eval,0.008169096894562244,0.27463412284851074,0.3104536533355713,0.03545017167925835,0.032432522624731064,0.0446259044110775,0.07968198508024216,0.024030379951000214,0.012619911693036556,0.17790217697620392,existing_v1_100,/home/tslin/Documents/jupyter_data/anLi/machine_unlearning/orthogonal-concept-erasure/experiments/sequential_object_persistence/outputs/sequential_oce_object_v1_online
retain_always,W10,truck,a photo of the truck,99,141,images/retain_always/W10/truck/index_099_seed_141.png,truck,automobile,False,0.20274116098880768,delete-after-eval,0.17259931564331055,0.4102810025215149,0.0030465570744127035,0.0031626508571207523,0.005165168549865484,0.003100169589743018,0.0010191315086558461,0.01834871806204319,0.18053612112998962,0.20274116098880768,existing_v1_100,/home/tslin/Documents/jupyter_data/anLi/machine_unlearning/orthogonal-concept-erasure/experiments/sequential_object_persistence/outputs/sequential_oce_object_v1_online
retain_always,W10,truck,a photo of the truck,100,142,images/experiment1_sequential_own_step/retain_always/W10/truck/index_100_seed_142.png,truck,ship,False,0.09487705677747726,delete-after-eval,0.038662612438201904,0.09122183173894882,0.04843692481517792,0.06671412289142609,0.005668175406754017,0.06440956890583038,0.024350879713892937,0.04048508033156395,0.5251737833023071,0.09487705677747726,new_followup_supplement,/home/tslin/Documents/jupyter_data/anLi/machine_unlearning/orthogonal-concept-erasure/experiments/sequential_object_followup/outputs/sequential_oce_object_followup_v1
retain_always,W10,truck,a photo of the truck,101,143,images/experiment1_sequential_own_step/retain_always/W10/truck/index_101_seed_143.png,truck,automobile,False,0.25969740748405457,delete-after-eval,0.23811636865139008,0.35809099674224854,0.01830550655722618,0.004084491636604071,0.005486579611897469,0.0065617808140814304,0.017539849504828453,0.01446423027664423,0.07765278965234756,0.25969740748405457,new_followup_supplement,/home/tslin/Documents/jupyter_data/anLi/machine_unlearning/orthogonal-concept-erasure/experiments/sequential_object_followup/outputs/sequential_oce_object_followup_v1
retain_always,W10,truck,a photo of the truck,102,144,images/experiment1_sequential_own_step/retain_always/W10/truck/index_102_seed_144.png,truck,automobile,False,0.02747880294919014,delete-after-eval,0.007880184799432755,0.5999178290367126,0.008177249692380428,0.024241678416728973,0.005322945769876242,0.06636112928390503,0.003077830420807004,0.10653804242610931,0.15100432932376862,0.02747880294919014,new_followup_supplement,/home/tslin/Documents/jupyter_data/anLi/machine_unlearning/orthogonal-concept-erasure/experiments/sequential_object_followup/outputs/sequential_oce_object_followup_v1
retain_always,W10,truck,a photo of the truck,103,145,images/experiment1_sequential_own_step/retain_always/W10/truck/index_103_seed_145.png,truck,deer,False,0.08171425759792328,delete-after-eval,0.004810093902051449,0.15008583664894104,0.042141832411289215,0.01759328320622444,0.36570554971694946,0.09381191432476044,0.08257929980754852,0.1472233384847641,0.014334645122289658,0.08171425759792328,new_followup_supplement,/home/tslin/Documents/jupyter_data/anLi/machine_unlearning/orthogonal-concept-erasure/experiments/sequential_object_followup/outputs/sequential_oce_object_followup_v1
retain_always,W10,truck,a photo of the truck,104,146,images/experiment1_sequential_own_step/retain_always/W10/truck/index_104_seed_146.png,truck,truck,True,0.6959415674209595,delete-after-eval,0.001400806475430727,0.0934455394744873,0.013718382455408573,0.005341838579624891,0.12883351743221283,0.008988434448838234,0.0040670051239430904,0.04130013287067413,0.0069628069177269936,0.6959415674209595,new_followup_supplement,/home/tslin/Documents/jupyter_data/anLi/machine_unlearning/orthogonal-concept-erasure/experiments/sequential_object_followup/outputs/sequential_oce_object_followup_v1
retain_always,W10,truck,a photo of the truck,105,147,images/experiment1_sequential_own_step/retain_always/W10/truck/index_105_seed_147.png,truck,automobile,False,0.0651136189699173,delete-after-eval,0.015002306550741196,0.45105746388435364,0.05112054571509361,0.08379911631345749,0.044147830456495285,0.10704545676708221,0.06717055290937424,0.09937053173780441,0.01617264188826084,0.0651136189699173,new_followup_supplement,/home/tslin/Documents/jupyter_data/anLi/machine_unlearning/orthogonal-concept-erasure/experiments/sequential_object_followup/outputs/sequential_oce_object_followup_v1
retain_always,W10,truck,a photo of the truck,106,148,images/experiment1_sequential_own_step/retain_always/W10/truck/index_106_seed_148.png,truck,truck,True,0.6020859479904175,delete-after-eval,0.020834486931562424,0.12683559954166412,0.02504190243780613,0.009878790937364101,0.004852840211242437,0.007538242265582085,0.01157951820641756,0.013648795895278454,0.1777038872241974,0.6020859479904175,new_followup_supplement,/home/tslin/Documents/jupyter_data/anLi/machine_unlearning/orthogonal-concept-erasure/experiments/sequential_object_followup/outputs/sequential_oce_object_followup_v1
retain_always,W10,truck,a photo of the truck,107,149,images/experiment1_sequential_own_step/retain_always/W10/truck/index_107_seed_149.png,truck,truck,True,0.49588483572006226,delete-after-eval,0.0004577368963509798,0.08374012261629105,0.04182223230600357,0.051111359149217606,0.17806947231292725,0.0542990118265152,0.0010815003188326955,0.08841515332460403,0.005118518136441708,0.49588483572006226,new_followup_supplement,/home/tslin/Documents/jupyter_data/anLi/machine_unlearning/orthogonal-concept-erasure/experiments/sequential_object_followup/outputs/sequential_oce_object_followup_v1
retain_always,W10,truck,a photo of the truck,108,150,images/experiment1_sequential_own_step/retain_always/W10/truck/index_108_seed_150.png,truck,automobile,False,0.3614411950111389,delete-after-eval,0.0028572806622833014,0.43348217010498047,0.06255202740430832,0.01557845063507557,0.030645569786429405,0.007990151643753052,0.0012723777908831835,0.008265750482678413,0.07591509073972702,0.3614411950111389,new_followup_supplement,/home/tslin/Documents/jupyter_data/anLi/machine_unlearning/orthogonal-concept-erasure/experiments/sequential_object_followup/outputs/sequential_oce_object_followup_v1
retain_always,W10,truck,a photo of the truck,109,151,images/experiment1_sequential_own_step/retain_always/W10/truck/index_109_seed_151.png,truck,truck,True,0.7508792877197266,delete-after-eval,0.0021405017469078302,0.09856496751308441,0.013140089809894562,0.018808512017130852,0.005678787361830473,0.03913956508040428,0.028394073247909546,0.022510625422000885,0.020743535831570625,0.7508792877197266,new_followup_supplement,/home/tslin/Documents/jupyter_data/anLi/machine_unlearning/orthogonal-concept-erasure/experiments/sequential_object_followup/outputs/sequential_oce_object_followup_v1
retain_always,W10,truck,a photo of the truck,110,152,images/experiment1_sequential_own_step/retain_always/W10/truck/index_110_seed_152.png,truck,horse,False,0.09750731289386749,delete-after-eval,0.10273673385381699,0.09343408048152924,0.13235989212989807,0.05357491970062256,0.07708536833524704,0.04936004430055618,0.02805105596780777,0.2145976424217224,0.15129300951957703,0.09750731289386749,new_followup_supplement,/home/tslin/Documents/jupyter_data/anLi/machine_unlearning/orthogonal-concept-erasure/experiments/sequential_object_followup/outputs/sequential_oce_object_followup_v1
retain_always,W10,truck,a photo of the truck,111,153,images/experiment1_sequential_own_step/retain_always/W10/truck/index_111_seed_153.png,truck,frog,False,0.0431828610599041,delete-after-eval,0.008902809582650661,0.028160573914647102,0.0722450315952301,0.10174395143985748,0.04223494231700897,0.17480872571468353,0.2700600028038025,0.18125680088996887,0.07740433514118195,0.0431828610599041,new_followup_supplement,/home/tslin/Documents/jupyter_data/anLi/machine_unlearning/orthogonal-concept-erasure/experiments/sequential_object_followup/outputs/sequential_oce_object_followup_v1
retain_always,W10,truck,a photo of the truck,112,154,images/experiment1_sequential_own_step/retain_always/W10/truck/index_112_seed_154.png,truck,automobile,False,0.12350050359964371,delete-after-eval,0.0003074835694860667,0.7910385131835938,0.0025646870490163565,0.0029891040176153183,0.0034244502894580364,0.0068885996006429195,0.0006311031174845994,0.014482849277555943,0.05417270213365555,0.12350050359964371,new_followup_supplement,/home/tslin/Documents/jupyter_data/anLi/machine_unlearning/orthogonal-concept-erasure/experiments/sequential_object_followup/outputs/sequential_oce_object_followup_v1
retain_always,W10,truck,a photo of the truck,113,155,images/experiment1_sequential_own_step/retain_always/W10/truck/index_113_seed_155.png,truck,horse,False,0.13013382256031036,delete-after-eval,0.006996475160121918,0.09310254454612732,0.07953494042158127,0.06452284753322601,0.054701682180166245,0.15980282425880432,0.13245239853858948,0.25896838307380676,0.019784070551395416,0.13013382256031036,new_followup_supplement,/home/tslin/Documents/jupyter_data/anLi/machine_unlearning/orthogonal-concept-erasure/experiments/sequential_object_followup/outputs/sequential_oce_object_followup_v1
retain_always,W10,truck,a photo of the truck,114,156,images/experiment1_sequential_own_step/retain_always/W10/truck/index_114_seed_156.png,truck,automobile,False,0.25659963488578796,delete-after-eval,0.01341139618307352,0.6458214521408081,0.006715947296470404,0.0160402599722147,0.01514161005616188,0.01088927686214447,0.009499716572463512,0.015684805810451508,0.01019584946334362,0.25659963488578796,new_followup_supplement,/home/tslin/Documents/jupyter_data/anLi/machine_unlearning/orthogonal-concept-erasure/experiments/sequential_object_followup/outputs/sequential_oce_object_followup_v1
retain_always,W10,truck,a photo of the truck,115,157,images/experiment1_sequential_own_step/retain_always/W10/truck/index_115_seed_157.png,truck,automobile,False,0.2782970666885376,delete-after-eval,0.09249982982873917,0.441966712474823,0.015715982764959335,0.005863036494702101,0.010446541011333466,0.015041927807033062,0.02849416807293892,0.03566812351346016,0.07600662112236023,0.2782970666885376,new_followup_supplement,/home/tslin/Documents/jupyter_data/anLi/machine_unlearning/orthogonal-concept-erasure/experiments/sequential_object_followup/outputs/sequential_oce_object_followup_v1
retain_always,W10,truck,a photo of the truck,116,158,images/experiment1_sequential_own_step/retain_always/W10/truck/index_116_seed_158.png,truck,frog,False,0.16809235513210297,delete-after-eval,0.0013444527285173535,0.07005368173122406,0.032864198088645935,0.03213818743824959,0.13194499909877777,0.0584985576570034,0.3855701982975006,0.1103234812617302,0.009169870987534523,0.16809235513210297,new_followup_supplement,/home/tslin/Documents/jupyter_data/anLi/machine_unlearning/orthogonal-concept-erasure/experiments/sequential_object_followup/outputs/sequential_oce_object_followup_v1
retain_always,W10,truck,a photo of the truck,117,159,images/experiment1_sequential_own_step/retain_always/W10/truck/index_117_seed_159.png,truck,automobile,False,0.12347587198019028,delete-after-eval,0.005895374808460474,0.7612749338150024,0.0071300300769507885,0.016680868342518806,0.0015793421771377325,0.030663788318634033,0.0025884404312819242,0.021586526185274124,0.029124846681952477,0.12347587198019028,new_followup_supplement,/home/tslin/Documents/jupyter_data/anLi/machine_unlearning/orthogonal-concept-erasure/experiments/sequential_object_followup/outputs/sequential_oce_object_followup_v1
retain_always,W10,truck,a photo of the truck,118,160,images/experiment1_sequential_own_step/retain_always/W10/truck/index_118_seed_160.png,truck,frog,False,0.06130281463265419,delete-after-eval,0.0015625925734639168,0.009934552013874054,0.005497463047504425,0.006823575124144554,0.021507209166884422,0.023127663880586624,0.7110793590545654,0.15064340829849243,0.00852133147418499,0.06130281463265419,new_followup_supplement,/home/tslin/Documents/jupyter_data/anLi/machine_unlearning/orthogonal-concept-erasure/experiments/sequential_object_followup/outputs/sequential_oce_object_followup_v1
retain_always,W10,truck,a photo of the truck,119,161,images/experiment1_sequential_own_step/retain_always/W10/truck/index_119_seed_161.png,truck,truck,True,0.6182950139045715,delete-after-eval,0.006546253338456154,0.10762425512075424,0.027857936918735504,0.020227208733558655,0.07916771620512009,0.023006537929177284,0.015025679022073746,0.04862695932388306,0.05362245813012123,0.6182950139045715,new_followup_supplement,/home/tslin/Documents/jupyter_data/anLi/machine_unlearning/orthogonal-concept-erasure/experiments/sequential_object_followup/outputs/sequential_oce_object_followup_v1
retain_always,W10,truck,a photo of the truck,120,162,images/experiment1_sequential_own_step/retain_always/W10/truck/index_120_seed_162.png,truck,horse,False,0.05493849888443947,delete-after-eval,0.001829091110266745,0.03484325855970383,0.044313885271549225,0.1365450769662857,0.03106841631233692,0.20264911651611328,0.06127406284213066,0.42230626940727234,0.010232426226139069,0.05493849888443947,new_followup_supplement,/home/tslin/Documents/jupyter_data/anLi/machine_unlearning/orthogonal-concept-erasure/experiments/sequential_object_followup/outputs/sequential_oce_object_followup_v1
retain_always,W10,truck,a photo of the truck,121,163,images/experiment1_sequential_own_step/retain_always/W10/truck/index_121_seed_163.png,truck,truck,True,0.437027245759964,delete-after-eval,0.018858928233385086,0.12877392768859863,0.02598288655281067,0.011408993974328041,0.05380909889936447,0.020603494718670845,0.20301920175552368,0.07813767343759537,0.02237849310040474,0.437027245759964,new_followup_supplement,/home/tslin/Documents/jupyter_data/anLi/machine_unlearning/orthogonal-concept-erasure/experiments/sequential_object_followup/outputs/sequential_oce_object_followup_v1
retain_always,W10,truck,a photo of the truck,122,164,images/experiment1_sequential_own_step/retain_always/W10/truck/index_122_seed_164.png,truck,frog,False,0.10593258589506149,delete-after-eval,0.024100374430418015,0.21569028496742249,0.11295430362224579,0.05474953353404999,0.06548824906349182,0.1248343363404274,0.24594293534755707,0.03491727262735367,0.015390150249004364,0.10593258589506149,new_followup_supplement,/home/tslin/Documents/jupyter_data/anLi/machine_unlearning/orthogonal-concept-erasure/experiments/sequential_object_followup/outputs/sequential_oce_object_followup_v1
retain_always,W10,truck,a photo of the truck,123,165,images/experiment1_sequential_own_step/retain_always/W10/truck/index_123_seed_165.png,truck,truck,True,0.4429545998573303,delete-after-eval,0.02443726733326912,0.19128942489624023,0.09752699732780457,0.016980266198515892,0.008389263413846493,0.026969533413648605,0.06704166531562805,0.09961210191249847,0.024798911064863205,0.4429545998573303,new_followup_supplement,/home/tslin/Documents/jupyter_data/anLi/machine_unlearning/orthogonal-concept-erasure/experiments/sequential_object_followup/outputs/sequential_oce_object_followup_v1
retain_always,W10,truck,a photo of the truck,124,166,images/experiment1_sequential_own_step/retain_always/W10/truck/index_124_seed_166.png,truck,automobile,False,0.048458170145750046,delete-after-eval,0.000795489177107811,0.9221005439758301,0.005615017376840115,0.005522189661860466,0.004261751659214497,0.003416565014049411,0.0013463400537148118,0.00467212637886405,0.003811715403571725,0.048458170145750046,new_followup_supplement,/home/tslin/Documents/jupyter_data/anLi/machine_unlearning/orthogonal-concept-erasure/experiments/sequential_object_followup/outputs/sequential_oce_object_followup_v1
retain_always,W10,truck,a photo of the truck,125,167,images/experiment1_sequential_own_step/retain_always/W10/truck/index_125_seed_167.png,truck,dog,False,0.07648289948701859,delete-after-eval,0.046290323138237,0.05289728567004204,0.18844860792160034,0.07663140445947647,0.01933104731142521,0.20244751870632172,0.024720730260014534,0.16453970968723297,0.14821042120456696,0.07648289948701859,new_followup_supplement,/home/tslin/Documents/jupyter_data/anLi/machine_unlearning/orthogonal-concept-erasure/experiments/sequential_object_followup/outputs/sequential_oce_object_followup_v1
retain_always,W10,truck,a photo of the truck,126,168,images/experiment1_sequential_own_step/retain_always/W10/truck/index_126_seed_168.png,truck,bird,False,0.042848121374845505,delete-after-eval,0.0016420367173850536,0.012678208760917187,0.8214374780654907,0.013178874738514423,0.021823322400450706,0.024249281734228134,0.009204375557601452,0.03656517714262009,0.01637312024831772,0.042848121374845505,new_followup_supplement,/home/tslin/Documents/jupyter_data/anLi/machine_unlearning/orthogonal-concept-erasure/experiments/sequential_object_followup/outputs/sequential_oce_object_followup_v1
retain_always,W10,truck,a photo of the truck,127,169,images/experiment1_sequential_own_step/retain_always/W10/truck/index_127_seed_169.png,truck,automobile,False,0.10358133167028427,delete-after-eval,0.025640619918704033,0.5017980933189392,0.03527875989675522,0.05582626909017563,0.02158440463244915,0.15878994762897491,0.017452098429203033,0.02998029626905918,0.050068214535713196,0.10358133167028427,new_followup_supplement,/home/tslin/Documents/jupyter_data/anLi/machine_unlearning/orthogonal-concept-erasure/experiments/sequential_object_followup/outputs/sequential_oce_object_followup_v1
retain_always,W10,truck,a photo of the truck,128,170,images/experiment1_sequential_own_step/retain_always/W10/truck/index_128_seed_170.png,truck,truck,True,0.674209475517273,delete-after-eval,0.0186621081084013,0.12017151713371277,0.007290421985089779,0.0055117132142186165,0.006210379768162966,0.011223495937883854,0.06782875955104828,0.02693783864378929,0.06195428967475891,0.674209475517273,new_followup_supplement,/home/tslin/Documents/jupyter_data/anLi/machine_unlearning/orthogonal-concept-erasure/experiments/sequential_object_followup/outputs/sequential_oce_object_followup_v1
retain_always,W10,truck,a photo of the truck,129,171,images/experiment1_sequential_own_step/retain_always/W10/truck/index_129_seed_171.png,truck,truck,True,0.19649982452392578,delete-after-eval,0.011245247907936573,0.18424485623836517,0.07694530487060547,0.09368686378002167,0.01699730008840561,0.09647789597511292,0.042545136064291,0.1724434196949005,0.10891418159008026,0.19649982452392578,new_followup_supplement,/home/tslin/Documents/jupyter_data/anLi/machine_unlearning/orthogonal-concept-erasure/experiments/sequential_object_followup/outputs/sequential_oce_object_followup_v1
retain_always,W10,truck,a photo of the truck,130,172,images/experiment1_sequential_own_step/retain_always/W10/truck/index_130_seed_172.png,truck,truck,True,0.47247570753097534,delete-after-eval,0.019492775201797485,0.21961519122123718,0.007985579781234264,0.018290231004357338,0.011744368821382523,0.02190139703452587,0.007214617915451527,0.08199457824230194,0.13928551971912384,0.47247570753097534,new_followup_supplement,/home/tslin/Documents/jupyter_data/anLi/machine_unlearning/orthogonal-concept-erasure/experiments/sequential_object_followup/outputs/sequential_oce_object_followup_v1
retain_always,W10,truck,a photo of the truck,131,173,images/experiment1_sequential_own_step/retain_always/W10/truck/index_131_seed_173.png,truck,truck,True,0.8537085056304932,delete-after-eval,0.004103320185095072,0.09599650651216507,0.00038337038131430745,0.0006238925852812827,0.006187024526298046,0.0012967644724994898,0.0011428113793954253,0.010835250839591026,0.025722641497850418,0.8537085056304932,new_followup_supplement,/home/tslin/Documents/jupyter_data/anLi/machine_unlearning/orthogonal-concept-erasure/experiments/sequential_object_followup/outputs/sequential_oce_object_followup_v1
retain_always,W10,truck,a photo of the truck,132,174,images/experiment1_sequential_own_step/retain_always/W10/truck/index_132_seed_174.png,truck,automobile,False,0.08259862661361694,delete-after-eval,0.005009876564145088,0.3701799511909485,0.027399666607379913,0.038076240569353104,0.03704361617565155,0.0606921948492527,0.1792970895767212,0.187339186668396,0.012363549321889877,0.08259862661361694,new_followup_supplement,/home/tslin/Documents/jupyter_data/anLi/machine_unlearning/orthogonal-concept-erasure/experiments/sequential_object_followup/outputs/sequential_oce_object_followup_v1
retain_always,W10,truck,a photo of the truck,133,175,images/experiment1_sequential_own_step/retain_always/W10/truck/index_133_seed_175.png,truck,automobile,False,0.0638425275683403,delete-after-eval,0.007615572307258844,0.8397294282913208,0.01619579643011093,0.004905413836240768,0.010009105317294598,0.005752022843807936,0.001558205229230225,0.018888309597969055,0.031503595411777496,0.0638425275683403,new_followup_supplement,/home/tslin/Documents/jupyter_data/anLi/machine_unlearning/orthogonal-concept-erasure/experiments/sequential_object_followup/outputs/sequential_oce_object_followup_v1
retain_always,W10,truck,a photo of the truck,134,176,images/experiment1_sequential_own_step/retain_always/W10/truck/index_134_seed_176.png,truck,automobile,False,0.10834932327270508,delete-after-eval,0.0007005619117990136,0.8283242583274841,0.007084714714437723,0.01102578453719616,0.016209527850151062,0.004275481216609478,0.005745710805058479,0.004082642495632172,0.01420195959508419,0.10834932327270508,new_followup_supplement,/home/tslin/Documents/jupyter_data/anLi/machine_unlearning/orthogonal-concept-erasure/experiments/sequential_object_followup/outputs/sequential_oce_object_followup_v1
retain_always,W10,truck,a photo of the truck,135,177,images/experiment1_sequential_own_step/retain_always/W10/truck/index_135_seed_177.png,truck,automobile,False,0.15664109587669373,delete-after-eval,0.006158840376883745,0.6682840585708618,0.007575531955808401,0.010866734199225903,0.002838917775079608,0.020615341141819954,0.005933244246989489,0.028902942314743996,0.09218331426382065,0.15664109587669373,new_followup_supplement,/home/tslin/Documents/jupyter_data/anLi/machine_unlearning/orthogonal-concept-erasure/experiments/sequential_object_followup/outputs/sequential_oce_object_followup_v1
retain_always,W10,truck,a photo of the truck,136,178,images/experiment1_sequential_own_step/retain_always/W10/truck/index_136_seed_178.png,truck,truck,True,0.5914095044136047,delete-after-eval,0.022788334637880325,0.15196794271469116,0.01243362296372652,0.009649648331105709,0.03827502951025963,0.011771894060075283,0.048263706266880035,0.05109519511461258,0.06234504282474518,0.5914095044136047,new_followup_supplement,/home/tslin/Documents/jupyter_data/anLi/machine_unlearning/orthogonal-concept-erasure/experiments/sequential_object_followup/outputs/sequential_oce_object_followup_v1
retain_always,W10,truck,a photo of the truck,137,179,images/experiment1_sequential_own_step/retain_always/W10/truck/index_137_seed_179.png,truck,truck,True,0.7223384380340576,delete-after-eval,0.0006188373663462698,0.23021012544631958,0.007055428344756365,0.0031347235199064016,0.0029139304533600807,0.0018413191428408027,0.001277024275623262,0.013255348429083824,0.01735483855009079,0.7223384380340576,new_followup_supplement,/home/tslin/Documents/jupyter_data/anLi/machine_unlearning/orthogonal-concept-erasure/experiments/sequential_object_followup/outputs/sequential_oce_object_followup_v1
retain_always,W10,truck,a photo of the truck,138,180,images/experiment1_sequential_own_step/retain_always/W10/truck/index_138_seed_180.png,truck,frog,False,0.11488736420869827,delete-after-eval,0.002720285439863801,0.004840662702918053,0.11733624339103699,0.07469650357961655,0.03370464965701103,0.04521489888429642,0.5621799230575562,0.029556887224316597,0.014862589538097382,0.11488736420869827,new_followup_supplement,/home/tslin/Documents/jupyter_data/anLi/machine_unlearning/orthogonal-concept-erasure/experiments/sequential_object_followup/outputs/sequential_oce_object_followup_v1
retain_always,W10,truck,a photo of the truck,139,181,images/experiment1_sequential_own_step/retain_always/W10/truck/index_139_seed_181.png,truck,automobile,False,0.2294752597808838,delete-after-eval,0.03259347379207611,0.39818695187568665,0.0806477814912796,0.016735751181840897,0.0307326540350914,0.04655789956450462,0.06371386349201202,0.044021736830472946,0.05733451619744301,0.2294752597808838,new_followup_supplement,/home/tslin/Documents/jupyter_data/anLi/machine_unlearning/orthogonal-concept-erasure/experiments/sequential_object_followup/outputs/sequential_oce_object_followup_v1
retain_always,W10,truck,a photo of the truck,140,182,images/experiment1_sequential_own_step/retain_always/W10/truck/index_140_seed_182.png,truck,automobile,False,0.22651073336601257,delete-after-eval,0.23196589946746826,0.4077072739601135,0.008476071059703827,0.0010160838719457388,0.0023377384059131145,0.0007924347301013768,0.0019273406360298395,0.0013485221425071359,0.11791793256998062,0.22651073336601257,new_followup_supplement,/home/tslin/Documents/jupyter_data/anLi/machine_unlearning/orthogonal-concept-erasure/experiments/sequential_object_followup/outputs/sequential_oce_object_followup_v1
retain_always,W10,truck,a photo of the truck,141,183,images/experiment1_sequential_own_step/retain_always/W10/truck/index_141_seed_183.png,truck,frog,False,0.017862854525446892,delete-after-eval,0.00043639319483190775,0.02896973118185997,0.06640299409627914,0.22267188131809235,0.028846610337495804,0.1391710638999939,0.27311068773269653,0.2031731903553009,0.019354548305273056,0.017862854525446892,new_followup_supplement,/home/tslin/Documents/jupyter_data/anLi/machine_unlearning/orthogonal-concept-erasure/experiments/sequential_object_followup/outputs/sequential_oce_object_followup_v1
retain_always,W10,truck,a photo of the truck,142,184,images/experiment1_sequential_own_step/retain_always/W10/truck/index_142_seed_184.png,truck,truck,True,0.4717700779438019,delete-after-eval,0.03227442502975464,0.11817501485347748,0.06276096403598785,0.031518369913101196,0.013194337487220764,0.029063677415251732,0.04277322441339493,0.031594447791576385,0.16687551140785217,0.4717700779438019,new_followup_supplement,/home/tslin/Documents/jupyter_data/anLi/machine_unlearning/orthogonal-concept-erasure/experiments/sequential_object_followup/outputs/sequential_oce_object_followup_v1
retain_always,W10,truck,a photo of the truck,143,185,images/experiment1_sequential_own_step/retain_always/W10/truck/index_143_seed_185.png,truck,automobile,False,0.232380211353302,delete-after-eval,0.0027263069059699774,0.6639167070388794,0.015919290482997894,0.012813485227525234,0.008170342072844505,0.01461772620677948,0.002129211323335767,0.02975340373814106,0.01757335290312767,0.232380211353302,new_followup_supplement,/home/tslin/Documents/jupyter_data/anLi/machine_unlearning/orthogonal-concept-erasure/experiments/sequential_object_followup/outputs/sequential_oce_object_followup_v1
retain_always,W10,truck,a photo of the truck,144,186,images/experiment1_sequential_own_step/retain_always/W10/truck/index_144_seed_186.png,truck,truck,True,0.44404444098472595,delete-after-eval,0.009996499866247177,0.11122465133666992,0.038777824491262436,0.052390798926353455,0.1451927274465561,0.04497397318482399,0.03062206506729126,0.035424649715423584,0.08735235780477524,0.44404444098472595,new_followup_supplement,/home/tslin/Documents/jupyter_data/anLi/machine_unlearning/orthogonal-concept-erasure/experiments/sequential_object_followup/outputs/sequential_oce_object_followup_v1
retain_always,W10,truck,a photo of the truck,145,187,images/experiment1_sequential_own_step/retain_always/W10/truck/index_145_seed_187.png,truck,automobile,False,0.1651470959186554,delete-after-eval,0.020968643948435783,0.5158585906028748,0.008897525258362293,0.037829071283340454,0.02919977717101574,0.06070905178785324,0.015399708412587643,0.06635474413633347,0.07963570952415466,0.1651470959186554,new_followup_supplement,/home/tslin/Documents/jupyter_data/anLi/machine_unlearning/orthogonal-concept-erasure/experiments/sequential_object_followup/outputs/sequential_oce_object_followup_v1
retain_always,W10,truck,a photo of the truck,146,188,images/experiment1_sequential_own_step/retain_always/W10/truck/index_146_seed_188.png,truck,truck,True,0.20295122265815735,delete-after-eval,0.0032824974041432142,0.028211550787091255,0.026910047978162766,0.13366574048995972,0.15459133684635162,0.10612461715936661,0.13326402008533478,0.13774889707565308,0.07325004786252975,0.20295122265815735,new_followup_supplement,/home/tslin/Documents/jupyter_data/anLi/machine_unlearning/orthogonal-concept-erasure/experiments/sequential_object_followup/outputs/sequential_oce_object_followup_v1
retain_always,W10,truck,a photo of the truck,147,189,images/experiment1_sequential_own_step/retain_always/W10/truck/index_147_seed_189.png,truck,automobile,False,0.14228853583335876,delete-after-eval,0.017031129449605942,0.6723545789718628,0.0029956181533634663,0.004862312693148851,0.002686120569705963,0.006699179299175739,0.0019598922226577997,0.05876493081450462,0.0903577134013176,0.14228853583335876,new_followup_supplement,/home/tslin/Documents/jupyter_data/anLi/machine_unlearning/orthogonal-concept-erasure/experiments/sequential_object_followup/outputs/sequential_oce_object_followup_v1
retain_always,W10,truck,a photo of the truck,148,190,images/experiment1_sequential_own_step/retain_always/W10/truck/index_148_seed_190.png,truck,truck,True,0.8263853788375854,delete-after-eval,0.010069608688354492,0.051174964755773544,0.01627201773226261,0.0060874647460877895,0.0020723645575344563,0.006950180511921644,0.007230476941913366,0.003868542378768325,0.06988906860351562,0.8263853788375854,new_followup_supplement,/home/tslin/Documents/jupyter_data/anLi/machine_unlearning/orthogonal-concept-erasure/experiments/sequential_object_followup/outputs/sequential_oce_object_followup_v1
retain_always,W10,truck,a photo of the truck,149,191,images/experiment1_sequential_own_step/retain_always/W10/truck/index_149_seed_191.png,truck,bird,False,0.135149747133255,delete-after-eval,0.007525670807808638,0.041755311191082,0.29191872477531433,0.047200676053762436,0.09132295846939087,0.1747523844242096,0.01961134932935238,0.16764602065086365,0.02311711758375168,0.135149747133255,new_followup_supplement,/home/tslin/Documents/jupyter_data/anLi/machine_unlearning/orthogonal-concept-erasure/experiments/sequential_object_followup/outputs/sequential_oce_object_followup_v1
retain_always,W10,truck,a photo of the truck,150,192,images/experiment1_sequential_own_step/retain_always/W10/truck/index_150_seed_192.png,truck,frog,False,0.1842871457338333,delete-after-eval,0.02544168010354042,0.08533675968647003,0.051529161632061005,0.015711788088083267,0.029865650460124016,0.06464560329914093,0.3874181807041168,0.0995086058974266,0.05625534802675247,0.1842871457338333,new_followup_supplement,/home/tslin/Documents/jupyter_data/anLi/machine_unlearning/orthogonal-concept-erasure/experiments/sequential_object_followup/outputs/sequential_oce_object_followup_v1
retain_always,W10,truck,a photo of the truck,151,193,images/experiment1_sequential_own_step/retain_always/W10/truck/index_151_seed_193.png,truck,automobile,False,0.3092783987522125,delete-after-eval,0.048197872936725616,0.372854620218277,0.027758177369832993,0.004100599326193333,0.06015956029295921,0.01538793370127678,0.006108919158577919,0.038427431136369705,0.11772650480270386,0.3092783987522125,new_followup_supplement,/home/tslin/Documents/jupyter_data/anLi/machine_unlearning/orthogonal-concept-erasure/experiments/sequential_object_followup/outputs/sequential_oce_object_followup_v1
retain_always,W10,truck,a photo of the truck,152,194,images/experiment1_sequential_own_step/retain_always/W10/truck/index_152_seed_194.png,truck,horse,False,0.22329024970531464,delete-after-eval,0.008311293087899685,0.019625991582870483,0.011204905807971954,0.009192027151584625,0.05094703286886215,0.02290811389684677,0.0012006277684122324,0.6399462819099426,0.013373402878642082,0.22329024970531464,new_followup_supplement,/home/tslin/Documents/jupyter_data/anLi/machine_unlearning/orthogonal-concept-erasure/experiments/sequential_object_followup/outputs/sequential_oce_object_followup_v1
retain_always,W10,truck,a photo of the truck,153,195,images/experiment1_sequential_own_step/retain_always/W10/truck/index_153_seed_195.png,truck,truck,True,0.32421281933784485,delete-after-eval,0.0019276522798463702,0.04187612608075142,0.18897753953933716,0.020152756944298744,0.013226412236690521,0.02643362060189247,0.2435208559036255,0.09854625165462494,0.04112597554922104,0.32421281933784485,new_followup_supplement,/home/tslin/Documents/jupyter_data/anLi/machine_unlearning/orthogonal-concept-erasure/experiments/sequential_object_followup/outputs/sequential_oce_object_followup_v1
retain_always,W10,truck,a photo of the truck,154,196,images/experiment1_sequential_own_step/retain_always/W10/truck/index_154_seed_196.png,truck,truck,True,0.39308786392211914,delete-after-eval,0.002846426097676158,0.3391196131706238,0.009027033112943172,0.024982502683997154,0.026923641562461853,0.0876656025648117,0.01314661093056202,0.09374252706766129,0.009458228945732117,0.39308786392211914,new_followup_supplement,/home/tslin/Documents/jupyter_data/anLi/machine_unlearning/orthogonal-concept-erasure/experiments/sequential_object_followup/outputs/sequential_oce_object_followup_v1
retain_always,W10,truck,a photo of the truck,155,197,images/experiment1_sequential_own_step/retain_always/W10/truck/index_155_seed_197.png,truck,truck,True,0.34366193413734436,delete-after-eval,0.0024769026786088943,0.06577519327402115,0.08046013861894608,0.026380740106105804,0.017798833549022675,0.024794233962893486,0.3287530541419983,0.0625290498137474,0.047369860112667084,0.34366193413734436,new_followup_supplement,/home/tslin/Documents/jupyter_data/anLi/machine_unlearning/orthogonal-concept-erasure/experiments/sequential_object_followup/outputs/sequential_oce_object_followup_v1
retain_always,W10,truck,a photo of the truck,156,198,images/experiment1_sequential_own_step/retain_always/W10/truck/index_156_seed_198.png,truck,truck,True,0.3816281855106354,delete-after-eval,0.005720929708331823,0.04812714084982872,0.06579656153917313,0.04341362044215202,0.11756157875061035,0.04124155640602112,0.08955545723438263,0.18819279968738556,0.018762141466140747,0.3816281855106354,new_followup_supplement,/home/tslin/Documents/jupyter_data/anLi/machine_unlearning/orthogonal-concept-erasure/experiments/sequential_object_followup/outputs/sequential_oce_object_followup_v1
retain_always,W10,truck,a photo of the truck,157,199,images/experiment1_sequential_own_step/retain_always/W10/truck/index_157_seed_199.png,truck,automobile,False,0.07143954932689667,delete-after-eval,0.0015554194105789065,0.8528146147727966,0.0021448438055813313,0.004348184913396835,0.004848345182836056,0.008980936370790005,0.037908852100372314,0.0061098928563296795,0.009849321097135544,0.07143954932689667,new_followup_supplement,/home/tslin/Documents/jupyter_data/anLi/machine_unlearning/orthogonal-concept-erasure/experiments/sequential_object_followup/outputs/sequential_oce_object_followup_v1
retain_always,W10,truck,a photo of the truck,158,200,images/experiment1_sequential_own_step/retain_always/W10/truck/index_158_seed_200.png,truck,automobile,False,0.012744138017296791,delete-after-eval,0.004971806891262531,0.8741777539253235,0.0008702502818778157,0.0020609756466001272,0.0001603139826329425,0.005569359753280878,0.0010599226225167513,0.012368780560791492,0.08601666241884232,0.012744138017296791,new_followup_supplement,/home/tslin/Documents/jupyter_data/anLi/machine_unlearning/orthogonal-concept-erasure/experiments/sequential_object_followup/outputs/sequential_oce_object_followup_v1
retain_always,W10,truck,a photo of the truck,159,201,images/experiment1_sequential_own_step/retain_always/W10/truck/index_159_seed_201.png,truck,ship,False,0.19061730802059174,delete-after-eval,0.01389985904097557,0.08102294057607651,0.0491131916642189,0.016697240993380547,0.026901543140411377,0.04386995732784271,0.011026282794773579,0.07744486629962921,0.48940688371658325,0.19061730802059174,new_followup_supplement,/home/tslin/Documents/jupyter_data/anLi/machine_unlearning/orthogonal-concept-erasure/experiments/sequential_object_followup/outputs/sequential_oce_object_followup_v1
retain_always,W10,truck,a photo of the truck,160,202,images/experiment1_sequential_own_step/retain_always/W10/truck/index_160_seed_202.png,truck,deer,False,0.12487749755382538,delete-after-eval,0.002481115749105811,0.020905977115035057,0.07548272609710693,0.009166319854557514,0.5448228120803833,0.06474889814853668,0.0873493105173111,0.06513115018606186,0.005034180823713541,0.12487749755382538,new_followup_supplement,/home/tslin/Documents/jupyter_data/anLi/machine_unlearning/orthogonal-concept-erasure/experiments/sequential_object_followup/outputs/sequential_oce_object_followup_v1
retain_always,W10,truck,a photo of the truck,161,203,images/experiment1_sequential_own_step/retain_always/W10/truck/index_161_seed_203.png,truck,automobile,False,0.2627807855606079,delete-after-eval,0.015324117615818977,0.4583542048931122,0.056805942207574844,0.023366888985037804,0.035815924406051636,0.04392671957612038,0.05278077349066734,0.015659566968679428,0.035185135900974274,0.2627807855606079,new_followup_supplement,/home/tslin/Documents/jupyter_data/anLi/machine_unlearning/orthogonal-concept-erasure/experiments/sequential_object_followup/outputs/sequential_oce_object_followup_v1
retain_always,W10,truck,a photo of the truck,162,204,images/experiment1_sequential_own_step/retain_always/W10/truck/index_162_seed_204.png,truck,truck,True,0.4217655062675476,delete-after-eval,0.08379010111093521,0.3090490996837616,0.00540137616917491,0.0028835954144597054,0.03844313323497772,0.01195366308093071,0.004281724337488413,0.025073222815990448,0.09735852479934692,0.4217655062675476,new_followup_supplement,/home/tslin/Documents/jupyter_data/anLi/machine_unlearning/orthogonal-concept-erasure/experiments/sequential_object_followup/outputs/sequential_oce_object_followup_v1
retain_always,W10,truck,a photo of the truck,163,205,images/experiment1_sequential_own_step/retain_always/W10/truck/index_163_seed_205.png,truck,truck,True,0.5008334517478943,delete-after-eval,0.003661384340375662,0.05712400749325752,0.029743872582912445,0.03689870983362198,0.0550018846988678,0.09327536821365356,0.045352350920438766,0.16080951690673828,0.017299452796578407,0.5008334517478943,new_followup_supplement,/home/tslin/Documents/jupyter_data/anLi/machine_unlearning/orthogonal-concept-erasure/experiments/sequential_object_followup/outputs/sequential_oce_object_followup_v1
retain_always,W10,truck,a photo of the truck,164,206,images/experiment1_sequential_own_step/retain_always/W10/truck/index_164_seed_206.png,truck,bird,False,0.03993917256593704,delete-after-eval,0.006515850313007832,0.122870072722435,0.31119808554649353,0.049669090658426285,0.07115800678730011,0.06022755429148674,0.11980946362018585,0.20162983238697052,0.016982844099402428,0.03993917256593704,new_followup_supplement,/home/tslin/Documents/jupyter_data/anLi/machine_unlearning/orthogonal-concept-erasure/experiments/sequential_object_followup/outputs/sequential_oce_object_followup_v1
retain_always,W10,truck,a photo of the truck,165,207,images/experiment1_sequential_own_step/retain_always/W10/truck/index_165_seed_207.png,truck,truck,True,0.5137085318565369,delete-after-eval,0.0015565550420433283,0.36313551664352417,0.006173109170049429,0.0036670223344117403,0.0518794022500515,0.015387646853923798,0.002338143764063716,0.01988762617111206,0.022266456857323647,0.5137085318565369,new_followup_supplement,/home/tslin/Documents/jupyter_data/anLi/machine_unlearning/orthogonal-concept-erasure/experiments/sequential_object_followup/outputs/sequential_oce_object_followup_v1
retain_always,W10,truck,a photo of the truck,166,208,images/experiment1_sequential_own_step/retain_always/W10/truck/index_166_seed_208.png,truck,truck,True,0.6954925656318665,delete-after-eval,0.016502728685736656,0.17350591719150543,0.0041816579177975655,0.0007772959070280194,0.022038066759705544,0.0023292195983231068,0.0009052546811290085,0.010377257131040096,0.07389002293348312,0.6954925656318665,new_followup_supplement,/home/tslin/Documents/jupyter_data/anLi/machine_unlearning/orthogonal-concept-erasure/experiments/sequential_object_followup/outputs/sequential_oce_object_followup_v1
retain_always,W10,truck,a photo of the truck,167,209,images/experiment1_sequential_own_step/retain_always/W10/truck/index_167_seed_209.png,truck,truck,True,0.6122928261756897,delete-after-eval,0.0012778466334566474,0.22195032238960266,0.011397897265851498,0.007032616529613733,0.0916091799736023,0.007919828407466412,0.0028729187324643135,0.027091193944215775,0.016555367037653923,0.6122928261756897,new_followup_supplement,/home/tslin/Documents/jupyter_data/anLi/machine_unlearning/orthogonal-concept-erasure/experiments/sequential_object_followup/outputs/sequential_oce_object_followup_v1
retain_always,W10,truck,a photo of the truck,168,210,images/experiment1_sequential_own_step/retain_always/W10/truck/index_168_seed_210.png,truck,truck,True,0.2674485146999359,delete-after-eval,0.007341089192777872,0.06465517729520798,0.059470053762197495,0.11523393541574478,0.04216109216213226,0.18756793439388275,0.012212514877319336,0.22159281373023987,0.022316886112093925,0.2674485146999359,new_followup_supplement,/home/tslin/Documents/jupyter_data/anLi/machine_unlearning/orthogonal-concept-erasure/experiments/sequential_object_followup/outputs/sequential_oce_object_followup_v1
retain_always,W10,truck,a photo of the truck,169,211,images/experiment1_sequential_own_step/retain_always/W10/truck/index_169_seed_211.png,truck,automobile,False,0.04220852628350258,delete-after-eval,0.08149901032447815,0.5047569870948792,0.05126839876174927,0.026810292154550552,0.031090160831809044,0.08632706105709076,0.04856031760573387,0.07926562428474426,0.04821367561817169,0.04220852628350258,new_followup_supplement,/home/tslin/Documents/jupyter_data/anLi/machine_unlearning/orthogonal-concept-erasure/experiments/sequential_object_followup/outputs/sequential_oce_object_followup_v1
retain_always,W10,truck,a photo of the truck,170,212,images/experiment1_sequential_own_step/retain_always/W10/truck/index_170_seed_212.png,truck,automobile,False,0.046810802072286606,delete-after-eval,0.07732192426919937,0.18750248849391937,0.08064674586057663,0.09542956948280334,0.1039537861943245,0.11014547944068909,0.0964777022600174,0.13142694532871246,0.07028460502624512,0.046810802072286606,new_followup_supplement,/home/tslin/Documents/jupyter_data/anLi/machine_unlearning/orthogonal-concept-erasure/experiments/sequential_object_followup/outputs/sequential_oce_object_followup_v1
retain_always,W10,truck,a photo of the truck,171,213,images/experiment1_sequential_own_step/retain_always/W10/truck/index_171_seed_213.png,truck,truck,True,0.47085997462272644,delete-after-eval,0.016781723126769066,0.37047645449638367,0.010742226615548134,0.0027823583222925663,0.004463394172489643,0.005876888055354357,0.0007933700107969344,0.034895483404397964,0.08232805132865906,0.47085997462272644,new_followup_supplement,/home/tslin/Documents/jupyter_data/anLi/machine_unlearning/orthogonal-concept-erasure/experiments/sequential_object_followup/outputs/sequential_oce_object_followup_v1
retain_always,W10,truck,a photo of the truck,172,214,images/experiment1_sequential_own_step/retain_always/W10/truck/index_172_seed_214.png,truck,truck,True,0.6330222487449646,delete-after-eval,0.026171443983912468,0.042126066982746124,0.01780453324317932,0.06544766575098038,0.010934233665466309,0.02245352417230606,0.02761925756931305,0.04538160189986229,0.10903935879468918,0.6330222487449646,new_followup_supplement,/home/tslin/Documents/jupyter_data/anLi/machine_unlearning/orthogonal-concept-erasure/experiments/sequential_object_followup/outputs/sequential_oce_object_followup_v1
retain_always,W10,truck,a photo of the truck,173,215,images/experiment1_sequential_own_step/retain_always/W10/truck/index_173_seed_215.png,truck,horse,False,0.05964452028274536,delete-after-eval,0.012148899957537651,0.047752443701028824,0.15729621052742004,0.14863872528076172,0.056886717677116394,0.14439985156059265,0.12721432745456696,0.22792673110961914,0.018091659992933273,0.05964452028274536,new_followup_supplement,/home/tslin/Documents/jupyter_data/anLi/machine_unlearning/orthogonal-concept-erasure/experiments/sequential_object_followup/outputs/sequential_oce_object_followup_v1
retain_always,W10,truck,a photo of the truck,174,216,images/experiment1_sequential_own_step/retain_always/W10/truck/index_174_seed_216.png,truck,automobile,False,0.08963855355978012,delete-after-eval,0.1392425149679184,0.527969241142273,0.055361077189445496,0.022458096966147423,0.021572502329945564,0.03417443111538887,0.07736396044492722,0.009311494417488575,0.02290816232562065,0.08963855355978012,new_followup_supplement,/home/tslin/Documents/jupyter_data/anLi/machine_unlearning/orthogonal-concept-erasure/experiments/sequential_object_followup/outputs/sequential_oce_object_followup_v1
retain_always,W10,truck,a photo of the truck,175,217,images/experiment1_sequential_own_step/retain_always/W10/truck/index_175_seed_217.png,truck,truck,True,0.5548595190048218,delete-after-eval,0.0023217168636620045,0.11747109889984131,0.024525035172700882,0.02198275923728943,0.06387291848659515,0.026056969538331032,0.06719869375228882,0.028602810576558113,0.09310843050479889,0.5548595190048218,new_followup_supplement,/home/tslin/Documents/jupyter_data/anLi/machine_unlearning/orthogonal-concept-erasure/experiments/sequential_object_followup/outputs/sequential_oce_object_followup_v1
retain_always,W10,truck,a photo of the truck,176,218,images/experiment1_sequential_own_step/retain_always/W10/truck/index_176_seed_218.png,truck,airplane,False,0.06387650966644287,delete-after-eval,0.25989648699760437,0.22049391269683838,0.03618872910737991,0.09392686933279037,0.05637652426958084,0.10552046447992325,0.10555770248174667,0.03661101683974266,0.021551774814724922,0.06387650966644287,new_followup_supplement,/home/tslin/Documents/jupyter_data/anLi/machine_unlearning/orthogonal-concept-erasure/experiments/sequential_object_followup/outputs/sequential_oce_object_followup_v1
retain_always,W10,truck,a photo of the truck,177,219,images/experiment1_sequential_own_step/retain_always/W10/truck/index_177_seed_219.png,truck,truck,True,0.5823463797569275,delete-after-eval,0.008483528159558773,0.1485692262649536,0.004416720010340214,0.005794031545519829,0.0020605006720870733,0.00782140251249075,0.05455557629466057,0.007375525310635567,0.17857711017131805,0.5823463797569275,new_followup_supplement,/home/tslin/Documents/jupyter_data/anLi/machine_unlearning/orthogonal-concept-erasure/experiments/sequential_object_followup/outputs/sequential_oce_object_followup_v1
retain_always,W10,truck,a photo of the truck,178,220,images/experiment1_sequential_own_step/retain_always/W10/truck/index_178_seed_220.png,truck,truck,True,0.38183334469795227,delete-after-eval,0.03418156877160072,0.35422688722610474,0.008729481138288975,0.0021287701092660427,0.01621919497847557,0.011339379474520683,0.004451054148375988,0.03274362534284592,0.15414665639400482,0.38183334469795227,new_followup_supplement,/home/tslin/Documents/jupyter_data/anLi/machine_unlearning/orthogonal-concept-erasure/experiments/sequential_object_followup/outputs/sequential_oce_object_followup_v1
retain_always,W10,truck,a photo of the truck,179,221,images/experiment1_sequential_own_step/retain_always/W10/truck/index_179_seed_221.png,truck,truck,True,0.4048846662044525,delete-after-eval,0.0029331916011869907,0.06127728149294853,0.04347282275557518,0.04613301530480385,0.03607311099767685,0.04261458292603493,0.043873243033885956,0.04060158506035805,0.2781365215778351,0.4048846662044525,new_followup_supplement,/home/tslin/Documents/jupyter_data/anLi/machine_unlearning/orthogonal-concept-erasure/experiments/sequential_object_followup/outputs/sequential_oce_object_followup_v1
retain_always,W10,truck,a photo of the truck,180,222,images/experiment1_sequential_own_step/retain_always/W10/truck/index_180_seed_222.png,truck,automobile,False,0.14661483466625214,delete-after-eval,0.0310236643999815,0.2015886753797531,0.0571308434009552,0.10421504080295563,0.03609525412321091,0.11813661456108093,0.1703849583864212,0.05960506945848465,0.0752050131559372,0.14661483466625214,new_followup_supplement,/home/tslin/Documents/jupyter_data/anLi/machine_unlearning/orthogonal-concept-erasure/experiments/sequential_object_followup/outputs/sequential_oce_object_followup_v1
retain_always,W10,truck,a photo of the truck,181,223,images/experiment1_sequential_own_step/retain_always/W10/truck/index_181_seed_223.png,truck,dog,False,0.12520022690296173,delete-after-eval,0.008297557942569256,0.057973071932792664,0.010021028108894825,0.029498247429728508,0.08062484860420227,0.4245109558105469,0.1928519904613495,0.01848965883255005,0.0525323823094368,0.12520022690296173,new_followup_supplement,/home/tslin/Documents/jupyter_data/anLi/machine_unlearning/orthogonal-concept-erasure/experiments/sequential_object_followup/outputs/sequential_oce_object_followup_v1
retain_always,W10,truck,a photo of the truck,182,224,images/experiment1_sequential_own_step/retain_always/W10/truck/index_182_seed_224.png,truck,truck,True,0.3009726405143738,delete-after-eval,0.02910017780959606,0.22636295855045319,0.08216403424739838,0.04468868672847748,0.024169063195586205,0.07965555787086487,0.02772582694888115,0.07868640869855881,0.10647469013929367,0.3009726405143738,new_followup_supplement,/home/tslin/Documents/jupyter_data/anLi/machine_unlearning/orthogonal-concept-erasure/experiments/sequential_object_followup/outputs/sequential_oce_object_followup_v1
retain_always,W10,truck,a photo of the truck,183,225,images/experiment1_sequential_own_step/retain_always/W10/truck/index_183_seed_225.png,truck,frog,False,0.18316590785980225,delete-after-eval,0.017627084627747536,0.09555701911449432,0.10093949735164642,0.052802108228206635,0.16490882635116577,0.06314801424741745,0.1884036511182785,0.10994016379117966,0.023507744073867798,0.18316590785980225,new_followup_supplement,/home/tslin/Documents/jupyter_data/anLi/machine_unlearning/orthogonal-concept-erasure/experiments/sequential_object_followup/outputs/sequential_oce_object_followup_v1
retain_always,W10,truck,a photo of the truck,184,226,images/experiment1_sequential_own_step/retain_always/W10/truck/index_184_seed_226.png,truck,automobile,False,0.233862042427063,delete-after-eval,0.002595471451058984,0.6445522308349609,0.017677757889032364,0.01641969196498394,0.003830674337223172,0.009215269237756729,0.0004291565273888409,0.012001133523881435,0.0594165176153183,0.233862042427063,new_followup_supplement,/home/tslin/Documents/jupyter_data/anLi/machine_unlearning/orthogonal-concept-erasure/experiments/sequential_object_followup/outputs/sequential_oce_object_followup_v1
retain_always,W10,truck,a photo of the truck,185,227,images/experiment1_sequential_own_step/retain_always/W10/truck/index_185_seed_227.png,truck,ship,False,0.3196810483932495,delete-after-eval,0.01401631347835064,0.21062670648097992,0.0049495087005198,0.003869251348078251,0.0008180178119800985,0.004749593790620565,0.0006168565596453846,0.008317437022924423,0.43235522508621216,0.3196810483932495,new_followup_supplement,/home/tslin/Documents/jupyter_data/anLi/machine_unlearning/orthogonal-concept-erasure/experiments/sequential_object_followup/outputs/sequential_oce_object_followup_v1
retain_always,W10,truck,a photo of the truck,186,228,images/experiment1_sequential_own_step/retain_always/W10/truck/index_186_seed_228.png,truck,dog,False,0.08315578103065491,delete-after-eval,0.0023453449830412865,0.015695925801992416,0.1619642972946167,0.25232890248298645,0.014275038614869118,0.3089052140712738,0.09950126707553864,0.03701385110616684,0.02481440082192421,0.08315578103065491,new_followup_supplement,/home/tslin/Documents/jupyter_data/anLi/machine_unlearning/orthogonal-concept-erasure/experiments/sequential_object_followup/outputs/sequential_oce_object_followup_v1
retain_always,W10,truck,a photo of the truck,187,229,images/experiment1_sequential_own_step/retain_always/W10/truck/index_187_seed_229.png,truck,dog,False,0.09096254408359528,delete-after-eval,0.024290557950735092,0.13721437752246857,0.18754015862941742,0.027518615126609802,0.034567203372716904,0.3414788544178009,0.008172385394573212,0.08309450000524521,0.06516081839799881,0.09096254408359528,new_followup_supplement,/home/tslin/Documents/jupyter_data/anLi/machine_unlearning/orthogonal-concept-erasure/experiments/sequential_object_followup/outputs/sequential_oce_object_followup_v1
retain_always,W10,truck,a photo of the truck,188,230,images/experiment1_sequential_own_step/retain_always/W10/truck/index_188_seed_230.png,truck,automobile,False,0.027245042845606804,delete-after-eval,0.004912853706628084,0.21239890158176422,0.07036764919757843,0.048042431473731995,0.16135697066783905,0.17387382686138153,0.19969059526920319,0.05238083750009537,0.04973091185092926,0.027245042845606804,new_followup_supplement,/home/tslin/Documents/jupyter_data/anLi/machine_unlearning/orthogonal-concept-erasure/experiments/sequential_object_followup/outputs/sequential_oce_object_followup_v1
retain_always,W10,truck,a photo of the truck,189,231,images/experiment1_sequential_own_step/retain_always/W10/truck/index_189_seed_231.png,truck,truck,True,0.6963744163513184,delete-after-eval,0.0005354578024707735,0.23704111576080322,0.0055158138275146484,0.009383645839989185,0.0011291619157418609,0.030965665355324745,0.0003490789094939828,0.013669618405401707,0.005035999231040478,0.6963744163513184,new_followup_supplement,/home/tslin/Documents/jupyter_data/anLi/machine_unlearning/orthogonal-concept-erasure/experiments/sequential_object_followup/outputs/sequential_oce_object_followup_v1
retain_always,W10,truck,a photo of the truck,190,232,images/experiment1_sequential_own_step/retain_always/W10/truck/index_190_seed_232.png,truck,truck,True,0.8393245935440063,delete-after-eval,0.0003526648215483874,0.13694100081920624,0.0006173338042572141,0.0004223216965328902,0.004232363775372505,0.0024924837052822113,0.0019177338108420372,0.01198516320437193,0.0017144137527793646,0.8393245935440063,new_followup_supplement,/home/tslin/Documents/jupyter_data/anLi/machine_unlearning/orthogonal-concept-erasure/experiments/sequential_object_followup/outputs/sequential_oce_object_followup_v1
retain_always,W10,truck,a photo of the truck,191,233,images/experiment1_sequential_own_step/retain_always/W10/truck/index_191_seed_233.png,truck,truck,True,0.4015927314758301,delete-after-eval,0.185897558927536,0.24062255024909973,0.002576114609837532,0.001094290055334568,0.001808513654395938,0.0008090334013104439,0.0015773805789649487,0.0023522230330854654,0.16166964173316956,0.4015927314758301,new_followup_supplement,/home/tslin/Documents/jupyter_data/anLi/machine_unlearning/orthogonal-concept-erasure/experiments/sequential_object_followup/outputs/sequential_oce_object_followup_v1
retain_always,W10,truck,a photo of the truck,192,234,images/experiment1_sequential_own_step/retain_always/W10/truck/index_192_seed_234.png,truck,horse,False,0.02449117973446846,delete-after-eval,0.0090812798589468,0.028198260813951492,0.06628858298063278,0.08482497930526733,0.05170463025569916,0.2648255228996277,0.14723464846611023,0.29791098833084106,0.025439949706196785,0.02449117973446846,new_followup_supplement,/home/tslin/Documents/jupyter_data/anLi/machine_unlearning/orthogonal-concept-erasure/experiments/sequential_object_followup/outputs/sequential_oce_object_followup_v1
retain_always,W10,truck,a photo of the truck,193,235,images/experiment1_sequential_own_step/retain_always/W10/truck/index_193_seed_235.png,truck,truck,True,0.35014966130256653,delete-after-eval,0.01315095741301775,0.17141428589820862,0.03150944039225578,0.07167764753103256,0.035899627953767776,0.10412877798080444,0.10753688216209412,0.0860668420791626,0.028465919196605682,0.35014966130256653,new_followup_supplement,/home/tslin/Documents/jupyter_data/anLi/machine_unlearning/orthogonal-concept-erasure/experiments/sequential_object_followup/outputs/sequential_oce_object_followup_v1
retain_always,W10,truck,a photo of the truck,194,236,images/experiment1_sequential_own_step/retain_always/W10/truck/index_194_seed_236.png,truck,truck,True,0.8623442649841309,delete-after-eval,0.0002940694394055754,0.08274782449007034,0.0037124878726899624,0.0021044383756816387,0.0024306767154484987,0.002727951854467392,0.004888945259153843,0.03468085825443268,0.00406842865049839,0.8623442649841309,new_followup_supplement,/home/tslin/Documents/jupyter_data/anLi/machine_unlearning/orthogonal-concept-erasure/experiments/sequential_object_followup/outputs/sequential_oce_object_followup_v1
retain_always,W10,truck,a photo of the truck,195,237,images/experiment1_sequential_own_step/retain_always/W10/truck/index_195_seed_237.png,truck,truck,True,0.5904836058616638,delete-after-eval,0.0015414911322295666,0.07035969942808151,0.03504561632871628,0.026469366624951363,0.06751304864883423,0.03751479089260101,0.033253323286771774,0.12716436386108398,0.010654726065695286,0.5904836058616638,new_followup_supplement,/home/tslin/Documents/jupyter_data/anLi/machine_unlearning/orthogonal-concept-erasure/experiments/sequential_object_followup/outputs/sequential_oce_object_followup_v1
retain_always,W10,truck,a photo of the truck,196,238,images/experiment1_sequential_own_step/retain_always/W10/truck/index_196_seed_238.png,truck,truck,True,0.5553072094917297,delete-after-eval,0.0024234065786004066,0.377503901720047,0.00844911951571703,0.00846819020807743,0.005412544123828411,0.0043433899991214275,0.00022713912767358124,0.013566086068749428,0.02429906465113163,0.5553072094917297,new_followup_supplement,/home/tslin/Documents/jupyter_data/anLi/machine_unlearning/orthogonal-concept-erasure/experiments/sequential_object_followup/outputs/sequential_oce_object_followup_v1
retain_always,W10,truck,a photo of the truck,197,239,images/experiment1_sequential_own_step/retain_always/W10/truck/index_197_seed_239.png,truck,automobile,False,0.10327674448490143,delete-after-eval,0.0014121251879259944,0.7864471077919006,0.001831281348131597,0.03132089972496033,0.001708987751044333,0.033566609025001526,0.0033842509146779776,0.025311805307865143,0.011740141548216343,0.10327674448490143,new_followup_supplement,/home/tslin/Documents/jupyter_data/anLi/machine_unlearning/orthogonal-concept-erasure/experiments/sequential_object_followup/outputs/sequential_oce_object_followup_v1
retain_always,W10,truck,a photo of the truck,198,240,images/experiment1_sequential_own_step/retain_always/W10/truck/index_198_seed_240.png,truck,truck,True,0.49325764179229736,delete-after-eval,0.006549107376486063,0.31465214490890503,0.006227937527000904,0.0040638200007379055,0.016831669956445694,0.008764843456447124,0.003930965438485146,0.030629267916083336,0.11509249359369278,0.49325764179229736,new_followup_supplement,/home/tslin/Documents/jupyter_data/anLi/machine_unlearning/orthogonal-concept-erasure/experiments/sequential_object_followup/outputs/sequential_oce_object_followup_v1
retain_always,W10,truck,a photo of the truck,199,241,images/experiment1_sequential_own_step/retain_always/W10/truck/index_199_seed_241.png,truck,dog,False,0.05972401797771454,delete-after-eval,0.016894938424229622,0.03835277259349823,0.034587372094392776,0.07471976429224014,0.06622178852558136,0.23966531455516815,0.21394725143909454,0.12189438939094543,0.13399231433868408,0.05972401797771454,new_followup_supplement,/home/tslin/Documents/jupyter_data/anLi/machine_unlearning/orthogonal-concept-erasure/experiments/sequential_object_followup/outputs/sequential_oce_object_followup_v1
