group,checkpoint,concept,prompt,sample_index,seed,image_path,expected_label,predicted_label,correct,expected_probability,image_retention,prob_airplane,prob_automobile,prob_bird,prob_cat,prob_deer,prob_dog,prob_frog,prob_horse,prob_ship,prob_truck,sample_origin,artifact_root
retain_always,W01,airplane,a photo of the airplane,0,42,images/retain_always/W01/airplane/index_000_seed_42.png,airplane,automobile,False,0.0006982399499975145,delete-after-eval,0.0006982399499975145,0.8341721892356873,0.00043818174162879586,0.00037348151090554893,0.0002416677598375827,0.0006447891355492175,6.112940900493413e-05,0.003933325409889221,0.009077358059585094,0.15035970509052277,existing_v1_100,/home/tslin/Documents/jupyter_data/anLi/machine_unlearning/orthogonal-concept-erasure/experiments/sequential_object_persistence/outputs/sequential_oce_object_v1_online
retain_always,W01,airplane,a photo of the airplane,1,43,images/retain_always/W01/airplane/index_001_seed_43.png,airplane,automobile,False,0.007325848564505577,delete-after-eval,0.007325848564505577,0.731121301651001,0.0026791358832269907,0.0006109821842983365,0.00031466505606658757,0.002147873630747199,0.00022569915745407343,0.0053644198924303055,0.0177374929189682,0.23247253894805908,existing_v1_100,/home/tslin/Documents/jupyter_data/anLi/machine_unlearning/orthogonal-concept-erasure/experiments/sequential_object_persistence/outputs/sequential_oce_object_v1_online
retain_always,W01,airplane,a photo of the airplane,2,44,images/retain_always/W01/airplane/index_002_seed_44.png,airplane,automobile,False,0.0001110159937525168,delete-after-eval,0.0001110159937525168,0.9964497089385986,0.00015483466268051416,0.0005414898623712361,5.105966465634992e-06,0.00044416944729164243,0.000492358289193362,0.00015014018572401255,0.00036094331881031394,0.0012902403250336647,existing_v1_100,/home/tslin/Documents/jupyter_data/anLi/machine_unlearning/orthogonal-concept-erasure/experiments/sequential_object_persistence/outputs/sequential_oce_object_v1_online
retain_always,W01,airplane,a photo of the airplane,3,45,images/retain_always/W01/airplane/index_003_seed_45.png,airplane,automobile,False,0.00027178460732102394,delete-after-eval,0.00027178460732102394,0.674298107624054,0.0006759878015145659,0.0002858559018932283,0.00109221285674721,0.0007328519131988287,1.721956505207345e-05,0.0012779445387423038,0.00032921903766691685,0.32101893424987793,existing_v1_100,/home/tslin/Documents/jupyter_data/anLi/machine_unlearning/orthogonal-concept-erasure/experiments/sequential_object_persistence/outputs/sequential_oce_object_v1_online
retain_always,W01,airplane,a photo of the airplane,4,46,images/retain_always/W01/airplane/index_004_seed_46.png,airplane,automobile,False,0.0004189067694824189,delete-after-eval,0.0004189067694824189,0.9829057455062866,0.0012355216313153505,0.00012749012967105955,3.362466668477282e-05,0.00022241011902224272,0.0001678125699982047,0.00032280219602398574,0.00016660195251461118,0.014399085193872452,existing_v1_100,/home/tslin/Documents/jupyter_data/anLi/machine_unlearning/orthogonal-concept-erasure/experiments/sequential_object_persistence/outputs/sequential_oce_object_v1_online
retain_always,W01,airplane,a photo of the airplane,5,47,images/retain_always/W01/airplane/index_005_seed_47.png,airplane,automobile,False,0.009708569385111332,delete-after-eval,0.009708569385111332,0.9288903474807739,0.00021528372599277645,5.332174259820022e-05,3.926201679860242e-05,0.00014730020484421402,0.0001698645210126415,0.0003165996167808771,0.007819288410246372,0.052640125155448914,existing_v1_100,/home/tslin/Documents/jupyter_data/anLi/machine_unlearning/orthogonal-concept-erasure/experiments/sequential_object_persistence/outputs/sequential_oce_object_v1_online
retain_always,W01,airplane,a photo of the airplane,6,48,images/retain_always/W01/airplane/index_006_seed_48.png,airplane,automobile,False,0.001324113574810326,delete-after-eval,0.001324113574810326,0.7822458148002625,0.0013743623858317733,0.0001234394876519218,4.098867793800309e-05,0.0006609562551602721,4.980875019100495e-05,0.001751965144649148,0.0013060339260846376,0.21112249791622162,existing_v1_100,/home/tslin/Documents/jupyter_data/anLi/machine_unlearning/orthogonal-concept-erasure/experiments/sequential_object_persistence/outputs/sequential_oce_object_v1_online
retain_always,W01,airplane,a photo of the airplane,7,49,images/retain_always/W01/airplane/index_007_seed_49.png,airplane,automobile,False,0.0001811309630284086,delete-after-eval,0.0001811309630284086,0.9265198707580566,0.0011444533010944724,0.00039219437167048454,0.00017192891391459852,0.001902031828649342,0.0005524069420062006,0.0010254646185785532,0.00029717644792981446,0.06781340390443802,existing_v1_100,/home/tslin/Documents/jupyter_data/anLi/machine_unlearning/orthogonal-concept-erasure/experiments/sequential_object_persistence/outputs/sequential_oce_object_v1_online
retain_always,W01,airplane,a photo of the airplane,8,50,images/retain_always/W01/airplane/index_008_seed_50.png,airplane,automobile,False,0.0034491210244596004,delete-after-eval,0.0034491210244596004,0.972184419631958,0.00017134733207058161,0.0002761514624580741,2.3560587578685954e-05,0.00011950068437727168,0.0001651786733418703,0.00046638373169116676,0.0022196725476533175,0.02092461660504341,existing_v1_100,/home/tslin/Documents/jupyter_data/anLi/machine_unlearning/orthogonal-concept-erasure/experiments/sequential_object_persistence/outputs/sequential_oce_object_v1_online
retain_always,W01,airplane,a photo of the airplane,9,51,images/retain_always/W01/airplane/index_009_seed_51.png,airplane,automobile,False,0.00026703899493440986,delete-after-eval,0.00026703899493440986,0.9904680848121643,8.315114246215671e-05,1.0294920684827957e-05,1.1084651305282023e-05,5.4256091971183196e-05,1.5582878404529765e-05,3.5197466786485165e-05,0.0059125665575265884,0.0031427470967173576,existing_v1_100,/home/tslin/Documents/jupyter_data/anLi/machine_unlearning/orthogonal-concept-erasure/experiments/sequential_object_persistence/outputs/sequential_oce_object_v1_online
retain_always,W01,airplane,a photo of the airplane,10,52,images/retain_always/W01/airplane/index_010_seed_52.png,airplane,automobile,False,0.02986161597073078,delete-after-eval,0.02986161597073078,0.5537351369857788,0.048106107860803604,0.019239848479628563,0.006936438847333193,0.06586546450853348,0.025298262014985085,0.03369402512907982,0.11778350919485092,0.09947960823774338,existing_v1_100,/home/tslin/Documents/jupyter_data/anLi/machine_unlearning/orthogonal-concept-erasure/experiments/sequential_object_persistence/outputs/sequential_oce_object_v1_online
retain_always,W01,airplane,a photo of the airplane,11,53,images/retain_always/W01/airplane/index_011_seed_53.png,airplane,automobile,False,0.00020862727251369506,delete-after-eval,0.00020862727251369506,0.9954432249069214,0.00023752429115120322,0.00013372150715440512,3.4232605230499757e-06,0.0006471880478784442,0.0001984923001145944,0.00030419655377045274,0.00035211711656302214,0.002471460495144129,existing_v1_100,/home/tslin/Documents/jupyter_data/anLi/machine_unlearning/orthogonal-concept-erasure/experiments/sequential_object_persistence/outputs/sequential_oce_object_v1_online
retain_always,W01,airplane,a photo of the airplane,12,54,images/retain_always/W01/airplane/index_012_seed_54.png,airplane,automobile,False,0.00019199340022169054,delete-after-eval,0.00019199340022169054,0.9841346144676208,0.0017042771214619279,0.000273990590358153,0.000508572964463383,0.0009490925585851073,0.0003062754403799772,0.0015263732057064772,0.0006344667635858059,0.00977039523422718,existing_v1_100,/home/tslin/Documents/jupyter_data/anLi/machine_unlearning/orthogonal-concept-erasure/experiments/sequential_object_persistence/outputs/sequential_oce_object_v1_online
retain_always,W01,airplane,a photo of the airplane,13,55,images/retain_always/W01/airplane/index_013_seed_55.png,airplane,ship,False,0.06477658450603485,delete-after-eval,0.06477658450603485,0.2866555452346802,0.030708912760019302,0.007437016349285841,0.002914861310273409,0.009848367422819138,0.015995118767023087,0.028134698048233986,0.511192262172699,0.04233656823635101,existing_v1_100,/home/tslin/Documents/jupyter_data/anLi/machine_unlearning/orthogonal-concept-erasure/experiments/sequential_object_persistence/outputs/sequential_oce_object_v1_online
retain_always,W01,airplane,a photo of the airplane,14,56,images/retain_always/W01/airplane/index_014_seed_56.png,airplane,automobile,False,0.0007585720741190016,delete-after-eval,0.0007585720741190016,0.9494064450263977,0.0012544702040031552,0.0023579124826937914,0.0005025334539823234,0.030071845278143883,0.005086019169539213,0.0010155250784009695,0.0002351434959564358,0.009311542846262455,existing_v1_100,/home/tslin/Documents/jupyter_data/anLi/machine_unlearning/orthogonal-concept-erasure/experiments/sequential_object_persistence/outputs/sequential_oce_object_v1_online
retain_always,W01,airplane,a photo of the airplane,15,57,images/retain_always/W01/airplane/index_015_seed_57.png,airplane,automobile,False,0.0003844306629616767,delete-after-eval,0.0003844306629616767,0.9859748482704163,0.0003853034577332437,0.0002675504074431956,0.0011675205314531922,0.00039716216269880533,0.00021659870981238782,0.0006239128415472806,0.0021903959568589926,0.008392130956053734,existing_v1_100,/home/tslin/Documents/jupyter_data/anLi/machine_unlearning/orthogonal-concept-erasure/experiments/sequential_object_persistence/outputs/sequential_oce_object_v1_online
retain_always,W01,airplane,a photo of the airplane,16,58,images/retain_always/W01/airplane/index_016_seed_58.png,airplane,automobile,False,9.415504609933123e-05,delete-after-eval,9.415504609933123e-05,0.8104143142700195,0.0003084311611019075,8.831039303913713e-05,1.914812128234189e-05,0.0004320010484661907,0.0001343719632131979,0.00032312024268321693,0.00025281778653152287,0.18793335556983948,existing_v1_100,/home/tslin/Documents/jupyter_data/anLi/machine_unlearning/orthogonal-concept-erasure/experiments/sequential_object_persistence/outputs/sequential_oce_object_v1_online
retain_always,W01,airplane,a photo of the airplane,17,59,images/retain_always/W01/airplane/index_017_seed_59.png,airplane,automobile,False,0.0006597725441679358,delete-after-eval,0.0006597725441679358,0.891633927822113,0.0003293674672022462,0.0002803009410854429,2.9654378522536717e-05,0.0004967086133547127,0.00021238645422272384,0.00029839531634934247,0.00043187811388634145,0.10562771558761597,existing_v1_100,/home/tslin/Documents/jupyter_data/anLi/machine_unlearning/orthogonal-concept-erasure/experiments/sequential_object_persistence/outputs/sequential_oce_object_v1_online
retain_always,W01,airplane,a photo of the airplane,18,60,images/retain_always/W01/airplane/index_018_seed_60.png,airplane,automobile,False,6.194740126375109e-05,delete-after-eval,6.194740126375109e-05,0.9955897331237793,0.0002312996657565236,0.000181174575118348,4.4693247218674514e-06,0.00030749489087611437,0.00014688567898701876,0.00025058785104192793,0.0004279040149413049,0.0027984450571238995,existing_v1_100,/home/tslin/Documents/jupyter_data/anLi/machine_unlearning/orthogonal-concept-erasure/experiments/sequential_object_persistence/outputs/sequential_oce_object_v1_online
retain_always,W01,airplane,a photo of the airplane,19,61,images/retain_always/W01/airplane/index_019_seed_61.png,airplane,automobile,False,0.0008224789053201675,delete-after-eval,0.0008224789053201675,0.8161589503288269,0.004183526150882244,0.0006782698328606784,0.001145128975622356,0.0015252603916451335,0.00037309093750081956,0.009801222942769527,0.009622600860893726,0.15568943321704865,existing_v1_100,/home/tslin/Documents/jupyter_data/anLi/machine_unlearning/orthogonal-concept-erasure/experiments/sequential_object_persistence/outputs/sequential_oce_object_v1_online
retain_always,W01,airplane,a photo of the airplane,20,62,images/retain_always/W01/airplane/index_020_seed_62.png,airplane,automobile,False,0.00032197398832067847,delete-after-eval,0.00032197398832067847,0.5463396310806274,0.0001899557828437537,0.00021810711768921465,4.7505116526735947e-05,0.00021028272749390453,0.0001926272379932925,0.000648411107249558,0.0037573513109236956,0.4480741024017334,existing_v1_100,/home/tslin/Documents/jupyter_data/anLi/machine_unlearning/orthogonal-concept-erasure/experiments/sequential_object_persistence/outputs/sequential_oce_object_v1_online
retain_always,W01,airplane,a photo of the airplane,21,63,images/retain_always/W01/airplane/index_021_seed_63.png,airplane,automobile,False,0.0001944738905876875,delete-after-eval,0.0001944738905876875,0.6858075857162476,0.0011341533390805125,0.00016389685333706439,0.00013891026901546866,0.0004034118028357625,6.58850694890134e-05,0.0025751676876097918,0.0013154525076970458,0.3082010746002197,existing_v1_100,/home/tslin/Documents/jupyter_data/anLi/machine_unlearning/orthogonal-concept-erasure/experiments/sequential_object_persistence/outputs/sequential_oce_object_v1_online
retain_always,W01,airplane,a photo of the airplane,22,64,images/retain_always/W01/airplane/index_022_seed_64.png,airplane,automobile,False,8.895089558791369e-05,delete-after-eval,8.895089558791369e-05,0.9939935803413391,0.0005590635119006038,0.0001269749627681449,5.373987733037211e-05,6.502612086478621e-05,0.0019012083066627383,0.0004183927085250616,0.0002231874386779964,0.002569735748693347,existing_v1_100,/home/tslin/Documents/jupyter_data/anLi/machine_unlearning/orthogonal-concept-erasure/experiments/sequential_object_persistence/outputs/sequential_oce_object_v1_online
retain_always,W01,airplane,a photo of the airplane,23,65,images/retain_always/W01/airplane/index_023_seed_65.png,airplane,automobile,False,0.03542763367295265,delete-after-eval,0.03542763367295265,0.47439998388290405,0.03471881523728371,0.0028057049494236708,0.006627523340284824,0.021196287125349045,0.010485249571502209,0.027910713106393814,0.12087862193584442,0.2655494511127472,existing_v1_100,/home/tslin/Documents/jupyter_data/anLi/machine_unlearning/orthogonal-concept-erasure/experiments/sequential_object_persistence/outputs/sequential_oce_object_v1_online
retain_always,W01,airplane,a photo of the airplane,24,66,images/retain_always/W01/airplane/index_024_seed_66.png,airplane,automobile,False,8.231929678004235e-05,delete-after-eval,8.231929678004235e-05,0.9971262812614441,0.0004692025249823928,0.0002022395929088816,2.9810891646775417e-05,0.00019706512102857232,0.00018500268924981356,0.00031717141973786056,0.0002381124795647338,0.0011527996975928545,existing_v1_100,/home/tslin/Documents/jupyter_data/anLi/machine_unlearning/orthogonal-concept-erasure/experiments/sequential_object_persistence/outputs/sequential_oce_object_v1_online
retain_always,W01,airplane,a photo of the airplane,25,67,images/retain_always/W01/airplane/index_025_seed_67.png,airplane,automobile,False,0.0003107351076323539,delete-after-eval,0.0003107351076323539,0.732381284236908,0.002690184861421585,0.0015392343048006296,0.0019527903059497476,0.0018864489393308759,0.0003803526342380792,0.007687061559408903,0.003221578663215041,0.24795036017894745,existing_v1_100,/home/tslin/Documents/jupyter_data/anLi/machine_unlearning/orthogonal-concept-erasure/experiments/sequential_object_persistence/outputs/sequential_oce_object_v1_online
retain_always,W01,airplane,a photo of the airplane,26,68,images/retain_always/W01/airplane/index_026_seed_68.png,airplane,automobile,False,0.0006085693021304905,delete-after-eval,0.0006085693021304905,0.9802544713020325,0.0012054351391270757,0.00043579351040534675,0.00013570058217737824,0.0008702352060936391,0.0007393553969450295,0.0005392180755734444,0.00047463635564781725,0.014736526645720005,existing_v1_100,/home/tslin/Documents/jupyter_data/anLi/machine_unlearning/orthogonal-concept-erasure/experiments/sequential_object_persistence/outputs/sequential_oce_object_v1_online
retain_always,W01,airplane,a photo of the airplane,27,69,images/retain_always/W01/airplane/index_027_seed_69.png,airplane,automobile,False,0.0011318695032969117,delete-after-eval,0.0011318695032969117,0.8167099356651306,0.0025603778194636106,0.0006537252920679748,0.00041728754877112806,0.0014492330374196172,0.00022047296806704253,0.0022801985032856464,0.001280056545510888,0.17329689860343933,existing_v1_100,/home/tslin/Documents/jupyter_data/anLi/machine_unlearning/orthogonal-concept-erasure/experiments/sequential_object_persistence/outputs/sequential_oce_object_v1_online
retain_always,W01,airplane,a photo of the airplane,28,70,images/retain_always/W01/airplane/index_028_seed_70.png,airplane,automobile,False,0.0007748918142169714,delete-after-eval,0.0007748918142169714,0.9543697834014893,0.0004574945487547666,0.00028799549909308553,0.00011779477063100785,0.0005376760964281857,0.00011646017082966864,0.0010854252614080906,0.00024443306028842926,0.04200805351138115,existing_v1_100,/home/tslin/Documents/jupyter_data/anLi/machine_unlearning/orthogonal-concept-erasure/experiments/sequential_object_persistence/outputs/sequential_oce_object_v1_online
retain_always,W01,airplane,a photo of the airplane,29,71,images/retain_always/W01/airplane/index_029_seed_71.png,airplane,automobile,False,0.00014640520385000855,delete-after-eval,0.00014640520385000855,0.9961200952529907,8.273306593764573e-05,0.00010042275971500203,1.0511033678994863e-06,4.60219853266608e-05,2.264869908685796e-05,7.82706483732909e-05,0.00012794238864444196,0.003274380462244153,existing_v1_100,/home/tslin/Documents/jupyter_data/anLi/machine_unlearning/orthogonal-concept-erasure/experiments/sequential_object_persistence/outputs/sequential_oce_object_v1_online
retain_always,W01,airplane,a photo of the airplane,30,72,images/retain_always/W01/airplane/index_030_seed_72.png,airplane,truck,False,0.03333286941051483,delete-after-eval,0.03333286941051483,0.12897011637687683,0.08570068329572678,0.016523201018571854,0.02248409204185009,0.056619852781295776,0.034552447497844696,0.07250053435564041,0.16856138408184052,0.3807547986507416,existing_v1_100,/home/tslin/Documents/jupyter_data/anLi/machine_unlearning/orthogonal-concept-erasure/experiments/sequential_object_persistence/outputs/sequential_oce_object_v1_online
retain_always,W01,airplane,a photo of the airplane,31,73,images/retain_always/W01/airplane/index_031_seed_73.png,airplane,automobile,False,0.00022081646602600813,delete-after-eval,0.00022081646602600813,0.99305659532547,0.0008915365906432271,0.00048478940152563155,7.764600741211325e-05,0.0003843105514533818,0.0005772597505711019,0.0006572174024768174,0.00036312025622464716,0.00328677031211555,existing_v1_100,/home/tslin/Documents/jupyter_data/anLi/machine_unlearning/orthogonal-concept-erasure/experiments/sequential_object_persistence/outputs/sequential_oce_object_v1_online
retain_always,W01,airplane,a photo of the airplane,32,74,images/retain_always/W01/airplane/index_032_seed_74.png,airplane,automobile,False,8.560286369174719e-05,delete-after-eval,8.560286369174719e-05,0.9954227805137634,0.0008162414887920022,0.0006451609660871327,2.3774955479893833e-05,0.00036301621003076434,6.749448948539793e-05,0.0008692326373420656,0.00025849652593024075,0.0014481802936643362,existing_v1_100,/home/tslin/Documents/jupyter_data/anLi/machine_unlearning/orthogonal-concept-erasure/experiments/sequential_object_persistence/outputs/sequential_oce_object_v1_online
retain_always,W01,airplane,a photo of the airplane,33,75,images/retain_always/W01/airplane/index_033_seed_75.png,airplane,automobile,False,0.000289190182229504,delete-after-eval,0.000289190182229504,0.9798020720481873,0.0007348312065005302,0.0003319423121865839,7.006884698057547e-05,0.0015929143410176039,0.00019229273311793804,0.0018563794437795877,0.00025952825671993196,0.014870842918753624,existing_v1_100,/home/tslin/Documents/jupyter_data/anLi/machine_unlearning/orthogonal-concept-erasure/experiments/sequential_object_persistence/outputs/sequential_oce_object_v1_online
retain_always,W01,airplane,a photo of the airplane,34,76,images/retain_always/W01/airplane/index_034_seed_76.png,airplane,ship,False,0.1770167499780655,delete-after-eval,0.1770167499780655,0.10558425635099411,0.018385451287031174,0.014175966382026672,0.0008677548030391335,0.007056038361042738,0.01022089272737503,0.010672635398805141,0.6104297637939453,0.04559052363038063,existing_v1_100,/home/tslin/Documents/jupyter_data/anLi/machine_unlearning/orthogonal-concept-erasure/experiments/sequential_object_persistence/outputs/sequential_oce_object_v1_online
retain_always,W01,airplane,a photo of the airplane,35,77,images/retain_always/W01/airplane/index_035_seed_77.png,airplane,automobile,False,0.004197829402983189,delete-after-eval,0.004197829402983189,0.9120092391967773,0.0023786937817931175,0.0014831892913207412,0.0019458412425592542,0.001575011876411736,0.00012179451732663438,0.006429815664887428,0.009934050031006336,0.05992461368441582,existing_v1_100,/home/tslin/Documents/jupyter_data/anLi/machine_unlearning/orthogonal-concept-erasure/experiments/sequential_object_persistence/outputs/sequential_oce_object_v1_online
retain_always,W01,airplane,a photo of the airplane,36,78,images/retain_always/W01/airplane/index_036_seed_78.png,airplane,automobile,False,0.002564871683716774,delete-after-eval,0.002564871683716774,0.6980847120285034,0.0030723384115844965,0.0008554176311008632,0.0008018190274015069,0.004183152690529823,0.002130965469405055,0.0023228414356708527,0.01050059124827385,0.27548331022262573,existing_v1_100,/home/tslin/Documents/jupyter_data/anLi/machine_unlearning/orthogonal-concept-erasure/experiments/sequential_object_persistence/outputs/sequential_oce_object_v1_online
retain_always,W01,airplane,a photo of the airplane,37,79,images/retain_always/W01/airplane/index_037_seed_79.png,airplane,automobile,False,8.916367369238287e-05,delete-after-eval,8.916367369238287e-05,0.9960805773735046,0.00034616817720234394,0.00041004258673638105,0.00038737652357667685,0.0002691906120162457,1.1199804248462897e-05,0.0013742389855906367,0.0003008553758263588,0.0007310357177630067,existing_v1_100,/home/tslin/Documents/jupyter_data/anLi/machine_unlearning/orthogonal-concept-erasure/experiments/sequential_object_persistence/outputs/sequential_oce_object_v1_online
retain_always,W01,airplane,a photo of the airplane,38,80,images/retain_always/W01/airplane/index_038_seed_80.png,airplane,truck,False,0.0007915403693914413,delete-after-eval,0.0007915403693914413,0.021437983959913254,0.0017564607551321387,0.00015246712428051978,0.0003335178189445287,0.0003391792415641248,6.444804603233933e-05,0.0015653992304578424,0.06027323007583618,0.9132857322692871,existing_v1_100,/home/tslin/Documents/jupyter_data/anLi/machine_unlearning/orthogonal-concept-erasure/experiments/sequential_object_persistence/outputs/sequential_oce_object_v1_online
retain_always,W01,airplane,a photo of the airplane,39,81,images/retain_always/W01/airplane/index_039_seed_81.png,airplane,automobile,False,5.7171229855157435e-05,delete-after-eval,5.7171229855157435e-05,0.9978098273277283,4.61844501842279e-05,0.00010788544750539586,1.183017320727231e-05,0.00011604150495259091,0.0008741568890400231,8.457888179691508e-05,9.554694406688213e-05,0.0007967232377268374,existing_v1_100,/home/tslin/Documents/jupyter_data/anLi/machine_unlearning/orthogonal-concept-erasure/experiments/sequential_object_persistence/outputs/sequential_oce_object_v1_online
retain_always,W01,airplane,a photo of the airplane,40,82,images/retain_always/W01/airplane/index_040_seed_82.png,airplane,automobile,False,0.0010271547362208366,delete-after-eval,0.0010271547362208366,0.9650326371192932,0.0009745255811139941,0.0007124072872102261,0.0010236460948362947,0.0017966745654121041,0.0002761192445177585,0.0011929438915103674,0.0024712784215807915,0.025492645800113678,existing_v1_100,/home/tslin/Documents/jupyter_data/anLi/machine_unlearning/orthogonal-concept-erasure/experiments/sequential_object_persistence/outputs/sequential_oce_object_v1_online
retain_always,W01,airplane,a photo of the airplane,41,83,images/retain_always/W01/airplane/index_041_seed_83.png,airplane,automobile,False,0.0004699752025771886,delete-after-eval,0.0004699752025771886,0.9833906888961792,0.0010733529925346375,0.00031235520145855844,0.00520894443616271,0.0013059511547908187,0.0007003264036029577,0.0012042350135743618,0.000253429141594097,0.00608068099245429,existing_v1_100,/home/tslin/Documents/jupyter_data/anLi/machine_unlearning/orthogonal-concept-erasure/experiments/sequential_object_persistence/outputs/sequential_oce_object_v1_online
retain_always,W01,airplane,a photo of the airplane,42,84,images/retain_always/W01/airplane/index_042_seed_84.png,airplane,horse,False,0.07356659322977066,delete-after-eval,0.07356659322977066,0.13894818723201752,0.06356284022331238,0.02207968197762966,0.02127988077700138,0.09519153088331223,0.02138734608888626,0.33128607273101807,0.029024247080087662,0.2036736011505127,existing_v1_100,/home/tslin/Documents/jupyter_data/anLi/machine_unlearning/orthogonal-concept-erasure/experiments/sequential_object_persistence/outputs/sequential_oce_object_v1_online
retain_always,W01,airplane,a photo of the airplane,43,85,images/retain_always/W01/airplane/index_043_seed_85.png,airplane,automobile,False,0.001059057773090899,delete-after-eval,0.001059057773090899,0.9183822274208069,0.00039900082629173994,6.898387073306367e-05,3.4112646972062066e-05,0.00043653653119690716,0.00013391594984568655,0.0007782001630403101,0.00034980953205376863,0.0783582255244255,existing_v1_100,/home/tslin/Documents/jupyter_data/anLi/machine_unlearning/orthogonal-concept-erasure/experiments/sequential_object_persistence/outputs/sequential_oce_object_v1_online
retain_always,W01,airplane,a photo of the airplane,44,86,images/retain_always/W01/airplane/index_044_seed_86.png,airplane,ship,False,0.23818974196910858,delete-after-eval,0.23818974196910858,0.23696939647197723,0.026420913636684418,0.012874118983745575,0.005272282753139734,0.01592782698571682,0.009736057370901108,0.020271262153983116,0.24894599616527557,0.1853923499584198,existing_v1_100,/home/tslin/Documents/jupyter_data/anLi/machine_unlearning/orthogonal-concept-erasure/experiments/sequential_object_persistence/outputs/sequential_oce_object_v1_online
retain_always,W01,airplane,a photo of the airplane,45,87,images/retain_always/W01/airplane/index_045_seed_87.png,airplane,truck,False,0.0009672533487901092,delete-after-eval,0.0009672533487901092,0.15919004380702972,0.0006344394641928375,0.0001794748386600986,0.0006335663492791355,0.0003320231335237622,9.591071284376085e-05,0.0014256004942581058,0.0019665800500661135,0.8345751762390137,existing_v1_100,/home/tslin/Documents/jupyter_data/anLi/machine_unlearning/orthogonal-concept-erasure/experiments/sequential_object_persistence/outputs/sequential_oce_object_v1_online
retain_always,W01,airplane,a photo of the airplane,46,88,images/retain_always/W01/airplane/index_046_seed_88.png,airplane,automobile,False,0.05092683807015419,delete-after-eval,0.05092683807015419,0.7071748971939087,0.0044881501235067844,0.0012226374819874763,0.0004097087949048728,0.0032315589487552643,0.0014455734053626657,0.001649851561523974,0.012186754494905472,0.2172640860080719,existing_v1_100,/home/tslin/Documents/jupyter_data/anLi/machine_unlearning/orthogonal-concept-erasure/experiments/sequential_object_persistence/outputs/sequential_oce_object_v1_online
retain_always,W01,airplane,a photo of the airplane,47,89,images/retain_always/W01/airplane/index_047_seed_89.png,airplane,automobile,False,8.213087858166546e-05,delete-after-eval,8.213087858166546e-05,0.9973004460334778,0.00029749024542979896,0.00013896917516831309,1.2352719750197139e-05,0.0002767408441286534,0.00014654934057034552,0.0003171360876876861,0.0004669113550335169,0.0009613255970180035,existing_v1_100,/home/tslin/Documents/jupyter_data/anLi/machine_unlearning/orthogonal-concept-erasure/experiments/sequential_object_persistence/outputs/sequential_oce_object_v1_online
retain_always,W01,airplane,a photo of the airplane,48,90,images/retain_always/W01/airplane/index_048_seed_90.png,airplane,automobile,False,0.0005069211474619806,delete-after-eval,0.0005069211474619806,0.9937095642089844,0.0005522964638657868,0.00010893569560721517,1.2170869013061747e-05,0.0002432006731396541,6.482231401605532e-05,0.00016488926485180855,0.00020263127225916833,0.004434486851096153,existing_v1_100,/home/tslin/Documents/jupyter_data/anLi/machine_unlearning/orthogonal-concept-erasure/experiments/sequential_object_persistence/outputs/sequential_oce_object_v1_online
retain_always,W01,airplane,a photo of the airplane,49,91,images/retain_always/W01/airplane/index_049_seed_91.png,airplane,automobile,False,0.00015036706463433802,delete-after-eval,0.00015036706463433802,0.8485643267631531,0.00024113894323818386,0.0004309331707190722,0.00021914404351264238,0.0007744401809759438,0.00010798973380587995,0.002511192113161087,0.0009574795258231461,0.14604289829730988,existing_v1_100,/home/tslin/Documents/jupyter_data/anLi/machine_unlearning/orthogonal-concept-erasure/experiments/sequential_object_persistence/outputs/sequential_oce_object_v1_online
retain_always,W01,airplane,a photo of the airplane,50,92,images/retain_always/W01/airplane/index_050_seed_92.png,airplane,automobile,False,0.00011594035458983853,delete-after-eval,0.00011594035458983853,0.9829864501953125,0.00028676690999418497,0.00012952573888469487,2.8841512175858952e-05,0.00014269315579440445,0.0016660174587741494,0.0002176233974751085,0.0007306527113541961,0.013695460744202137,existing_v1_100,/home/tslin/Documents/jupyter_data/anLi/machine_unlearning/orthogonal-concept-erasure/experiments/sequential_object_persistence/outputs/sequential_oce_object_v1_online
retain_always,W01,airplane,a photo of the airplane,51,93,images/retain_always/W01/airplane/index_051_seed_93.png,airplane,airplane,True,0.8033795356750488,delete-after-eval,0.8033795356750488,0.08041609823703766,0.006714708171784878,0.0024328248109668493,0.000657523050904274,0.004273643717169762,0.0006260715890675783,0.006489846855401993,0.0733950287103653,0.021614737808704376,existing_v1_100,/home/tslin/Documents/jupyter_data/anLi/machine_unlearning/orthogonal-concept-erasure/experiments/sequential_object_persistence/outputs/sequential_oce_object_v1_online
retain_always,W01,airplane,a photo of the airplane,52,94,images/retain_always/W01/airplane/index_052_seed_94.png,airplane,automobile,False,2.0882203898509033e-05,delete-after-eval,2.0882203898509033e-05,0.9974759221076965,0.00021813280181959271,0.00015114343841560185,9.690938895801082e-06,7.535893382737413e-05,0.0014228711370378733,0.00018245326646137983,0.00014091368939261883,0.0003026215999852866,existing_v1_100,/home/tslin/Documents/jupyter_data/anLi/machine_unlearning/orthogonal-concept-erasure/experiments/sequential_object_persistence/outputs/sequential_oce_object_v1_online
retain_always,W01,airplane,a photo of the airplane,53,95,images/retain_always/W01/airplane/index_053_seed_95.png,airplane,automobile,False,0.0007686137105338275,delete-after-eval,0.0007686137105338275,0.5632613301277161,0.00045880788820795715,8.998691919259727e-05,0.0002827701100613922,0.0006957434234209359,0.0014454728225246072,0.0008032097248360515,0.0013870649272575974,0.430806964635849,existing_v1_100,/home/tslin/Documents/jupyter_data/anLi/machine_unlearning/orthogonal-concept-erasure/experiments/sequential_object_persistence/outputs/sequential_oce_object_v1_online
retain_always,W01,airplane,a photo of the airplane,54,96,images/retain_always/W01/airplane/index_054_seed_96.png,airplane,truck,False,1.3123210010235198e-05,delete-after-eval,1.3123210010235198e-05,0.020934253931045532,0.00017360023048240691,4.8300367780029774e-05,9.591701200406533e-06,0.00016465320368297398,3.771687261178158e-05,0.00019460519251879305,0.0010498709743842483,0.9773743748664856,existing_v1_100,/home/tslin/Documents/jupyter_data/anLi/machine_unlearning/orthogonal-concept-erasure/experiments/sequential_object_persistence/outputs/sequential_oce_object_v1_online
retain_always,W01,airplane,a photo of the airplane,55,97,images/retain_always/W01/airplane/index_055_seed_97.png,airplane,truck,False,0.0032959235832095146,delete-after-eval,0.0032959235832095146,0.023822983726859093,0.0015327116707339883,0.00013304516323842108,0.0003908826329279691,0.001703733461908996,0.0005702005000784993,0.003524455241858959,0.006783297751098871,0.9582428336143494,existing_v1_100,/home/tslin/Documents/jupyter_data/anLi/machine_unlearning/orthogonal-concept-erasure/experiments/sequential_object_persistence/outputs/sequential_oce_object_v1_online
retain_always,W01,airplane,a photo of the airplane,56,98,images/retain_always/W01/airplane/index_056_seed_98.png,airplane,truck,False,0.0005477090599015355,delete-after-eval,0.0005477090599015355,0.028118224814534187,0.00027628723182715476,5.0663478759815916e-05,0.0003204315435141325,0.00027147307991981506,8.052725024754182e-05,0.0025145073886960745,0.0007166837458498776,0.9671034812927246,existing_v1_100,/home/tslin/Documents/jupyter_data/anLi/machine_unlearning/orthogonal-concept-erasure/experiments/sequential_object_persistence/outputs/sequential_oce_object_v1_online
retain_always,W01,airplane,a photo of the airplane,57,99,images/retain_always/W01/airplane/index_057_seed_99.png,airplane,automobile,False,0.0006038309657014906,delete-after-eval,0.0006038309657014906,0.9621785879135132,0.0004173721536062658,0.00012912950478494167,0.000347644294379279,0.0008327949326485395,0.0002921127888839692,0.001329622813500464,0.0022365101613104343,0.031632281839847565,existing_v1_100,/home/tslin/Documents/jupyter_data/anLi/machine_unlearning/orthogonal-concept-erasure/experiments/sequential_object_persistence/outputs/sequential_oce_object_v1_online
retain_always,W01,airplane,a photo of the airplane,58,100,images/retain_always/W01/airplane/index_058_seed_100.png,airplane,automobile,False,0.001400106935761869,delete-after-eval,0.001400106935761869,0.9200757145881653,0.00260563543997705,0.00012562588381115347,4.4183278077980503e-05,0.0007534894393756986,0.0005283491336740553,0.0021144389174878597,0.0021355312783271074,0.07021693140268326,existing_v1_100,/home/tslin/Documents/jupyter_data/anLi/machine_unlearning/orthogonal-concept-erasure/experiments/sequential_object_persistence/outputs/sequential_oce_object_v1_online
retain_always,W01,airplane,a photo of the airplane,59,101,images/retain_always/W01/airplane/index_059_seed_101.png,airplane,automobile,False,0.057026877999305725,delete-after-eval,0.057026877999305725,0.6179865598678589,0.0017085340805351734,0.0006981250480748713,0.00033769421861507,0.0003338141250424087,0.0022215035278350115,0.002329026348888874,0.005644637625664473,0.31171318888664246,existing_v1_100,/home/tslin/Documents/jupyter_data/anLi/machine_unlearning/orthogonal-concept-erasure/experiments/sequential_object_persistence/outputs/sequential_oce_object_v1_online
retain_always,W01,airplane,a photo of the airplane,60,102,images/retain_always/W01/airplane/index_060_seed_102.png,airplane,truck,False,0.0010656884405761957,delete-after-eval,0.0010656884405761957,0.015553934499621391,0.0003632356529124081,0.00013769054203294218,7.445606024703011e-05,0.0001422603236278519,9.74868526100181e-05,0.0002096184907713905,0.00246486091054976,0.9798908233642578,existing_v1_100,/home/tslin/Documents/jupyter_data/anLi/machine_unlearning/orthogonal-concept-erasure/experiments/sequential_object_persistence/outputs/sequential_oce_object_v1_online
retain_always,W01,airplane,a photo of the airplane,61,103,images/retain_always/W01/airplane/index_061_seed_103.png,airplane,truck,False,0.0003102891205344349,delete-after-eval,0.0003102891205344349,0.043465934693813324,0.00011430040467530489,0.00024247015244327486,7.547550922026858e-05,0.0003453828685451299,3.2999610994011164e-05,0.001663585309870541,0.00448712520301342,0.9492624998092651,existing_v1_100,/home/tslin/Documents/jupyter_data/anLi/machine_unlearning/orthogonal-concept-erasure/experiments/sequential_object_persistence/outputs/sequential_oce_object_v1_online
retain_always,W01,airplane,a photo of the airplane,62,104,images/retain_always/W01/airplane/index_062_seed_104.png,airplane,automobile,False,0.009764952585101128,delete-after-eval,0.009764952585101128,0.8902451992034912,0.0031569048296660185,0.0012825479498133063,0.0005158501444384456,0.001760094310157001,0.00010395768913440406,0.007369693834334612,0.016676489263772964,0.06912436336278915,existing_v1_100,/home/tslin/Documents/jupyter_data/anLi/machine_unlearning/orthogonal-concept-erasure/experiments/sequential_object_persistence/outputs/sequential_oce_object_v1_online
retain_always,W01,airplane,a photo of the airplane,63,105,images/retain_always/W01/airplane/index_063_seed_105.png,airplane,truck,False,0.001708638621494174,delete-after-eval,0.001708638621494174,0.4752686321735382,0.002359781414270401,0.0014029539888724685,0.0006254015024751425,0.002046306850388646,0.0005996913532726467,0.0027214745059609413,0.010729656554758549,0.5025374293327332,existing_v1_100,/home/tslin/Documents/jupyter_data/anLi/machine_unlearning/orthogonal-concept-erasure/experiments/sequential_object_persistence/outputs/sequential_oce_object_v1_online
retain_always,W01,airplane,a photo of the airplane,64,106,images/retain_always/W01/airplane/index_064_seed_106.png,airplane,automobile,False,0.000281911896308884,delete-after-eval,0.000281911896308884,0.9654231667518616,0.00024510128423571587,7.982309034559876e-05,3.145543814753182e-05,0.0004930204595439136,0.00014063066919334233,0.000514298677444458,0.0009308182052336633,0.03185988590121269,existing_v1_100,/home/tslin/Documents/jupyter_data/anLi/machine_unlearning/orthogonal-concept-erasure/experiments/sequential_object_persistence/outputs/sequential_oce_object_v1_online
retain_always,W01,airplane,a photo of the airplane,65,107,images/retain_always/W01/airplane/index_065_seed_107.png,airplane,automobile,False,0.002397773088887334,delete-after-eval,0.002397773088887334,0.9498574137687683,0.001841240213252604,0.00025727771571837366,0.0015486975898966193,0.0008408984285779297,0.00036414459464140236,0.0034158099442720413,0.0007555671036243439,0.03872121125459671,existing_v1_100,/home/tslin/Documents/jupyter_data/anLi/machine_unlearning/orthogonal-concept-erasure/experiments/sequential_object_persistence/outputs/sequential_oce_object_v1_online
retain_always,W01,airplane,a photo of the airplane,66,108,images/retain_always/W01/airplane/index_066_seed_108.png,airplane,airplane,True,0.5282338857650757,delete-after-eval,0.5282338857650757,0.15291129052639008,0.03855782374739647,0.005089397542178631,0.0002736572059802711,0.00808925274759531,0.001497820601798594,0.013976789079606533,0.22573880851268768,0.025631215423345566,existing_v1_100,/home/tslin/Documents/jupyter_data/anLi/machine_unlearning/orthogonal-concept-erasure/experiments/sequential_object_persistence/outputs/sequential_oce_object_v1_online
retain_always,W01,airplane,a photo of the airplane,67,109,images/retain_always/W01/airplane/index_067_seed_109.png,airplane,automobile,False,1.8023352822638117e-05,delete-after-eval,1.8023352822638117e-05,0.9975389242172241,9.972020779969171e-05,0.00019595862249843776,5.645890632877126e-05,0.00022405528579838574,0.0005870643653906882,0.0001322386524407193,0.00020007602870464325,0.0009475420811213553,existing_v1_100,/home/tslin/Documents/jupyter_data/anLi/machine_unlearning/orthogonal-concept-erasure/experiments/sequential_object_persistence/outputs/sequential_oce_object_v1_online
retain_always,W01,airplane,a photo of the airplane,68,110,images/retain_always/W01/airplane/index_068_seed_110.png,airplane,truck,False,0.006457724142819643,delete-after-eval,0.006457724142819643,0.45584937930107117,0.0029238169081509113,0.0006412295624613762,0.005465150345116854,0.0020043516997247934,0.0017561808926984668,0.0042482903227210045,0.0014586658217012882,0.5191951990127563,existing_v1_100,/home/tslin/Documents/jupyter_data/anLi/machine_unlearning/orthogonal-concept-erasure/experiments/sequential_object_persistence/outputs/sequential_oce_object_v1_online
retain_always,W01,airplane,a photo of the airplane,69,111,images/retain_always/W01/airplane/index_069_seed_111.png,airplane,automobile,False,0.001129464479163289,delete-after-eval,0.001129464479163289,0.8042424321174622,0.0029585661832243204,0.0006963726482354105,0.0005634301342070103,0.0007967125857248902,0.0016993603203445673,0.0018989978125318885,0.004673960618674755,0.181340754032135,existing_v1_100,/home/tslin/Documents/jupyter_data/anLi/machine_unlearning/orthogonal-concept-erasure/experiments/sequential_object_persistence/outputs/sequential_oce_object_v1_online
retain_always,W01,airplane,a photo of the airplane,70,112,images/retain_always/W01/airplane/index_070_seed_112.png,airplane,automobile,False,0.0006428721826523542,delete-after-eval,0.0006428721826523542,0.8877023458480835,0.00018075651314575225,4.137011637794785e-05,5.381496521295048e-05,0.0001335362030658871,0.0005306744133122265,0.00023748533567413688,0.0011682907352223992,0.10930880159139633,existing_v1_100,/home/tslin/Documents/jupyter_data/anLi/machine_unlearning/orthogonal-concept-erasure/experiments/sequential_object_persistence/outputs/sequential_oce_object_v1_online
retain_always,W01,airplane,a photo of the airplane,71,113,images/retain_always/W01/airplane/index_071_seed_113.png,airplane,airplane,True,0.853287398815155,delete-after-eval,0.853287398815155,0.012613693252205849,0.010136546567082405,0.0005263384664431214,0.0003266389830969274,0.0002855273487512022,0.0005148867494426668,0.0005514822551049292,0.11403310298919678,0.0077244918793439865,existing_v1_100,/home/tslin/Documents/jupyter_data/anLi/machine_unlearning/orthogonal-concept-erasure/experiments/sequential_object_persistence/outputs/sequential_oce_object_v1_online
retain_always,W01,airplane,a photo of the airplane,72,114,images/retain_always/W01/airplane/index_072_seed_114.png,airplane,automobile,False,0.00017140766431111842,delete-after-eval,0.00017140766431111842,0.9865877032279968,0.0004054760793223977,0.0003792508796323091,5.224119740887545e-05,0.00028555645258165896,0.00020942983974236995,0.0002616567653603852,0.0001270052744075656,0.011520296335220337,existing_v1_100,/home/tslin/Documents/jupyter_data/anLi/machine_unlearning/orthogonal-concept-erasure/experiments/sequential_object_persistence/outputs/sequential_oce_object_v1_online
retain_always,W01,airplane,a photo of the airplane,73,115,images/retain_always/W01/airplane/index_073_seed_115.png,airplane,automobile,False,0.01107935793697834,delete-after-eval,0.01107935793697834,0.7023306488990784,0.004733033943921328,0.0012847910402342677,0.0005005785496905446,0.0015231857541948557,0.00013364767073653638,0.00546919833868742,0.05925437808036804,0.2136911153793335,existing_v1_100,/home/tslin/Documents/jupyter_data/anLi/machine_unlearning/orthogonal-concept-erasure/experiments/sequential_object_persistence/outputs/sequential_oce_object_v1_online
retain_always,W01,airplane,a photo of the airplane,74,116,images/retain_always/W01/airplane/index_074_seed_116.png,airplane,airplane,True,0.6048506498336792,delete-after-eval,0.6048506498336792,0.16323703527450562,0.009677281603217125,0.0008440059027634561,0.0011480767279863358,0.0024848622269928455,0.0012307766592130065,0.005148258060216904,0.006876672618091106,0.20450234413146973,existing_v1_100,/home/tslin/Documents/jupyter_data/anLi/machine_unlearning/orthogonal-concept-erasure/experiments/sequential_object_persistence/outputs/sequential_oce_object_v1_online
retain_always,W01,airplane,a photo of the airplane,75,117,images/retain_always/W01/airplane/index_075_seed_117.png,airplane,automobile,False,0.00016440899344161153,delete-after-eval,0.00016440899344161153,0.9904749989509583,0.0031015370041131973,0.0005185393383726478,0.0008061712724156678,0.00021688123524654657,0.0009526053327135742,0.0007184623973444104,0.00030133730615489185,0.0027450225315988064,existing_v1_100,/home/tslin/Documents/jupyter_data/anLi/machine_unlearning/orthogonal-concept-erasure/experiments/sequential_object_persistence/outputs/sequential_oce_object_v1_online
retain_always,W01,airplane,a photo of the airplane,76,118,images/retain_always/W01/airplane/index_076_seed_118.png,airplane,automobile,False,0.0077976444736123085,delete-after-eval,0.0077976444736123085,0.6919506788253784,0.0023672182578593493,0.0017547333845868707,0.0002871495671570301,0.00957711786031723,0.00022230671311262995,0.007436336483806372,0.028287356719374657,0.25031939148902893,existing_v1_100,/home/tslin/Documents/jupyter_data/anLi/machine_unlearning/orthogonal-concept-erasure/experiments/sequential_object_persistence/outputs/sequential_oce_object_v1_online
retain_always,W01,airplane,a photo of the airplane,77,119,images/retain_always/W01/airplane/index_077_seed_119.png,airplane,automobile,False,0.00033659356995485723,delete-after-eval,0.00033659356995485723,0.905798077583313,0.00027163198683410883,8.144648018060252e-05,8.948132017394528e-05,0.0005545522435568273,8.687777153681964e-05,0.0018803176935762167,0.000990398577414453,0.08991053700447083,existing_v1_100,/home/tslin/Documents/jupyter_data/anLi/machine_unlearning/orthogonal-concept-erasure/experiments/sequential_object_persistence/outputs/sequential_oce_object_v1_online
retain_always,W01,airplane,a photo of the airplane,78,120,images/retain_always/W01/airplane/index_078_seed_120.png,airplane,truck,False,0.0034404806792736053,delete-after-eval,0.0034404806792736053,0.33043357729911804,0.0013570785522460938,0.0019260256085544825,0.0002890230680350214,0.0008672919939272106,0.0015800775727257133,0.0009439664427191019,0.020022619515657425,0.6391398310661316,existing_v1_100,/home/tslin/Documents/jupyter_data/anLi/machine_unlearning/orthogonal-concept-erasure/experiments/sequential_object_persistence/outputs/sequential_oce_object_v1_online
retain_always,W01,airplane,a photo of the airplane,79,121,images/retain_always/W01/airplane/index_079_seed_121.png,airplane,automobile,False,5.4596701374975964e-05,delete-after-eval,5.4596701374975964e-05,0.9979948997497559,0.0001621973788132891,0.0001262336882064119,8.008887380128726e-05,0.0001043932352331467,0.00012061028246534988,0.0003161371569149196,0.00015293402248062193,0.000887994363438338,existing_v1_100,/home/tslin/Documents/jupyter_data/anLi/machine_unlearning/orthogonal-concept-erasure/experiments/sequential_object_persistence/outputs/sequential_oce_object_v1_online
retain_always,W01,airplane,a photo of the airplane,80,122,images/retain_always/W01/airplane/index_080_seed_122.png,airplane,truck,False,0.10533782839775085,delete-after-eval,0.10533782839775085,0.14977723360061646,0.22843918204307556,0.040213461965322495,0.02030372805893421,0.04927074909210205,0.04920623078942299,0.06499522924423218,0.04529685527086258,0.24715952575206757,existing_v1_100,/home/tslin/Documents/jupyter_data/anLi/machine_unlearning/orthogonal-concept-erasure/experiments/sequential_object_persistence/outputs/sequential_oce_object_v1_online
retain_always,W01,airplane,a photo of the airplane,81,123,images/retain_always/W01/airplane/index_081_seed_123.png,airplane,automobile,False,0.00018471536168362945,delete-after-eval,0.00018471536168362945,0.9638248085975647,0.0006653796881437302,5.706422234652564e-05,0.00014273315900936723,0.0003199488273821771,8.866815187502652e-05,0.0005378253990784287,0.0003573026624508202,0.03382141515612602,existing_v1_100,/home/tslin/Documents/jupyter_data/anLi/machine_unlearning/orthogonal-concept-erasure/experiments/sequential_object_persistence/outputs/sequential_oce_object_v1_online
retain_always,W01,airplane,a photo of the airplane,82,124,images/retain_always/W01/airplane/index_082_seed_124.png,airplane,automobile,False,0.005901568569242954,delete-after-eval,0.005901568569242954,0.5182812213897705,0.011425475589931011,0.0035434660967439413,0.0043968879617750645,0.003420376917347312,0.0007593255140818655,0.046517014503479004,0.04113372787833214,0.3646209239959717,existing_v1_100,/home/tslin/Documents/jupyter_data/anLi/machine_unlearning/orthogonal-concept-erasure/experiments/sequential_object_persistence/outputs/sequential_oce_object_v1_online
retain_always,W01,airplane,a photo of the airplane,83,125,images/retain_always/W01/airplane/index_083_seed_125.png,airplane,automobile,False,0.02423923648893833,delete-after-eval,0.02423923648893833,0.7907085418701172,0.004582161083817482,0.0005265131476335227,0.003424791619181633,0.0022846253123134375,0.0007602294208481908,0.008131494745612144,0.0372798778116703,0.1280624121427536,existing_v1_100,/home/tslin/Documents/jupyter_data/anLi/machine_unlearning/orthogonal-concept-erasure/experiments/sequential_object_persistence/outputs/sequential_oce_object_v1_online
retain_always,W01,airplane,a photo of the airplane,84,126,images/retain_always/W01/airplane/index_084_seed_126.png,airplane,automobile,False,0.0017145031597465277,delete-after-eval,0.0017145031597465277,0.8697114586830139,0.004768967162817717,0.0016987061826512218,0.0028311836067587137,0.002133973641321063,0.0005349653074517846,0.009055210277438164,0.013921867124736309,0.09362904727458954,existing_v1_100,/home/tslin/Documents/jupyter_data/anLi/machine_unlearning/orthogonal-concept-erasure/experiments/sequential_object_persistence/outputs/sequential_oce_object_v1_online
retain_always,W01,airplane,a photo of the airplane,85,127,images/retain_always/W01/airplane/index_085_seed_127.png,airplane,automobile,False,0.0001612723572179675,delete-after-eval,0.0001612723572179675,0.9923732876777649,0.0002298595500178635,0.0004566937277559191,0.00014143447333481163,0.00034512588172219694,2.5923682187567465e-06,0.002995837479829788,0.000538796535693109,0.002755087800323963,existing_v1_100,/home/tslin/Documents/jupyter_data/anLi/machine_unlearning/orthogonal-concept-erasure/experiments/sequential_object_persistence/outputs/sequential_oce_object_v1_online
retain_always,W01,airplane,a photo of the airplane,86,128,images/retain_always/W01/airplane/index_086_seed_128.png,airplane,automobile,False,0.0006152510177344084,delete-after-eval,0.0006152510177344084,0.5661581158638,0.0006571473786607385,0.0001848947285907343,0.00020402256632223725,0.0005581139121204615,0.00035560011747293174,0.0009733724873512983,0.001511746784672141,0.4287816882133484,existing_v1_100,/home/tslin/Documents/jupyter_data/anLi/machine_unlearning/orthogonal-concept-erasure/experiments/sequential_object_persistence/outputs/sequential_oce_object_v1_online
retain_always,W01,airplane,a photo of the airplane,87,129,images/retain_always/W01/airplane/index_087_seed_129.png,airplane,automobile,False,0.18163293600082397,delete-after-eval,0.18163293600082397,0.36430543661117554,0.03927488252520561,0.010743977501988411,0.007350200787186623,0.02521650120615959,0.0058254217728972435,0.10593120008707047,0.024562129750847816,0.23515722155570984,existing_v1_100,/home/tslin/Documents/jupyter_data/anLi/machine_unlearning/orthogonal-concept-erasure/experiments/sequential_object_persistence/outputs/sequential_oce_object_v1_online
retain_always,W01,airplane,a photo of the airplane,88,130,images/retain_always/W01/airplane/index_088_seed_130.png,airplane,automobile,False,0.0002127432235283777,delete-after-eval,0.0002127432235283777,0.9786688089370728,0.0002327972906641662,8.781686483416706e-05,4.322767199482769e-05,0.00024239612685050815,5.0944556278409436e-05,0.00035036916960962117,0.00028465475770644844,0.019826199859380722,existing_v1_100,/home/tslin/Documents/jupyter_data/anLi/machine_unlearning/orthogonal-concept-erasure/experiments/sequential_object_persistence/outputs/sequential_oce_object_v1_online
retain_always,W01,airplane,a photo of the airplane,89,131,images/retain_always/W01/airplane/index_089_seed_131.png,airplane,automobile,False,1.8572780390968546e-05,delete-after-eval,1.8572780390968546e-05,0.998908281326294,0.00010116184421349317,0.0001673842634772882,1.7371081639794284e-06,4.2464402213227004e-05,0.00021558787557296455,5.939164839219302e-05,6.045421105227433e-05,0.0004249651392456144,existing_v1_100,/home/tslin/Documents/jupyter_data/anLi/machine_unlearning/orthogonal-concept-erasure/experiments/sequential_object_persistence/outputs/sequential_oce_object_v1_online
retain_always,W01,airplane,a photo of the airplane,90,132,images/retain_always/W01/airplane/index_090_seed_132.png,airplane,automobile,False,0.00020047657017130405,delete-after-eval,0.00020047657017130405,0.9841896891593933,0.00023884273832663894,0.00019666875596158206,6.188316183397546e-05,0.0002438258525216952,0.00014127636677585542,0.0007570193847641349,0.0001960048102773726,0.013774298131465912,existing_v1_100,/home/tslin/Documents/jupyter_data/anLi/machine_unlearning/orthogonal-concept-erasure/experiments/sequential_object_persistence/outputs/sequential_oce_object_v1_online
retain_always,W01,airplane,a photo of the airplane,91,133,images/retain_always/W01/airplane/index_091_seed_133.png,airplane,truck,False,0.0024485457688570023,delete-after-eval,0.0024485457688570023,0.015367190353572369,0.00022261065896600485,7.780163286952302e-05,0.0002584837202448398,0.00011504500434966758,7.698546687606722e-05,0.00048615498235449195,0.020208580419421196,0.9607385396957397,existing_v1_100,/home/tslin/Documents/jupyter_data/anLi/machine_unlearning/orthogonal-concept-erasure/experiments/sequential_object_persistence/outputs/sequential_oce_object_v1_online
retain_always,W01,airplane,a photo of the airplane,92,134,images/retain_always/W01/airplane/index_092_seed_134.png,airplane,ship,False,0.07910847663879395,delete-after-eval,0.07910847663879395,0.09546928107738495,0.04557180404663086,0.017617885023355484,0.0013528502313420177,0.008349605835974216,0.00808652862906456,0.033892519772052765,0.44737380743026733,0.26317715644836426,existing_v1_100,/home/tslin/Documents/jupyter_data/anLi/machine_unlearning/orthogonal-concept-erasure/experiments/sequential_object_persistence/outputs/sequential_oce_object_v1_online
retain_always,W01,airplane,a photo of the airplane,93,135,images/retain_always/W01/airplane/index_093_seed_135.png,airplane,automobile,False,8.839721704134718e-05,delete-after-eval,8.839721704134718e-05,0.9867764115333557,7.996265776455402e-05,8.105723100015894e-05,1.0961692169075832e-05,0.00021295694750733674,0.00017667486099526286,0.00030256493482738733,0.00047479727072641253,0.011796174570918083,existing_v1_100,/home/tslin/Documents/jupyter_data/anLi/machine_unlearning/orthogonal-concept-erasure/experiments/sequential_object_persistence/outputs/sequential_oce_object_v1_online
retain_always,W01,airplane,a photo of the airplane,94,136,images/retain_always/W01/airplane/index_094_seed_136.png,airplane,truck,False,0.007304797414690256,delete-after-eval,0.007304797414690256,0.33496883511543274,0.0014188869390636683,0.0002981230791192502,0.0007559462101198733,0.000907351728528738,0.0003528313245624304,0.0052044265903532505,0.011699868366122246,0.6370889544487,existing_v1_100,/home/tslin/Documents/jupyter_data/anLi/machine_unlearning/orthogonal-concept-erasure/experiments/sequential_object_persistence/outputs/sequential_oce_object_v1_online
retain_always,W01,airplane,a photo of the airplane,95,137,images/retain_always/W01/airplane/index_095_seed_137.png,airplane,automobile,False,8.464327402180061e-05,delete-after-eval,8.464327402180061e-05,0.9910233020782471,0.0007915761671029031,0.0011471128091216087,0.0004719789430964738,0.0012256500776857138,0.0010028278920799494,0.0007798912702128291,0.0001873682049335912,0.0032856822945177555,existing_v1_100,/home/tslin/Documents/jupyter_data/anLi/machine_unlearning/orthogonal-concept-erasure/experiments/sequential_object_persistence/outputs/sequential_oce_object_v1_online
retain_always,W01,airplane,a photo of the airplane,96,138,images/retain_always/W01/airplane/index_096_seed_138.png,airplane,automobile,False,0.12101272493600845,delete-after-eval,0.12101272493600845,0.6180976629257202,0.0061208331026136875,0.0035326960496604443,0.0021202675998210907,0.0027906617615371943,0.0027287055272608995,0.010484186932444572,0.036427948623895645,0.1966843605041504,existing_v1_100,/home/tslin/Documents/jupyter_data/anLi/machine_unlearning/orthogonal-concept-erasure/experiments/sequential_object_persistence/outputs/sequential_oce_object_v1_online
retain_always,W01,airplane,a photo of the airplane,97,139,images/retain_always/W01/airplane/index_097_seed_139.png,airplane,automobile,False,4.960925434716046e-05,delete-after-eval,4.960925434716046e-05,0.9316563010215759,0.00023354918812401593,0.00014039670350030065,7.72922721807845e-05,0.0006744770798832178,0.00017781995120458305,0.0002810287696775049,0.00021444518642965704,0.0664951279759407,existing_v1_100,/home/tslin/Documents/jupyter_data/anLi/machine_unlearning/orthogonal-concept-erasure/experiments/sequential_object_persistence/outputs/sequential_oce_object_v1_online
retain_always,W01,airplane,a photo of the airplane,98,140,images/retain_always/W01/airplane/index_098_seed_140.png,airplane,automobile,False,0.00037655275082215667,delete-after-eval,0.00037655275082215667,0.8024614453315735,0.001981847221031785,0.001455972553230822,0.001009767991490662,0.0016505883540958166,0.001272232155315578,0.006214089225977659,0.006831757724285126,0.1767456978559494,existing_v1_100,/home/tslin/Documents/jupyter_data/anLi/machine_unlearning/orthogonal-concept-erasure/experiments/sequential_object_persistence/outputs/sequential_oce_object_v1_online
retain_always,W01,airplane,a photo of the airplane,99,141,images/retain_always/W01/airplane/index_099_seed_141.png,airplane,truck,False,0.0018023340962827206,delete-after-eval,0.0018023340962827206,0.02496197447180748,0.0026708198711276054,0.000182789153768681,0.0009967094520106912,0.0013107595732435584,0.0005250386311672628,0.007337820250540972,0.010923212394118309,0.9492884874343872,existing_v1_100,/home/tslin/Documents/jupyter_data/anLi/machine_unlearning/orthogonal-concept-erasure/experiments/sequential_object_persistence/outputs/sequential_oce_object_v1_online
retain_always,W01,airplane,a photo of the airplane,100,142,images/experiment1_sequential_own_step/retain_always/W01/airplane/index_100_seed_142.png,airplane,automobile,False,0.00017521504196338356,delete-after-eval,0.00017521504196338356,0.9780725240707397,0.0002468332531861961,8.33320154924877e-05,1.4388418776434264e-06,0.00015015920507721603,6.779627437936142e-05,0.00021868049225304276,0.0006493683322332799,0.020334742963314056,new_followup_supplement,/home/tslin/Documents/jupyter_data/anLi/machine_unlearning/orthogonal-concept-erasure/experiments/sequential_object_followup/outputs/sequential_oce_object_followup_v1
retain_always,W01,airplane,a photo of the airplane,101,143,images/experiment1_sequential_own_step/retain_always/W01/airplane/index_101_seed_143.png,airplane,automobile,False,3.583771103876643e-05,delete-after-eval,3.583771103876643e-05,0.9625213146209717,0.00013201628462411463,0.0001094829203793779,2.4061339445324847e-06,8.984166925074533e-05,0.00020940395188517869,0.00035306077916175127,0.0007604028796777129,0.035786256194114685,new_followup_supplement,/home/tslin/Documents/jupyter_data/anLi/machine_unlearning/orthogonal-concept-erasure/experiments/sequential_object_followup/outputs/sequential_oce_object_followup_v1
retain_always,W01,airplane,a photo of the airplane,102,144,images/experiment1_sequential_own_step/retain_always/W01/airplane/index_102_seed_144.png,airplane,automobile,False,0.022978033870458603,delete-after-eval,0.022978033870458603,0.9021656513214111,0.003009294392541051,0.001657135901041329,0.0001384337228955701,0.0018152788979932666,0.009258218109607697,0.0007474912563338876,0.011211358942091465,0.04701908305287361,new_followup_supplement,/home/tslin/Documents/jupyter_data/anLi/machine_unlearning/orthogonal-concept-erasure/experiments/sequential_object_followup/outputs/sequential_oce_object_followup_v1
retain_always,W01,airplane,a photo of the airplane,103,145,images/experiment1_sequential_own_step/retain_always/W01/airplane/index_103_seed_145.png,airplane,truck,False,0.0018649669364094734,delete-after-eval,0.0018649669364094734,0.30438464879989624,0.0004376582510303706,0.00037438253639265895,0.000324659253237769,0.0007135494379326701,7.514340541092679e-05,0.0017561462009325624,0.007132586091756821,0.6829361915588379,new_followup_supplement,/home/tslin/Documents/jupyter_data/anLi/machine_unlearning/orthogonal-concept-erasure/experiments/sequential_object_followup/outputs/sequential_oce_object_followup_v1
retain_always,W01,airplane,a photo of the airplane,104,146,images/experiment1_sequential_own_step/retain_always/W01/airplane/index_104_seed_146.png,airplane,truck,False,0.030580105260014534,delete-after-eval,0.030580105260014534,0.3116506338119507,0.013812534511089325,0.028836045414209366,0.00041764372144825757,0.0505114309489727,0.023353388532996178,0.09421761333942413,0.09997154772281647,0.34664905071258545,new_followup_supplement,/home/tslin/Documents/jupyter_data/anLi/machine_unlearning/orthogonal-concept-erasure/experiments/sequential_object_followup/outputs/sequential_oce_object_followup_v1
retain_always,W01,airplane,a photo of the airplane,105,147,images/experiment1_sequential_own_step/retain_always/W01/airplane/index_105_seed_147.png,airplane,automobile,False,0.0007336573326028883,delete-after-eval,0.0007336573326028883,0.9780502915382385,0.00036897501558996737,0.00016112285084091127,6.690516602247953e-05,0.0003167994145769626,0.000571851443964988,0.00031660491367802024,0.00031529480475001037,0.019098537042737007,new_followup_supplement,/home/tslin/Documents/jupyter_data/anLi/machine_unlearning/orthogonal-concept-erasure/experiments/sequential_object_followup/outputs/sequential_oce_object_followup_v1
retain_always,W01,airplane,a photo of the airplane,106,148,images/experiment1_sequential_own_step/retain_always/W01/airplane/index_106_seed_148.png,airplane,truck,False,0.023481670767068863,delete-after-eval,0.023481670767068863,0.19976595044136047,0.010342251509428024,0.0021148340310901403,0.0007773468969389796,0.010148328728973866,0.0003557337913662195,0.016059812158346176,0.07866158336400986,0.6582925319671631,new_followup_supplement,/home/tslin/Documents/jupyter_data/anLi/machine_unlearning/orthogonal-concept-erasure/experiments/sequential_object_followup/outputs/sequential_oce_object_followup_v1
retain_always,W01,airplane,a photo of the airplane,107,149,images/experiment1_sequential_own_step/retain_always/W01/airplane/index_107_seed_149.png,airplane,automobile,False,0.005480371415615082,delete-after-eval,0.005480371415615082,0.8735363483428955,0.0037346165627241135,0.00123631174210459,0.00015312423056457192,0.0011069319443777204,0.000798626453615725,0.0010450240224599838,0.0033104040194302797,0.10959813743829727,new_followup_supplement,/home/tslin/Documents/jupyter_data/anLi/machine_unlearning/orthogonal-concept-erasure/experiments/sequential_object_followup/outputs/sequential_oce_object_followup_v1
retain_always,W01,airplane,a photo of the airplane,108,150,images/experiment1_sequential_own_step/retain_always/W01/airplane/index_108_seed_150.png,airplane,automobile,False,0.0004130158631596714,delete-after-eval,0.0004130158631596714,0.7957198619842529,0.0014036385109648108,0.000311736308503896,0.0002595816331449896,0.0012426917674019933,0.0002484364667907357,0.002534283325076103,0.0008818157366476953,0.1969849169254303,new_followup_supplement,/home/tslin/Documents/jupyter_data/anLi/machine_unlearning/orthogonal-concept-erasure/experiments/sequential_object_followup/outputs/sequential_oce_object_followup_v1
retain_always,W01,airplane,a photo of the airplane,109,151,images/experiment1_sequential_own_step/retain_always/W01/airplane/index_109_seed_151.png,airplane,automobile,False,0.0233837328851223,delete-after-eval,0.0233837328851223,0.8448400497436523,0.006736943498253822,0.001641823910176754,0.0006522471667267382,0.0033872309140861034,7.084245589794591e-05,0.01673172600567341,0.047324005514383316,0.05523141846060753,new_followup_supplement,/home/tslin/Documents/jupyter_data/anLi/machine_unlearning/orthogonal-concept-erasure/experiments/sequential_object_followup/outputs/sequential_oce_object_followup_v1
retain_always,W01,airplane,a photo of the airplane,110,152,images/experiment1_sequential_own_step/retain_always/W01/airplane/index_110_seed_152.png,airplane,automobile,False,0.01629784144461155,delete-after-eval,0.01629784144461155,0.8093578219413757,0.006807972677052021,0.0007797920261509717,0.000584448513109237,0.0023488581646233797,7.41460025892593e-05,0.0036812243051826954,0.025548715144395828,0.13451912999153137,new_followup_supplement,/home/tslin/Documents/jupyter_data/anLi/machine_unlearning/orthogonal-concept-erasure/experiments/sequential_object_followup/outputs/sequential_oce_object_followup_v1
retain_always,W01,airplane,a photo of the airplane,111,153,images/experiment1_sequential_own_step/retain_always/W01/airplane/index_111_seed_153.png,airplane,truck,False,0.0006647325935773551,delete-after-eval,0.0006647325935773551,0.012163739651441574,0.00014456937788054347,1.6852065527928062e-05,5.41637054993771e-05,4.219882976030931e-05,1.9998225980089046e-05,0.000217957713175565,0.0021979594603180885,0.9844777584075928,new_followup_supplement,/home/tslin/Documents/jupyter_data/anLi/machine_unlearning/orthogonal-concept-erasure/experiments/sequential_object_followup/outputs/sequential_oce_object_followup_v1
retain_always,W01,airplane,a photo of the airplane,112,154,images/experiment1_sequential_own_step/retain_always/W01/airplane/index_112_seed_154.png,airplane,automobile,False,0.0017265809001401067,delete-after-eval,0.0017265809001401067,0.9231957197189331,0.0045835105702281,0.0023219287395477295,0.0034385528415441513,0.003579595824703574,0.000287362519884482,0.020075703039765358,0.012789110653102398,0.028001943603157997,new_followup_supplement,/home/tslin/Documents/jupyter_data/anLi/machine_unlearning/orthogonal-concept-erasure/experiments/sequential_object_followup/outputs/sequential_oce_object_followup_v1
retain_always,W01,airplane,a photo of the airplane,113,155,images/experiment1_sequential_own_step/retain_always/W01/airplane/index_113_seed_155.png,airplane,automobile,False,0.0021959098521620035,delete-after-eval,0.0021959098521620035,0.8512973189353943,0.007948027923703194,0.0011520670959725976,0.0013536788756027818,0.003080599009990692,0.00042619695886969566,0.018034085631370544,0.0026018049102276564,0.11191026121377945,new_followup_supplement,/home/tslin/Documents/jupyter_data/anLi/machine_unlearning/orthogonal-concept-erasure/experiments/sequential_object_followup/outputs/sequential_oce_object_followup_v1
retain_always,W01,airplane,a photo of the airplane,114,156,images/experiment1_sequential_own_step/retain_always/W01/airplane/index_114_seed_156.png,airplane,airplane,True,0.760291576385498,delete-after-eval,0.760291576385498,0.02220047451555729,0.07728755474090576,0.0056739975698292255,0.007012481801211834,0.019885236397385597,0.007803510874509811,0.014776213094592094,0.03165855258703232,0.05341038480401039,new_followup_supplement,/home/tslin/Documents/jupyter_data/anLi/machine_unlearning/orthogonal-concept-erasure/experiments/sequential_object_followup/outputs/sequential_oce_object_followup_v1
retain_always,W01,airplane,a photo of the airplane,115,157,images/experiment1_sequential_own_step/retain_always/W01/airplane/index_115_seed_157.png,airplane,automobile,False,0.0017524986760690808,delete-after-eval,0.0017524986760690808,0.5061471462249756,0.0028963396325707436,0.000919559330213815,0.0007468881667591631,0.0039042290300130844,0.0010776667622849345,0.0052411830984056,0.016922621056437492,0.4603918492794037,new_followup_supplement,/home/tslin/Documents/jupyter_data/anLi/machine_unlearning/orthogonal-concept-erasure/experiments/sequential_object_followup/outputs/sequential_oce_object_followup_v1
retain_always,W01,airplane,a photo of the airplane,116,158,images/experiment1_sequential_own_step/retain_always/W01/airplane/index_116_seed_158.png,airplane,automobile,False,0.0001326091878581792,delete-after-eval,0.0001326091878581792,0.9934508800506592,0.00013765232870355248,8.69385403348133e-05,1.0030254088633228e-05,0.00031761880381964147,0.00045006119762547314,9.334048081655055e-05,0.0002053530770353973,0.005115529056638479,new_followup_supplement,/home/tslin/Documents/jupyter_data/anLi/machine_unlearning/orthogonal-concept-erasure/experiments/sequential_object_followup/outputs/sequential_oce_object_followup_v1
retain_always,W01,airplane,a photo of the airplane,117,159,images/experiment1_sequential_own_step/retain_always/W01/airplane/index_117_seed_159.png,airplane,truck,False,0.0049347057938575745,delete-after-eval,0.0049347057938575745,0.2914966642856598,0.0008598359418101609,0.00014121562708169222,0.00038317625876516104,0.00023022640380077064,0.00011517133680172265,0.0017566934693604708,0.01809970661997795,0.6819825768470764,new_followup_supplement,/home/tslin/Documents/jupyter_data/anLi/machine_unlearning/orthogonal-concept-erasure/experiments/sequential_object_followup/outputs/sequential_oce_object_followup_v1
retain_always,W01,airplane,a photo of the airplane,118,160,images/experiment1_sequential_own_step/retain_always/W01/airplane/index_118_seed_160.png,airplane,automobile,False,0.005093403626233339,delete-after-eval,0.005093403626233339,0.9107614159584045,0.0031014266423881054,0.0005066668381914496,0.0006571717676706612,0.004047878086566925,0.0007289687637239695,0.0009610355482436717,0.01257946714758873,0.06156254932284355,new_followup_supplement,/home/tslin/Documents/jupyter_data/anLi/machine_unlearning/orthogonal-concept-erasure/experiments/sequential_object_followup/outputs/sequential_oce_object_followup_v1
retain_always,W01,airplane,a photo of the airplane,119,161,images/experiment1_sequential_own_step/retain_always/W01/airplane/index_119_seed_161.png,airplane,automobile,False,0.000111886125523597,delete-after-eval,0.000111886125523597,0.9927207231521606,0.0009181168861687183,0.0010559622896835208,3.284154809080064e-05,0.0007800685707479715,0.00011269678361713886,0.0006873978418298066,0.0008846335113048553,0.002695635426789522,new_followup_supplement,/home/tslin/Documents/jupyter_data/anLi/machine_unlearning/orthogonal-concept-erasure/experiments/sequential_object_followup/outputs/sequential_oce_object_followup_v1
retain_always,W01,airplane,a photo of the airplane,120,162,images/experiment1_sequential_own_step/retain_always/W01/airplane/index_120_seed_162.png,airplane,automobile,False,0.012682544998824596,delete-after-eval,0.012682544998824596,0.6541109681129456,0.00063418346690014,0.0004447516694199294,0.00017052057955879718,0.0007087835110723972,0.0002163903263863176,0.0009500793530605733,0.009863866493105888,0.32021787762641907,new_followup_supplement,/home/tslin/Documents/jupyter_data/anLi/machine_unlearning/orthogonal-concept-erasure/experiments/sequential_object_followup/outputs/sequential_oce_object_followup_v1
retain_always,W01,airplane,a photo of the airplane,121,163,images/experiment1_sequential_own_step/retain_always/W01/airplane/index_121_seed_163.png,airplane,automobile,False,3.682522947201505e-05,delete-after-eval,3.682522947201505e-05,0.9937599301338196,0.0006558365421369672,0.0012793621281161904,0.0005041812546551228,0.0005207356298342347,0.0004778511356562376,0.0005588745116256177,0.00016807171050459146,0.0020383521914482117,new_followup_supplement,/home/tslin/Documents/jupyter_data/anLi/machine_unlearning/orthogonal-concept-erasure/experiments/sequential_object_followup/outputs/sequential_oce_object_followup_v1
retain_always,W01,airplane,a photo of the airplane,122,164,images/experiment1_sequential_own_step/retain_always/W01/airplane/index_122_seed_164.png,airplane,automobile,False,0.00016252567002084106,delete-after-eval,0.00016252567002084106,0.9886170029640198,0.0007532043964602053,0.00258673750795424,4.088937203050591e-05,0.0015384284779429436,0.0016338236164301634,0.002567508490756154,0.0008378548664040864,0.0012619888875633478,new_followup_supplement,/home/tslin/Documents/jupyter_data/anLi/machine_unlearning/orthogonal-concept-erasure/experiments/sequential_object_followup/outputs/sequential_oce_object_followup_v1
retain_always,W01,airplane,a photo of the airplane,123,165,images/experiment1_sequential_own_step/retain_always/W01/airplane/index_123_seed_165.png,airplane,automobile,False,0.00014459819067269564,delete-after-eval,0.00014459819067269564,0.9584941864013672,0.0013520187931135297,0.00033143896143883467,0.00035860142088495195,0.0005104244919493794,3.8320842577377334e-05,0.002104329876601696,0.0006366514135152102,0.036029379814863205,new_followup_supplement,/home/tslin/Documents/jupyter_data/anLi/machine_unlearning/orthogonal-concept-erasure/experiments/sequential_object_followup/outputs/sequential_oce_object_followup_v1
retain_always,W01,airplane,a photo of the airplane,124,166,images/experiment1_sequential_own_step/retain_always/W01/airplane/index_124_seed_166.png,airplane,automobile,False,0.000887961417902261,delete-after-eval,0.000887961417902261,0.9449412226676941,0.0003668294521048665,0.0002415464405203238,0.000275142170721665,0.00046106037916615605,0.00010947801638394594,0.0010045046219602227,0.006979177240282297,0.04473299905657768,new_followup_supplement,/home/tslin/Documents/jupyter_data/anLi/machine_unlearning/orthogonal-concept-erasure/experiments/sequential_object_followup/outputs/sequential_oce_object_followup_v1
retain_always,W01,airplane,a photo of the airplane,125,167,images/experiment1_sequential_own_step/retain_always/W01/airplane/index_125_seed_167.png,airplane,airplane,True,0.3571905195713043,delete-after-eval,0.3571905195713043,0.26578646898269653,0.02931780181825161,0.005792010109871626,0.0008926782174967229,0.006245562341064215,0.005082227755337954,0.011094044893980026,0.22260341048240662,0.09599525481462479,new_followup_supplement,/home/tslin/Documents/jupyter_data/anLi/machine_unlearning/orthogonal-concept-erasure/experiments/sequential_object_followup/outputs/sequential_oce_object_followup_v1
retain_always,W01,airplane,a photo of the airplane,126,168,images/experiment1_sequential_own_step/retain_always/W01/airplane/index_126_seed_168.png,airplane,automobile,False,0.009590929374098778,delete-after-eval,0.009590929374098778,0.9025643467903137,0.0036534599494189024,0.0002931389317382127,0.0006338634411804378,0.0006233248859643936,0.0012816829839721322,0.002239944413304329,0.004267736338078976,0.07485157251358032,new_followup_supplement,/home/tslin/Documents/jupyter_data/anLi/machine_unlearning/orthogonal-concept-erasure/experiments/sequential_object_followup/outputs/sequential_oce_object_followup_v1
retain_always,W01,airplane,a photo of the airplane,127,169,images/experiment1_sequential_own_step/retain_always/W01/airplane/index_127_seed_169.png,airplane,automobile,False,0.012722499668598175,delete-after-eval,0.012722499668598175,0.8482297658920288,0.0006540277390740812,0.00022864928178023547,0.0005985268508084118,0.00048105555470101535,0.00039794432814233005,0.0006623484077863395,0.003966215066611767,0.13205891847610474,new_followup_supplement,/home/tslin/Documents/jupyter_data/anLi/machine_unlearning/orthogonal-concept-erasure/experiments/sequential_object_followup/outputs/sequential_oce_object_followup_v1
retain_always,W01,airplane,a photo of the airplane,128,170,images/experiment1_sequential_own_step/retain_always/W01/airplane/index_128_seed_170.png,airplane,automobile,False,0.0012921580346301198,delete-after-eval,0.0012921580346301198,0.962784469127655,0.00042026714072562754,0.0012913030805066228,3.978665699833073e-05,0.0012807751772925258,0.0006266059936024249,0.00046287968871183693,0.0022647432051599026,0.029536990448832512,new_followup_supplement,/home/tslin/Documents/jupyter_data/anLi/machine_unlearning/orthogonal-concept-erasure/experiments/sequential_object_followup/outputs/sequential_oce_object_followup_v1
retain_always,W01,airplane,a photo of the airplane,129,171,images/experiment1_sequential_own_step/retain_always/W01/airplane/index_129_seed_171.png,airplane,automobile,False,0.00016443450294900686,delete-after-eval,0.00016443450294900686,0.9865351319313049,7.597586227348074e-05,9.698999929241836e-05,6.506544195872266e-06,0.00015886248729657382,2.540037894505076e-05,0.0002052146737696603,0.0006758931558579206,0.01205542590469122,new_followup_supplement,/home/tslin/Documents/jupyter_data/anLi/machine_unlearning/orthogonal-concept-erasure/experiments/sequential_object_followup/outputs/sequential_oce_object_followup_v1
retain_always,W01,airplane,a photo of the airplane,130,172,images/experiment1_sequential_own_step/retain_always/W01/airplane/index_130_seed_172.png,airplane,automobile,False,7.373841071967036e-05,delete-after-eval,7.373841071967036e-05,0.9826722145080566,0.00014301339979283512,7.905124220997095e-05,1.3491197933035437e-05,0.0001535923220217228,2.8842909159720875e-05,0.00021715625189244747,0.0001603661075932905,0.01645846664905548,new_followup_supplement,/home/tslin/Documents/jupyter_data/anLi/machine_unlearning/orthogonal-concept-erasure/experiments/sequential_object_followup/outputs/sequential_oce_object_followup_v1
retain_always,W01,airplane,a photo of the airplane,131,173,images/experiment1_sequential_own_step/retain_always/W01/airplane/index_131_seed_173.png,airplane,automobile,False,0.0003516330325510353,delete-after-eval,0.0003516330325510353,0.9877338409423828,4.8289297410519794e-05,2.2798329155193642e-05,6.5548820202820934e-06,4.948547939420678e-05,3.70301931980066e-05,8.972737123258412e-05,0.00026005602558143437,0.011400612071156502,new_followup_supplement,/home/tslin/Documents/jupyter_data/anLi/machine_unlearning/orthogonal-concept-erasure/experiments/sequential_object_followup/outputs/sequential_oce_object_followup_v1
retain_always,W01,airplane,a photo of the airplane,132,174,images/experiment1_sequential_own_step/retain_always/W01/airplane/index_132_seed_174.png,airplane,automobile,False,0.07410667091608047,delete-after-eval,0.07410667091608047,0.6663020849227905,0.008743678219616413,0.0013587202411144972,0.00048160317237488925,0.005543211009353399,0.0005761990323662758,0.005309037398546934,0.06205642223358154,0.1755223423242569,new_followup_supplement,/home/tslin/Documents/jupyter_data/anLi/machine_unlearning/orthogonal-concept-erasure/experiments/sequential_object_followup/outputs/sequential_oce_object_followup_v1
retain_always,W01,airplane,a photo of the airplane,133,175,images/experiment1_sequential_own_step/retain_always/W01/airplane/index_133_seed_175.png,airplane,automobile,False,0.00010034985461970791,delete-after-eval,0.00010034985461970791,0.9841024279594421,0.00034398571006022394,0.0002599875442683697,1.3526794646168128e-05,0.00035792397102341056,0.0001786954962881282,0.00032648202613927424,0.0004220915725454688,0.01389455609023571,new_followup_supplement,/home/tslin/Documents/jupyter_data/anLi/machine_unlearning/orthogonal-concept-erasure/experiments/sequential_object_followup/outputs/sequential_oce_object_followup_v1
retain_always,W01,airplane,a photo of the airplane,134,176,images/experiment1_sequential_own_step/retain_always/W01/airplane/index_134_seed_176.png,airplane,truck,False,0.0023976678494364023,delete-after-eval,0.0023976678494364023,0.1185387596487999,0.00524939876049757,0.004201597534120083,0.002868073293939233,0.002991610439494252,0.0005002745310775936,0.002136711496859789,0.014110716991126537,0.8470052480697632,new_followup_supplement,/home/tslin/Documents/jupyter_data/anLi/machine_unlearning/orthogonal-concept-erasure/experiments/sequential_object_followup/outputs/sequential_oce_object_followup_v1
retain_always,W01,airplane,a photo of the airplane,135,177,images/experiment1_sequential_own_step/retain_always/W01/airplane/index_135_seed_177.png,airplane,truck,False,0.0005654842825606465,delete-after-eval,0.0005654842825606465,0.35043659806251526,0.0009744896087795496,0.0007263939478434622,0.0005215301061980426,0.0010455067967996001,0.0006012411904521286,0.0028503581415861845,0.002540388610213995,0.639738142490387,new_followup_supplement,/home/tslin/Documents/jupyter_data/anLi/machine_unlearning/orthogonal-concept-erasure/experiments/sequential_object_followup/outputs/sequential_oce_object_followup_v1
retain_always,W01,airplane,a photo of the airplane,136,178,images/experiment1_sequential_own_step/retain_always/W01/airplane/index_136_seed_178.png,airplane,automobile,False,0.0009914155816659331,delete-after-eval,0.0009914155816659331,0.9108120203018188,0.005557172931730747,0.0004279416461940855,0.008289487101137638,0.0011858429061248899,0.005023773293942213,0.0029335508588701487,0.0010911772260442376,0.06368757784366608,new_followup_supplement,/home/tslin/Documents/jupyter_data/anLi/machine_unlearning/orthogonal-concept-erasure/experiments/sequential_object_followup/outputs/sequential_oce_object_followup_v1
retain_always,W01,airplane,a photo of the airplane,137,179,images/experiment1_sequential_own_step/retain_always/W01/airplane/index_137_seed_179.png,airplane,automobile,False,0.0004921263898722827,delete-after-eval,0.0004921263898722827,0.9434501528739929,0.0003826373431365937,9.136037988355383e-05,4.100363366887905e-05,0.00018380407709628344,0.00013546091213356704,0.00041075117769651115,0.0025306381285190582,0.052282124757766724,new_followup_supplement,/home/tslin/Documents/jupyter_data/anLi/machine_unlearning/orthogonal-concept-erasure/experiments/sequential_object_followup/outputs/sequential_oce_object_followup_v1
retain_always,W01,airplane,a photo of the airplane,138,180,images/experiment1_sequential_own_step/retain_always/W01/airplane/index_138_seed_180.png,airplane,truck,False,0.002300760941579938,delete-after-eval,0.002300760941579938,0.48673906922340393,0.0020310573745518923,0.00043749689939431846,0.0002833047474268824,0.003927912097424269,0.00023464311379939318,0.003990034572780132,0.002894090721383691,0.4971615672111511,new_followup_supplement,/home/tslin/Documents/jupyter_data/anLi/machine_unlearning/orthogonal-concept-erasure/experiments/sequential_object_followup/outputs/sequential_oce_object_followup_v1
retain_always,W01,airplane,a photo of the airplane,139,181,images/experiment1_sequential_own_step/retain_always/W01/airplane/index_139_seed_181.png,airplane,automobile,False,0.0003025852784048766,delete-after-eval,0.0003025852784048766,0.9743583798408508,0.002710015745833516,0.00038463991950266063,0.003963718190789223,0.0008122522267512977,0.00033806663122959435,0.0018104871269315481,0.000786272925324738,0.01453345362097025,new_followup_supplement,/home/tslin/Documents/jupyter_data/anLi/machine_unlearning/orthogonal-concept-erasure/experiments/sequential_object_followup/outputs/sequential_oce_object_followup_v1
retain_always,W01,airplane,a photo of the airplane,140,182,images/experiment1_sequential_own_step/retain_always/W01/airplane/index_140_seed_182.png,airplane,automobile,False,0.05340809002518654,delete-after-eval,0.05340809002518654,0.5555207133293152,0.005105426535010338,0.001198682002723217,0.0001993085752474144,0.0011632305104285479,0.0005058162496425211,0.004563461057841778,0.21024587750434875,0.16808943450450897,new_followup_supplement,/home/tslin/Documents/jupyter_data/anLi/machine_unlearning/orthogonal-concept-erasure/experiments/sequential_object_followup/outputs/sequential_oce_object_followup_v1
retain_always,W01,airplane,a photo of the airplane,141,183,images/experiment1_sequential_own_step/retain_always/W01/airplane/index_141_seed_183.png,airplane,automobile,False,0.004159286618232727,delete-after-eval,0.004159286618232727,0.5771784782409668,0.0010945366229861975,0.00041441520443186164,0.0010757213458418846,0.0012245073448866606,0.0007454374572262168,0.0013152966275811195,0.01443869061768055,0.39835360646247864,new_followup_supplement,/home/tslin/Documents/jupyter_data/anLi/machine_unlearning/orthogonal-concept-erasure/experiments/sequential_object_followup/outputs/sequential_oce_object_followup_v1
retain_always,W01,airplane,a photo of the airplane,142,184,images/experiment1_sequential_own_step/retain_always/W01/airplane/index_142_seed_184.png,airplane,automobile,False,0.00021368077432271093,delete-after-eval,0.00021368077432271093,0.9928421974182129,0.0002757976180873811,0.00018762439140118659,1.7385074897902086e-05,0.00023886420240160078,0.00026746216462925076,0.00015014490054454654,0.0008265533251687884,0.004980316385626793,new_followup_supplement,/home/tslin/Documents/jupyter_data/anLi/machine_unlearning/orthogonal-concept-erasure/experiments/sequential_object_followup/outputs/sequential_oce_object_followup_v1
retain_always,W01,airplane,a photo of the airplane,143,185,images/experiment1_sequential_own_step/retain_always/W01/airplane/index_143_seed_185.png,airplane,automobile,False,0.0005720581393688917,delete-after-eval,0.0005720581393688917,0.7862069606781006,0.0006797907990403473,0.0001872952707344666,0.00010679663682822138,0.00045777179184369743,0.00035001643118448555,0.00035804221988655627,0.000577483675442636,0.2105037420988083,new_followup_supplement,/home/tslin/Documents/jupyter_data/anLi/machine_unlearning/orthogonal-concept-erasure/experiments/sequential_object_followup/outputs/sequential_oce_object_followup_v1
retain_always,W01,airplane,a photo of the airplane,144,186,images/experiment1_sequential_own_step/retain_always/W01/airplane/index_144_seed_186.png,airplane,automobile,False,0.08783038705587387,delete-after-eval,0.08783038705587387,0.5452610850334167,0.007479029707610607,0.005433025769889355,0.002566056791692972,0.013254817575216293,0.001117298030294478,0.009749825112521648,0.10551554709672928,0.22179287672042847,new_followup_supplement,/home/tslin/Documents/jupyter_data/anLi/machine_unlearning/orthogonal-concept-erasure/experiments/sequential_object_followup/outputs/sequential_oce_object_followup_v1
retain_always,W01,airplane,a photo of the airplane,145,187,images/experiment1_sequential_own_step/retain_always/W01/airplane/index_145_seed_187.png,airplane,automobile,False,0.07920172810554504,delete-after-eval,0.07920172810554504,0.5342638492584229,0.006749844644218683,0.0020926243159919977,0.0013127017300575972,0.005227838177233934,0.0028396218549460173,0.01107713021337986,0.003570601111277938,0.3536640405654907,new_followup_supplement,/home/tslin/Documents/jupyter_data/anLi/machine_unlearning/orthogonal-concept-erasure/experiments/sequential_object_followup/outputs/sequential_oce_object_followup_v1
retain_always,W01,airplane,a photo of the airplane,146,188,images/experiment1_sequential_own_step/retain_always/W01/airplane/index_146_seed_188.png,airplane,automobile,False,0.00017863894754555076,delete-after-eval,0.00017863894754555076,0.9798470735549927,5.5992091802181676e-05,0.00011653183173621073,5.160420187166892e-06,0.00020492819021455944,7.899600313976407e-05,7.019459008006379e-05,0.00044310736120678484,0.01899932324886322,new_followup_supplement,/home/tslin/Documents/jupyter_data/anLi/machine_unlearning/orthogonal-concept-erasure/experiments/sequential_object_followup/outputs/sequential_oce_object_followup_v1
retain_always,W01,airplane,a photo of the airplane,147,189,images/experiment1_sequential_own_step/retain_always/W01/airplane/index_147_seed_189.png,airplane,automobile,False,0.00015952523972373456,delete-after-eval,0.00015952523972373456,0.9861169457435608,0.0004416494339238852,0.0029384822119027376,0.0007656795205548406,0.0010510026477277279,0.00027047895127907395,0.003101282985880971,0.000481344701256603,0.004673468880355358,new_followup_supplement,/home/tslin/Documents/jupyter_data/anLi/machine_unlearning/orthogonal-concept-erasure/experiments/sequential_object_followup/outputs/sequential_oce_object_followup_v1
retain_always,W01,airplane,a photo of the airplane,148,190,images/experiment1_sequential_own_step/retain_always/W01/airplane/index_148_seed_190.png,airplane,automobile,False,0.0005431738100014627,delete-after-eval,0.0005431738100014627,0.9798398613929749,0.0008288860553875566,0.0007130849407985806,0.001304553123190999,0.0012746176216751337,0.0006352235795930028,0.0014990817289799452,0.0011615999974310398,0.012199945747852325,new_followup_supplement,/home/tslin/Documents/jupyter_data/anLi/machine_unlearning/orthogonal-concept-erasure/experiments/sequential_object_followup/outputs/sequential_oce_object_followup_v1
retain_always,W01,airplane,a photo of the airplane,149,191,images/experiment1_sequential_own_step/retain_always/W01/airplane/index_149_seed_191.png,airplane,airplane,True,0.4108583629131317,delete-after-eval,0.4108583629131317,0.07083573937416077,0.150977224111557,0.007812507450580597,0.009165771305561066,0.09068724513053894,0.01176439318805933,0.03144720196723938,0.11903392523527145,0.09741763025522232,new_followup_supplement,/home/tslin/Documents/jupyter_data/anLi/machine_unlearning/orthogonal-concept-erasure/experiments/sequential_object_followup/outputs/sequential_oce_object_followup_v1
retain_always,W01,airplane,a photo of the airplane,150,192,images/experiment1_sequential_own_step/retain_always/W01/airplane/index_150_seed_192.png,airplane,automobile,False,0.0005067847669124603,delete-after-eval,0.0005067847669124603,0.8248125314712524,0.0011006459826603532,0.00018686930707190186,0.0010224279249086976,0.0007397650624625385,0.0006174547015689313,0.0004276788095012307,0.00108302419539541,0.16950277984142303,new_followup_supplement,/home/tslin/Documents/jupyter_data/anLi/machine_unlearning/orthogonal-concept-erasure/experiments/sequential_object_followup/outputs/sequential_oce_object_followup_v1
retain_always,W01,airplane,a photo of the airplane,151,193,images/experiment1_sequential_own_step/retain_always/W01/airplane/index_151_seed_193.png,airplane,automobile,False,5.177825369173661e-05,delete-after-eval,5.177825369173661e-05,0.9557671546936035,0.0003622678341343999,0.0003279903612565249,6.201361247804016e-05,0.0004949263529852033,0.00016128546849358827,0.001171904499642551,0.0006255452753975987,0.040975186973810196,new_followup_supplement,/home/tslin/Documents/jupyter_data/anLi/machine_unlearning/orthogonal-concept-erasure/experiments/sequential_object_followup/outputs/sequential_oce_object_followup_v1
retain_always,W01,airplane,a photo of the airplane,152,194,images/experiment1_sequential_own_step/retain_always/W01/airplane/index_152_seed_194.png,airplane,automobile,False,0.17336797714233398,delete-after-eval,0.17336797714233398,0.37086430191993713,0.02770548313856125,0.01634921319782734,0.007868729531764984,0.014721205458045006,0.0045793140307068825,0.03542855381965637,0.09319575875997543,0.2559194266796112,new_followup_supplement,/home/tslin/Documents/jupyter_data/anLi/machine_unlearning/orthogonal-concept-erasure/experiments/sequential_object_followup/outputs/sequential_oce_object_followup_v1
retain_always,W01,airplane,a photo of the airplane,153,195,images/experiment1_sequential_own_step/retain_always/W01/airplane/index_153_seed_195.png,airplane,automobile,False,0.13549812138080597,delete-after-eval,0.13549812138080597,0.7677252292633057,0.028250830247998238,0.0011943909339606762,0.0029274066910147667,0.00164128711912781,0.0026147824246436357,0.0026495433412492275,0.011600797064602375,0.04589753970503807,new_followup_supplement,/home/tslin/Documents/jupyter_data/anLi/machine_unlearning/orthogonal-concept-erasure/experiments/sequential_object_followup/outputs/sequential_oce_object_followup_v1
retain_always,W01,airplane,a photo of the airplane,154,196,images/experiment1_sequential_own_step/retain_always/W01/airplane/index_154_seed_196.png,airplane,truck,False,0.00012405088637024164,delete-after-eval,0.00012405088637024164,0.40715453028678894,0.0006078215083107352,0.0002542302245274186,0.0002241995243821293,0.000167270700330846,0.0007991811726242304,0.0005434041377156973,0.001682970905676484,0.588442325592041,new_followup_supplement,/home/tslin/Documents/jupyter_data/anLi/machine_unlearning/orthogonal-concept-erasure/experiments/sequential_object_followup/outputs/sequential_oce_object_followup_v1
retain_always,W01,airplane,a photo of the airplane,155,197,images/experiment1_sequential_own_step/retain_always/W01/airplane/index_155_seed_197.png,airplane,automobile,False,0.11665019392967224,delete-after-eval,0.11665019392967224,0.6514508128166199,0.025231851264834404,0.0076550068333745,0.0018422405701130629,0.013214057311415672,0.0285427737981081,0.011290710419416428,0.06501582264900208,0.07910656183958054,new_followup_supplement,/home/tslin/Documents/jupyter_data/anLi/machine_unlearning/orthogonal-concept-erasure/experiments/sequential_object_followup/outputs/sequential_oce_object_followup_v1
retain_always,W01,airplane,a photo of the airplane,156,198,images/experiment1_sequential_own_step/retain_always/W01/airplane/index_156_seed_198.png,airplane,truck,False,0.00542623084038496,delete-after-eval,0.00542623084038496,0.3361075520515442,0.014362546615302563,0.000399757525883615,0.001543069607578218,0.00294172833673656,0.0003922772011719644,0.003982406109571457,0.005588033702224493,0.6292563676834106,new_followup_supplement,/home/tslin/Documents/jupyter_data/anLi/machine_unlearning/orthogonal-concept-erasure/experiments/sequential_object_followup/outputs/sequential_oce_object_followup_v1
retain_always,W01,airplane,a photo of the airplane,157,199,images/experiment1_sequential_own_step/retain_always/W01/airplane/index_157_seed_199.png,airplane,ship,False,0.03230731934309006,delete-after-eval,0.03230731934309006,0.15002486109733582,0.037926144897937775,0.013988674618303776,0.004245540592819452,0.042807672172784805,0.004170251078903675,0.047017090022563934,0.5479899048805237,0.11952245235443115,new_followup_supplement,/home/tslin/Documents/jupyter_data/anLi/machine_unlearning/orthogonal-concept-erasure/experiments/sequential_object_followup/outputs/sequential_oce_object_followup_v1
retain_always,W01,airplane,a photo of the airplane,158,200,images/experiment1_sequential_own_step/retain_always/W01/airplane/index_158_seed_200.png,airplane,truck,False,0.02739277482032776,delete-after-eval,0.02739277482032776,0.1448882818222046,0.07098561525344849,0.021369067952036858,0.009848062880337238,0.06318795680999756,0.031718164682388306,0.055609382688999176,0.13472554087638855,0.4402751326560974,new_followup_supplement,/home/tslin/Documents/jupyter_data/anLi/machine_unlearning/orthogonal-concept-erasure/experiments/sequential_object_followup/outputs/sequential_oce_object_followup_v1
retain_always,W01,airplane,a photo of the airplane,159,201,images/experiment1_sequential_own_step/retain_always/W01/airplane/index_159_seed_201.png,airplane,automobile,False,0.001905005075968802,delete-after-eval,0.001905005075968802,0.858061671257019,0.0007267319597303867,0.00016638987290207297,0.0002229840465588495,0.0005363688105717301,0.00021503143943846226,0.001681783120147884,0.0010756126139312983,0.1354084461927414,new_followup_supplement,/home/tslin/Documents/jupyter_data/anLi/machine_unlearning/orthogonal-concept-erasure/experiments/sequential_object_followup/outputs/sequential_oce_object_followup_v1
retain_always,W01,airplane,a photo of the airplane,160,202,images/experiment1_sequential_own_step/retain_always/W01/airplane/index_160_seed_202.png,airplane,automobile,False,0.0017243142938241363,delete-after-eval,0.0017243142938241363,0.49605509638786316,0.012477735057473183,0.0001474736927775666,0.0004379434685688466,0.0005265525542199612,0.009107287973165512,0.0009746194700710475,0.010587998665869236,0.46796104311943054,new_followup_supplement,/home/tslin/Documents/jupyter_data/anLi/machine_unlearning/orthogonal-concept-erasure/experiments/sequential_object_followup/outputs/sequential_oce_object_followup_v1
retain_always,W01,airplane,a photo of the airplane,161,203,images/experiment1_sequential_own_step/retain_always/W01/airplane/index_161_seed_203.png,airplane,truck,False,0.08723413199186325,delete-after-eval,0.08723413199186325,0.1882021576166153,0.047533068805933,0.025700140744447708,0.012802578508853912,0.0355866365134716,0.015939509496092796,0.032231323421001434,0.26661717891693115,0.2881532609462738,new_followup_supplement,/home/tslin/Documents/jupyter_data/anLi/machine_unlearning/orthogonal-concept-erasure/experiments/sequential_object_followup/outputs/sequential_oce_object_followup_v1
retain_always,W01,airplane,a photo of the airplane,162,204,images/experiment1_sequential_own_step/retain_always/W01/airplane/index_162_seed_204.png,airplane,truck,False,0.014084785245358944,delete-after-eval,0.014084785245358944,0.08884759992361069,0.015594303607940674,0.0022825689520686865,0.010281581431627274,0.0065862261690199375,0.0020792698487639427,0.03361774608492851,0.015515916049480438,0.8111099600791931,new_followup_supplement,/home/tslin/Documents/jupyter_data/anLi/machine_unlearning/orthogonal-concept-erasure/experiments/sequential_object_followup/outputs/sequential_oce_object_followup_v1
retain_always,W01,airplane,a photo of the airplane,163,205,images/experiment1_sequential_own_step/retain_always/W01/airplane/index_163_seed_205.png,airplane,automobile,False,0.0002996344992425293,delete-after-eval,0.0002996344992425293,0.9756994247436523,0.0005612716777250171,0.00017897965153679252,0.00013298328849487007,0.0007868731627240777,0.0006569331744685769,0.00041044954559765756,0.0007774151163175702,0.02049604430794716,new_followup_supplement,/home/tslin/Documents/jupyter_data/anLi/machine_unlearning/orthogonal-concept-erasure/experiments/sequential_object_followup/outputs/sequential_oce_object_followup_v1
retain_always,W01,airplane,a photo of the airplane,164,206,images/experiment1_sequential_own_step/retain_always/W01/airplane/index_164_seed_206.png,airplane,automobile,False,0.0009732109028846025,delete-after-eval,0.0009732109028846025,0.9384639263153076,0.0016413078410550952,0.0014026483986526728,0.0005131044308654964,0.001141315558925271,0.002707101870328188,0.0020402693189680576,0.0021845600567758083,0.048932526260614395,new_followup_supplement,/home/tslin/Documents/jupyter_data/anLi/machine_unlearning/orthogonal-concept-erasure/experiments/sequential_object_followup/outputs/sequential_oce_object_followup_v1
retain_always,W01,airplane,a photo of the airplane,165,207,images/experiment1_sequential_own_step/retain_always/W01/airplane/index_165_seed_207.png,airplane,automobile,False,0.08861535042524338,delete-after-eval,0.08861535042524338,0.8242064118385315,0.005570167675614357,0.005691958125680685,0.0003424067981541157,0.005525101907551289,0.0009046961204148829,0.0097012585029006,0.009321213699877262,0.05012141913175583,new_followup_supplement,/home/tslin/Documents/jupyter_data/anLi/machine_unlearning/orthogonal-concept-erasure/experiments/sequential_object_followup/outputs/sequential_oce_object_followup_v1
retain_always,W01,airplane,a photo of the airplane,166,208,images/experiment1_sequential_own_step/retain_always/W01/airplane/index_166_seed_208.png,airplane,automobile,False,0.0005388089921325445,delete-after-eval,0.0005388089921325445,0.9502602815628052,0.0003639781498350203,0.00013109450810588896,8.658243314130232e-05,0.0003289397864136845,0.00031016356660984457,0.00019579239597078413,0.00039376597851514816,0.04739051312208176,new_followup_supplement,/home/tslin/Documents/jupyter_data/anLi/machine_unlearning/orthogonal-concept-erasure/experiments/sequential_object_followup/outputs/sequential_oce_object_followup_v1
retain_always,W01,airplane,a photo of the airplane,167,209,images/experiment1_sequential_own_step/retain_always/W01/airplane/index_167_seed_209.png,airplane,automobile,False,0.006225705146789551,delete-after-eval,0.006225705146789551,0.7314778566360474,0.0001879996561910957,0.00026944655110128224,0.00022809697838965803,0.00034392939414829016,3.066923454753123e-05,0.0015172503190115094,0.009618955664336681,0.2501000463962555,new_followup_supplement,/home/tslin/Documents/jupyter_data/anLi/machine_unlearning/orthogonal-concept-erasure/experiments/sequential_object_followup/outputs/sequential_oce_object_followup_v1
retain_always,W01,airplane,a photo of the airplane,168,210,images/experiment1_sequential_own_step/retain_always/W01/airplane/index_168_seed_210.png,airplane,truck,False,0.0021779495291411877,delete-after-eval,0.0021779495291411877,0.09588605165481567,0.0016919915797188878,0.0006974221905693412,0.0009148542885668576,0.0022166736889630556,0.0001146422655438073,0.009877043776214123,0.027610493823885918,0.8588128089904785,new_followup_supplement,/home/tslin/Documents/jupyter_data/anLi/machine_unlearning/orthogonal-concept-erasure/experiments/sequential_object_followup/outputs/sequential_oce_object_followup_v1
retain_always,W01,airplane,a photo of the airplane,169,211,images/experiment1_sequential_own_step/retain_always/W01/airplane/index_169_seed_211.png,airplane,automobile,False,0.04382328316569328,delete-after-eval,0.04382328316569328,0.7588195204734802,0.005811554845422506,0.0009079978917725384,0.0019175625639036298,0.0012020210269838572,0.0011876478092744946,0.0019890116527676582,0.0030215175356715918,0.18131984770298004,new_followup_supplement,/home/tslin/Documents/jupyter_data/anLi/machine_unlearning/orthogonal-concept-erasure/experiments/sequential_object_followup/outputs/sequential_oce_object_followup_v1
retain_always,W01,airplane,a photo of the airplane,170,212,images/experiment1_sequential_own_step/retain_always/W01/airplane/index_170_seed_212.png,airplane,automobile,False,0.002344118896871805,delete-after-eval,0.002344118896871805,0.7969286441802979,0.002096690936014056,0.0012609182158485055,0.001232077949680388,0.02592344954609871,0.0009419446578249335,0.015396532602608204,0.003691905876621604,0.1501837968826294,new_followup_supplement,/home/tslin/Documents/jupyter_data/anLi/machine_unlearning/orthogonal-concept-erasure/experiments/sequential_object_followup/outputs/sequential_oce_object_followup_v1
retain_always,W01,airplane,a photo of the airplane,171,213,images/experiment1_sequential_own_step/retain_always/W01/airplane/index_171_seed_213.png,airplane,automobile,False,0.030554180964827538,delete-after-eval,0.030554180964827538,0.31024524569511414,0.03079722449183464,0.020798102021217346,0.03202392905950546,0.07712355256080627,0.012213452719151974,0.060479335486888885,0.23695538938045502,0.1888096034526825,new_followup_supplement,/home/tslin/Documents/jupyter_data/anLi/machine_unlearning/orthogonal-concept-erasure/experiments/sequential_object_followup/outputs/sequential_oce_object_followup_v1
retain_always,W01,airplane,a photo of the airplane,172,214,images/experiment1_sequential_own_step/retain_always/W01/airplane/index_172_seed_214.png,airplane,automobile,False,0.004156964365392923,delete-after-eval,0.004156964365392923,0.8497506976127625,0.00031439500162377954,0.0001937740744324401,0.00011671430547721684,0.0001539650693302974,0.00011671430547721684,0.0006045149057172239,0.02547512948513031,0.11911708116531372,new_followup_supplement,/home/tslin/Documents/jupyter_data/anLi/machine_unlearning/orthogonal-concept-erasure/experiments/sequential_object_followup/outputs/sequential_oce_object_followup_v1
retain_always,W01,airplane,a photo of the airplane,173,215,images/experiment1_sequential_own_step/retain_always/W01/airplane/index_173_seed_215.png,airplane,horse,False,0.00978693924844265,delete-after-eval,0.00978693924844265,0.02039240300655365,0.00498022697865963,0.019241921603679657,0.004840970039367676,0.032315123826265335,0.0008685143548063934,0.8719199299812317,0.00482323719188571,0.03083071857690811,new_followup_supplement,/home/tslin/Documents/jupyter_data/anLi/machine_unlearning/orthogonal-concept-erasure/experiments/sequential_object_followup/outputs/sequential_oce_object_followup_v1
retain_always,W01,airplane,a photo of the airplane,174,216,images/experiment1_sequential_own_step/retain_always/W01/airplane/index_174_seed_216.png,airplane,automobile,False,0.0057439557276666164,delete-after-eval,0.0057439557276666164,0.7510824799537659,0.0019289336632937193,0.0005198709550313652,0.0009497021092101932,0.0010573131730780005,0.015688590705394745,0.0022916661109775305,0.0008902197005227208,0.21984727680683136,new_followup_supplement,/home/tslin/Documents/jupyter_data/anLi/machine_unlearning/orthogonal-concept-erasure/experiments/sequential_object_followup/outputs/sequential_oce_object_followup_v1
retain_always,W01,airplane,a photo of the airplane,175,217,images/experiment1_sequential_own_step/retain_always/W01/airplane/index_175_seed_217.png,airplane,automobile,False,0.0001782124600140378,delete-after-eval,0.0001782124600140378,0.9937273263931274,7.82881397753954e-05,0.00015205569798126817,2.0092333215870894e-05,0.0003817040706053376,1.2120827705075499e-05,0.0008306897943839431,0.001983960624784231,0.0026355597656220198,new_followup_supplement,/home/tslin/Documents/jupyter_data/anLi/machine_unlearning/orthogonal-concept-erasure/experiments/sequential_object_followup/outputs/sequential_oce_object_followup_v1
retain_always,W01,airplane,a photo of the airplane,176,218,images/experiment1_sequential_own_step/retain_always/W01/airplane/index_176_seed_218.png,airplane,automobile,False,0.0009234743774868548,delete-after-eval,0.0009234743774868548,0.9862518906593323,0.0009316194336861372,0.0005493363714776933,6.5619133238215e-05,0.00047959870425984263,0.00010261323768645525,0.0063298605382442474,0.0005673820269294083,0.003798747668042779,new_followup_supplement,/home/tslin/Documents/jupyter_data/anLi/machine_unlearning/orthogonal-concept-erasure/experiments/sequential_object_followup/outputs/sequential_oce_object_followup_v1
retain_always,W01,airplane,a photo of the airplane,177,219,images/experiment1_sequential_own_step/retain_always/W01/airplane/index_177_seed_219.png,airplane,automobile,False,0.0012784764403477311,delete-after-eval,0.0012784764403477311,0.8025425672531128,0.0007660546689294279,0.00036371583701111376,0.000313986703986302,0.0009852203074842691,9.547547961119562e-05,0.0009871200891211629,0.0020559148397296667,0.19061148166656494,new_followup_supplement,/home/tslin/Documents/jupyter_data/anLi/machine_unlearning/orthogonal-concept-erasure/experiments/sequential_object_followup/outputs/sequential_oce_object_followup_v1
retain_always,W01,airplane,a photo of the airplane,178,220,images/experiment1_sequential_own_step/retain_always/W01/airplane/index_178_seed_220.png,airplane,automobile,False,0.0002250332327093929,delete-after-eval,0.0002250332327093929,0.9858690500259399,0.0012525253696367145,0.0010560466907918453,0.00013522295921575278,0.0006399470730684698,0.00012178500765003264,0.0017496689688414335,0.0004878015606664121,0.008463012985885143,new_followup_supplement,/home/tslin/Documents/jupyter_data/anLi/machine_unlearning/orthogonal-concept-erasure/experiments/sequential_object_followup/outputs/sequential_oce_object_followup_v1
retain_always,W01,airplane,a photo of the airplane,179,221,images/experiment1_sequential_own_step/retain_always/W01/airplane/index_179_seed_221.png,airplane,airplane,True,0.39186033606529236,delete-after-eval,0.39186033606529236,0.17856623232364655,0.24938438832759857,0.0061315069906413555,0.0015347270527854562,0.003601111238822341,0.0040396591648459435,0.020300181582570076,0.03728038817644119,0.10730145126581192,new_followup_supplement,/home/tslin/Documents/jupyter_data/anLi/machine_unlearning/orthogonal-concept-erasure/experiments/sequential_object_followup/outputs/sequential_oce_object_followup_v1
retain_always,W01,airplane,a photo of the airplane,180,222,images/experiment1_sequential_own_step/retain_always/W01/airplane/index_180_seed_222.png,airplane,horse,False,0.1588972955942154,delete-after-eval,0.1588972955942154,0.04912353679537773,0.03145195543766022,0.030957963317632675,0.0194306168705225,0.040159739553928375,0.03369247913360596,0.42664721608161926,0.13766556978225708,0.07197365909814835,new_followup_supplement,/home/tslin/Documents/jupyter_data/anLi/machine_unlearning/orthogonal-concept-erasure/experiments/sequential_object_followup/outputs/sequential_oce_object_followup_v1
retain_always,W01,airplane,a photo of the airplane,181,223,images/experiment1_sequential_own_step/retain_always/W01/airplane/index_181_seed_223.png,airplane,automobile,False,0.0006386901950463653,delete-after-eval,0.0006386901950463653,0.9867254495620728,0.0006725254352204502,0.00042925862362608314,1.1447802535258234e-05,0.00021173256391193718,0.0007473085424862802,0.0020267318468540907,0.0006239758804440498,0.007912872359156609,new_followup_supplement,/home/tslin/Documents/jupyter_data/anLi/machine_unlearning/orthogonal-concept-erasure/experiments/sequential_object_followup/outputs/sequential_oce_object_followup_v1
retain_always,W01,airplane,a photo of the airplane,182,224,images/experiment1_sequential_own_step/retain_always/W01/airplane/index_182_seed_224.png,airplane,automobile,False,0.0028087839018553495,delete-after-eval,0.0028087839018553495,0.6585184931755066,0.011928289197385311,0.007859794422984123,0.0077747623436152935,0.010147805325686932,0.004658044315874577,0.07388386875391006,0.02668796293437481,0.19573217630386353,new_followup_supplement,/home/tslin/Documents/jupyter_data/anLi/machine_unlearning/orthogonal-concept-erasure/experiments/sequential_object_followup/outputs/sequential_oce_object_followup_v1
retain_always,W01,airplane,a photo of the airplane,183,225,images/experiment1_sequential_own_step/retain_always/W01/airplane/index_183_seed_225.png,airplane,automobile,False,0.00010431396367494017,delete-after-eval,0.00010431396367494017,0.9951032400131226,0.00010032980935648084,0.0001039481139741838,4.490046649152646e-06,0.00012175666051916778,0.00011019600060535595,0.00019701558630913496,0.0003253266040701419,0.003829522989690304,new_followup_supplement,/home/tslin/Documents/jupyter_data/anLi/machine_unlearning/orthogonal-concept-erasure/experiments/sequential_object_followup/outputs/sequential_oce_object_followup_v1
retain_always,W01,airplane,a photo of the airplane,184,226,images/experiment1_sequential_own_step/retain_always/W01/airplane/index_184_seed_226.png,airplane,automobile,False,0.017926732078194618,delete-after-eval,0.017926732078194618,0.590583324432373,0.007419189903885126,0.0036875831428915262,0.0008129597990773618,0.0030173740815371275,0.001522588194347918,0.007604393642395735,0.03980208933353424,0.32762375473976135,new_followup_supplement,/home/tslin/Documents/jupyter_data/anLi/machine_unlearning/orthogonal-concept-erasure/experiments/sequential_object_followup/outputs/sequential_oce_object_followup_v1
retain_always,W01,airplane,a photo of the airplane,185,227,images/experiment1_sequential_own_step/retain_always/W01/airplane/index_185_seed_227.png,airplane,automobile,False,0.0002127755869878456,delete-after-eval,0.0002127755869878456,0.9355438351631165,0.00018703212845139205,0.00019673384667839855,1.805836654966697e-05,0.0007107356213964522,9.84671205515042e-05,0.00025433284463360906,0.00027121035964228213,0.06250669062137604,new_followup_supplement,/home/tslin/Documents/jupyter_data/anLi/machine_unlearning/orthogonal-concept-erasure/experiments/sequential_object_followup/outputs/sequential_oce_object_followup_v1
retain_always,W01,airplane,a photo of the airplane,186,228,images/experiment1_sequential_own_step/retain_always/W01/airplane/index_186_seed_228.png,airplane,truck,False,0.025775454938411713,delete-after-eval,0.025775454938411713,0.15675383806228638,0.000723533914424479,0.0005933877546340227,0.0001598833769094199,0.0018312593456357718,0.00011623636964941397,0.004536276217550039,0.1701030731201172,0.6394070982933044,new_followup_supplement,/home/tslin/Documents/jupyter_data/anLi/machine_unlearning/orthogonal-concept-erasure/experiments/sequential_object_followup/outputs/sequential_oce_object_followup_v1
retain_always,W01,airplane,a photo of the airplane,187,229,images/experiment1_sequential_own_step/retain_always/W01/airplane/index_187_seed_229.png,airplane,automobile,False,0.00022429294767789543,delete-after-eval,0.00022429294767789543,0.5058819055557251,0.00017139043484348804,0.00012544191849883646,1.111648089135997e-05,0.00025295300292782485,0.00024334325280506164,8.68997085490264e-05,0.0005509615875780582,0.49245163798332214,new_followup_supplement,/home/tslin/Documents/jupyter_data/anLi/machine_unlearning/orthogonal-concept-erasure/experiments/sequential_object_followup/outputs/sequential_oce_object_followup_v1
retain_always,W01,airplane,a photo of the airplane,188,230,images/experiment1_sequential_own_step/retain_always/W01/airplane/index_188_seed_230.png,airplane,automobile,False,0.00014304825162980705,delete-after-eval,0.00014304825162980705,0.9964555501937866,0.0002381802478339523,0.00017260541790165007,0.00011717533925548196,0.00018010399071499705,0.0009081993484869599,0.00041867606341838837,0.00010815018322318792,0.0012582888593897223,new_followup_supplement,/home/tslin/Documents/jupyter_data/anLi/machine_unlearning/orthogonal-concept-erasure/experiments/sequential_object_followup/outputs/sequential_oce_object_followup_v1
retain_always,W01,airplane,a photo of the airplane,189,231,images/experiment1_sequential_own_step/retain_always/W01/airplane/index_189_seed_231.png,airplane,automobile,False,0.02707718312740326,delete-after-eval,0.02707718312740326,0.5771210193634033,0.0028343796730041504,0.002032710937783122,0.002562138717621565,0.0048941378481686115,0.002741924487054348,0.008742818608880043,0.0025390353985130787,0.36945465207099915,new_followup_supplement,/home/tslin/Documents/jupyter_data/anLi/machine_unlearning/orthogonal-concept-erasure/experiments/sequential_object_followup/outputs/sequential_oce_object_followup_v1
retain_always,W01,airplane,a photo of the airplane,190,232,images/experiment1_sequential_own_step/retain_always/W01/airplane/index_190_seed_232.png,airplane,automobile,False,0.008823804557323456,delete-after-eval,0.008823804557323456,0.754425585269928,0.006248940248042345,0.004737559240311384,0.0026421400252729654,0.006773980800062418,0.0003978916793130338,0.012267661280930042,0.01943901926279068,0.18424347043037415,new_followup_supplement,/home/tslin/Documents/jupyter_data/anLi/machine_unlearning/orthogonal-concept-erasure/experiments/sequential_object_followup/outputs/sequential_oce_object_followup_v1
retain_always,W01,airplane,a photo of the airplane,191,233,images/experiment1_sequential_own_step/retain_always/W01/airplane/index_191_seed_233.png,airplane,truck,False,0.009514965116977692,delete-after-eval,0.009514965116977692,0.3709602653980255,0.013569561764597893,0.003451630938798189,0.005885235033929348,0.008482533507049084,0.007156509906053543,0.02173689566552639,0.05591632053256035,0.5033260583877563,new_followup_supplement,/home/tslin/Documents/jupyter_data/anLi/machine_unlearning/orthogonal-concept-erasure/experiments/sequential_object_followup/outputs/sequential_oce_object_followup_v1
retain_always,W01,airplane,a photo of the airplane,192,234,images/experiment1_sequential_own_step/retain_always/W01/airplane/index_192_seed_234.png,airplane,automobile,False,0.00024150122771970928,delete-after-eval,0.00024150122771970928,0.992326021194458,0.00016822756151668727,0.00017054725321941078,1.1256455536567955e-06,0.00011802538938354701,0.0003316594229545444,5.3077805205248296e-05,0.00031542006763629615,0.006274507846683264,new_followup_supplement,/home/tslin/Documents/jupyter_data/anLi/machine_unlearning/orthogonal-concept-erasure/experiments/sequential_object_followup/outputs/sequential_oce_object_followup_v1
retain_always,W01,airplane,a photo of the airplane,193,235,images/experiment1_sequential_own_step/retain_always/W01/airplane/index_193_seed_235.png,airplane,automobile,False,0.00014627735072281212,delete-after-eval,0.00014627735072281212,0.6904700398445129,0.00017827768169809133,0.00030742931994609535,5.5604024964850396e-05,0.0008090805495157838,8.579968562116846e-05,0.0010104452958330512,0.0008576765540055931,0.3060793876647949,new_followup_supplement,/home/tslin/Documents/jupyter_data/anLi/machine_unlearning/orthogonal-concept-erasure/experiments/sequential_object_followup/outputs/sequential_oce_object_followup_v1
retain_always,W01,airplane,a photo of the airplane,194,236,images/experiment1_sequential_own_step/retain_always/W01/airplane/index_194_seed_236.png,airplane,automobile,False,0.01205352321267128,delete-after-eval,0.01205352321267128,0.5032516121864319,0.02028009295463562,0.004563227761536837,0.0014106135349720716,0.0018553165718913078,0.0005685631767846644,0.01059768721461296,0.09342838823795319,0.3519909679889679,new_followup_supplement,/home/tslin/Documents/jupyter_data/anLi/machine_unlearning/orthogonal-concept-erasure/experiments/sequential_object_followup/outputs/sequential_oce_object_followup_v1
retain_always,W01,airplane,a photo of the airplane,195,237,images/experiment1_sequential_own_step/retain_always/W01/airplane/index_195_seed_237.png,airplane,automobile,False,0.0005164961912669241,delete-after-eval,0.0005164961912669241,0.950463593006134,0.0015944502083584666,0.0002007144212257117,7.640714466106147e-05,0.0009366283193230629,3.601096977945417e-05,0.0023715358693152666,0.0004643708816729486,0.04333985224366188,new_followup_supplement,/home/tslin/Documents/jupyter_data/anLi/machine_unlearning/orthogonal-concept-erasure/experiments/sequential_object_followup/outputs/sequential_oce_object_followup_v1
retain_always,W01,airplane,a photo of the airplane,196,238,images/experiment1_sequential_own_step/retain_always/W01/airplane/index_196_seed_238.png,airplane,truck,False,0.0004574365448206663,delete-after-eval,0.0004574365448206663,0.4092627763748169,0.0032510957680642605,0.0010716804536059499,0.0002672395494300872,0.0013573303585872054,0.0002773133455775678,0.009285618551075459,0.0025163092650473118,0.5722531676292419,new_followup_supplement,/home/tslin/Documents/jupyter_data/anLi/machine_unlearning/orthogonal-concept-erasure/experiments/sequential_object_followup/outputs/sequential_oce_object_followup_v1
retain_always,W01,airplane,a photo of the airplane,197,239,images/experiment1_sequential_own_step/retain_always/W01/airplane/index_197_seed_239.png,airplane,automobile,False,8.94998011062853e-05,delete-after-eval,8.94998011062853e-05,0.9967357516288757,0.000520391680765897,5.328673432813957e-05,1.0873504834307823e-05,2.3191547370515764e-05,0.0018212299328297377,0.0002650428796187043,8.952694770414382e-05,0.0003913218970410526,new_followup_supplement,/home/tslin/Documents/jupyter_data/anLi/machine_unlearning/orthogonal-concept-erasure/experiments/sequential_object_followup/outputs/sequential_oce_object_followup_v1
retain_always,W01,airplane,a photo of the airplane,198,240,images/experiment1_sequential_own_step/retain_always/W01/airplane/index_198_seed_240.png,airplane,automobile,False,0.0003243381797801703,delete-after-eval,0.0003243381797801703,0.7298511266708374,0.0008763664518482983,4.0862760215532035e-05,4.825524956686422e-05,0.0003882456512656063,6.393727380782366e-05,0.0014308505924418569,0.0009938225848600268,0.2659823000431061,new_followup_supplement,/home/tslin/Documents/jupyter_data/anLi/machine_unlearning/orthogonal-concept-erasure/experiments/sequential_object_followup/outputs/sequential_oce_object_followup_v1
retain_always,W01,airplane,a photo of the airplane,199,241,images/experiment1_sequential_own_step/retain_always/W01/airplane/index_199_seed_241.png,airplane,automobile,False,0.0014828891726210713,delete-after-eval,0.0014828891726210713,0.942230761051178,0.00034454913111403584,8.116449316730723e-05,1.164986770163523e-05,6.244082760531455e-05,0.0003669378929771483,3.84685663448181e-05,0.0009567880188114941,0.05442435294389725,new_followup_supplement,/home/tslin/Documents/jupyter_data/anLi/machine_unlearning/orthogonal-concept-erasure/experiments/sequential_object_followup/outputs/sequential_oce_object_followup_v1
