group,checkpoint,concept,prompt,sample_index,seed,image_path,expected_label,predicted_label,correct,expected_probability,image_retention,prob_airplane,prob_automobile,prob_bird,prob_cat,prob_deer,prob_dog,prob_frog,prob_horse,prob_ship,prob_truck,sample_origin,artifact_root
retain_once,W02,automobile,a photo of the automobile,0,42,images/retain_once/W02/automobile/index_000_seed_42.png,automobile,automobile,True,0.6462065577507019,delete-after-eval,1.7896551071316935e-05,0.6462065577507019,0.0003240388468839228,0.00018507531785871834,0.000153724875417538,0.0011095775989815593,6.478020804934204e-05,0.0009317348594777286,0.0010465849190950394,0.34995999932289124,existing_v1_100,/home/tslin/Documents/jupyter_data/anLi/machine_unlearning/orthogonal-concept-erasure/experiments/sequential_object_persistence/outputs/sequential_oce_object_v1_online
retain_once,W02,automobile,a photo of the automobile,1,43,images/retain_once/W02/automobile/index_001_seed_43.png,automobile,automobile,True,0.8810222148895264,delete-after-eval,0.0010893546277657151,0.8810222148895264,0.005375159438699484,0.001736098318360746,0.002093191724270582,0.00682486779987812,0.0011794287711381912,0.003351425053551793,0.010280026122927666,0.08704818785190582,existing_v1_100,/home/tslin/Documents/jupyter_data/anLi/machine_unlearning/orthogonal-concept-erasure/experiments/sequential_object_persistence/outputs/sequential_oce_object_v1_online
retain_once,W02,automobile,a photo of the automobile,2,44,images/retain_once/W02/automobile/index_002_seed_44.png,automobile,automobile,True,0.5584537386894226,delete-after-eval,0.00045283325016498566,0.5584537386894226,0.0013686264865100384,0.00016240843979176134,0.00034123603836633265,0.0006170236738398671,0.000533403130248189,0.003314574249088764,0.014200994744896889,0.4205552041530609,existing_v1_100,/home/tslin/Documents/jupyter_data/anLi/machine_unlearning/orthogonal-concept-erasure/experiments/sequential_object_persistence/outputs/sequential_oce_object_v1_online
retain_once,W02,automobile,a photo of the automobile,3,45,images/retain_once/W02/automobile/index_003_seed_45.png,automobile,automobile,True,0.5497340559959412,delete-after-eval,0.00013668656174559146,0.5497340559959412,0.0010663453722372651,0.0003115869185421616,0.00017231079982593656,0.0009254097240045667,6.882037268951535e-05,0.0028955440502613783,0.0008059552637860179,0.44388332962989807,existing_v1_100,/home/tslin/Documents/jupyter_data/anLi/machine_unlearning/orthogonal-concept-erasure/experiments/sequential_object_persistence/outputs/sequential_oce_object_v1_online
retain_once,W02,automobile,a photo of the automobile,4,46,images/retain_once/W02/automobile/index_004_seed_46.png,automobile,automobile,True,0.9227274060249329,delete-after-eval,9.378660615766421e-05,0.9227274060249329,0.00037767901085317135,0.0005818705540150404,0.0008586197509430349,0.0020037589129060507,0.00035587421734817326,0.0007575760246254504,0.0014490265166386962,0.0707945004105568,existing_v1_100,/home/tslin/Documents/jupyter_data/anLi/machine_unlearning/orthogonal-concept-erasure/experiments/sequential_object_persistence/outputs/sequential_oce_object_v1_online
retain_once,W02,automobile,a photo of the automobile,5,47,images/retain_once/W02/automobile/index_005_seed_47.png,automobile,truck,False,0.011335518211126328,delete-after-eval,6.263557679631049e-06,0.011335518211126328,0.00014436659694183618,2.971325011458248e-05,0.00017696231952868402,0.0001316894486080855,2.2183256078278646e-05,0.0003568966349121183,0.00014362094225361943,0.9876526594161987,existing_v1_100,/home/tslin/Documents/jupyter_data/anLi/machine_unlearning/orthogonal-concept-erasure/experiments/sequential_object_persistence/outputs/sequential_oce_object_v1_online
retain_once,W02,automobile,a photo of the automobile,6,48,images/retain_once/W02/automobile/index_006_seed_48.png,automobile,truck,False,0.014741712249815464,delete-after-eval,0.000202594164875336,0.014741712249815464,3.508974259602837e-05,7.394910790026188e-05,5.0188536988571286e-05,8.347116818185896e-05,3.264261249569245e-05,4.2554991523502395e-05,0.0004975459887646139,0.9842402935028076,existing_v1_100,/home/tslin/Documents/jupyter_data/anLi/machine_unlearning/orthogonal-concept-erasure/experiments/sequential_object_persistence/outputs/sequential_oce_object_v1_online
retain_once,W02,automobile,a photo of the automobile,7,49,images/retain_once/W02/automobile/index_007_seed_49.png,automobile,automobile,True,0.996519923210144,delete-after-eval,2.036275327554904e-05,0.996519923210144,0.00035044195828959346,0.00047039080527611077,7.137389911804348e-05,0.0005830684094689786,0.0004967473214492202,0.0002567416231613606,0.00012527320359367877,0.0011056972434744239,existing_v1_100,/home/tslin/Documents/jupyter_data/anLi/machine_unlearning/orthogonal-concept-erasure/experiments/sequential_object_persistence/outputs/sequential_oce_object_v1_online
retain_once,W02,automobile,a photo of the automobile,8,50,images/retain_once/W02/automobile/index_008_seed_50.png,automobile,automobile,True,0.6051386594772339,delete-after-eval,0.00013603885599877685,0.6051386594772339,0.0008205710910260677,0.001721869339235127,0.0003520505561027676,0.0027674660086631775,0.0002286528324475512,0.0018477716948837042,0.004529958590865135,0.38245704770088196,existing_v1_100,/home/tslin/Documents/jupyter_data/anLi/machine_unlearning/orthogonal-concept-erasure/experiments/sequential_object_persistence/outputs/sequential_oce_object_v1_online
retain_once,W02,automobile,a photo of the automobile,9,51,images/retain_once/W02/automobile/index_009_seed_51.png,automobile,automobile,True,0.836949348449707,delete-after-eval,0.0002839891822077334,0.836949348449707,0.0018442075233906507,0.0010660717962309718,0.0003666586708277464,0.0010951417498290539,0.0008591293008066714,0.0024193795397877693,0.003170578507706523,0.15194551646709442,existing_v1_100,/home/tslin/Documents/jupyter_data/anLi/machine_unlearning/orthogonal-concept-erasure/experiments/sequential_object_persistence/outputs/sequential_oce_object_v1_online
retain_once,W02,automobile,a photo of the automobile,10,52,images/retain_once/W02/automobile/index_010_seed_52.png,automobile,truck,False,0.45469990372657776,delete-after-eval,8.104339212877676e-05,0.45469990372657776,0.0004963789833709598,0.00038341619074344635,9.183365909848362e-05,0.0006261309026740491,6.304819544311613e-05,0.00024940090952441096,0.001252905000001192,0.5420559644699097,existing_v1_100,/home/tslin/Documents/jupyter_data/anLi/machine_unlearning/orthogonal-concept-erasure/experiments/sequential_object_persistence/outputs/sequential_oce_object_v1_online
retain_once,W02,automobile,a photo of the automobile,11,53,images/retain_once/W02/automobile/index_011_seed_53.png,automobile,automobile,True,0.6852856874465942,delete-after-eval,0.0005893168272450566,0.6852856874465942,0.0025403734762221575,0.0024108635261654854,0.0031289351172745228,0.0019865103531628847,0.0005587862688116729,0.0029710798989981413,0.010897107422351837,0.28963130712509155,existing_v1_100,/home/tslin/Documents/jupyter_data/anLi/machine_unlearning/orthogonal-concept-erasure/experiments/sequential_object_persistence/outputs/sequential_oce_object_v1_online
retain_once,W02,automobile,a photo of the automobile,12,54,images/retain_once/W02/automobile/index_012_seed_54.png,automobile,truck,False,0.2136312872171402,delete-after-eval,4.885611997451633e-05,0.2136312872171402,0.0005032516201026738,0.0003042493772227317,0.00026618619449436665,0.0007212666096165776,0.00010097777703776956,0.0023138446267694235,0.0010889752302318811,0.7810210585594177,existing_v1_100,/home/tslin/Documents/jupyter_data/anLi/machine_unlearning/orthogonal-concept-erasure/experiments/sequential_object_persistence/outputs/sequential_oce_object_v1_online
retain_once,W02,automobile,a photo of the automobile,13,55,images/retain_once/W02/automobile/index_013_seed_55.png,automobile,automobile,True,0.49824899435043335,delete-after-eval,0.00039847276639193296,0.49824899435043335,0.0006322484114207327,0.0020391291473060846,0.0008554141968488693,0.001785122905857861,0.000515138148330152,0.004060114733874798,0.011291170492768288,0.48017418384552,existing_v1_100,/home/tslin/Documents/jupyter_data/anLi/machine_unlearning/orthogonal-concept-erasure/experiments/sequential_object_persistence/outputs/sequential_oce_object_v1_online
retain_once,W02,automobile,a photo of the automobile,14,56,images/retain_once/W02/automobile/index_014_seed_56.png,automobile,automobile,True,0.9273947477340698,delete-after-eval,2.197032154072076e-05,0.9273947477340698,7.83250798122026e-05,9.625075472285971e-05,4.434225775185041e-05,0.0003640310314949602,5.1135557441739365e-05,0.00034466286888346076,0.00013661972479894757,0.07146786153316498,existing_v1_100,/home/tslin/Documents/jupyter_data/anLi/machine_unlearning/orthogonal-concept-erasure/experiments/sequential_object_persistence/outputs/sequential_oce_object_v1_online
retain_once,W02,automobile,a photo of the automobile,15,57,images/retain_once/W02/automobile/index_015_seed_57.png,automobile,automobile,True,0.830784261226654,delete-after-eval,0.00017832257435657084,0.830784261226654,0.00038591912016272545,0.0022534015588462353,0.0013417616719380021,0.002990070264786482,5.315041198628023e-05,0.03517109155654907,0.0037896637804806232,0.1230524480342865,existing_v1_100,/home/tslin/Documents/jupyter_data/anLi/machine_unlearning/orthogonal-concept-erasure/experiments/sequential_object_persistence/outputs/sequential_oce_object_v1_online
retain_once,W02,automobile,a photo of the automobile,16,58,images/retain_once/W02/automobile/index_016_seed_58.png,automobile,automobile,True,0.9405014514923096,delete-after-eval,4.832973354496062e-05,0.9405014514923096,0.00012535658606793731,0.000279885163763538,1.8228625776828267e-05,0.00027797682560049,0.00010107307025464252,0.00017125002341344953,0.0003473851829767227,0.05812910199165344,existing_v1_100,/home/tslin/Documents/jupyter_data/anLi/machine_unlearning/orthogonal-concept-erasure/experiments/sequential_object_persistence/outputs/sequential_oce_object_v1_online
retain_once,W02,automobile,a photo of the automobile,17,59,images/retain_once/W02/automobile/index_017_seed_59.png,automobile,truck,False,0.29758667945861816,delete-after-eval,0.0004028968687634915,0.29758667945861816,0.0022262909915298223,0.0007531368755735457,0.0031052224803715944,0.0028306124731898308,0.0002793128078337759,0.005495093297213316,0.0011659475276246667,0.6861547827720642,existing_v1_100,/home/tslin/Documents/jupyter_data/anLi/machine_unlearning/orthogonal-concept-erasure/experiments/sequential_object_persistence/outputs/sequential_oce_object_v1_online
retain_once,W02,automobile,a photo of the automobile,18,60,images/retain_once/W02/automobile/index_018_seed_60.png,automobile,automobile,True,0.985029399394989,delete-after-eval,1.7392107110936195e-05,0.985029399394989,6.729524466209114e-05,0.0001817619922803715,6.937751095392741e-06,0.0005581167060881853,6.685157859465107e-05,0.0002674310526344925,0.00016597982903476804,0.013638930395245552,existing_v1_100,/home/tslin/Documents/jupyter_data/anLi/machine_unlearning/orthogonal-concept-erasure/experiments/sequential_object_persistence/outputs/sequential_oce_object_v1_online
retain_once,W02,automobile,a photo of the automobile,19,61,images/retain_once/W02/automobile/index_019_seed_61.png,automobile,automobile,True,0.6237661242485046,delete-after-eval,1.2562785741465632e-05,0.6237661242485046,0.0005290677072480321,0.0006421027937904,0.0006551369442604482,0.0012761291582137346,0.000155506597366184,0.004278846550732851,0.0006228545098565519,0.3680616617202759,existing_v1_100,/home/tslin/Documents/jupyter_data/anLi/machine_unlearning/orthogonal-concept-erasure/experiments/sequential_object_persistence/outputs/sequential_oce_object_v1_online
retain_once,W02,automobile,a photo of the automobile,20,62,images/retain_once/W02/automobile/index_020_seed_62.png,automobile,automobile,True,0.7950775027275085,delete-after-eval,0.0004913369193673134,0.7950775027275085,0.0008444483974017203,0.002567232819274068,0.0007939381757751107,0.002622234635055065,0.000293057324597612,0.004236544482409954,0.007508834823966026,0.1855650246143341,existing_v1_100,/home/tslin/Documents/jupyter_data/anLi/machine_unlearning/orthogonal-concept-erasure/experiments/sequential_object_persistence/outputs/sequential_oce_object_v1_online
retain_once,W02,automobile,a photo of the automobile,21,63,images/retain_once/W02/automobile/index_021_seed_63.png,automobile,automobile,True,0.8647863268852234,delete-after-eval,8.904557762434706e-05,0.8647863268852234,0.0006398515542969108,0.0010826372308656573,0.0011840517399832606,0.0017562683206051588,0.00017608927737455815,0.004727006424218416,0.0008682458428665996,0.12469054758548737,existing_v1_100,/home/tslin/Documents/jupyter_data/anLi/machine_unlearning/orthogonal-concept-erasure/experiments/sequential_object_persistence/outputs/sequential_oce_object_v1_online
retain_once,W02,automobile,a photo of the automobile,22,64,images/retain_once/W02/automobile/index_022_seed_64.png,automobile,automobile,True,0.9360695481300354,delete-after-eval,0.0002726754464674741,0.9360695481300354,0.001664202194660902,0.0002463440760038793,0.002877864520996809,0.0026885345578193665,0.0001940885413205251,0.003434486221522093,0.0016742117004469037,0.05087805539369583,existing_v1_100,/home/tslin/Documents/jupyter_data/anLi/machine_unlearning/orthogonal-concept-erasure/experiments/sequential_object_persistence/outputs/sequential_oce_object_v1_online
retain_once,W02,automobile,a photo of the automobile,23,65,images/retain_once/W02/automobile/index_023_seed_65.png,automobile,truck,False,0.28234753012657166,delete-after-eval,0.003461783053353429,0.28234753012657166,0.04800042510032654,0.00790376029908657,0.018349509686231613,0.007816195487976074,0.0006723522092215717,0.09454246610403061,0.06295136362314224,0.47395461797714233,existing_v1_100,/home/tslin/Documents/jupyter_data/anLi/machine_unlearning/orthogonal-concept-erasure/experiments/sequential_object_persistence/outputs/sequential_oce_object_v1_online
retain_once,W02,automobile,a photo of the automobile,24,66,images/retain_once/W02/automobile/index_024_seed_66.png,automobile,automobile,True,0.9550192952156067,delete-after-eval,0.00011008233559550717,0.9550192952156067,0.00012363912537693977,0.0002171031228499487,7.633489440195262e-05,0.00046855249092914164,0.0002158310526283458,0.0006109969690442085,0.0010282514849677682,0.04212982952594757,existing_v1_100,/home/tslin/Documents/jupyter_data/anLi/machine_unlearning/orthogonal-concept-erasure/experiments/sequential_object_persistence/outputs/sequential_oce_object_v1_online
retain_once,W02,automobile,a photo of the automobile,25,67,images/retain_once/W02/automobile/index_025_seed_67.png,automobile,automobile,True,0.5129711627960205,delete-after-eval,0.00016100371431093663,0.5129711627960205,0.0005050415638834238,0.0006465756450779736,0.0015083365142345428,0.0019913953728973866,7.657298556296155e-05,0.012670670635998249,0.0032331738620996475,0.46623602509498596,existing_v1_100,/home/tslin/Documents/jupyter_data/anLi/machine_unlearning/orthogonal-concept-erasure/experiments/sequential_object_persistence/outputs/sequential_oce_object_v1_online
retain_once,W02,automobile,a photo of the automobile,26,68,images/retain_once/W02/automobile/index_026_seed_68.png,automobile,truck,False,0.46187275648117065,delete-after-eval,0.0002681531186681241,0.46187275648117065,0.0037859908770769835,0.002784488722681999,0.0049651190638542175,0.0038733715191483498,0.0007391288527287543,0.016621815040707588,0.0017169141210615635,0.5033722519874573,existing_v1_100,/home/tslin/Documents/jupyter_data/anLi/machine_unlearning/orthogonal-concept-erasure/experiments/sequential_object_persistence/outputs/sequential_oce_object_v1_online
retain_once,W02,automobile,a photo of the automobile,27,69,images/retain_once/W02/automobile/index_027_seed_69.png,automobile,automobile,True,0.9029222130775452,delete-after-eval,4.9490772653371096e-05,0.9029222130775452,0.00014930374163668603,0.00027149979723617435,9.017449337989092e-05,0.0009544951608404517,3.559381002560258e-05,0.00037950833211652935,0.0009783500572666526,0.09416932612657547,existing_v1_100,/home/tslin/Documents/jupyter_data/anLi/machine_unlearning/orthogonal-concept-erasure/experiments/sequential_object_persistence/outputs/sequential_oce_object_v1_online
retain_once,W02,automobile,a photo of the automobile,28,70,images/retain_once/W02/automobile/index_028_seed_70.png,automobile,automobile,True,0.92491215467453,delete-after-eval,4.397861266625114e-05,0.92491215467453,0.0001800523023121059,0.0001826743537094444,9.602295176591724e-05,0.0005973187508061528,7.759566506138071e-05,0.0003855858522001654,0.0012196695897728205,0.07230502367019653,existing_v1_100,/home/tslin/Documents/jupyter_data/anLi/machine_unlearning/orthogonal-concept-erasure/experiments/sequential_object_persistence/outputs/sequential_oce_object_v1_online
retain_once,W02,automobile,a photo of the automobile,29,71,images/retain_once/W02/automobile/index_029_seed_71.png,automobile,automobile,True,0.881918728351593,delete-after-eval,2.5085348170250654e-05,0.881918728351593,1.8698396161198616e-05,8.831036393530667e-05,3.39052621711744e-06,0.00011928944877581671,2.6262558094458655e-05,0.00018469287897460163,0.0003010690852534026,0.1173144057393074,existing_v1_100,/home/tslin/Documents/jupyter_data/anLi/machine_unlearning/orthogonal-concept-erasure/experiments/sequential_object_persistence/outputs/sequential_oce_object_v1_online
retain_once,W02,automobile,a photo of the automobile,30,72,images/retain_once/W02/automobile/index_030_seed_72.png,automobile,automobile,True,0.48304566740989685,delete-after-eval,0.0008190458756871521,0.48304566740989685,0.014534836634993553,0.004060485865920782,0.009596831165254116,0.007878884673118591,0.0005969065823592246,0.009850099682807922,0.011420542374253273,0.4581967294216156,existing_v1_100,/home/tslin/Documents/jupyter_data/anLi/machine_unlearning/orthogonal-concept-erasure/experiments/sequential_object_persistence/outputs/sequential_oce_object_v1_online
retain_once,W02,automobile,a photo of the automobile,31,73,images/retain_once/W02/automobile/index_031_seed_73.png,automobile,automobile,True,0.8112758994102478,delete-after-eval,2.5945562811102718e-05,0.8112758994102478,0.0005596462870016694,0.0004955922486260533,0.0010574378538876772,0.0011746189557015896,0.00012975925346836448,0.0015234948368743062,0.001863263314589858,0.18189437687397003,existing_v1_100,/home/tslin/Documents/jupyter_data/anLi/machine_unlearning/orthogonal-concept-erasure/experiments/sequential_object_persistence/outputs/sequential_oce_object_v1_online
retain_once,W02,automobile,a photo of the automobile,32,74,images/retain_once/W02/automobile/index_032_seed_74.png,automobile,automobile,True,0.7836094498634338,delete-after-eval,6.194510206114501e-05,0.7836094498634338,0.0012024365132674575,0.0009962408803403378,0.0003693985054269433,0.0013059619814157486,0.0003244694962631911,0.0015112628461793065,0.001409237738698721,0.2092096507549286,existing_v1_100,/home/tslin/Documents/jupyter_data/anLi/machine_unlearning/orthogonal-concept-erasure/experiments/sequential_object_persistence/outputs/sequential_oce_object_v1_online
retain_once,W02,automobile,a photo of the automobile,33,75,images/retain_once/W02/automobile/index_033_seed_75.png,automobile,truck,False,0.2617720663547516,delete-after-eval,0.00011016494681825861,0.2617720663547516,3.0379756935872138e-05,0.0005305723752826452,2.29628749366384e-05,8.679861639393494e-05,0.000207866687560454,0.00013582217798102647,0.0010878646280616522,0.7360155582427979,existing_v1_100,/home/tslin/Documents/jupyter_data/anLi/machine_unlearning/orthogonal-concept-erasure/experiments/sequential_object_persistence/outputs/sequential_oce_object_v1_online
retain_once,W02,automobile,a photo of the automobile,34,76,images/retain_once/W02/automobile/index_034_seed_76.png,automobile,automobile,True,0.6880306601524353,delete-after-eval,0.0028412272222340107,0.6880306601524353,0.01241148542612791,0.013198456726968288,0.002814034465700388,0.029734617099165916,0.005729428958147764,0.05143730714917183,0.14907602965831757,0.04472677409648895,existing_v1_100,/home/tslin/Documents/jupyter_data/anLi/machine_unlearning/orthogonal-concept-erasure/experiments/sequential_object_persistence/outputs/sequential_oce_object_v1_online
retain_once,W02,automobile,a photo of the automobile,35,77,images/retain_once/W02/automobile/index_035_seed_77.png,automobile,automobile,True,0.775142252445221,delete-after-eval,0.00011363196972524747,0.775142252445221,0.0004213315842207521,0.0005460127140395343,0.00033162979525513947,0.0014328805264085531,0.00011345914390403777,0.0016242240089923143,0.0013682529097422957,0.21890637278556824,existing_v1_100,/home/tslin/Documents/jupyter_data/anLi/machine_unlearning/orthogonal-concept-erasure/experiments/sequential_object_persistence/outputs/sequential_oce_object_v1_online
retain_once,W02,automobile,a photo of the automobile,36,78,images/retain_once/W02/automobile/index_036_seed_78.png,automobile,automobile,True,0.5379139184951782,delete-after-eval,0.0006090112728998065,0.5379139184951782,0.00018342457769904286,0.00031869320082478225,9.638071060180664e-05,0.0007539200014434755,0.0004249249177519232,0.0010901661589741707,0.0014788907719776034,0.45713067054748535,existing_v1_100,/home/tslin/Documents/jupyter_data/anLi/machine_unlearning/orthogonal-concept-erasure/experiments/sequential_object_persistence/outputs/sequential_oce_object_v1_online
retain_once,W02,automobile,a photo of the automobile,37,79,images/retain_once/W02/automobile/index_037_seed_79.png,automobile,truck,False,0.3226574659347534,delete-after-eval,0.00018953235121443868,0.3226574659347534,0.0010157660581171513,0.0012942454777657986,0.0009502265020273626,0.0018728288123384118,0.00013972813030704856,0.004418839234858751,0.003972582519054413,0.6634887456893921,existing_v1_100,/home/tslin/Documents/jupyter_data/anLi/machine_unlearning/orthogonal-concept-erasure/experiments/sequential_object_persistence/outputs/sequential_oce_object_v1_online
retain_once,W02,automobile,a photo of the automobile,38,80,images/retain_once/W02/automobile/index_038_seed_80.png,automobile,automobile,True,0.9584879279136658,delete-after-eval,0.0023165142629295588,0.9584879279136658,0.0005711803096346557,0.001740368315950036,0.0011676884023472667,0.004976321943104267,0.0006563293864019215,0.009412110783159733,0.011473928578197956,0.009197675622999668,existing_v1_100,/home/tslin/Documents/jupyter_data/anLi/machine_unlearning/orthogonal-concept-erasure/experiments/sequential_object_persistence/outputs/sequential_oce_object_v1_online
retain_once,W02,automobile,a photo of the automobile,39,81,images/retain_once/W02/automobile/index_039_seed_81.png,automobile,truck,False,0.4958880841732025,delete-after-eval,0.00018180880579166114,0.4958880841732025,0.0007791068055666983,0.0005567739135585725,0.00017202743038069457,0.0008564569870941341,0.00026558179524727166,0.0021564699709415436,0.0017561662243679166,0.4973875880241394,existing_v1_100,/home/tslin/Documents/jupyter_data/anLi/machine_unlearning/orthogonal-concept-erasure/experiments/sequential_object_persistence/outputs/sequential_oce_object_v1_online
retain_once,W02,automobile,a photo of the automobile,40,82,images/retain_once/W02/automobile/index_040_seed_82.png,automobile,automobile,True,0.6263531446456909,delete-after-eval,0.00032722108880989254,0.6263531446456909,0.00048061201232485473,0.0006207504193298519,0.0004459659685380757,0.0010857130400836468,0.0001592498883837834,0.0016049592522904277,0.0012613915605470538,0.3676610291004181,existing_v1_100,/home/tslin/Documents/jupyter_data/anLi/machine_unlearning/orthogonal-concept-erasure/experiments/sequential_object_persistence/outputs/sequential_oce_object_v1_online
retain_once,W02,automobile,a photo of the automobile,41,83,images/retain_once/W02/automobile/index_041_seed_83.png,automobile,truck,False,0.02502276748418808,delete-after-eval,0.00023660935403313488,0.02502276748418808,0.0008084992878139019,0.000844922789838165,0.007488603703677654,0.0038196356035768986,0.00013823405606672168,0.0074614002369344234,0.0014257264556363225,0.9527536630630493,existing_v1_100,/home/tslin/Documents/jupyter_data/anLi/machine_unlearning/orthogonal-concept-erasure/experiments/sequential_object_persistence/outputs/sequential_oce_object_v1_online
retain_once,W02,automobile,a photo of the automobile,42,84,images/retain_once/W02/automobile/index_042_seed_84.png,automobile,automobile,True,0.9094202518463135,delete-after-eval,7.929910498205572e-05,0.9094202518463135,0.0005653025582432747,0.0002114900853484869,0.00011477962107164785,0.0004071674484293908,0.00011920405813725665,0.0006858725100755692,0.0005607802886515856,0.08783585578203201,existing_v1_100,/home/tslin/Documents/jupyter_data/anLi/machine_unlearning/orthogonal-concept-erasure/experiments/sequential_object_persistence/outputs/sequential_oce_object_v1_online
retain_once,W02,automobile,a photo of the automobile,43,85,images/retain_once/W02/automobile/index_043_seed_85.png,automobile,automobile,True,0.9220737218856812,delete-after-eval,0.0019455410074442625,0.9220737218856812,0.0012376850936561823,0.0017372950678691268,0.0010068586561828852,0.003888568375259638,5.808234345749952e-05,0.006557408720254898,0.022053323686122894,0.039441678673028946,existing_v1_100,/home/tslin/Documents/jupyter_data/anLi/machine_unlearning/orthogonal-concept-erasure/experiments/sequential_object_persistence/outputs/sequential_oce_object_v1_online
retain_once,W02,automobile,a photo of the automobile,44,86,images/retain_once/W02/automobile/index_044_seed_86.png,automobile,truck,False,0.4634190797805786,delete-after-eval,0.0005202934262342751,0.4634190797805786,0.0005810030270367861,0.0001926377008203417,0.00018863161676563323,0.0005558739649131894,0.00033892321516759694,0.0007689570193178952,0.0011584393214434385,0.5322761535644531,existing_v1_100,/home/tslin/Documents/jupyter_data/anLi/machine_unlearning/orthogonal-concept-erasure/experiments/sequential_object_persistence/outputs/sequential_oce_object_v1_online
retain_once,W02,automobile,a photo of the automobile,45,87,images/retain_once/W02/automobile/index_045_seed_87.png,automobile,automobile,True,0.5325682163238525,delete-after-eval,0.0001688000775175169,0.5325682163238525,0.0016717537073418498,0.0014369642594829202,0.0004246038442943245,0.0009530927054584026,0.0006526360521093011,0.0026850327849388123,0.001680263434536755,0.4577585756778717,existing_v1_100,/home/tslin/Documents/jupyter_data/anLi/machine_unlearning/orthogonal-concept-erasure/experiments/sequential_object_persistence/outputs/sequential_oce_object_v1_online
retain_once,W02,automobile,a photo of the automobile,46,88,images/retain_once/W02/automobile/index_046_seed_88.png,automobile,truck,False,0.06504185497760773,delete-after-eval,0.0016050628619268537,0.06504185497760773,0.004904513712972403,0.001918295631185174,0.0016005078796297312,0.002677770797163248,0.0002278187603224069,0.03420953452587128,0.035318829119205475,0.8524957895278931,existing_v1_100,/home/tslin/Documents/jupyter_data/anLi/machine_unlearning/orthogonal-concept-erasure/experiments/sequential_object_persistence/outputs/sequential_oce_object_v1_online
retain_once,W02,automobile,a photo of the automobile,47,89,images/retain_once/W02/automobile/index_047_seed_89.png,automobile,truck,False,0.36060070991516113,delete-after-eval,0.0001388925447827205,0.36060070991516113,0.0002699318283703178,0.0001493166491854936,4.087442721356638e-05,0.0003825595194939524,8.592822268838063e-05,0.0002503174764569849,0.0013134246692061424,0.6367679834365845,existing_v1_100,/home/tslin/Documents/jupyter_data/anLi/machine_unlearning/orthogonal-concept-erasure/experiments/sequential_object_persistence/outputs/sequential_oce_object_v1_online
retain_once,W02,automobile,a photo of the automobile,48,90,images/retain_once/W02/automobile/index_048_seed_90.png,automobile,truck,False,0.3225404918193817,delete-after-eval,0.00010596612264635041,0.3225404918193817,0.00015339399396907538,0.0001778498844942078,7.142958929762244e-05,0.0006637774640694261,8.127014007186517e-05,0.0004781639145221561,0.0010175906354561448,0.6747099757194519,existing_v1_100,/home/tslin/Documents/jupyter_data/anLi/machine_unlearning/orthogonal-concept-erasure/experiments/sequential_object_persistence/outputs/sequential_oce_object_v1_online
retain_once,W02,automobile,a photo of the automobile,49,91,images/retain_once/W02/automobile/index_049_seed_91.png,automobile,automobile,True,0.8335601687431335,delete-after-eval,1.973548387468327e-05,0.8335601687431335,0.00016883078205864877,0.00014071754412725568,5.878008596482687e-05,0.0009965781355276704,3.283588739577681e-05,0.0009530260576866567,0.0004436473536770791,0.16362571716308594,existing_v1_100,/home/tslin/Documents/jupyter_data/anLi/machine_unlearning/orthogonal-concept-erasure/experiments/sequential_object_persistence/outputs/sequential_oce_object_v1_online
retain_once,W02,automobile,a photo of the automobile,50,92,images/retain_once/W02/automobile/index_050_seed_92.png,automobile,automobile,True,0.8421612977981567,delete-after-eval,0.0007925588288344443,0.8421612977981567,0.0004138910735491663,0.0001341970928478986,0.0003831328940577805,0.0015489959623664618,0.00044333620462566614,0.0015455017564818263,0.001830807887017727,0.15074631571769714,existing_v1_100,/home/tslin/Documents/jupyter_data/anLi/machine_unlearning/orthogonal-concept-erasure/experiments/sequential_object_persistence/outputs/sequential_oce_object_v1_online
retain_once,W02,automobile,a photo of the automobile,51,93,images/retain_once/W02/automobile/index_051_seed_93.png,automobile,automobile,True,0.804947018623352,delete-after-eval,0.00037398270796984434,0.804947018623352,0.0009964430937543511,0.0007080922950990498,0.0004750615917146206,0.0017027154099196196,0.0008462510886602104,0.0022930160630494356,0.003573610447347164,0.1840837448835373,existing_v1_100,/home/tslin/Documents/jupyter_data/anLi/machine_unlearning/orthogonal-concept-erasure/experiments/sequential_object_persistence/outputs/sequential_oce_object_v1_online
retain_once,W02,automobile,a photo of the automobile,52,94,images/retain_once/W02/automobile/index_052_seed_94.png,automobile,automobile,True,0.8670346736907959,delete-after-eval,1.979307853616774e-05,0.8670346736907959,0.0001358965237159282,0.0002724959922488779,1.878662806120701e-05,0.0008347375551238656,8.971492934506387e-05,0.0008497770177200437,0.0005723050562664866,0.13017190992832184,existing_v1_100,/home/tslin/Documents/jupyter_data/anLi/machine_unlearning/orthogonal-concept-erasure/experiments/sequential_object_persistence/outputs/sequential_oce_object_v1_online
retain_once,W02,automobile,a photo of the automobile,53,95,images/retain_once/W02/automobile/index_053_seed_95.png,automobile,automobile,True,0.9358216524124146,delete-after-eval,0.00011768790136557072,0.9358216524124146,0.0013439235044643283,0.001042393152602017,0.0005644985940307379,0.006009379867464304,0.000614229473285377,0.002553092548623681,0.0005618850118480623,0.05137128010392189,existing_v1_100,/home/tslin/Documents/jupyter_data/anLi/machine_unlearning/orthogonal-concept-erasure/experiments/sequential_object_persistence/outputs/sequential_oce_object_v1_online
retain_once,W02,automobile,a photo of the automobile,54,96,images/retain_once/W02/automobile/index_054_seed_96.png,automobile,automobile,True,0.8394874930381775,delete-after-eval,0.0001739791623549536,0.8394874930381775,0.0009509377996437252,0.0015088676009327173,0.0005812267772853374,0.0017057058867067099,0.00033206233638338745,0.001857645926065743,0.0020225299522280693,0.1513795554637909,existing_v1_100,/home/tslin/Documents/jupyter_data/anLi/machine_unlearning/orthogonal-concept-erasure/experiments/sequential_object_persistence/outputs/sequential_oce_object_v1_online
retain_once,W02,automobile,a photo of the automobile,55,97,images/retain_once/W02/automobile/index_055_seed_97.png,automobile,truck,False,0.36104705929756165,delete-after-eval,9.031867193698417e-06,0.36104705929756165,0.00028045434737578034,0.0004161560791544616,0.0001713186502456665,0.0006849094061180949,9.5985276857391e-05,0.0005406703567132354,0.0008171488298103213,0.6359372138977051,existing_v1_100,/home/tslin/Documents/jupyter_data/anLi/machine_unlearning/orthogonal-concept-erasure/experiments/sequential_object_persistence/outputs/sequential_oce_object_v1_online
retain_once,W02,automobile,a photo of the automobile,56,98,images/retain_once/W02/automobile/index_056_seed_98.png,automobile,truck,False,0.22672227025032043,delete-after-eval,2.637151919770986e-05,0.22672227025032043,0.00014431760064326227,0.00020320895418990403,0.0005680340109393001,0.0006363547872751951,7.771004311507568e-05,0.0017675560666248202,0.0004934289027005434,0.7693607211112976,existing_v1_100,/home/tslin/Documents/jupyter_data/anLi/machine_unlearning/orthogonal-concept-erasure/experiments/sequential_object_persistence/outputs/sequential_oce_object_v1_online
retain_once,W02,automobile,a photo of the automobile,57,99,images/retain_once/W02/automobile/index_057_seed_99.png,automobile,automobile,True,0.7531986832618713,delete-after-eval,0.0005010405438952148,0.7531986832618713,0.0006317133083939552,0.001287066494114697,0.0005340664647519588,0.001350785605609417,0.000179827562533319,0.00488293869420886,0.016367193311452866,0.22106674313545227,existing_v1_100,/home/tslin/Documents/jupyter_data/anLi/machine_unlearning/orthogonal-concept-erasure/experiments/sequential_object_persistence/outputs/sequential_oce_object_v1_online
retain_once,W02,automobile,a photo of the automobile,58,100,images/retain_once/W02/automobile/index_058_seed_100.png,automobile,automobile,True,0.9623295068740845,delete-after-eval,4.79060981888324e-05,0.9623295068740845,5.693690400221385e-05,0.00022541328507941216,4.769503721036017e-05,0.0007472109864465892,0.0002219918096670881,0.000164115393999964,0.00028283410938456655,0.03587637096643448,existing_v1_100,/home/tslin/Documents/jupyter_data/anLi/machine_unlearning/orthogonal-concept-erasure/experiments/sequential_object_persistence/outputs/sequential_oce_object_v1_online
retain_once,W02,automobile,a photo of the automobile,59,101,images/retain_once/W02/automobile/index_059_seed_101.png,automobile,truck,False,0.3799954056739807,delete-after-eval,0.02076883241534233,0.3799954056739807,0.018326472491025925,0.012040109373629093,0.005664275027811527,0.012780305929481983,0.0037399744614958763,0.01835382729768753,0.04261316731572151,0.4857175946235657,existing_v1_100,/home/tslin/Documents/jupyter_data/anLi/machine_unlearning/orthogonal-concept-erasure/experiments/sequential_object_persistence/outputs/sequential_oce_object_v1_online
retain_once,W02,automobile,a photo of the automobile,60,102,images/retain_once/W02/automobile/index_060_seed_102.png,automobile,automobile,True,0.9925853610038757,delete-after-eval,3.60954727511853e-05,0.9925853610038757,3.9521117287222296e-05,9.284970292355865e-05,1.75051736732712e-05,0.0002869424642995,2.039898026851006e-05,0.0002461827243678272,0.00011437472130637616,0.006560844834893942,existing_v1_100,/home/tslin/Documents/jupyter_data/anLi/machine_unlearning/orthogonal-concept-erasure/experiments/sequential_object_persistence/outputs/sequential_oce_object_v1_online
retain_once,W02,automobile,a photo of the automobile,61,103,images/retain_once/W02/automobile/index_061_seed_103.png,automobile,automobile,True,0.6808314919471741,delete-after-eval,5.386137854657136e-05,0.6808314919471741,0.0014567900216206908,0.0006251060403883457,0.000846515700686723,0.0019643751438707113,7.021888450253755e-05,0.014668505638837814,0.0024603703059256077,0.29702281951904297,existing_v1_100,/home/tslin/Documents/jupyter_data/anLi/machine_unlearning/orthogonal-concept-erasure/experiments/sequential_object_persistence/outputs/sequential_oce_object_v1_online
retain_once,W02,automobile,a photo of the automobile,62,104,images/retain_once/W02/automobile/index_062_seed_104.png,automobile,truck,False,0.19271361827850342,delete-after-eval,0.00012164597865194082,0.19271361827850342,0.0004089097783435136,0.0003977116721216589,0.0008292881539091468,0.0008492456981912255,0.00010409516835352406,0.006812193430960178,0.0010249721817672253,0.7967383861541748,existing_v1_100,/home/tslin/Documents/jupyter_data/anLi/machine_unlearning/orthogonal-concept-erasure/experiments/sequential_object_persistence/outputs/sequential_oce_object_v1_online
retain_once,W02,automobile,a photo of the automobile,63,105,images/retain_once/W02/automobile/index_063_seed_105.png,automobile,truck,False,0.03199900686740875,delete-after-eval,0.0005203802138566971,0.03199900686740875,3.257827484048903e-05,3.4051667171297595e-05,0.0005232087569311261,3.0130611776257865e-05,1.1618407143032528e-06,0.00018147045921068639,0.003272266359999776,0.9634057283401489,existing_v1_100,/home/tslin/Documents/jupyter_data/anLi/machine_unlearning/orthogonal-concept-erasure/experiments/sequential_object_persistence/outputs/sequential_oce_object_v1_online
retain_once,W02,automobile,a photo of the automobile,64,106,images/retain_once/W02/automobile/index_064_seed_106.png,automobile,automobile,True,0.9777517914772034,delete-after-eval,0.00013096770271658897,0.9777517914772034,0.0011849162401631474,0.000284884765278548,0.0010551654268056154,0.0017901823157444596,0.0005134948878549039,0.0009262452367693186,0.002546925563365221,0.013815348967909813,existing_v1_100,/home/tslin/Documents/jupyter_data/anLi/machine_unlearning/orthogonal-concept-erasure/experiments/sequential_object_persistence/outputs/sequential_oce_object_v1_online
retain_once,W02,automobile,a photo of the automobile,65,107,images/retain_once/W02/automobile/index_065_seed_107.png,automobile,automobile,True,0.9101526141166687,delete-after-eval,0.005189756862819195,0.9101526141166687,0.0003008524654433131,0.0014529534382745624,0.0004005599475931376,0.002217028057202697,0.000717507500667125,0.00468199560418725,0.013014265336096287,0.06187243014574051,existing_v1_100,/home/tslin/Documents/jupyter_data/anLi/machine_unlearning/orthogonal-concept-erasure/experiments/sequential_object_persistence/outputs/sequential_oce_object_v1_online
retain_once,W02,automobile,a photo of the automobile,66,108,images/retain_once/W02/automobile/index_066_seed_108.png,automobile,automobile,True,0.6981601119041443,delete-after-eval,0.0001078711065929383,0.6981601119041443,0.0005522376741282642,0.0008255071588791907,0.00039656495209783316,0.0017327986424788833,0.0005691321566700935,0.0033146014902740717,0.007487657014280558,0.28685352206230164,existing_v1_100,/home/tslin/Documents/jupyter_data/anLi/machine_unlearning/orthogonal-concept-erasure/experiments/sequential_object_persistence/outputs/sequential_oce_object_v1_online
retain_once,W02,automobile,a photo of the automobile,67,109,images/retain_once/W02/automobile/index_067_seed_109.png,automobile,automobile,True,0.8247244358062744,delete-after-eval,7.861773337936029e-05,0.8247244358062744,0.00021004435257054865,0.00046550092520192266,0.00012899450666736811,0.0013140335213392973,0.0002195861452491954,0.0012125385692343116,0.0006460695876739919,0.17100009322166443,existing_v1_100,/home/tslin/Documents/jupyter_data/anLi/machine_unlearning/orthogonal-concept-erasure/experiments/sequential_object_persistence/outputs/sequential_oce_object_v1_online
retain_once,W02,automobile,a photo of the automobile,68,110,images/retain_once/W02/automobile/index_068_seed_110.png,automobile,truck,False,0.3393608033657074,delete-after-eval,0.00023746809165459126,0.3393608033657074,0.00039185042260214686,0.0002494237560313195,0.003785788780078292,0.00029308130615390837,0.0013266954338178039,0.0012966054491698742,0.0006266100681386888,0.6524317264556885,existing_v1_100,/home/tslin/Documents/jupyter_data/anLi/machine_unlearning/orthogonal-concept-erasure/experiments/sequential_object_persistence/outputs/sequential_oce_object_v1_online
retain_once,W02,automobile,a photo of the automobile,69,111,images/retain_once/W02/automobile/index_069_seed_111.png,automobile,automobile,True,0.8488773703575134,delete-after-eval,0.00019293023797217757,0.8488773703575134,0.001654708874411881,0.0016986177070066333,0.0005687855882570148,0.0030789163429290056,0.0010164504637941718,0.0031131186988204718,0.00511136744171381,0.13468772172927856,existing_v1_100,/home/tslin/Documents/jupyter_data/anLi/machine_unlearning/orthogonal-concept-erasure/experiments/sequential_object_persistence/outputs/sequential_oce_object_v1_online
retain_once,W02,automobile,a photo of the automobile,70,112,images/retain_once/W02/automobile/index_070_seed_112.png,automobile,automobile,True,0.7536624073982239,delete-after-eval,0.0014383253874257207,0.7536624073982239,0.001214318792335689,0.0006908021750859916,0.0002711191482376307,0.0019415682181715965,0.00033437396632507443,0.002547493437305093,0.024098917841911316,0.21380051970481873,existing_v1_100,/home/tslin/Documents/jupyter_data/anLi/machine_unlearning/orthogonal-concept-erasure/experiments/sequential_object_persistence/outputs/sequential_oce_object_v1_online
retain_once,W02,automobile,a photo of the automobile,71,113,images/retain_once/W02/automobile/index_071_seed_113.png,automobile,automobile,True,0.8872469067573547,delete-after-eval,2.2034028006601147e-05,0.8872469067573547,0.0001652954233577475,0.00025958928745239973,3.9485119486926123e-05,0.0007038530893623829,8.416979835601524e-05,0.0005498734535649419,0.0007784303743392229,0.11015034466981888,existing_v1_100,/home/tslin/Documents/jupyter_data/anLi/machine_unlearning/orthogonal-concept-erasure/experiments/sequential_object_persistence/outputs/sequential_oce_object_v1_online
retain_once,W02,automobile,a photo of the automobile,72,114,images/retain_once/W02/automobile/index_072_seed_114.png,automobile,automobile,True,0.8053457140922546,delete-after-eval,0.00010173048212891445,0.8053457140922546,0.0006523956544697285,0.0009140450856648386,4.690475179813802e-05,0.0025890348479151726,8.193177200155333e-05,0.0011388175189495087,0.001549268839880824,0.18758010864257812,existing_v1_100,/home/tslin/Documents/jupyter_data/anLi/machine_unlearning/orthogonal-concept-erasure/experiments/sequential_object_persistence/outputs/sequential_oce_object_v1_online
retain_once,W02,automobile,a photo of the automobile,73,115,images/retain_once/W02/automobile/index_073_seed_115.png,automobile,automobile,True,0.7025169730186462,delete-after-eval,3.622971780714579e-05,0.7025169730186462,0.0001556578790768981,0.0006077287252992392,0.00019581042579375207,0.0017939374083653092,0.0001457803591620177,0.0014205510960891843,0.000793163082562387,0.2923341989517212,existing_v1_100,/home/tslin/Documents/jupyter_data/anLi/machine_unlearning/orthogonal-concept-erasure/experiments/sequential_object_persistence/outputs/sequential_oce_object_v1_online
retain_once,W02,automobile,a photo of the automobile,74,116,images/retain_once/W02/automobile/index_074_seed_116.png,automobile,automobile,True,0.8574318885803223,delete-after-eval,2.798664900183212e-05,0.8574318885803223,0.00015607557725161314,0.0004109111614525318,3.9070167986210436e-05,0.0008358511258848011,0.00014624489995185286,0.00034110265551134944,0.0003212128358427435,0.14028970897197723,existing_v1_100,/home/tslin/Documents/jupyter_data/anLi/machine_unlearning/orthogonal-concept-erasure/experiments/sequential_object_persistence/outputs/sequential_oce_object_v1_online
retain_once,W02,automobile,a photo of the automobile,75,117,images/retain_once/W02/automobile/index_075_seed_117.png,automobile,automobile,True,0.9688302278518677,delete-after-eval,9.485902410233393e-05,0.9688302278518677,0.0016614659689366817,0.0001895170280477032,0.001550678163766861,0.0011838842183351517,0.0012434124946594238,0.000822480593342334,0.00042282635695300996,0.024000627920031548,existing_v1_100,/home/tslin/Documents/jupyter_data/anLi/machine_unlearning/orthogonal-concept-erasure/experiments/sequential_object_persistence/outputs/sequential_oce_object_v1_online
retain_once,W02,automobile,a photo of the automobile,76,118,images/retain_once/W02/automobile/index_076_seed_118.png,automobile,automobile,True,0.6895393133163452,delete-after-eval,0.00024507634225301445,0.6895393133163452,0.004356761462986469,0.0030938880518078804,0.0027844738215208054,0.006029780488461256,0.0009830400813370943,0.006348996423184872,0.00616045854985714,0.2804582118988037,existing_v1_100,/home/tslin/Documents/jupyter_data/anLi/machine_unlearning/orthogonal-concept-erasure/experiments/sequential_object_persistence/outputs/sequential_oce_object_v1_online
retain_once,W02,automobile,a photo of the automobile,77,119,images/retain_once/W02/automobile/index_077_seed_119.png,automobile,automobile,True,0.9258612990379333,delete-after-eval,7.35949506633915e-05,0.9258612990379333,8.659885497763753e-05,0.00018679560162127018,2.2506194000015967e-05,0.0005230883834883571,3.748459494090639e-05,0.0004988412838429213,0.0006144343060441315,0.07209538668394089,existing_v1_100,/home/tslin/Documents/jupyter_data/anLi/machine_unlearning/orthogonal-concept-erasure/experiments/sequential_object_persistence/outputs/sequential_oce_object_v1_online
retain_once,W02,automobile,a photo of the automobile,78,120,images/retain_once/W02/automobile/index_078_seed_120.png,automobile,automobile,True,0.7100374698638916,delete-after-eval,0.0019274340011179447,0.7100374698638916,0.002418821444734931,0.0006963256746530533,0.00043020895100198686,0.0012908749049529433,0.0003319955139886588,0.003221872029826045,0.008069222792983055,0.2715757191181183,existing_v1_100,/home/tslin/Documents/jupyter_data/anLi/machine_unlearning/orthogonal-concept-erasure/experiments/sequential_object_persistence/outputs/sequential_oce_object_v1_online
retain_once,W02,automobile,a photo of the automobile,79,121,images/retain_once/W02/automobile/index_079_seed_121.png,automobile,automobile,True,0.7532992362976074,delete-after-eval,0.0005961887072771788,0.7532992362976074,0.0030669632833451033,0.002569023286923766,0.005973488092422485,0.003270443296059966,0.0006640077335759997,0.010772242210805416,0.00708840461447835,0.2126999944448471,existing_v1_100,/home/tslin/Documents/jupyter_data/anLi/machine_unlearning/orthogonal-concept-erasure/experiments/sequential_object_persistence/outputs/sequential_oce_object_v1_online
retain_once,W02,automobile,a photo of the automobile,80,122,images/retain_once/W02/automobile/index_080_seed_122.png,automobile,truck,False,0.16309332847595215,delete-after-eval,6.063339606043883e-05,0.16309332847595215,0.00021268347336445004,0.0005107034812681377,0.00013207302254159003,0.0017544161528348923,7.075672328937799e-05,0.002501087263226509,0.0009366902522742748,0.8307275772094727,existing_v1_100,/home/tslin/Documents/jupyter_data/anLi/machine_unlearning/orthogonal-concept-erasure/experiments/sequential_object_persistence/outputs/sequential_oce_object_v1_online
retain_once,W02,automobile,a photo of the automobile,81,123,images/retain_once/W02/automobile/index_081_seed_123.png,automobile,automobile,True,0.91901034116745,delete-after-eval,0.00016904315270949155,0.91901034116745,0.0006871187943033874,0.00041807867819443345,0.0008039057138375938,0.0014603656018152833,8.724529470782727e-05,0.004182654898613691,0.002017733408138156,0.07116351276636124,existing_v1_100,/home/tslin/Documents/jupyter_data/anLi/machine_unlearning/orthogonal-concept-erasure/experiments/sequential_object_persistence/outputs/sequential_oce_object_v1_online
retain_once,W02,automobile,a photo of the automobile,82,124,images/retain_once/W02/automobile/index_082_seed_124.png,automobile,truck,False,0.01866893470287323,delete-after-eval,0.00010408987145638093,0.01866893470287323,9.993608546210453e-05,0.0002648271038196981,0.0005640466115437448,0.00013455978478305042,2.0995201339246705e-05,0.0014320160262286663,0.0008636059355922043,0.9778469800949097,existing_v1_100,/home/tslin/Documents/jupyter_data/anLi/machine_unlearning/orthogonal-concept-erasure/experiments/sequential_object_persistence/outputs/sequential_oce_object_v1_online
retain_once,W02,automobile,a photo of the automobile,83,125,images/retain_once/W02/automobile/index_083_seed_125.png,automobile,automobile,True,0.9258729219436646,delete-after-eval,6.499423761852086e-05,0.9258729219436646,0.00027881746063940227,0.0007949090213514864,0.00016857321315910667,0.0007313484093174338,0.0002276957529829815,0.0008106491295620799,0.0008605465409345925,0.07018949091434479,existing_v1_100,/home/tslin/Documents/jupyter_data/anLi/machine_unlearning/orthogonal-concept-erasure/experiments/sequential_object_persistence/outputs/sequential_oce_object_v1_online
retain_once,W02,automobile,a photo of the automobile,84,126,images/retain_once/W02/automobile/index_084_seed_126.png,automobile,automobile,True,0.7197878956794739,delete-after-eval,8.970859198598191e-06,0.7197878956794739,0.00024310800654347986,0.00042667434900067747,7.365479541476816e-05,0.0009839556878432631,0.00010437972377985716,0.0005272907437756658,0.00016904668882489204,0.2776750326156616,existing_v1_100,/home/tslin/Documents/jupyter_data/anLi/machine_unlearning/orthogonal-concept-erasure/experiments/sequential_object_persistence/outputs/sequential_oce_object_v1_online
retain_once,W02,automobile,a photo of the automobile,85,127,images/retain_once/W02/automobile/index_085_seed_127.png,automobile,truck,False,0.1534033715724945,delete-after-eval,9.476253762841225e-05,0.1534033715724945,0.0003216064069420099,0.000448323116870597,0.00018534611444920301,0.0005414032493717968,0.00029768020613119006,0.0019142749952152371,0.0032981212716549635,0.8394951820373535,existing_v1_100,/home/tslin/Documents/jupyter_data/anLi/machine_unlearning/orthogonal-concept-erasure/experiments/sequential_object_persistence/outputs/sequential_oce_object_v1_online
retain_once,W02,automobile,a photo of the automobile,86,128,images/retain_once/W02/automobile/index_086_seed_128.png,automobile,truck,False,0.23087486624717712,delete-after-eval,8.363155939150602e-05,0.23087486624717712,0.0006202751537784934,0.0004675398231483996,0.0011342883808538318,0.001664977753534913,2.1415487935882993e-05,0.06358008086681366,0.0036534774117171764,0.6978994607925415,existing_v1_100,/home/tslin/Documents/jupyter_data/anLi/machine_unlearning/orthogonal-concept-erasure/experiments/sequential_object_persistence/outputs/sequential_oce_object_v1_online
retain_once,W02,automobile,a photo of the automobile,87,129,images/retain_once/W02/automobile/index_087_seed_129.png,automobile,automobile,True,0.9637328386306763,delete-after-eval,0.00011230551899643615,0.9637328386306763,0.0002232818806078285,0.0004635601653717458,0.00010442062193760648,0.0008023623377084732,0.00017805521201808006,0.0009952057152986526,0.002221016213297844,0.031166894361376762,existing_v1_100,/home/tslin/Documents/jupyter_data/anLi/machine_unlearning/orthogonal-concept-erasure/experiments/sequential_object_persistence/outputs/sequential_oce_object_v1_online
retain_once,W02,automobile,a photo of the automobile,88,130,images/retain_once/W02/automobile/index_088_seed_130.png,automobile,automobile,True,0.9100574851036072,delete-after-eval,0.0002055435616057366,0.9100574851036072,0.0007495004101656377,0.00016990861331578344,6.810946069890633e-05,0.000434600719017908,0.00024324131663888693,0.0005628358339890838,0.0007647378952242434,0.08674406260251999,existing_v1_100,/home/tslin/Documents/jupyter_data/anLi/machine_unlearning/orthogonal-concept-erasure/experiments/sequential_object_persistence/outputs/sequential_oce_object_v1_online
retain_once,W02,automobile,a photo of the automobile,89,131,images/retain_once/W02/automobile/index_089_seed_131.png,automobile,automobile,True,0.8357688188552856,delete-after-eval,1.0887714779528324e-05,0.8357688188552856,2.9320901376195252e-05,1.9476128727546893e-05,7.4341573963465635e-06,8.978913683677092e-05,3.23106833093334e-05,8.370976865990087e-05,0.0001351398095721379,0.1638231724500656,existing_v1_100,/home/tslin/Documents/jupyter_data/anLi/machine_unlearning/orthogonal-concept-erasure/experiments/sequential_object_persistence/outputs/sequential_oce_object_v1_online
retain_once,W02,automobile,a photo of the automobile,90,132,images/retain_once/W02/automobile/index_090_seed_132.png,automobile,automobile,True,0.5531940460205078,delete-after-eval,0.00016085979586932808,0.5531940460205078,0.0007223027059808373,0.000455880886875093,8.71346055646427e-05,0.00048127115587703884,0.00037622821400873363,0.001283913617953658,0.002487956313416362,0.4407504200935364,existing_v1_100,/home/tslin/Documents/jupyter_data/anLi/machine_unlearning/orthogonal-concept-erasure/experiments/sequential_object_persistence/outputs/sequential_oce_object_v1_online
retain_once,W02,automobile,a photo of the automobile,91,133,images/retain_once/W02/automobile/index_091_seed_133.png,automobile,automobile,True,0.719801664352417,delete-after-eval,0.0024703876115381718,0.719801664352417,0.00697922520339489,0.00827816128730774,0.006125158164650202,0.03274787962436676,0.005759236868470907,0.07944423705339432,0.1104816272854805,0.02791234664618969,existing_v1_100,/home/tslin/Documents/jupyter_data/anLi/machine_unlearning/orthogonal-concept-erasure/experiments/sequential_object_persistence/outputs/sequential_oce_object_v1_online
retain_once,W02,automobile,a photo of the automobile,92,134,images/retain_once/W02/automobile/index_092_seed_134.png,automobile,truck,False,0.4082140326499939,delete-after-eval,5.836598211317323e-05,0.4082140326499939,0.0015680091455578804,0.0007780394516885281,0.002948789158836007,0.0018279579235240817,0.00023832597071304917,0.0031267679296433926,0.0008978130645118654,0.5803418755531311,existing_v1_100,/home/tslin/Documents/jupyter_data/anLi/machine_unlearning/orthogonal-concept-erasure/experiments/sequential_object_persistence/outputs/sequential_oce_object_v1_online
retain_once,W02,automobile,a photo of the automobile,93,135,images/retain_once/W02/automobile/index_093_seed_135.png,automobile,automobile,True,0.8165963292121887,delete-after-eval,0.00018194479343947023,0.8165963292121887,0.0006257302593439817,0.000572258431930095,0.0005155695253051817,0.0012615316081792116,0.0003145427326671779,0.001802808721549809,0.004417764954268932,0.17371156811714172,existing_v1_100,/home/tslin/Documents/jupyter_data/anLi/machine_unlearning/orthogonal-concept-erasure/experiments/sequential_object_persistence/outputs/sequential_oce_object_v1_online
retain_once,W02,automobile,a photo of the automobile,94,136,images/retain_once/W02/automobile/index_094_seed_136.png,automobile,automobile,True,0.9590347409248352,delete-after-eval,1.4089456271904055e-05,0.9590347409248352,0.00022704299772158265,0.0004026834503747523,4.477449328987859e-05,0.00043731642654165626,6.624527304666117e-05,0.0003400325949769467,0.0002724681980907917,0.03916062414646149,existing_v1_100,/home/tslin/Documents/jupyter_data/anLi/machine_unlearning/orthogonal-concept-erasure/experiments/sequential_object_persistence/outputs/sequential_oce_object_v1_online
retain_once,W02,automobile,a photo of the automobile,95,137,images/retain_once/W02/automobile/index_095_seed_137.png,automobile,automobile,True,0.6550502181053162,delete-after-eval,0.00012430619972292334,0.6550502181053162,0.001888479571789503,0.0009601559140719473,0.002315654419362545,0.0019867229275405407,0.00020497599325608462,0.014317971654236317,0.002611966338008642,0.3205395042896271,existing_v1_100,/home/tslin/Documents/jupyter_data/anLi/machine_unlearning/orthogonal-concept-erasure/experiments/sequential_object_persistence/outputs/sequential_oce_object_v1_online
retain_once,W02,automobile,a photo of the automobile,96,138,images/retain_once/W02/automobile/index_096_seed_138.png,automobile,ship,False,0.1787143051624298,delete-after-eval,0.008505653589963913,0.1787143051624298,0.09516116231679916,0.03044353984296322,0.02861657366156578,0.13264387845993042,0.03728014975786209,0.1684269905090332,0.2602892816066742,0.05991845205426216,existing_v1_100,/home/tslin/Documents/jupyter_data/anLi/machine_unlearning/orthogonal-concept-erasure/experiments/sequential_object_persistence/outputs/sequential_oce_object_v1_online
retain_once,W02,automobile,a photo of the automobile,97,139,images/retain_once/W02/automobile/index_097_seed_139.png,automobile,truck,False,0.3617446720600128,delete-after-eval,2.564385431469418e-05,0.3617446720600128,0.00016212486661970615,6.622824002988636e-05,2.8240867322892882e-05,0.00019546147086657584,6.446717452490702e-05,0.0002652645925991237,0.0002089549379888922,0.6372389197349548,existing_v1_100,/home/tslin/Documents/jupyter_data/anLi/machine_unlearning/orthogonal-concept-erasure/experiments/sequential_object_persistence/outputs/sequential_oce_object_v1_online
retain_once,W02,automobile,a photo of the automobile,98,140,images/retain_once/W02/automobile/index_098_seed_140.png,automobile,automobile,True,0.8009891510009766,delete-after-eval,0.000249749340582639,0.8009891510009766,0.0006445283070206642,0.0005511113558895886,0.00016226101433858275,0.0014125776942819357,0.00034078917815349996,0.004900313913822174,0.0008093654178082943,0.18994015455245972,existing_v1_100,/home/tslin/Documents/jupyter_data/anLi/machine_unlearning/orthogonal-concept-erasure/experiments/sequential_object_persistence/outputs/sequential_oce_object_v1_online
retain_once,W02,automobile,a photo of the automobile,99,141,images/retain_once/W02/automobile/index_099_seed_141.png,automobile,truck,False,0.2734543979167938,delete-after-eval,0.033722806721925735,0.2734543979167938,0.005255506373941898,0.0008505325531587005,0.008969995193183422,0.003931569866836071,0.004474280867725611,0.0022479696199297905,0.036261919885873795,0.6308310031890869,existing_v1_100,/home/tslin/Documents/jupyter_data/anLi/machine_unlearning/orthogonal-concept-erasure/experiments/sequential_object_persistence/outputs/sequential_oce_object_v1_online
retain_once,W02,automobile,a photo of the automobile,100,142,images/experiment1_sequential_own_step/retain_once/W02/automobile/index_100_seed_142.png,automobile,automobile,True,0.9579777717590332,delete-after-eval,2.8586879125214182e-05,0.9579777717590332,0.00012193340080557391,0.00028761857538484037,7.978896064742003e-06,0.0003574524016585201,0.00016360433073714375,0.0002312592405360192,0.00016056974709499627,0.04066308215260506,new_followup_supplement,/home/tslin/Documents/jupyter_data/anLi/machine_unlearning/orthogonal-concept-erasure/experiments/sequential_object_followup/outputs/sequential_oce_object_followup_v1
retain_once,W02,automobile,a photo of the automobile,101,143,images/experiment1_sequential_own_step/retain_once/W02/automobile/index_101_seed_143.png,automobile,automobile,True,0.8827273845672607,delete-after-eval,0.00038308033253997564,0.8827273845672607,0.0022145346738398075,0.0031073144637048244,0.0014487914741039276,0.003389079589396715,0.0003456238191574812,0.003807647619396448,0.0030254495795816183,0.0995509997010231,new_followup_supplement,/home/tslin/Documents/jupyter_data/anLi/machine_unlearning/orthogonal-concept-erasure/experiments/sequential_object_followup/outputs/sequential_oce_object_followup_v1
retain_once,W02,automobile,a photo of the automobile,102,144,images/experiment1_sequential_own_step/retain_once/W02/automobile/index_102_seed_144.png,automobile,automobile,True,0.8402063846588135,delete-after-eval,0.0016731990035623312,0.8402063846588135,0.00021699676290154457,0.00013225714792497456,3.1427189242094755e-05,0.00031777226831763983,0.00027341741952113807,0.0001976652565645054,0.005007765255868435,0.15194299817085266,new_followup_supplement,/home/tslin/Documents/jupyter_data/anLi/machine_unlearning/orthogonal-concept-erasure/experiments/sequential_object_followup/outputs/sequential_oce_object_followup_v1
retain_once,W02,automobile,a photo of the automobile,103,145,images/experiment1_sequential_own_step/retain_once/W02/automobile/index_103_seed_145.png,automobile,automobile,True,0.6702291965484619,delete-after-eval,0.0001922805095091462,0.6702291965484619,0.00232028029859066,0.0005595364491455257,0.00023278547450900078,0.00097389001166448,0.00014262825425248593,0.0030390573665499687,0.002150797052308917,0.3201596438884735,new_followup_supplement,/home/tslin/Documents/jupyter_data/anLi/machine_unlearning/orthogonal-concept-erasure/experiments/sequential_object_followup/outputs/sequential_oce_object_followup_v1
retain_once,W02,automobile,a photo of the automobile,104,146,images/experiment1_sequential_own_step/retain_once/W02/automobile/index_104_seed_146.png,automobile,automobile,True,0.7640771269798279,delete-after-eval,5.7494660723023117e-05,0.7640771269798279,0.0008622452733106911,0.0019348339410498738,0.0005028760060667992,0.0027624177746474743,0.00016745734319556504,0.010333851911127567,0.0008958411053754389,0.21840588748455048,new_followup_supplement,/home/tslin/Documents/jupyter_data/anLi/machine_unlearning/orthogonal-concept-erasure/experiments/sequential_object_followup/outputs/sequential_oce_object_followup_v1
retain_once,W02,automobile,a photo of the automobile,105,147,images/experiment1_sequential_own_step/retain_once/W02/automobile/index_105_seed_147.png,automobile,automobile,True,0.99257892370224,delete-after-eval,1.0098796337842941e-05,0.99257892370224,4.756689668283798e-05,4.170692773186602e-05,1.1973139635301777e-06,6.41207952867262e-05,2.711417619138956e-05,3.3763710234779865e-05,5.1877203077310696e-05,0.007143626920878887,new_followup_supplement,/home/tslin/Documents/jupyter_data/anLi/machine_unlearning/orthogonal-concept-erasure/experiments/sequential_object_followup/outputs/sequential_oce_object_followup_v1
retain_once,W02,automobile,a photo of the automobile,106,148,images/experiment1_sequential_own_step/retain_once/W02/automobile/index_106_seed_148.png,automobile,truck,False,0.4497472047805786,delete-after-eval,5.0474984163884073e-05,0.4497472047805786,0.00019474442524369806,0.0005540181300602853,0.0005122451693750918,0.0020167736802250147,4.372238618088886e-05,0.012745844200253487,0.0009590465924702585,0.533176064491272,new_followup_supplement,/home/tslin/Documents/jupyter_data/anLi/machine_unlearning/orthogonal-concept-erasure/experiments/sequential_object_followup/outputs/sequential_oce_object_followup_v1
retain_once,W02,automobile,a photo of the automobile,107,149,images/experiment1_sequential_own_step/retain_once/W02/automobile/index_107_seed_149.png,automobile,truck,False,0.007732250727713108,delete-after-eval,9.807095921132714e-05,0.007732250727713108,0.00023176861577667296,7.707637269049883e-05,0.00027763578691519797,0.0001269536733161658,2.9509212254197337e-05,0.0011021792888641357,0.0002476366644259542,0.9900769591331482,new_followup_supplement,/home/tslin/Documents/jupyter_data/anLi/machine_unlearning/orthogonal-concept-erasure/experiments/sequential_object_followup/outputs/sequential_oce_object_followup_v1
retain_once,W02,automobile,a photo of the automobile,108,150,images/experiment1_sequential_own_step/retain_once/W02/automobile/index_108_seed_150.png,automobile,truck,False,0.007581163197755814,delete-after-eval,8.405555490753613e-06,0.007581163197755814,6.860390567453578e-05,3.7230569432722405e-05,0.00010165006096940488,1.6841157048474997e-05,6.646957444900181e-06,5.2984290960012004e-05,5.7053155614994466e-05,0.9920694828033447,new_followup_supplement,/home/tslin/Documents/jupyter_data/anLi/machine_unlearning/orthogonal-concept-erasure/experiments/sequential_object_followup/outputs/sequential_oce_object_followup_v1
retain_once,W02,automobile,a photo of the automobile,109,151,images/experiment1_sequential_own_step/retain_once/W02/automobile/index_109_seed_151.png,automobile,automobile,True,0.7495332360267639,delete-after-eval,0.0002279656328028068,0.7495332360267639,0.0007921590586192906,0.001164523884654045,0.0009692139574326575,0.004066634923219681,0.0003746472066268325,0.004382370039820671,0.009771477431058884,0.22871771454811096,new_followup_supplement,/home/tslin/Documents/jupyter_data/anLi/machine_unlearning/orthogonal-concept-erasure/experiments/sequential_object_followup/outputs/sequential_oce_object_followup_v1
retain_once,W02,automobile,a photo of the automobile,110,152,images/experiment1_sequential_own_step/retain_once/W02/automobile/index_110_seed_152.png,automobile,automobile,True,0.6694108843803406,delete-after-eval,0.000238197433645837,0.6694108843803406,0.0007587013533338904,0.00030350961606018245,0.0002591019438114017,0.0007861742051318288,0.00017514434875920415,0.0037221850361675024,0.011951454915106297,0.3123946487903595,new_followup_supplement,/home/tslin/Documents/jupyter_data/anLi/machine_unlearning/orthogonal-concept-erasure/experiments/sequential_object_followup/outputs/sequential_oce_object_followup_v1
retain_once,W02,automobile,a photo of the automobile,111,153,images/experiment1_sequential_own_step/retain_once/W02/automobile/index_111_seed_153.png,automobile,truck,False,0.11488814651966095,delete-after-eval,0.005205496214330196,0.11488814651966095,0.02093541994690895,0.010427789762616158,0.002872506156563759,0.0851767435669899,0.004848077893257141,0.01905784383416176,0.08528012782335281,0.6513078808784485,new_followup_supplement,/home/tslin/Documents/jupyter_data/anLi/machine_unlearning/orthogonal-concept-erasure/experiments/sequential_object_followup/outputs/sequential_oce_object_followup_v1
retain_once,W02,automobile,a photo of the automobile,112,154,images/experiment1_sequential_own_step/retain_once/W02/automobile/index_112_seed_154.png,automobile,automobile,True,0.8742973804473877,delete-after-eval,0.00011996816465398297,0.8742973804473877,0.0009417634573765099,0.0008938880637288094,0.0004890960408374667,0.0010323538444936275,0.00010721046419348568,0.006300385110080242,0.005933980457484722,0.10988397151231766,new_followup_supplement,/home/tslin/Documents/jupyter_data/anLi/machine_unlearning/orthogonal-concept-erasure/experiments/sequential_object_followup/outputs/sequential_oce_object_followup_v1
retain_once,W02,automobile,a photo of the automobile,113,155,images/experiment1_sequential_own_step/retain_once/W02/automobile/index_113_seed_155.png,automobile,automobile,True,0.7003704905509949,delete-after-eval,6.515768473036587e-05,0.7003704905509949,0.0003320328250993043,0.0008947582100518048,0.00042491708882153034,0.00086365727474913,0.0002755706082098186,0.0010577572975307703,0.0028710844926536083,0.29284462332725525,new_followup_supplement,/home/tslin/Documents/jupyter_data/anLi/machine_unlearning/orthogonal-concept-erasure/experiments/sequential_object_followup/outputs/sequential_oce_object_followup_v1
retain_once,W02,automobile,a photo of the automobile,114,156,images/experiment1_sequential_own_step/retain_once/W02/automobile/index_114_seed_156.png,automobile,automobile,True,0.22301456332206726,delete-after-eval,0.05460060015320778,0.22301456332206726,0.06252638250589371,0.09652760624885559,0.015848031267523766,0.18155837059020996,0.02440129779279232,0.10094188153743744,0.043827563524246216,0.19675374031066895,new_followup_supplement,/home/tslin/Documents/jupyter_data/anLi/machine_unlearning/orthogonal-concept-erasure/experiments/sequential_object_followup/outputs/sequential_oce_object_followup_v1
retain_once,W02,automobile,a photo of the automobile,115,157,images/experiment1_sequential_own_step/retain_once/W02/automobile/index_115_seed_157.png,automobile,truck,False,0.05410049483180046,delete-after-eval,5.733619400416501e-05,0.05410049483180046,0.0005676483851857483,0.00012952198449056596,0.0008241956820711493,0.0007769778021611273,4.156592331128195e-05,0.001918118679895997,0.0012441149447113276,0.9403400421142578,new_followup_supplement,/home/tslin/Documents/jupyter_data/anLi/machine_unlearning/orthogonal-concept-erasure/experiments/sequential_object_followup/outputs/sequential_oce_object_followup_v1
retain_once,W02,automobile,a photo of the automobile,116,158,images/experiment1_sequential_own_step/retain_once/W02/automobile/index_116_seed_158.png,automobile,automobile,True,0.4417914152145386,delete-after-eval,0.011633227579295635,0.4417914152145386,0.09465168416500092,0.011248845607042313,0.03023732453584671,0.010280375368893147,0.001569489948451519,0.035850364714860916,0.022540783509612083,0.34019652009010315,new_followup_supplement,/home/tslin/Documents/jupyter_data/anLi/machine_unlearning/orthogonal-concept-erasure/experiments/sequential_object_followup/outputs/sequential_oce_object_followup_v1
retain_once,W02,automobile,a photo of the automobile,117,159,images/experiment1_sequential_own_step/retain_once/W02/automobile/index_117_seed_159.png,automobile,truck,False,0.35091736912727356,delete-after-eval,5.353310189093463e-05,0.35091736912727356,0.0001100455701816827,0.00020758918253704906,7.317693962249905e-05,0.00029128228197805583,6.482053868239745e-05,0.0003553290443960577,0.0013501395005732775,0.6465767621994019,new_followup_supplement,/home/tslin/Documents/jupyter_data/anLi/machine_unlearning/orthogonal-concept-erasure/experiments/sequential_object_followup/outputs/sequential_oce_object_followup_v1
retain_once,W02,automobile,a photo of the automobile,118,160,images/experiment1_sequential_own_step/retain_once/W02/automobile/index_118_seed_160.png,automobile,truck,False,0.39103206992149353,delete-after-eval,0.0006270633894018829,0.39103206992149353,0.012368932366371155,0.00421201903373003,0.012817034497857094,0.010038794949650764,0.0006277814391069114,0.00634197611361742,0.0037701388355344534,0.5581641793251038,new_followup_supplement,/home/tslin/Documents/jupyter_data/anLi/machine_unlearning/orthogonal-concept-erasure/experiments/sequential_object_followup/outputs/sequential_oce_object_followup_v1
retain_once,W02,automobile,a photo of the automobile,119,161,images/experiment1_sequential_own_step/retain_once/W02/automobile/index_119_seed_161.png,automobile,automobile,True,0.7471303939819336,delete-after-eval,0.00019401684403419495,0.7471303939819336,0.0005619805888272822,0.00035148864844813943,5.8984962379327044e-05,0.0013178971130400896,6.696900527458638e-05,0.0013671667547896504,0.004804154392331839,0.24414698779582977,new_followup_supplement,/home/tslin/Documents/jupyter_data/anLi/machine_unlearning/orthogonal-concept-erasure/experiments/sequential_object_followup/outputs/sequential_oce_object_followup_v1
retain_once,W02,automobile,a photo of the automobile,120,162,images/experiment1_sequential_own_step/retain_once/W02/automobile/index_120_seed_162.png,automobile,automobile,True,0.8790000081062317,delete-after-eval,0.00028285576263442636,0.8790000081062317,0.00228111888282001,0.006013101432472467,0.003741675289347768,0.008955446071922779,0.0001487196859670803,0.011297277174890041,0.004267800599336624,0.08401209115982056,new_followup_supplement,/home/tslin/Documents/jupyter_data/anLi/machine_unlearning/orthogonal-concept-erasure/experiments/sequential_object_followup/outputs/sequential_oce_object_followup_v1
retain_once,W02,automobile,a photo of the automobile,121,163,images/experiment1_sequential_own_step/retain_once/W02/automobile/index_121_seed_163.png,automobile,automobile,True,0.9847404360771179,delete-after-eval,0.00014179936260916293,0.9847404360771179,0.0004922744119539857,0.0003646520199254155,0.00018807014566846192,0.0006294388440437615,0.00017632207891438156,0.002489744685590267,0.0006360827246680856,0.010141244158148766,new_followup_supplement,/home/tslin/Documents/jupyter_data/anLi/machine_unlearning/orthogonal-concept-erasure/experiments/sequential_object_followup/outputs/sequential_oce_object_followup_v1
retain_once,W02,automobile,a photo of the automobile,122,164,images/experiment1_sequential_own_step/retain_once/W02/automobile/index_122_seed_164.png,automobile,automobile,True,0.9804379940032959,delete-after-eval,5.863522346771788e-06,0.9804379940032959,2.9307102522579953e-05,7.121656381059438e-05,1.2113391676393803e-05,0.00017148867482319474,1.682939546299167e-05,0.00010656710946932435,0.0001287176855839789,0.0190199576318264,new_followup_supplement,/home/tslin/Documents/jupyter_data/anLi/machine_unlearning/orthogonal-concept-erasure/experiments/sequential_object_followup/outputs/sequential_oce_object_followup_v1
retain_once,W02,automobile,a photo of the automobile,123,165,images/experiment1_sequential_own_step/retain_once/W02/automobile/index_123_seed_165.png,automobile,automobile,True,0.6823818683624268,delete-after-eval,8.821619121590629e-05,0.6823818683624268,0.00032067878055386245,0.00023655880067963153,0.0003279373631812632,0.0009457255364395678,0.00014707163791172206,0.003705685492604971,0.0011393384775146842,0.3107069134712219,new_followup_supplement,/home/tslin/Documents/jupyter_data/anLi/machine_unlearning/orthogonal-concept-erasure/experiments/sequential_object_followup/outputs/sequential_oce_object_followup_v1
retain_once,W02,automobile,a photo of the automobile,124,166,images/experiment1_sequential_own_step/retain_once/W02/automobile/index_124_seed_166.png,automobile,automobile,True,0.907200276851654,delete-after-eval,7.368665683316067e-05,0.907200276851654,0.0014463247498497367,0.0018643648363649845,0.0014170631766319275,0.002061842242255807,0.00036799433291889727,0.003959663677960634,0.0019700934644788504,0.07963868230581284,new_followup_supplement,/home/tslin/Documents/jupyter_data/anLi/machine_unlearning/orthogonal-concept-erasure/experiments/sequential_object_followup/outputs/sequential_oce_object_followup_v1
retain_once,W02,automobile,a photo of the automobile,125,167,images/experiment1_sequential_own_step/retain_once/W02/automobile/index_125_seed_167.png,automobile,automobile,True,0.6731492280960083,delete-after-eval,0.0052372789941728115,0.6731492280960083,0.006761274766176939,0.014536749571561813,0.006641080603003502,0.02158183790743351,0.009741473011672497,0.07853443175554276,0.14198659360408783,0.041830018162727356,new_followup_supplement,/home/tslin/Documents/jupyter_data/anLi/machine_unlearning/orthogonal-concept-erasure/experiments/sequential_object_followup/outputs/sequential_oce_object_followup_v1
retain_once,W02,automobile,a photo of the automobile,126,168,images/experiment1_sequential_own_step/retain_once/W02/automobile/index_126_seed_168.png,automobile,automobile,True,0.7022009491920471,delete-after-eval,0.00019613040785770863,0.7022009491920471,0.0005781351937912405,0.0007413413841277361,0.0005501526757143438,0.0020715866703540087,0.0003074872074648738,0.002580866916105151,0.002317227656021714,0.2884560227394104,new_followup_supplement,/home/tslin/Documents/jupyter_data/anLi/machine_unlearning/orthogonal-concept-erasure/experiments/sequential_object_followup/outputs/sequential_oce_object_followup_v1
retain_once,W02,automobile,a photo of the automobile,127,169,images/experiment1_sequential_own_step/retain_once/W02/automobile/index_127_seed_169.png,automobile,automobile,True,0.8864750862121582,delete-after-eval,0.00045124394819140434,0.8864750862121582,0.0013876564335078,0.0008351047872565687,0.0003751747717615217,0.0011106133460998535,6.814076914452016e-05,0.007715288549661636,0.0031317700631916523,0.09844998270273209,new_followup_supplement,/home/tslin/Documents/jupyter_data/anLi/machine_unlearning/orthogonal-concept-erasure/experiments/sequential_object_followup/outputs/sequential_oce_object_followup_v1
retain_once,W02,automobile,a photo of the automobile,128,170,images/experiment1_sequential_own_step/retain_once/W02/automobile/index_128_seed_170.png,automobile,automobile,True,0.887920081615448,delete-after-eval,7.224151340778917e-05,0.887920081615448,0.00013307614426594228,0.00023214315297082067,1.821934165491257e-05,0.0003001194563694298,0.00015884777531027794,0.000479875918244943,0.0004191184416413307,0.1102663055062294,new_followup_supplement,/home/tslin/Documents/jupyter_data/anLi/machine_unlearning/orthogonal-concept-erasure/experiments/sequential_object_followup/outputs/sequential_oce_object_followup_v1
retain_once,W02,automobile,a photo of the automobile,129,171,images/experiment1_sequential_own_step/retain_once/W02/automobile/index_129_seed_171.png,automobile,automobile,True,0.5487698316574097,delete-after-eval,3.505634595057927e-05,0.5487698316574097,0.00033309924765489995,0.00017561436106916517,5.198701182962395e-05,0.00025801261654123664,0.00010317674605175853,0.0005931379273533821,0.0015205326490104198,0.44815951585769653,new_followup_supplement,/home/tslin/Documents/jupyter_data/anLi/machine_unlearning/orthogonal-concept-erasure/experiments/sequential_object_followup/outputs/sequential_oce_object_followup_v1
retain_once,W02,automobile,a photo of the automobile,130,172,images/experiment1_sequential_own_step/retain_once/W02/automobile/index_130_seed_172.png,automobile,automobile,True,0.9417820572853088,delete-after-eval,8.78262726473622e-05,0.9417820572853088,0.0003657892521005124,9.953633707482368e-05,3.570920671336353e-05,0.0006558956811204553,6.110819231253117e-05,0.0002287523093400523,0.0001721218432066962,0.0565112866461277,new_followup_supplement,/home/tslin/Documents/jupyter_data/anLi/machine_unlearning/orthogonal-concept-erasure/experiments/sequential_object_followup/outputs/sequential_oce_object_followup_v1
retain_once,W02,automobile,a photo of the automobile,131,173,images/experiment1_sequential_own_step/retain_once/W02/automobile/index_131_seed_173.png,automobile,truck,False,0.3064146041870117,delete-after-eval,0.0004129249427933246,0.3064146041870117,0.0018174954457208514,0.0020354322623461485,0.0059907808899879456,0.005225392058491707,0.0004273420781828463,0.016480140388011932,0.007752750534564257,0.6534431576728821,new_followup_supplement,/home/tslin/Documents/jupyter_data/anLi/machine_unlearning/orthogonal-concept-erasure/experiments/sequential_object_followup/outputs/sequential_oce_object_followup_v1
retain_once,W02,automobile,a photo of the automobile,132,174,images/experiment1_sequential_own_step/retain_once/W02/automobile/index_132_seed_174.png,automobile,automobile,True,0.6085202693939209,delete-after-eval,0.002530965255573392,0.6085202693939209,0.005718966946005821,0.0023538065142929554,0.0031779464334249496,0.003796067787334323,0.0009640279458835721,0.014606093987822533,0.04072587937116623,0.3176059126853943,new_followup_supplement,/home/tslin/Documents/jupyter_data/anLi/machine_unlearning/orthogonal-concept-erasure/experiments/sequential_object_followup/outputs/sequential_oce_object_followup_v1
retain_once,W02,automobile,a photo of the automobile,133,175,images/experiment1_sequential_own_step/retain_once/W02/automobile/index_133_seed_175.png,automobile,automobile,True,0.7728355526924133,delete-after-eval,0.0004660420527216047,0.7728355526924133,0.0068962955847382545,0.0034150341525673866,0.0021240252535790205,0.003542096819728613,0.00041370867984369397,0.007204656023532152,0.014388282783329487,0.18871431052684784,new_followup_supplement,/home/tslin/Documents/jupyter_data/anLi/machine_unlearning/orthogonal-concept-erasure/experiments/sequential_object_followup/outputs/sequential_oce_object_followup_v1
retain_once,W02,automobile,a photo of the automobile,134,176,images/experiment1_sequential_own_step/retain_once/W02/automobile/index_134_seed_176.png,automobile,automobile,True,0.8014847636222839,delete-after-eval,0.0010577182983979583,0.8014847636222839,0.0016992798773571849,0.0008918576058931649,0.0006140184123069048,0.0024525232147425413,0.0006177976611070335,0.004085942637175322,0.018320763483643532,0.16877533495426178,new_followup_supplement,/home/tslin/Documents/jupyter_data/anLi/machine_unlearning/orthogonal-concept-erasure/experiments/sequential_object_followup/outputs/sequential_oce_object_followup_v1
retain_once,W02,automobile,a photo of the automobile,135,177,images/experiment1_sequential_own_step/retain_once/W02/automobile/index_135_seed_177.png,automobile,automobile,True,0.9786331057548523,delete-after-eval,0.0001083746028598398,0.9786331057548523,5.230687020230107e-05,0.0001009303450700827,2.7298521672491916e-05,0.00034514174330979586,0.000500655674841255,5.4622894822387025e-05,0.00012833645450882614,0.020049382001161575,new_followup_supplement,/home/tslin/Documents/jupyter_data/anLi/machine_unlearning/orthogonal-concept-erasure/experiments/sequential_object_followup/outputs/sequential_oce_object_followup_v1
retain_once,W02,automobile,a photo of the automobile,136,178,images/experiment1_sequential_own_step/retain_once/W02/automobile/index_136_seed_178.png,automobile,truck,False,0.4146225154399872,delete-after-eval,0.0011545064626261592,0.4146225154399872,0.004646426532417536,0.002973077353090048,0.00586722930893302,0.007094420492649078,0.0009877842385321856,0.006830137223005295,0.007864139974117279,0.5479598045349121,new_followup_supplement,/home/tslin/Documents/jupyter_data/anLi/machine_unlearning/orthogonal-concept-erasure/experiments/sequential_object_followup/outputs/sequential_oce_object_followup_v1
retain_once,W02,automobile,a photo of the automobile,137,179,images/experiment1_sequential_own_step/retain_once/W02/automobile/index_137_seed_179.png,automobile,automobile,True,0.741416871547699,delete-after-eval,0.0005228260415606201,0.741416871547699,0.007777284365147352,0.007855613715946674,0.004426226951181889,0.008266820572316647,0.0012378849787637591,0.013951517641544342,0.0310719832777977,0.18347296118736267,new_followup_supplement,/home/tslin/Documents/jupyter_data/anLi/machine_unlearning/orthogonal-concept-erasure/experiments/sequential_object_followup/outputs/sequential_oce_object_followup_v1
retain_once,W02,automobile,a photo of the automobile,138,180,images/experiment1_sequential_own_step/retain_once/W02/automobile/index_138_seed_180.png,automobile,automobile,True,0.921432375907898,delete-after-eval,0.0002471752231940627,0.921432375907898,0.00019304777379147708,0.0004594323690980673,9.202572255162522e-05,0.0005990161444060504,0.00020000032964162529,0.0009081825846806169,0.0014627684140577912,0.07440593838691711,new_followup_supplement,/home/tslin/Documents/jupyter_data/anLi/machine_unlearning/orthogonal-concept-erasure/experiments/sequential_object_followup/outputs/sequential_oce_object_followup_v1
retain_once,W02,automobile,a photo of the automobile,139,181,images/experiment1_sequential_own_step/retain_once/W02/automobile/index_139_seed_181.png,automobile,truck,False,0.45119723677635193,delete-after-eval,7.432318670907989e-05,0.45119723677635193,0.00047940111835487187,0.0007779474835842848,0.0014677636791020632,0.003560298588126898,0.000357085868017748,0.00517641194164753,0.0021623524371534586,0.5347471237182617,new_followup_supplement,/home/tslin/Documents/jupyter_data/anLi/machine_unlearning/orthogonal-concept-erasure/experiments/sequential_object_followup/outputs/sequential_oce_object_followup_v1
retain_once,W02,automobile,a photo of the automobile,140,182,images/experiment1_sequential_own_step/retain_once/W02/automobile/index_140_seed_182.png,automobile,automobile,True,0.924325704574585,delete-after-eval,0.0028376588597893715,0.924325704574585,0.00034048903034999967,0.0015919493744149804,0.0006693666218779981,0.001343599404208362,2.1171535991015844e-05,0.0020103142596781254,0.02496524527668953,0.041894491761922836,new_followup_supplement,/home/tslin/Documents/jupyter_data/anLi/machine_unlearning/orthogonal-concept-erasure/experiments/sequential_object_followup/outputs/sequential_oce_object_followup_v1
retain_once,W02,automobile,a photo of the automobile,141,183,images/experiment1_sequential_own_step/retain_once/W02/automobile/index_141_seed_183.png,automobile,automobile,True,0.9119274616241455,delete-after-eval,2.719505937420763e-05,0.9119274616241455,7.976395863806829e-05,0.0001142934343079105,5.054058783571236e-05,0.0002845711715053767,3.7971163692418486e-05,0.000570337928365916,0.0011876485077664256,0.0857202410697937,new_followup_supplement,/home/tslin/Documents/jupyter_data/anLi/machine_unlearning/orthogonal-concept-erasure/experiments/sequential_object_followup/outputs/sequential_oce_object_followup_v1
retain_once,W02,automobile,a photo of the automobile,142,184,images/experiment1_sequential_own_step/retain_once/W02/automobile/index_142_seed_184.png,automobile,automobile,True,0.797796905040741,delete-after-eval,1.7269368981942534e-05,0.797796905040741,7.5128125899937e-05,7.383538468275219e-05,3.0060435165069066e-05,0.0003510363167151809,2.9353222998906858e-05,0.00037101650377735496,0.0002145494072465226,0.20104095339775085,new_followup_supplement,/home/tslin/Documents/jupyter_data/anLi/machine_unlearning/orthogonal-concept-erasure/experiments/sequential_object_followup/outputs/sequential_oce_object_followup_v1
retain_once,W02,automobile,a photo of the automobile,143,185,images/experiment1_sequential_own_step/retain_once/W02/automobile/index_143_seed_185.png,automobile,automobile,True,0.9936261177062988,delete-after-eval,6.831504379078979e-06,0.9936261177062988,4.298818021197803e-05,4.7669334890088066e-05,1.033991611620877e-05,0.00023429277644027025,3.13783239107579e-05,0.00048288979451172054,0.00022013799753040075,0.005297393538057804,new_followup_supplement,/home/tslin/Documents/jupyter_data/anLi/machine_unlearning/orthogonal-concept-erasure/experiments/sequential_object_followup/outputs/sequential_oce_object_followup_v1
retain_once,W02,automobile,a photo of the automobile,144,186,images/experiment1_sequential_own_step/retain_once/W02/automobile/index_144_seed_186.png,automobile,automobile,True,0.8792757391929626,delete-after-eval,0.0020258896984159946,0.8792757391929626,0.004284655209630728,0.004524548538029194,0.0008073108620010316,0.010968977585434914,0.0020946920849382877,0.023424576967954636,0.03369203954935074,0.03890153020620346,new_followup_supplement,/home/tslin/Documents/jupyter_data/anLi/machine_unlearning/orthogonal-concept-erasure/experiments/sequential_object_followup/outputs/sequential_oce_object_followup_v1
retain_once,W02,automobile,a photo of the automobile,145,187,images/experiment1_sequential_own_step/retain_once/W02/automobile/index_145_seed_187.png,automobile,automobile,True,0.7967609167098999,delete-after-eval,8.469657768728212e-05,0.7967609167098999,0.000565888884011656,0.0009888221975415945,0.0004218455869704485,0.0012948705116286874,7.206458394648507e-05,0.002453392371535301,0.001442162087187171,0.1959153264760971,new_followup_supplement,/home/tslin/Documents/jupyter_data/anLi/machine_unlearning/orthogonal-concept-erasure/experiments/sequential_object_followup/outputs/sequential_oce_object_followup_v1
retain_once,W02,automobile,a photo of the automobile,146,188,images/experiment1_sequential_own_step/retain_once/W02/automobile/index_146_seed_188.png,automobile,automobile,True,0.7903392910957336,delete-after-eval,6.739890523022041e-05,0.7903392910957336,0.00011625533807091415,0.00024165911599993706,6.347332964651287e-05,0.0005566867184825242,3.349182225065306e-05,0.0009314855560660362,0.0005180979496799409,0.20713207125663757,new_followup_supplement,/home/tslin/Documents/jupyter_data/anLi/machine_unlearning/orthogonal-concept-erasure/experiments/sequential_object_followup/outputs/sequential_oce_object_followup_v1
retain_once,W02,automobile,a photo of the automobile,147,189,images/experiment1_sequential_own_step/retain_once/W02/automobile/index_147_seed_189.png,automobile,automobile,True,0.7657561898231506,delete-after-eval,0.00014759378973394632,0.7657561898231506,0.002273104153573513,0.001458395621739328,0.0009295871714130044,0.003492268966510892,0.0008995940443128347,0.004141528159379959,0.004782496951520443,0.216119185090065,new_followup_supplement,/home/tslin/Documents/jupyter_data/anLi/machine_unlearning/orthogonal-concept-erasure/experiments/sequential_object_followup/outputs/sequential_oce_object_followup_v1
retain_once,W02,automobile,a photo of the automobile,148,190,images/experiment1_sequential_own_step/retain_once/W02/automobile/index_148_seed_190.png,automobile,automobile,True,0.8644905090332031,delete-after-eval,0.00016482929640915245,0.8644905090332031,0.0035396392922848463,0.0016251708148047328,0.00449721422046423,0.004691558890044689,0.0007199090323410928,0.004887111019343138,0.00323854829184711,0.11214551329612732,new_followup_supplement,/home/tslin/Documents/jupyter_data/anLi/machine_unlearning/orthogonal-concept-erasure/experiments/sequential_object_followup/outputs/sequential_oce_object_followup_v1
retain_once,W02,automobile,a photo of the automobile,149,191,images/experiment1_sequential_own_step/retain_once/W02/automobile/index_149_seed_191.png,automobile,automobile,True,0.6692919135093689,delete-after-eval,0.0002785133256111294,0.6692919135093689,0.0022385676857084036,0.0001597565715201199,0.0005240454920567572,0.002287226030603051,0.0002085885062115267,0.0027760076336562634,0.0006409812485799193,0.32159438729286194,new_followup_supplement,/home/tslin/Documents/jupyter_data/anLi/machine_unlearning/orthogonal-concept-erasure/experiments/sequential_object_followup/outputs/sequential_oce_object_followup_v1
retain_once,W02,automobile,a photo of the automobile,150,192,images/experiment1_sequential_own_step/retain_once/W02/automobile/index_150_seed_192.png,automobile,automobile,True,0.8104666471481323,delete-after-eval,0.0004872975405305624,0.8104666471481323,0.0013921986101195216,0.0005944031290709972,0.005237284116446972,0.0018069352954626083,0.001385996351018548,0.00213380204513669,0.00038942074752412736,0.17610609531402588,new_followup_supplement,/home/tslin/Documents/jupyter_data/anLi/machine_unlearning/orthogonal-concept-erasure/experiments/sequential_object_followup/outputs/sequential_oce_object_followup_v1
retain_once,W02,automobile,a photo of the automobile,151,193,images/experiment1_sequential_own_step/retain_once/W02/automobile/index_151_seed_193.png,automobile,automobile,True,0.5821660757064819,delete-after-eval,0.00011948255269089714,0.5821660757064819,0.001514327828772366,0.00255402154289186,0.0011281638871878386,0.003972447942942381,0.0002967171312775463,0.003958304412662983,0.0027473389636725187,0.40154314041137695,new_followup_supplement,/home/tslin/Documents/jupyter_data/anLi/machine_unlearning/orthogonal-concept-erasure/experiments/sequential_object_followup/outputs/sequential_oce_object_followup_v1
retain_once,W02,automobile,a photo of the automobile,152,194,images/experiment1_sequential_own_step/retain_once/W02/automobile/index_152_seed_194.png,automobile,truck,False,0.3956936001777649,delete-after-eval,0.0002375710173510015,0.3956936001777649,0.0014518500538542867,0.0005178340943530202,0.0005939340917393565,0.001337540103122592,0.0003322067786939442,0.004177583381533623,0.0017046977300196886,0.5939531326293945,new_followup_supplement,/home/tslin/Documents/jupyter_data/anLi/machine_unlearning/orthogonal-concept-erasure/experiments/sequential_object_followup/outputs/sequential_oce_object_followup_v1
retain_once,W02,automobile,a photo of the automobile,153,195,images/experiment1_sequential_own_step/retain_once/W02/automobile/index_153_seed_195.png,automobile,automobile,True,0.8714358806610107,delete-after-eval,0.001431514392606914,0.8714358806610107,0.011826686561107635,0.0032029394060373306,0.001586531987413764,0.005691795609891415,0.003962985705584288,0.0034487140364944935,0.004083756823092699,0.09332923591136932,new_followup_supplement,/home/tslin/Documents/jupyter_data/anLi/machine_unlearning/orthogonal-concept-erasure/experiments/sequential_object_followup/outputs/sequential_oce_object_followup_v1
retain_once,W02,automobile,a photo of the automobile,154,196,images/experiment1_sequential_own_step/retain_once/W02/automobile/index_154_seed_196.png,automobile,truck,False,0.01229296624660492,delete-after-eval,6.661497536697425e-06,0.01229296624660492,7.329084473894909e-05,3.646892582764849e-05,0.0001222663704538718,2.766625584627036e-05,3.803540676017292e-05,9.547940135234967e-05,6.969930836930871e-05,0.9872374534606934,new_followup_supplement,/home/tslin/Documents/jupyter_data/anLi/machine_unlearning/orthogonal-concept-erasure/experiments/sequential_object_followup/outputs/sequential_oce_object_followup_v1
retain_once,W02,automobile,a photo of the automobile,155,197,images/experiment1_sequential_own_step/retain_once/W02/automobile/index_155_seed_197.png,automobile,automobile,True,0.9140744209289551,delete-after-eval,0.00031474887509830296,0.9140744209289551,0.000941198377404362,0.0004553369653876871,0.0004387602675706148,0.0006725043058395386,0.0002643695625010878,0.0007933898014016449,0.003397547174245119,0.07864765077829361,new_followup_supplement,/home/tslin/Documents/jupyter_data/anLi/machine_unlearning/orthogonal-concept-erasure/experiments/sequential_object_followup/outputs/sequential_oce_object_followup_v1
retain_once,W02,automobile,a photo of the automobile,156,198,images/experiment1_sequential_own_step/retain_once/W02/automobile/index_156_seed_198.png,automobile,truck,False,0.16926953196525574,delete-after-eval,0.0015085827326402068,0.16926953196525574,0.0030213019344955683,0.0006537239532917738,0.005800653249025345,0.006076388992369175,0.0007731158402748406,0.017177969217300415,0.0014610312646254897,0.7942577004432678,new_followup_supplement,/home/tslin/Documents/jupyter_data/anLi/machine_unlearning/orthogonal-concept-erasure/experiments/sequential_object_followup/outputs/sequential_oce_object_followup_v1
retain_once,W02,automobile,a photo of the automobile,157,199,images/experiment1_sequential_own_step/retain_once/W02/automobile/index_157_seed_199.png,automobile,automobile,True,0.9938622713088989,delete-after-eval,4.842228372581303e-05,0.9938622713088989,4.809588790521957e-05,0.0001603142882231623,1.2145779692218639e-05,0.000239744404098019,0.0018015657551586628,5.803706881124526e-05,8.680052269482985e-05,0.003682470414787531,new_followup_supplement,/home/tslin/Documents/jupyter_data/anLi/machine_unlearning/orthogonal-concept-erasure/experiments/sequential_object_followup/outputs/sequential_oce_object_followup_v1
retain_once,W02,automobile,a photo of the automobile,158,200,images/experiment1_sequential_own_step/retain_once/W02/automobile/index_158_seed_200.png,automobile,automobile,True,0.8093469738960266,delete-after-eval,3.414489401620813e-05,0.8093469738960266,0.00010652939090505242,0.0005535758682526648,0.00027395106735639274,0.001013945322483778,6.265765841817483e-05,0.002982630394399166,0.0013247135793790221,0.18430088460445404,new_followup_supplement,/home/tslin/Documents/jupyter_data/anLi/machine_unlearning/orthogonal-concept-erasure/experiments/sequential_object_followup/outputs/sequential_oce_object_followup_v1
retain_once,W02,automobile,a photo of the automobile,159,201,images/experiment1_sequential_own_step/retain_once/W02/automobile/index_159_seed_201.png,automobile,automobile,True,0.8754351735115051,delete-after-eval,5.645779310725629e-05,0.8754351735115051,8.888921729521826e-05,0.0002996571420226246,1.7900776583701372e-05,0.00022465467918664217,6.700911762891337e-05,0.0004722854355350137,0.0036965846084058285,0.11964131146669388,new_followup_supplement,/home/tslin/Documents/jupyter_data/anLi/machine_unlearning/orthogonal-concept-erasure/experiments/sequential_object_followup/outputs/sequential_oce_object_followup_v1
retain_once,W02,automobile,a photo of the automobile,160,202,images/experiment1_sequential_own_step/retain_once/W02/automobile/index_160_seed_202.png,automobile,automobile,True,0.7687984108924866,delete-after-eval,0.0003968760138377547,0.7687984108924866,0.004083100240677595,0.0004364304186310619,0.0004992003086954355,0.0012753556948155165,0.0069264573976397514,0.002370330737903714,0.0011794841848313808,0.21403436362743378,new_followup_supplement,/home/tslin/Documents/jupyter_data/anLi/machine_unlearning/orthogonal-concept-erasure/experiments/sequential_object_followup/outputs/sequential_oce_object_followup_v1
retain_once,W02,automobile,a photo of the automobile,161,203,images/experiment1_sequential_own_step/retain_once/W02/automobile/index_161_seed_203.png,automobile,automobile,True,0.9907970428466797,delete-after-eval,3.714375998242758e-05,0.9907970428466797,4.2991880036424845e-05,0.00023822489310987294,3.301272226963192e-05,0.00027050444623455405,3.322991688037291e-05,0.00014575623208656907,9.316734212916344e-05,0.008308925665915012,new_followup_supplement,/home/tslin/Documents/jupyter_data/anLi/machine_unlearning/orthogonal-concept-erasure/experiments/sequential_object_followup/outputs/sequential_oce_object_followup_v1
retain_once,W02,automobile,a photo of the automobile,162,204,images/experiment1_sequential_own_step/retain_once/W02/automobile/index_162_seed_204.png,automobile,automobile,True,0.8942145705223083,delete-after-eval,0.00011356768663972616,0.8942145705223083,0.0009697377099655569,0.0005014158668927848,0.00025458497111685574,0.0019786949269473553,0.00029650560463778675,0.0010822766926139593,0.0008020829409360886,0.09978648275136948,new_followup_supplement,/home/tslin/Documents/jupyter_data/anLi/machine_unlearning/orthogonal-concept-erasure/experiments/sequential_object_followup/outputs/sequential_oce_object_followup_v1
retain_once,W02,automobile,a photo of the automobile,163,205,images/experiment1_sequential_own_step/retain_once/W02/automobile/index_163_seed_205.png,automobile,automobile,True,0.7023835778236389,delete-after-eval,0.0010537034831941128,0.7023835778236389,0.0012125599896535277,0.0017319729086011648,0.0005181781016290188,0.0023957479279488325,0.0013177412329241633,0.001633580424822867,0.0042747207917273045,0.28347811102867126,new_followup_supplement,/home/tslin/Documents/jupyter_data/anLi/machine_unlearning/orthogonal-concept-erasure/experiments/sequential_object_followup/outputs/sequential_oce_object_followup_v1
retain_once,W02,automobile,a photo of the automobile,164,206,images/experiment1_sequential_own_step/retain_once/W02/automobile/index_164_seed_206.png,automobile,automobile,True,0.5299676060676575,delete-after-eval,0.0009608272230252624,0.5299676060676575,0.002539296168833971,0.002542664296925068,0.0029963336419314146,0.006106578279286623,0.0009908564388751984,0.018835682421922684,0.01774071529507637,0.4173193871974945,new_followup_supplement,/home/tslin/Documents/jupyter_data/anLi/machine_unlearning/orthogonal-concept-erasure/experiments/sequential_object_followup/outputs/sequential_oce_object_followup_v1
retain_once,W02,automobile,a photo of the automobile,165,207,images/experiment1_sequential_own_step/retain_once/W02/automobile/index_165_seed_207.png,automobile,automobile,True,0.6824373602867126,delete-after-eval,0.0002005584246944636,0.6824373602867126,0.0004038283950649202,0.00013899855548515916,5.499290637089871e-05,0.00046321412082761526,0.0002051708725048229,0.0006189676932990551,0.0017127477331086993,0.31376418471336365,new_followup_supplement,/home/tslin/Documents/jupyter_data/anLi/machine_unlearning/orthogonal-concept-erasure/experiments/sequential_object_followup/outputs/sequential_oce_object_followup_v1
retain_once,W02,automobile,a photo of the automobile,166,208,images/experiment1_sequential_own_step/retain_once/W02/automobile/index_166_seed_208.png,automobile,automobile,True,0.5572134852409363,delete-after-eval,0.00012525804049801081,0.5572134852409363,0.0018645116360858083,0.0022865179926156998,0.0032512107864022255,0.004214600194245577,0.0008002845570445061,0.005739770829677582,0.003212708281353116,0.42129164934158325,new_followup_supplement,/home/tslin/Documents/jupyter_data/anLi/machine_unlearning/orthogonal-concept-erasure/experiments/sequential_object_followup/outputs/sequential_oce_object_followup_v1
retain_once,W02,automobile,a photo of the automobile,167,209,images/experiment1_sequential_own_step/retain_once/W02/automobile/index_167_seed_209.png,automobile,automobile,True,0.8672950863838196,delete-after-eval,4.7857309255050495e-05,0.8672950863838196,5.518143734661862e-05,0.00011801387154264376,2.1395682779257186e-05,0.00019374060502741486,4.397282827994786e-05,0.0002647175861056894,0.0007332140230573714,0.13122676312923431,new_followup_supplement,/home/tslin/Documents/jupyter_data/anLi/machine_unlearning/orthogonal-concept-erasure/experiments/sequential_object_followup/outputs/sequential_oce_object_followup_v1
retain_once,W02,automobile,a photo of the automobile,168,210,images/experiment1_sequential_own_step/retain_once/W02/automobile/index_168_seed_210.png,automobile,truck,False,0.12932807207107544,delete-after-eval,0.00014677649596706033,0.12932807207107544,7.866261148592457e-05,7.843652565497905e-05,0.0005370376748032868,0.0005047803279012442,2.8296375603531487e-05,0.0033146142959594727,0.0017565615708008409,0.8642266392707825,new_followup_supplement,/home/tslin/Documents/jupyter_data/anLi/machine_unlearning/orthogonal-concept-erasure/experiments/sequential_object_followup/outputs/sequential_oce_object_followup_v1
retain_once,W02,automobile,a photo of the automobile,169,211,images/experiment1_sequential_own_step/retain_once/W02/automobile/index_169_seed_211.png,automobile,automobile,True,0.9915999174118042,delete-after-eval,5.907054855924798e-06,0.9915999174118042,4.6529628889402375e-05,0.00011112149513792247,2.5618781364755705e-05,0.0006942571490071714,7.021416968200356e-05,0.0007015945157036185,9.532739204587415e-05,0.00664953887462616,new_followup_supplement,/home/tslin/Documents/jupyter_data/anLi/machine_unlearning/orthogonal-concept-erasure/experiments/sequential_object_followup/outputs/sequential_oce_object_followup_v1
retain_once,W02,automobile,a photo of the automobile,170,212,images/experiment1_sequential_own_step/retain_once/W02/automobile/index_170_seed_212.png,automobile,truck,False,0.13459128141403198,delete-after-eval,0.004693608731031418,0.13459128141403198,0.02018042653799057,0.014680829830467701,0.0070623429492115974,0.009125294163823128,0.0026709020603448153,0.03987589478492737,0.04522652179002762,0.7218928933143616,new_followup_supplement,/home/tslin/Documents/jupyter_data/anLi/machine_unlearning/orthogonal-concept-erasure/experiments/sequential_object_followup/outputs/sequential_oce_object_followup_v1
retain_once,W02,automobile,a photo of the automobile,171,213,images/experiment1_sequential_own_step/retain_once/W02/automobile/index_171_seed_213.png,automobile,automobile,True,0.5274022221565247,delete-after-eval,0.006674591451883316,0.5274022221565247,0.001115304185077548,0.0007484842208214104,0.0004895104211755097,0.003049283055588603,0.00017128619947470725,0.004051162861287594,0.09207242727279663,0.36422574520111084,new_followup_supplement,/home/tslin/Documents/jupyter_data/anLi/machine_unlearning/orthogonal-concept-erasure/experiments/sequential_object_followup/outputs/sequential_oce_object_followup_v1
retain_once,W02,automobile,a photo of the automobile,172,214,images/experiment1_sequential_own_step/retain_once/W02/automobile/index_172_seed_214.png,automobile,automobile,True,0.5171859264373779,delete-after-eval,0.00019091719877906144,0.5171859264373779,0.0010201714467257261,0.0007574722985737026,0.0009296317002736032,0.004200014751404524,0.00017912824114318937,0.015204085037112236,0.0034316740930080414,0.45690101385116577,new_followup_supplement,/home/tslin/Documents/jupyter_data/anLi/machine_unlearning/orthogonal-concept-erasure/experiments/sequential_object_followup/outputs/sequential_oce_object_followup_v1
retain_once,W02,automobile,a photo of the automobile,173,215,images/experiment1_sequential_own_step/retain_once/W02/automobile/index_173_seed_215.png,automobile,automobile,True,0.9512226581573486,delete-after-eval,2.987878178828396e-05,0.9512226581573486,7.601837569382042e-05,0.00013242308341432363,4.866370545641985e-06,0.00022440546308644116,6.259939254960045e-05,8.521468407707289e-05,5.4582142183789983e-05,0.04810740426182747,new_followup_supplement,/home/tslin/Documents/jupyter_data/anLi/machine_unlearning/orthogonal-concept-erasure/experiments/sequential_object_followup/outputs/sequential_oce_object_followup_v1
retain_once,W02,automobile,a photo of the automobile,174,216,images/experiment1_sequential_own_step/retain_once/W02/automobile/index_174_seed_216.png,automobile,automobile,True,0.6941725015640259,delete-after-eval,8.487044397043064e-05,0.6941725015640259,0.0007468709372915328,0.0014813834568485618,0.0005423512193374336,0.0020444553811103106,0.00019804798648692667,0.005354228429496288,0.0017203829484060407,0.2936548590660095,new_followup_supplement,/home/tslin/Documents/jupyter_data/anLi/machine_unlearning/orthogonal-concept-erasure/experiments/sequential_object_followup/outputs/sequential_oce_object_followup_v1
retain_once,W02,automobile,a photo of the automobile,175,217,images/experiment1_sequential_own_step/retain_once/W02/automobile/index_175_seed_217.png,automobile,automobile,True,0.9829645752906799,delete-after-eval,7.565339910797775e-05,0.9829645752906799,0.002651541493833065,0.00077522435458377,0.0005703142960555851,0.0035522920079529285,0.0002692458510864526,0.0033404126297682524,0.0008591449004597962,0.00494149187579751,new_followup_supplement,/home/tslin/Documents/jupyter_data/anLi/machine_unlearning/orthogonal-concept-erasure/experiments/sequential_object_followup/outputs/sequential_oce_object_followup_v1
retain_once,W02,automobile,a photo of the automobile,176,218,images/experiment1_sequential_own_step/retain_once/W02/automobile/index_176_seed_218.png,automobile,automobile,True,0.7812554836273193,delete-after-eval,0.13556130230426788,0.7812554836273193,0.0020196589175611734,0.003923999611288309,0.0002841581590473652,0.0032410884741693735,0.0003993865684606135,0.006795586086809635,0.04322085902094841,0.023298390209674835,new_followup_supplement,/home/tslin/Documents/jupyter_data/anLi/machine_unlearning/orthogonal-concept-erasure/experiments/sequential_object_followup/outputs/sequential_oce_object_followup_v1
retain_once,W02,automobile,a photo of the automobile,177,219,images/experiment1_sequential_own_step/retain_once/W02/automobile/index_177_seed_219.png,automobile,automobile,True,0.532590389251709,delete-after-eval,4.469787381822243e-05,0.532590389251709,0.00012647458061110228,0.00022021889162715524,5.4048443416832015e-05,0.0006773690693080425,0.00012046533083776012,0.0010357052087783813,0.0013981161173433065,0.46373245120048523,new_followup_supplement,/home/tslin/Documents/jupyter_data/anLi/machine_unlearning/orthogonal-concept-erasure/experiments/sequential_object_followup/outputs/sequential_oce_object_followup_v1
retain_once,W02,automobile,a photo of the automobile,178,220,images/experiment1_sequential_own_step/retain_once/W02/automobile/index_178_seed_220.png,automobile,truck,False,0.1829366385936737,delete-after-eval,0.0002712006389629096,0.1829366385936737,0.001617771340534091,0.00039943255251273513,0.0009113920968957245,0.0017874028999358416,0.0001320635201409459,0.002070562681183219,0.002412910107523203,0.8074606657028198,new_followup_supplement,/home/tslin/Documents/jupyter_data/anLi/machine_unlearning/orthogonal-concept-erasure/experiments/sequential_object_followup/outputs/sequential_oce_object_followup_v1
retain_once,W02,automobile,a photo of the automobile,179,221,images/experiment1_sequential_own_step/retain_once/W02/automobile/index_179_seed_221.png,automobile,truck,False,0.47639164328575134,delete-after-eval,0.0003648556594271213,0.47639164328575134,0.0019818448927253485,0.0010565647389739752,0.0010508409468457103,0.003878014860674739,0.0004459430347196758,0.008825105614960194,0.004193461965769529,0.5018118023872375,new_followup_supplement,/home/tslin/Documents/jupyter_data/anLi/machine_unlearning/orthogonal-concept-erasure/experiments/sequential_object_followup/outputs/sequential_oce_object_followup_v1
retain_once,W02,automobile,a photo of the automobile,180,222,images/experiment1_sequential_own_step/retain_once/W02/automobile/index_180_seed_222.png,automobile,automobile,True,0.6990966200828552,delete-after-eval,0.0007856875890865922,0.6990966200828552,0.0019843527115881443,0.0005785225075669587,0.0015985312638804317,0.003086843527853489,0.0002612493699416518,0.008511677384376526,0.0019181130919605494,0.28217843174934387,new_followup_supplement,/home/tslin/Documents/jupyter_data/anLi/machine_unlearning/orthogonal-concept-erasure/experiments/sequential_object_followup/outputs/sequential_oce_object_followup_v1
retain_once,W02,automobile,a photo of the automobile,181,223,images/experiment1_sequential_own_step/retain_once/W02/automobile/index_181_seed_223.png,automobile,automobile,True,0.9721026420593262,delete-after-eval,3.428534546401352e-05,0.9721026420593262,0.00025830045342445374,0.00029657987761311233,3.480301529634744e-05,0.0012944985646754503,0.00018523703329265118,0.00019545013492461294,8.911109762266278e-05,0.02550899051129818,new_followup_supplement,/home/tslin/Documents/jupyter_data/anLi/machine_unlearning/orthogonal-concept-erasure/experiments/sequential_object_followup/outputs/sequential_oce_object_followup_v1
retain_once,W02,automobile,a photo of the automobile,182,224,images/experiment1_sequential_own_step/retain_once/W02/automobile/index_182_seed_224.png,automobile,automobile,True,0.7953540682792664,delete-after-eval,0.0030876637902110815,0.7953540682792664,0.0006628775154240429,0.000769523554481566,0.00024896342074498534,0.005838651210069656,0.000838894338812679,0.007505561225116253,0.03672145679593086,0.14897243678569794,new_followup_supplement,/home/tslin/Documents/jupyter_data/anLi/machine_unlearning/orthogonal-concept-erasure/experiments/sequential_object_followup/outputs/sequential_oce_object_followup_v1
retain_once,W02,automobile,a photo of the automobile,183,225,images/experiment1_sequential_own_step/retain_once/W02/automobile/index_183_seed_225.png,automobile,truck,False,0.22442172467708588,delete-after-eval,0.0003584052319638431,0.22442172467708588,0.006063392385840416,0.0013831615215167403,0.004866509698331356,0.000771218677982688,0.0004493102605920285,0.023279519751667976,0.002956127282232046,0.7354506254196167,new_followup_supplement,/home/tslin/Documents/jupyter_data/anLi/machine_unlearning/orthogonal-concept-erasure/experiments/sequential_object_followup/outputs/sequential_oce_object_followup_v1
retain_once,W02,automobile,a photo of the automobile,184,226,images/experiment1_sequential_own_step/retain_once/W02/automobile/index_184_seed_226.png,automobile,automobile,True,0.7906097173690796,delete-after-eval,0.0032857873011380434,0.7906097173690796,0.012871974147856236,0.006878919433802366,0.0013418853050097823,0.005830507725477219,0.0002273053687531501,0.012263304553925991,0.03715858981013298,0.12953205406665802,new_followup_supplement,/home/tslin/Documents/jupyter_data/anLi/machine_unlearning/orthogonal-concept-erasure/experiments/sequential_object_followup/outputs/sequential_oce_object_followup_v1
retain_once,W02,automobile,a photo of the automobile,185,227,images/experiment1_sequential_own_step/retain_once/W02/automobile/index_185_seed_227.png,automobile,automobile,True,0.5751830339431763,delete-after-eval,5.685697396984324e-05,0.5751830339431763,0.0002051704504992813,0.0005908866878598928,0.0002320756611879915,0.001320974319241941,7.358568836934865e-05,0.0009864189196377993,0.002729966538026929,0.4186210334300995,new_followup_supplement,/home/tslin/Documents/jupyter_data/anLi/machine_unlearning/orthogonal-concept-erasure/experiments/sequential_object_followup/outputs/sequential_oce_object_followup_v1
retain_once,W02,automobile,a photo of the automobile,186,228,images/experiment1_sequential_own_step/retain_once/W02/automobile/index_186_seed_228.png,automobile,automobile,True,0.714040994644165,delete-after-eval,0.00011465731950011104,0.714040994644165,0.0010898237815126777,0.005508327390998602,0.0019466490484774113,0.009188591502606869,0.0003206310502719134,0.01327948272228241,0.006660895887762308,0.2478499412536621,new_followup_supplement,/home/tslin/Documents/jupyter_data/anLi/machine_unlearning/orthogonal-concept-erasure/experiments/sequential_object_followup/outputs/sequential_oce_object_followup_v1
retain_once,W02,automobile,a photo of the automobile,187,229,images/experiment1_sequential_own_step/retain_once/W02/automobile/index_187_seed_229.png,automobile,truck,False,0.009668948128819466,delete-after-eval,0.0001219034384121187,0.009668948128819466,9.789202158572152e-05,0.00011849455040646717,0.00024830905022099614,0.00013335741823539138,1.9898254322470166e-05,0.0027967127971351147,0.0005124081508256495,0.9862820506095886,new_followup_supplement,/home/tslin/Documents/jupyter_data/anLi/machine_unlearning/orthogonal-concept-erasure/experiments/sequential_object_followup/outputs/sequential_oce_object_followup_v1
retain_once,W02,automobile,a photo of the automobile,188,230,images/experiment1_sequential_own_step/retain_once/W02/automobile/index_188_seed_230.png,automobile,automobile,True,0.9882318377494812,delete-after-eval,7.023174111964181e-05,0.9882318377494812,0.00037465663626790047,0.00011879744124598801,0.00026653517852537334,0.0012664006790146232,0.00024698430206626654,0.000394794245949015,0.000670077046379447,0.008359664119780064,new_followup_supplement,/home/tslin/Documents/jupyter_data/anLi/machine_unlearning/orthogonal-concept-erasure/experiments/sequential_object_followup/outputs/sequential_oce_object_followup_v1
retain_once,W02,automobile,a photo of the automobile,189,231,images/experiment1_sequential_own_step/retain_once/W02/automobile/index_189_seed_231.png,automobile,automobile,True,0.9455881118774414,delete-after-eval,0.00024720371584407985,0.9455881118774414,0.00062534399330616,0.0003665012773126364,0.00010348691284889355,0.001455358462408185,0.0002732180873863399,0.0007692801300436258,0.0012666169786825776,0.04930483177304268,new_followup_supplement,/home/tslin/Documents/jupyter_data/anLi/machine_unlearning/orthogonal-concept-erasure/experiments/sequential_object_followup/outputs/sequential_oce_object_followup_v1
retain_once,W02,automobile,a photo of the automobile,190,232,images/experiment1_sequential_own_step/retain_once/W02/automobile/index_190_seed_232.png,automobile,automobile,True,0.9792646169662476,delete-after-eval,2.374983341724146e-05,0.9792646169662476,2.306127134943381e-05,4.208479731460102e-05,7.666213605261873e-06,0.00011899017408723012,3.6138819268671796e-05,0.0002627334324643016,0.0001871471176855266,0.02003386989235878,new_followup_supplement,/home/tslin/Documents/jupyter_data/anLi/machine_unlearning/orthogonal-concept-erasure/experiments/sequential_object_followup/outputs/sequential_oce_object_followup_v1
retain_once,W02,automobile,a photo of the automobile,191,233,images/experiment1_sequential_own_step/retain_once/W02/automobile/index_191_seed_233.png,automobile,truck,False,0.39557743072509766,delete-after-eval,0.00028758880216628313,0.39557743072509766,0.0016689194599166512,0.0017066012369468808,0.000660737685393542,0.005262018647044897,0.0006919534062035382,0.010312322527170181,0.001833715126849711,0.5819987654685974,new_followup_supplement,/home/tslin/Documents/jupyter_data/anLi/machine_unlearning/orthogonal-concept-erasure/experiments/sequential_object_followup/outputs/sequential_oce_object_followup_v1
retain_once,W02,automobile,a photo of the automobile,192,234,images/experiment1_sequential_own_step/retain_once/W02/automobile/index_192_seed_234.png,automobile,automobile,True,0.8329892158508301,delete-after-eval,5.127015174366534e-05,0.8329892158508301,0.00018838953110389411,0.00013518401829060167,1.965103547263425e-05,0.0003464359324425459,7.827641820767894e-05,0.0001249041670234874,0.0005472316988743842,0.1655193716287613,new_followup_supplement,/home/tslin/Documents/jupyter_data/anLi/machine_unlearning/orthogonal-concept-erasure/experiments/sequential_object_followup/outputs/sequential_oce_object_followup_v1
retain_once,W02,automobile,a photo of the automobile,193,235,images/experiment1_sequential_own_step/retain_once/W02/automobile/index_193_seed_235.png,automobile,automobile,True,0.7866902351379395,delete-after-eval,0.0006060503656044602,0.7866902351379395,0.004012655466794968,0.006384429521858692,0.0016832660185173154,0.003755654441192746,0.000669143395498395,0.00343915238045156,0.04436340555548668,0.1483960747718811,new_followup_supplement,/home/tslin/Documents/jupyter_data/anLi/machine_unlearning/orthogonal-concept-erasure/experiments/sequential_object_followup/outputs/sequential_oce_object_followup_v1
retain_once,W02,automobile,a photo of the automobile,194,236,images/experiment1_sequential_own_step/retain_once/W02/automobile/index_194_seed_236.png,automobile,automobile,True,0.6025132536888123,delete-after-eval,8.774209709372371e-05,0.6025132536888123,7.965820259414613e-05,0.00020003393001388758,4.852284109801985e-05,0.000346471177181229,0.00010330542136216536,0.0016595650231465697,0.0032035785261541605,0.3917578458786011,new_followup_supplement,/home/tslin/Documents/jupyter_data/anLi/machine_unlearning/orthogonal-concept-erasure/experiments/sequential_object_followup/outputs/sequential_oce_object_followup_v1
retain_once,W02,automobile,a photo of the automobile,195,237,images/experiment1_sequential_own_step/retain_once/W02/automobile/index_195_seed_237.png,automobile,automobile,True,0.8528127074241638,delete-after-eval,1.4888393707224168e-05,0.8528127074241638,0.0007111236336641014,0.0007591749308630824,0.0001381439797114581,0.0011097392998635769,0.0002929219917859882,0.0004496907349675894,0.00025191562599502504,0.14345969259738922,new_followup_supplement,/home/tslin/Documents/jupyter_data/anLi/machine_unlearning/orthogonal-concept-erasure/experiments/sequential_object_followup/outputs/sequential_oce_object_followup_v1
retain_once,W02,automobile,a photo of the automobile,196,238,images/experiment1_sequential_own_step/retain_once/W02/automobile/index_196_seed_238.png,automobile,automobile,True,0.8983849287033081,delete-after-eval,9.68998356256634e-05,0.8983849287033081,0.00014646055933553725,0.00017874933837447315,4.303851164877415e-05,0.00047156919026747346,6.037581988493912e-05,0.00016553541354369372,0.0009203057270497084,0.09953222423791885,new_followup_supplement,/home/tslin/Documents/jupyter_data/anLi/machine_unlearning/orthogonal-concept-erasure/experiments/sequential_object_followup/outputs/sequential_oce_object_followup_v1
retain_once,W02,automobile,a photo of the automobile,197,239,images/experiment1_sequential_own_step/retain_once/W02/automobile/index_197_seed_239.png,automobile,automobile,True,0.5964852571487427,delete-after-eval,4.646787419915199e-05,0.5964852571487427,0.0001534858311060816,0.0001767702924553305,9.672459418652579e-05,0.00046834489330649376,0.00025078500038944185,0.0016017463058233261,0.0013194592902436852,0.399400919675827,new_followup_supplement,/home/tslin/Documents/jupyter_data/anLi/machine_unlearning/orthogonal-concept-erasure/experiments/sequential_object_followup/outputs/sequential_oce_object_followup_v1
retain_once,W02,automobile,a photo of the automobile,198,240,images/experiment1_sequential_own_step/retain_once/W02/automobile/index_198_seed_240.png,automobile,automobile,True,0.938429594039917,delete-after-eval,2.8889389795949683e-05,0.938429594039917,0.00025977028417401016,0.000227582233492285,7.062820805003867e-05,0.0005965160671621561,9.052009409060702e-05,0.000590673997066915,0.0006121850456111133,0.05909371376037598,new_followup_supplement,/home/tslin/Documents/jupyter_data/anLi/machine_unlearning/orthogonal-concept-erasure/experiments/sequential_object_followup/outputs/sequential_oce_object_followup_v1
retain_once,W02,automobile,a photo of the automobile,199,241,images/experiment1_sequential_own_step/retain_once/W02/automobile/index_199_seed_241.png,automobile,truck,False,0.21983665227890015,delete-after-eval,7.116989581845701e-05,0.21983665227890015,9.226068505086005e-05,3.7413235986605287e-05,0.0001563971454743296,0.00024730159202590585,5.171171869733371e-05,0.0002449478197377175,0.0007797725265845656,0.7784823179244995,new_followup_supplement,/home/tslin/Documents/jupyter_data/anLi/machine_unlearning/orthogonal-concept-erasure/experiments/sequential_object_followup/outputs/sequential_oce_object_followup_v1
