representation,method,random_state,sample_index,description_id,description,true_concept,raw_cluster_id,hungarian_matched_predicted_concept,prediction_correct,x,y,explained_variance_ratio_pc1,explained_variance_ratio_pc2
eot,pca,not_applicable,0,slot_01__cat__r01__c001,A retractable-clawed mouser reveals a warm orange coat with white patches.,cat,7,cat,True,0.24006925523281097,0.11719571799039841,0.05665278807282448,0.04545968770980835
eot,pca,not_applicable,1,slot_01__dog__r01__c002,A panting ball retriever reveals a short golden coat with a pale chest.,dog,1,dog,True,0.3651512563228607,-0.13443447649478912,0.05665278807282448,0.04545968770980835
eot,pca,not_applicable,2,slot_01__fox__r02__c083,Warm russet fur beneath a pale throat defines a russet snowline hunter.,fox,3,rabbit,False,-0.024168800562620163,0.3532033860683441,0.05665278807282448,0.04545968770980835
eot,pca,not_applicable,3,slot_01__bear__r04__c242,Shaggy dark fur suited to cold woodland defines a towering honey seeker.,bear,2,bear,True,-0.08515454083681107,0.1725470870733261,0.05665278807282448,0.04545968770980835
eot,pca,not_applicable,4,slot_01__wolf__r01__c002,A layered gray coat with pale guard hairs defines a sharp-eared snow tracker.,wolf,4,wolf,True,0.2090511918067932,-0.0080515556037426,0.05665278807282448,0.04545968770980835
eot,pca,not_applicable,5,slot_01__rabbit__r12__c881,A softly lit meadow grazer shows a warm chestnut coat blending into meadow soil.,rabbit,3,rabbit,True,-0.13493658602237701,0.027825977653265,0.05665278807282448,0.04545968770980835
eot,pca,not_applicable,6,slot_01__deer__r07__c483,An antlered browser shows a spotted chestnut coat blending with leaf litter.,deer,0,deer,True,-0.22432950139045715,-0.07818800956010818,0.05665278807282448,0.04545968770980835
eot,pca,not_applicable,7,slot_01__horse__r01__c002,A saddle-trained trail companion shows a glossy chestnut coat beneath a dark mane.,horse,5,horse,True,0.15428847074508667,-0.26179632544517517,0.05665278807282448,0.04545968770980835
eot,pca,not_applicable,8,slot_02__cat__r01__c002,A long-whiskered home companion has a smooth black coat reflecting window light.,cat,7,cat,True,0.3756831884384155,0.20863164961338043,0.05665278807282448,0.04545968770980835
eot,pca,not_applicable,9,slot_02__dog__r01__c001,A floppy-eared home guardian shows white spotted hair across a sturdy back.,dog,7,cat,False,0.3225567042827606,-0.024758201092481613,0.05665278807282448,0.04545968770980835
eot,pca,not_applicable,10,slot_02__fox__r01__c005,Dense copper hair blending into autumn leaves defines a slender twilight forager.,fox,3,rabbit,False,-0.18272924423217773,0.14926795661449432,0.05665278807282448,0.04545968770980835
eot,pca,not_applicable,11,slot_02__bear__r01__c002,A heavy black coat covering broad shoulders identifies a towering honey seeker.,bear,2,bear,True,0.09355347603559494,0.035394929349422455,0.05665278807282448,0.04545968770980835
eot,pca,not_applicable,12,slot_02__wolf__r01__c002,A pale-muzzled pack sentinel reveals dense silver-brown fur suited to winter.,wolf,4,wolf,True,0.10144706815481186,-0.018429987132549286,0.05665278807282448,0.04545968770980835
eot,pca,not_applicable,13,slot_02__rabbit__r12__c882,A finely detailed garden nibbler shows smooth tan hair above a pale belly.,rabbit,3,rabbit,True,0.10366592556238174,0.14672240614891052,0.05665278807282448,0.04545968770980835
eot,pca,not_applicable,14,slot_02__deer__r02__c081,A branch-antlered visitor shows a smooth reddish-brown summer coat.,deer,0,deer,True,-0.12890516221523285,-0.03488461300730705,0.05665278807282448,0.04545968770980835
eot,pca,not_applicable,15,slot_02__horse__r01__c002,Smooth black hair with a white facial blaze defines a bridled stable companion.,horse,5,horse,True,0.27237576246261597,-0.03822120651602745,0.05665278807282448,0.04545968770980835
eot,pca,not_applicable,16,slot_03__cat__r05__c322,"Within a misty hillside, purring room-explorer demonstrates a smooth black coat reflecting window light.",cat,7,cat,True,0.05084303021430969,0.35118383169174194,0.05665278807282448,0.04545968770980835
eot,pca,not_applicable,17,slot_03__dog__r02__c082,"Within a patch of dense brush, wagging household-companion demonstrates a shaggy gray coat around the shoulders.",dog,7,cat,False,0.1569264829158783,0.019667433574795723,0.05665278807282448,0.04545968770980835
eot,pca,not_applicable,18,slot_03__fox__r02__c082,Red-coated woodland-hunter displays warm russet fur beneath a pale throat beside a rocky meadow.,fox,2,bear,False,-0.2818804979324341,0.10215306282043457,0.05665278807282448,0.04545968770980835
eot,pca,not_applicable,19,slot_03__bear__r01__c002,Thick cinnamon-colored hair across the torso distinguishes long-clawed wilderness-resident near a shaded woodland edge.,bear,2,bear,True,-0.20491717755794525,0.04171472787857056,0.05665278807282448,0.04545968770980835
eot,pca,not_applicable,20,slot_03__wolf__r04__c242,Broad-pawed northern pack tracker displays a layered gray coat with pale guard hairs beside scattered autumn leaves.,wolf,4,wolf,True,0.03055114485323429,-0.07258006185293198,0.05665278807282448,0.04545968770980835
eot,pca,not_applicable,21,slot_03__rabbit__r02__c082,"Beside a sunlit garden path, long-eared meadow grazer reveals velvety gray fur around a bright white tail.",rabbit,3,rabbit,True,0.008441593497991562,0.11352080851793289,0.05665278807282448,0.04545968770980835
eot,pca,not_applicable,22,slot_03__deer__r01__c003,Antlered woodland browser displays dark brown hair along a lighter throat patch beside a shaded woodland edge.,deer,0,deer,True,-0.3013325333595276,0.036099400371313095,0.05665278807282448,0.04545968770980835
eot,pca,not_applicable,23,slot_03__horse__r01__c004,Broad-chested stable resident displays smooth black hair with a white facial blaze beside a patch of dense brush.,horse,5,horse,True,-0.004096529446542263,-0.17654909193515778,0.05665278807282448,0.04545968770980835
eot,pca,not_applicable,24,slot_04__cat__r02__c082,"Beside a calm farmyard, purring room-explorer reveals dense velvet-like fur across the back; the viewpoint remains level.",cat,7,cat,True,0.05893299728631973,0.27178868651390076,0.05665278807282448,0.04545968770980835
eot,pca,not_applicable,25,slot_04__dog__r01__c002,"A clear view shows wet-nosed trail-helper with a shaggy gray coat around the shoulders, as ground contact stays clear.",dog,7,cat,False,0.28035733103752136,-0.04071156308054924,0.05665278807282448,0.04545968770980835
eot,pca,not_applicable,26,slot_04__fox__r01__c002,"Narrow-muzzled dusk-prowler becomes recognizable through warm russet fur beneath a pale throat, while the setting supports the behavior.",fox,6,fox,True,-0.027979329228401184,0.24248914420604706,0.05665278807282448,0.04545968770980835
eot,pca,not_applicable,27,slot_04__bear__r01__c001,"Round-eared timberland-giant carries a heavy black coat covering broad shoulders across a narrow riverside path; meanwhile, the viewpoint remains level.",bear,2,bear,True,-0.043635040521621704,-0.19908617436885834,0.05665278807282448,0.04545968770980835
eot,pca,not_applicable,28,slot_04__wolf__r01__c001,"Against an open grassy clearing, dense silver-brown fur suited to winter defines long-legged forest tracker; ground contact stays clear.",wolf,0,deer,False,-0.24462459981441498,0.03449235111474991,0.05665278807282448,0.04545968770980835
eot,pca,not_applicable,29,slot_04__rabbit__r04__c245,"Beside a shaded woodland edge, small hopping burrow forager reveals smooth tan hair above a pale belly; the setting supports the behavior.",rabbit,3,rabbit,True,-0.30982357263565063,0.14461642503738403,0.05665278807282448,0.04545968770980835
eot,pca,not_applicable,30,slot_04__deer__r01__c001,"Within a misty hillside, slender-legged forest grazer demonstrates coarse gray winter hair above a pale rump, where its full body stays visible.",deer,0,deer,True,-0.15762795507907867,-0.15913385152816772,0.05665278807282448,0.04545968770980835
eot,pca,not_applicable,31,slot_04__horse__r03__c161,"Warm bay coloring above dark lower legs distinguishes single-hoofed riding companion near a patch of dense brush, where soft light preserves surface detail.",horse,5,horse,True,0.02129010669887066,-0.26047539710998535,0.05665278807282448,0.04545968770980835
eot,pca,not_applicable,32,slot_05__cat__r01__c001,"Short gray hair patterned by faint bands distinguishes retractable-clawed climber near a patch of dense brush, where the setting supports the behavior.",cat,3,rabbit,False,-0.06747061759233475,-0.03028036653995514,0.05665278807282448,0.04545968770980835
eot,pca,not_applicable,33,slot_05__dog__r01__c002,"White spotted hair across a sturdy back distinguishes broad-pawed gate-watcher near a pale winter field, where the background preserves its outline.",dog,6,fox,False,0.07806264609098434,-0.12008917331695557,0.05665278807282448,0.04545968770980835
eot,pca,not_applicable,34,slot_05__fox__r02__c083,"A clear view shows bushy-tailed den-visitor with dense copper hair blending into autumn leaves, as the moment appears unstaged.",fox,3,rabbit,False,-0.19507578015327454,0.077089823782444,0.05665278807282448,0.04545968770980835
eot,pca,not_applicable,35,slot_05__bear__r01__c001,"A clear view shows thick-furred cave-sleeper with thick cinnamon-colored hair across the torso, as surrounding plants provide scale.",bear,2,bear,True,-0.14337970316410065,-0.05779730901122093,0.05665278807282448,0.04545968770980835
eot,pca,not_applicable,36,slot_05__wolf__r02__c082,"Deep-chested roaming predator carries a layered gray coat with pale guard hairs across a rocky meadow; meanwhile, the head and torso remain visible.",wolf,4,wolf,True,-0.0803070142865181,-0.23698194324970245,0.05665278807282448,0.04545968770980835
eot,pca,not_applicable,37,slot_05__rabbit__r04__c243,"Long-eared grassland nibbler becomes recognizable through a warm chestnut coat blending into meadow soil, while ground contact stays clear.",rabbit,3,rabbit,True,-0.22447292506694794,-0.028974425047636032,0.05665278807282448,0.04545968770980835
eot,pca,not_applicable,38,slot_05__deer__r04__c244,"Antlered split-hoofed woodland browser becomes recognizable through coarse gray winter hair above a pale rump, while surrounding plants provide scale.",deer,0,deer,True,-0.35856935381889343,-0.11339125782251358,0.05665278807282448,0.04545968770980835
eot,pca,not_applicable,39,slot_05__horse__r01__c002,"Tall long-faced grazer carries a pale golden coat beside a flowing cream mane across a sunlit garden path; meanwhile, the viewpoint remains level.",horse,5,horse,True,-0.08880690485239029,-0.15594391524791718,0.05665278807282448,0.04545968770980835
eot,pca,not_applicable,40,slot_06__cat__r01__c002,A striped household mouser reveals pointed ears above bright slit-shaped eyes.,cat,7,cat,True,0.25547417998313904,0.15166251361370087,0.05665278807282448,0.04545968770980835
eot,pca,not_applicable,41,slot_06__dog__r01__c002,A wet dark nose beneath gently folded ears marks a playful backyard digger.,dog,7,cat,False,0.2581343948841095,0.18302564322948456,0.05665278807282448,0.04545968770980835
eot,pca,not_applicable,42,slot_06__fox__r15__c1123,A sharp-eared orange hunter shows white cheeks and a long narrow snout.,fox,7,cat,False,0.1636093258857727,-0.029418975114822388,0.05665278807282448,0.04545968770980835
eot,pca,not_applicable,43,slot_06__bear__r04__c242,A round-eared forest giant has a wide pale muzzle beneath round listening ears.,bear,7,cat,False,0.060252271592617035,0.017436431720852852,0.05665278807282448,0.04545968770980835
eot,pca,not_applicable,44,slot_06__wolf__r01__c002,A social mountain predator has upright triangular ears above an elongated muzzle.,wolf,7,cat,False,0.137277290225029,0.16562235355377197,0.05665278807282448,0.04545968770980835
eot,pca,not_applicable,45,slot_06__rabbit__r01__c003,A long-eared ground forager has broad listening ears framing a compact face.,rabbit,3,rabbit,True,0.013095703907310963,0.029838016256690025,0.05665278807282448,0.04545968770980835
eot,pca,not_applicable,46,slot_06__deer__r01__c005,Branching antlers rising over alert dark eyes defines a white-tailed meadow grazer.,deer,0,deer,True,-0.15690366923809052,0.03423581272363663,0.05665278807282448,0.04545968770980835
eot,pca,not_applicable,47,slot_06__horse__r01__c002,A long face beneath mobile upright ears identifies a swift-maned field traveler.,horse,7,cat,False,0.22834007441997528,0.07098861783742905,0.05665278807282448,0.04545968770980835
eot,pca,not_applicable,48,slot_07__cat__r01__c001,A whiskered lap companion shows fine cheek whiskers below independently turning ears.,cat,7,cat,True,0.41516247391700745,0.2070644497871399,0.05665278807282448,0.04545968770980835
eot,pca,not_applicable,49,slot_07__dog__r01__c001,A long scenting muzzle beneath lifted ears identifies a leash-wearing companion.,dog,1,dog,True,0.40020275115966797,0.010705213062465191,0.05665278807282448,0.04545968770980835
eot,pca,not_applicable,50,slot_07__fox__r01__c001,A red-coated dusk hunter reveals fine whiskers surrounding a compact black nose.,fox,7,cat,False,0.18005120754241943,0.13043038547039032,0.05665278807282448,0.04545968770980835
eot,pca,not_applicable,51,slot_07__bear__r05__c325,A sensitive dark nose beyond a heavy face marks a thick-furred woodland giant.,bear,2,bear,True,-0.012932028621435165,0.11056241393089294,0.05665278807282448,0.04545968770980835
eot,pca,not_applicable,52,slot_07__wolf__r02__c082,A forest pack sentinel has a dark nose beyond a pale tapered muzzle.,wolf,4,wolf,True,0.06763032078742981,0.022450873628258705,0.05665278807282448,0.04545968770980835
eot,pca,not_applicable,53,slot_07__rabbit__r05__c324,A garden nibbler has soft cheeks below tall independently turning ears.,rabbit,7,cat,False,0.1703077256679535,0.23688115179538727,0.05665278807282448,0.04545968770980835
eot,pca,not_applicable,54,slot_07__deer__r01__c004,Large rotating ears above a long narrow face marks a large-eared woodland grazer.,deer,0,deer,True,-0.02062607742846012,-0.1799713671207428,0.05665278807282448,0.04545968770980835
eot,pca,not_applicable,55,slot_07__horse__r01__c004,A saddle-trained trail companion carries a long face beneath mobile upright ears.,horse,1,dog,False,0.33442023396492004,-0.1611001193523407,0.05665278807282448,0.04545968770980835
eot,pca,not_applicable,56,slot_08__cat__r01__c001,"Against low evening light, pointed ears above bright slit-shaped eyes defines purring room-explorer.",cat,7,cat,True,0.16827604174613953,0.4486733078956604,0.05665278807282448,0.04545968770980835
eot,pca,not_applicable,57,slot_08__dog__r01__c001,A wet dark nose beneath gently folded ears distinguishes leash-following walking-partner near a calm farmyard.,dog,1,dog,True,0.32234683632850647,0.03161275014281273,0.05665278807282448,0.04545968770980835
eot,pca,not_applicable,58,slot_08__fox__r11__c802,"A red woodland hunter reveals pointed ears, white cheeks, black whiskers, and a narrow muzzle at close range.",fox,7,cat,False,-0.009607678279280663,0.11272305250167847,0.05665278807282448,0.04545968770980835
eot,pca,not_applicable,59,slot_08__bear__r04__c244,A massive head narrowing toward a prominent nose distinguishes long-clawed wilderness-resident near a misty hillside.,bear,7,cat,False,-0.0011051894398406148,0.24492298066616058,0.05665278807282448,0.04545968770980835
eot,pca,not_applicable,60,slot_08__wolf__r04__c245,Amber eyes set in a broad gray face distinguishes large gray howling pack hunter near an open grassy clearing.,wolf,4,wolf,True,0.06573799252510071,0.05027470365166664,0.05665278807282448,0.04545968770980835
eot,pca,not_applicable,61,slot_08__rabbit__r02__c083,"Beside a sunlit garden path, compact meadow forager reveals very long upright ears above round side-set eyes.",rabbit,3,rabbit,True,-0.0991896390914917,0.23660936951637268,0.05665278807282448,0.04545968770980835
eot,pca,not_applicable,62,slot_08__deer__r01__c002,Spotted forest youngster becomes recognizable through a black nose at the end of a tapered muzzle near a quiet fence line.,deer,4,wolf,False,-0.10943640768527985,-0.11428981274366379,0.05665278807282448,0.04545968770980835
eot,pca,not_applicable,63,slot_08__horse__r01__c003,Tall long-faced grazer becomes recognizable through a forelock falling between attentive eyes near a calm farmyard.,horse,5,horse,True,0.03728555515408516,-0.1250968873500824,0.05665278807282448,0.04545968770980835
eot,pca,not_applicable,64,slot_09__cat__r01__c002,"A clear view shows striped hearthside-prowler with reflective eyes set in a compact whiskered face, as ground contact stays clear.",cat,6,fox,False,0.15153835713863373,0.20742438733577728,0.05665278807282448,0.04545968770980835
eot,pca,not_applicable,65,slot_09__dog__r01__c004,"Tongue-out family-companion displays round attentive eyes above a broad nose beside a sunlit garden path, while the posture remains natural.",dog,1,dog,True,0.08529632538557053,0.010301420465111732,0.05665278807282448,0.04545968770980835
eot,pca,not_applicable,66,slot_09__fox__r01__c002,"Beside a broad dirt trail, bushy-tailed den-visitor reveals white cheek markings beneath alert pointed ears; its full body stays visible.",fox,6,fox,True,-0.04974762722849846,0.09102339297533035,0.05665278807282448,0.04545968770980835
eot,pca,not_applicable,67,slot_09__bear__r08__c569,"Beneath soft overcast light, round-eared timberland-giant becomes recognizable through a massive head narrowing toward a prominent nose, while ground contact stays clear.",bear,6,fox,False,-0.0896335020661354,0.011311961337924004,0.05665278807282448,0.04545968770980835
eot,pca,not_applicable,68,slot_09__wolf__r02__c081,"A clear view shows sharp-eared snow traveler with a dark nose beyond a pale tapered muzzle, as the setting supports the behavior.",wolf,4,wolf,True,0.15843483805656433,-0.10818985104560852,0.05665278807282448,0.04545968770980835
eot,pca,not_applicable,69,slot_09__rabbit__r02__c085,"Very long upright ears above round side-set eyes distinguishes soft-coated burrow dweller near low evening light, where its full body stays visible.",rabbit,3,rabbit,True,0.09522626549005508,0.016394929960370064,0.05665278807282448,0.04545968770980835
eot,pca,not_applicable,70,slot_09__deer__r01__c001,"Split-hoofed trail visitor displays branching antlers rising over alert dark eyes beside a shaded woodland edge, while soft light preserves surface detail.",deer,0,deer,True,-0.3489581346511841,-0.22614827752113342,0.05665278807282448,0.04545968770980835
eot,pca,not_applicable,71,slot_09__horse__r01__c001,"A clear view shows saddle-trained trail companion with large dark eyes beside a broad soft muzzle, as surrounding plants provide scale.",horse,1,dog,False,0.09463580697774887,-0.25347259640693665,0.05665278807282448,0.04545968770980835
eot,pca,not_applicable,72,slot_10__cat__r01__c002,"Fine cheek whiskers below independently turning ears distinguishes whiskered house-prowler near a patch of dense brush, where the background preserves its outline.",cat,6,fox,False,0.12257304042577744,0.22061343491077423,0.05665278807282448,0.04545968770980835
eot,pca,not_applicable,73,slot_10__dog__r01__c002,"Within a rocky meadow, wagging household-companion demonstrates a long scenting muzzle beneath lifted ears, where the pose shows balanced proportions.",dog,1,dog,True,0.059867508709430695,-0.19447502493858337,0.05665278807282448,0.04545968770980835
eot,pca,not_applicable,74,slot_10__fox__r01__c002,"Red-coated woodland-hunter displays fine whiskers surrounding a compact black nose beside a shaded woodland edge, while the posture remains natural.",fox,0,deer,False,-0.060671620070934296,-0.08163177222013474,0.05665278807282448,0.04545968770980835
eot,pca,not_applicable,75,slot_10__bear__r09__c649,"While facing the open trail, powerful berry-gatherer becomes recognizable through a sensitive dark nose beyond a heavy face, while the background preserves its outline.",bear,2,bear,True,-0.1283053606748581,-0.08274256438016891,0.05665278807282448,0.04545968770980835
eot,pca,not_applicable,76,slot_10__wolf__r04__c241,"Broad-pawed northern pack tracker carries upright triangular ears above an elongated muzzle across soft morning light; meanwhile, the pose shows balanced proportions.",wolf,4,wolf,True,0.09367923438549042,-0.1604146659374237,0.05665278807282448,0.04545968770980835
eot,pca,not_applicable,77,slot_10__rabbit__r02__c081,"Within a quiet fence line, long-eared meadow grazer demonstrates large dark eyes and a split upper lip, where the posture remains natural.",rabbit,3,rabbit,True,-0.1452983319759369,-0.07201638072729111,0.05665278807282448,0.04545968770980835
eot,pca,not_applicable,78,slot_10__deer__r01__c002,"Antlered woodland browser carries a pale throat below a fine-boned woodland face across a calm farmyard; meanwhile, the viewpoint remains level.",deer,0,deer,True,-0.379520058631897,0.020148226991295815,0.05665278807282448,0.04545968770980835
eot,pca,not_applicable,79,slot_10__horse__r01__c002,"Against soft morning light, a forelock falling between attentive eyes defines long-maned pasture runner; ground contact stays clear.",horse,5,horse,True,-0.11095602065324783,-0.07975254207849503,0.05665278807282448,0.04545968770980835
eot,pca,not_applicable,80,slot_11__cat__r01__c007,A striped household mouser has quiet padded paws beneath flexible forelegs.,cat,7,cat,True,0.33682847023010254,0.23189833760261536,0.05665278807282448,0.04545968770980835
eot,pca,not_applicable,81,slot_11__dog__r01__c002,A panting ball retriever carries broad padded paws beneath sturdy running legs.,dog,1,dog,True,0.4091041088104248,-0.06489348411560059,0.05665278807282448,0.04545968770980835
eot,pca,not_applicable,82,slot_11__fox__r01__c001,A narrow-muzzled night prowler has small black feet beneath narrow lower legs.,fox,6,fox,True,0.26850876212120056,0.13817369937896729,0.05665278807282448,0.04545968770980835
eot,pca,not_applicable,83,slot_11__bear__r01__c004,A powerful berry gatherer carries thick muscular legs supporting deliberate steps.,bear,2,bear,True,0.036837704479694366,0.0396416038274765,0.05665278807282448,0.04545968770980835
eot,pca,not_applicable,84,slot_11__wolf__r04__c242,A bushy-tailed pack tracker shows dark padded feet supporting a steady trot.,wolf,4,wolf,True,0.1661757379770279,-0.19559167325496674,0.05665278807282448,0.04545968770980835
eot,pca,not_applicable,85,slot_11__rabbit__r01__c002,A hind-legged field nibbler shows oversized hind feet behind small front paws.,rabbit,7,cat,False,0.30441421270370483,-0.13678093254566193,0.05665278807282448,0.04545968770980835
eot,pca,not_applicable,86,slot_11__deer__r01__c001,A split-hoofed forest visitor reveals small cloven feet beneath lean brown limbs.,deer,0,deer,True,-0.14850325882434845,-0.024029726162552834,0.05665278807282448,0.04545968770980835
eot,pca,not_applicable,87,slot_11__horse__r01__c002,A saddle-trained trail companion reveals long lower legs ending in single hard hooves.,horse,5,horse,True,0.2591817378997803,-0.2880230247974396,0.05665278807282448,0.04545968770980835
eot,pca,not_applicable,88,slot_12__cat__r01__c005,A long balancing tail behind springing hind legs defines an upright-tailed lap companion.,cat,7,cat,True,0.339590460062027,0.006699089426547289,0.05665278807282448,0.04545968770980835
eot,pca,not_applicable,89,slot_12__dog__r02__c082,A broad-pawed walking partner carries straight forelegs supporting a ready stance.,dog,1,dog,True,0.408269464969635,-0.282935231924057,0.05665278807282448,0.04545968770980835
eot,pca,not_applicable,90,slot_12__fox__r02__c081,A bushy-tailed den visitor has dark lower legs ending in light quick paws.,fox,7,cat,False,0.19948476552963257,0.19770856201648712,0.05665278807282448,0.04545968770980835
eot,pca,not_applicable,91,slot_12__bear__r02__c082,A bulky streamside fisher has heavy hind limbs behind a very short tail.,bear,2,bear,True,0.18073928356170654,-0.034433964639902115,0.05665278807282448,0.04545968770980835
eot,pca,not_applicable,92,slot_12__wolf__r04__c243,A wild gray pack hunter carries a low bushy tail behind powerful hindquarters.,wolf,4,wolf,True,0.15365180373191833,-0.07188904285430908,0.05665278807282448,0.04545968770980835
eot,pca,not_applicable,93,slot_12__rabbit__r04__c243,Powerful folded rear legs beneath a round body defines a long-eared grazer.,rabbit,7,cat,False,0.1538386046886444,0.06407362967729568,0.05665278807282448,0.04545968770980835
eot,pca,not_applicable,94,slot_12__deer__r02__c081,A branch-antlered visitor reveals slender legs ending in dark split hooves.,deer,0,deer,True,-0.125295490026474,-0.028143784031271935,0.05665278807282448,0.04545968770980835
eot,pca,not_applicable,95,slot_12__horse__r01__c002,A flowing tail behind powerful hindquarters is visible on a bridled stable companion.,horse,5,horse,True,0.2870166599750519,-0.32340434193611145,0.05665278807282448,0.04545968770980835
eot,pca,not_applicable,96,slot_13__cat__r02__c082,Whiskered house-prowler displays small rounded feet placed in a narrow walking line beside low evening light.,cat,6,fox,False,0.1485500931739807,0.3844568729400635,0.05665278807282448,0.04545968770980835
eot,pca,not_applicable,97,slot_13__dog__r01__c002,Straight forelegs supporting a ready stance distinguishes tongue-out family-companion near a calm farmyard.,dog,1,dog,True,0.19389936327934265,-0.038610249757766724,0.05665278807282448,0.04545968770980835
eot,pca,not_applicable,98,slot_13__fox__r01__c002,"Within soft morning light, amber-eyed meadow-prowler demonstrates slender springing limbs suited to sudden pounces.",fox,3,rabbit,False,-0.08017558604478836,0.32562363147735596,0.05665278807282448,0.04545968770980835
eot,pca,not_applicable,99,slot_13__bear__r01__c004,Long curved claws extending beyond dark toe pads distinguishes round-eared timberland-giant near a shaded woodland edge.,bear,2,bear,True,-0.20668411254882812,0.029942449182271957,0.05665278807282448,0.04545968770980835
eot,pca,not_applicable,100,slot_13__wolf__r03__c161,Gray pack hunter displays large snow-spreading feet and straight forelegs beside a narrow riverside path.,wolf,4,wolf,True,0.06094106286764145,-0.15990862250328064,0.05665278807282448,0.04545968770980835
eot,pca,not_applicable,101,slot_13__rabbit__r05__c321,"Within an open grassy clearing, twitch-nosed clover nibbler demonstrates long hind limbs prepared for sudden bounds.",rabbit,3,rabbit,True,-0.04747316241264343,0.12403883039951324,0.05665278807282448,0.04545968770980835
eot,pca,not_applicable,102,slot_13__deer__r01__c002,"Beside a broad dirt trail, branch-antlered woodland traveler reveals long delicate forelegs built for quiet stepping.",deer,0,deer,True,-0.29677438735961914,0.018640778958797455,0.05665278807282448,0.04545968770980835
eot,pca,not_applicable,103,slot_13__horse__r01__c002,Swift-maned open-field runner carries muscular legs with dark hair above each hoof across a narrow riverside path.,horse,5,horse,True,0.17778678238391876,-0.1922750324010849,0.05665278807282448,0.04545968770980835
eot,pca,not_applicable,104,slot_14__cat__r01__c001,"Beside a misty hillside, pointed-eared lap-companion reveals curved retractable claws hidden above soft toe pads; nearby tracks indicate scale.",cat,6,fox,False,-0.04598696157336235,0.11321820318698883,0.05665278807282448,0.04545968770980835
eot,pca,not_applicable,105,slot_14__dog__r01__c001,"Collar-wearing yard-guardian carries a wagging tail extending from strong hindquarters across a patch of dense brush; meanwhile, the viewpoint remains level.",dog,1,dog,True,0.002675645751878619,-0.08524025231599808,0.05665278807282448,0.04545968770980835
eot,pca,not_applicable,106,slot_14__fox__r01__c002,"Narrow-muzzled dusk-prowler carries small black feet beneath narrow lower legs across a pale winter field; meanwhile, soft light preserves surface detail.",fox,6,fox,True,-0.043290652334690094,0.11361740529537201,0.05665278807282448,0.04545968770980835
eot,pca,not_applicable,107,slot_14__bear__r04__c241,"Within a shaded woodland edge, thick-furred cave-sleeper demonstrates thick muscular legs supporting deliberate steps, where the setting supports the behavior.",bear,2,bear,True,-0.10727635025978088,-0.12005472928285599,0.05665278807282448,0.04545968770980835
eot,pca,not_applicable,108,slot_14__wolf__r04__c245,"Thick-coated howling sentinel carries large snow-spreading feet and straight forelegs across soft morning light; meanwhile, its full body stays visible.",wolf,4,wolf,True,-0.061219099909067154,0.06104550138115883,0.05665278807282448,0.04545968770980835
eot,pca,not_applicable,109,slot_14__rabbit__r01__c001,"Soft-coated burrow dweller displays powerful folded rear legs beneath a round body beside a sunlit garden path, while soft light preserves surface detail.",rabbit,3,rabbit,True,0.0012839928967878222,0.0470564104616642,0.05665278807282448,0.04545968770980835
eot,pca,not_applicable,110,slot_14__deer__r01__c001,"A clear view shows slender-legged forest grazer with a raised white tail above springing hind legs, as surrounding plants provide scale.",deer,0,deer,True,-0.1347118765115738,-0.2162362039089203,0.05665278807282448,0.04545968770980835
eot,pca,not_applicable,111,slot_14__horse__r01__c003,"Single-hoofed riding companion displays long lower legs ending in single hard hooves beside a patch of dense brush, while the viewpoint remains level.",horse,5,horse,True,0.026315877214074135,-0.383042573928833,0.05665278807282448,0.04545968770980835
eot,pca,not_applicable,112,slot_15__cat__r03__c162,"Against scattered autumn leaves, curved retractable claws hidden above soft toe pads defines striped hearthside-prowler; the pose shows balanced proportions.",cat,6,fox,False,0.020364781841635704,0.09015432000160217,0.05665278807282448,0.04545968770980835
eot,pca,not_applicable,113,slot_15__dog__r01__c003,"Within a rocky meadow, floppy-eared home-guardian demonstrates a wagging tail extending from strong hindquarters, where nearby tracks indicate scale.",dog,1,dog,True,0.07143957912921906,-0.1919882744550705,0.05665278807282448,0.04545968770980835
eot,pca,not_applicable,114,slot_15__fox__r01__c001,"Sharp-eared field-stalker becomes recognizable through slender springing limbs suited to sudden pounces, while the background preserves its outline.",fox,0,deer,False,-0.12114999443292618,-0.01219542883336544,0.05665278807282448,0.04545968770980835
eot,pca,not_applicable,115,slot_15__bear__r02__c081,"Massive front feet planted across rough ground distinguishes powerful berry-gatherer near a shallow stream bank, where the pose shows balanced proportions.",bear,2,bear,True,-0.22567030787467957,-0.12599782645702362,0.05665278807282448,0.04545968770980835
eot,pca,not_applicable,116,slot_15__wolf__r04__c246,"Broad-pawed northern pack tracker displays broad paws beneath long endurance-built legs beside a broad dirt trail, while nearby tracks indicate scale.",wolf,4,wolf,True,0.08994682133197784,-0.27864521741867065,0.05665278807282448,0.04545968770980835
eot,pca,not_applicable,117,slot_15__rabbit__r04__c243,"Long-eared grassland nibbler carries long hind limbs prepared for sudden bounds across low evening light; meanwhile, its full body stays visible.",rabbit,6,fox,False,-0.15218763053417206,0.05195026099681854,0.05665278807282448,0.04545968770980835
eot,pca,not_applicable,118,slot_15__deer__r01__c003,"Split-hoofed trail visitor carries a raised white tail above springing hind legs across a calm farmyard; meanwhile, soft light preserves surface detail.",deer,5,horse,False,-0.03462710604071617,-0.2464343160390854,0.05665278807282448,0.04545968770980835
eot,pca,not_applicable,119,slot_15__horse__r01__c002,"A sweeping tail balancing four narrow hooves distinguishes tall long-faced grazer near a weathered wooden gate, where the setting supports the behavior.",horse,5,horse,True,0.04978986084461212,-0.3128295838832855,0.05665278807282448,0.04545968770980835
eot,pca,not_applicable,120,slot_16__cat__r01__c002,A striped household mouser carries a compact low torso with a flexible spine.,cat,7,cat,True,0.2616748809814453,0.13330452144145966,0.05665278807282448,0.04545968770980835
eot,pca,not_applicable,121,slot_16__dog__r01__c003,A tail-wagging family companion carries strong shoulders above an athletic household silhouette.,dog,1,dog,True,0.35891926288604736,-0.0013677378883585334,0.05665278807282448,0.04545968770980835
eot,pca,not_applicable,122,slot_16__fox__r04__c246,A light elongated frame beneath a full tail marks a russet snowline hunter.,fox,3,rabbit,False,0.08315060287714005,0.20769356191158295,0.05665278807282448,0.04545968770980835
eot,pca,not_applicable,123,slot_16__bear__r01__c003,A broad-pawed wilderness forager has a towering woodland silhouette built for strength.,bear,2,bear,True,-0.1468203216791153,0.09571794420480728,0.05665278807282448,0.04545968770980835
eot,pca,not_applicable,124,slot_16__wolf__r05__c321,Powerful shoulders narrowing toward the flanks defines a howling snow hunter.,wolf,4,wolf,True,0.1183585450053215,0.13509580492973328,0.05665278807282448,0.04545968770980835
eot,pca,not_applicable,125,slot_16__rabbit__r02__c082,A burrow resident carries a lightweight frame with prominent folded haunches.,rabbit,3,rabbit,True,0.13766247034072876,0.02936662547290325,0.05665278807282448,0.04545968770980835
eot,pca,not_applicable,126,slot_16__deer__r01__c004,An antlered woodland browser shows an athletic herd grazer with a deep chest.,deer,0,deer,True,-0.18188010156154633,-0.14352482557296753,0.05665278807282448,0.04545968770980835
eot,pca,not_applicable,127,slot_16__horse__r01__c001,A muscular farmyard runner carries a powerful hindquarter line beneath the saddle area.,horse,5,horse,True,0.27157288789749146,-0.3227805197238922,0.05665278807282448,0.04545968770980835
eot,pca,not_applicable,128,slot_17__cat__r01__c002,A lightweight household frame and narrow shoulders identifies a purring house prowler.,cat,7,cat,True,0.35006576776504517,0.3118354082107544,0.05665278807282448,0.04545968770980835
eot,pca,not_applicable,129,slot_17__dog__r01__c004,A panting ball retriever shows a sturdy medium frame with a broad chest.,dog,1,dog,True,0.39375215768814087,-0.1740218997001648,0.05665278807282448,0.04545968770980835
eot,pca,not_applicable,130,slot_17__fox__r15__c1121,A slender red hunter carries a huge bushy tail with a bright white tip.,fox,7,cat,False,0.11349102109670639,0.02353552356362343,0.05665278807282448,0.04545968770980835
eot,pca,not_applicable,131,slot_17__bear__r02__c081,A round-eared forest giant shows a massive torso rising over powerful shoulders.,bear,2,bear,True,-0.08635272085666656,-0.1056414321064949,0.05665278807282448,0.04545968770980835
eot,pca,not_applicable,132,slot_17__wolf__r09__c643,A sturdy wild gray pack hunter shows a tall athletic silhouette heavier than a yard companion.,wolf,4,wolf,True,0.16923655569553375,-0.13315412402153015,0.05665278807282448,0.04545968770980835
eot,pca,not_applicable,133,slot_17__rabbit__r07__c482,A garden nibbler shows a small pear-shaped silhouette and short neck.,rabbit,3,rabbit,True,0.1749490350484848,0.010389377363026142,0.05665278807282448,0.04545968770980835
eot,pca,not_applicable,134,slot_17__deer__r04__c241,A lean woodland frame with a short tail identifies a split-hoofed grazer.,deer,5,horse,False,0.019277717918157578,-0.2657562494277954,0.05665278807282448,0.04545968770980835
eot,pca,not_applicable,135,slot_17__horse__r05__c326,A long-faced grazer shows a powerful hindquarter line beneath the saddle area.,horse,5,horse,True,0.24579527974128723,-0.3837975561618805,0.05665278807282448,0.04545968770980835
eot,pca,not_applicable,136,slot_18__cat__r03__c163,"Beside low evening light, striped hearthside-prowler reveals a lightweight household frame and narrow shoulders.",cat,6,fox,False,0.11038222908973694,0.3832252621650696,0.05665278807282448,0.04545968770980835
eot,pca,not_applicable,137,slot_18__dog__r01__c001,Leash-following walking-partner displays a sturdy medium frame with a broad chest beside a narrow riverside path.,dog,1,dog,True,0.3399496078491211,-0.19459612667560577,0.05665278807282448,0.04545968770980835
eot,pca,not_applicable,138,slot_18__fox__r04__c243,Orange-chested hedgerow-stalker displays a small woodland silhouette built for quick turns beside soft morning light.,fox,3,rabbit,False,-0.3194639980792999,0.21661756932735443,0.05665278807282448,0.04545968770980835
eot,pca,not_applicable,139,slot_18__bear__r02__c083,"Beside a quiet fence line, towering honey-seeker reveals a massive torso rising over powerful shoulders.",bear,2,bear,True,-0.035460080951452255,0.06953635066747665,0.05665278807282448,0.04545968770980835
eot,pca,not_applicable,140,slot_18__wolf__r04__c243,Thick-coated howling sentinel becomes recognizable through powerful shoulders narrowing toward the flanks near a shallow stream bank.,wolf,4,wolf,True,-0.10166774690151215,-0.016764674335718155,0.05665278807282448,0.04545968770980835
eot,pca,not_applicable,141,slot_18__rabbit__r01__c001,White-tailed garden visitor carries a compact rounded body held close to the ground across a patch of dense brush.,rabbit,3,rabbit,True,-0.07518678158521652,-0.0005763840163126588,0.05665278807282448,0.04545968770980835
eot,pca,not_applicable,142,slot_18__deer__r01__c001,"Against a rocky meadow, a tall narrow torso on unusually slender legs defines large-eared woodland browser.",deer,0,deer,True,-0.19820445775985718,0.06079162284731865,0.05665278807282448,0.04545968770980835
eot,pca,not_applicable,143,slot_18__horse__r01__c002,"Against a misty hillside, a high-shouldered silhouette above slender lower legs defines powerful paddock runner.",horse,5,horse,True,0.04664437845349312,-0.04898345470428467,0.05665278807282448,0.04545968770980835
eot,pca,not_applicable,144,slot_19__cat__r01__c002,"Beside a misty hillside, striped hearthside-prowler reveals a rounded chest tapering toward agile hindquarters; its full body stays visible.",cat,6,fox,False,-0.05054108053445816,0.18899236619472504,0.05665278807282448,0.04545968770980835
eot,pca,not_applicable,145,slot_19__dog__r01__c001,"Against scattered autumn leaves, a balanced torso built for running beside people defines floppy-eared home-guardian; ground contact stays clear.",dog,1,dog,True,0.020903144031763077,-0.007033210247755051,0.05665278807282448,0.04545968770980835
eot,pca,not_applicable,146,slot_19__fox__r02__c081,"A clear view shows bushy-tailed den-visitor with a small woodland silhouette built for quick turns, as the setting supports the behavior.",fox,3,rabbit,False,-0.17404088377952576,0.008664184249937534,0.05665278807282448,0.04545968770980835
eot,pca,not_applicable,147,slot_19__bear__r03__c162,"Long-clawed wilderness-resident carries a massive torso rising over powerful shoulders across a shaded woodland edge; meanwhile, the background preserves its outline.",bear,2,bear,True,-0.2542455196380615,-0.1520983725786209,0.05665278807282448,0.04545968770980835
eot,pca,not_applicable,148,slot_19__wolf__r04__c243,"Within a patch of dense brush, wild gray pack predator demonstrates a rangy body built for sustained travel, where the moment appears unstaged.",wolf,4,wolf,True,-0.1606983244419098,-0.022943904623389244,0.05665278807282448,0.04545968770980835
eot,pca,not_applicable,149,slot_19__rabbit__r01__c003,"Within a rocky meadow, short-tailed garden browser demonstrates a compact rounded body held close to the ground, where nearby tracks indicate scale.",rabbit,3,rabbit,True,-0.09991860389709473,-0.15245632827281952,0.05665278807282448,0.04545968770980835
eot,pca,not_applicable,150,slot_19__deer__r01__c002,"A clear view shows alert brown forest browser with a long-necked body balanced above fine limbs, as the head and torso remain visible.",deer,0,deer,True,-0.20007315278053284,-0.16536130011081696,0.05665278807282448,0.04545968770980835
eot,pca,not_applicable,151,slot_19__horse__r01__c003,"A clear view shows upright-eared pasture grazer with a tall deep-chested body with a long neck, as ground contact stays clear.",horse,5,horse,True,-0.026907136663794518,-0.31238311529159546,0.05665278807282448,0.04545968770980835
eot,pca,not_applicable,152,slot_20__cat__r01__c002,"Whiskered house-prowler displays a neatly proportioned body suited to tight indoor spaces beside a calm farmyard, while the posture remains natural.",cat,6,fox,False,0.13046322762966156,0.20808391273021698,0.05665278807282448,0.04545968770980835
eot,pca,not_applicable,153,slot_20__dog__r01__c002,"A clear view shows wagging household-companion with a solid companion-sized body carried on four even legs, as the head and torso remain visible.",dog,1,dog,True,0.25798192620277405,-0.25977277755737305,0.05665278807282448,0.04545968770980835
eot,pca,not_applicable,154,slot_20__fox__r07__c484,"Orange-chested hedgerow-stalker becomes recognizable through a graceful ground-hugging body with delicate proportions, while soft light preserves surface detail.",fox,3,rabbit,False,-0.2915172278881073,0.08523646742105484,0.05665278807282448,0.04545968770980835
eot,pca,not_applicable,155,slot_20__bear__r02__c082,"A massive torso rising over powerful shoulders distinguishes round-eared timberland-giant near a shallow stream bank, where nearby tracks indicate scale.",bear,2,bear,True,-0.22513118386268616,-0.19074970483779907,0.05665278807282448,0.04545968770980835
eot,pca,not_applicable,156,slot_20__wolf__r04__c245,"Bushy-tailed mountain pack tracker becomes recognizable through a rangy body built for sustained travel, while the head and torso remain visible.",wolf,4,wolf,True,0.07107944786548615,-0.21592728793621063,0.05665278807282448,0.04545968770980835
eot,pca,not_applicable,157,slot_20__rabbit__r04__c248,"Long-eared grassland nibbler displays a low oval profile ending in a tiny tail beside a shallow stream bank, while the pose shows balanced proportions.",rabbit,3,rabbit,True,-0.03504868596792221,-0.15505725145339966,0.05665278807282448,0.04545968770980835
eot,pca,not_applicable,158,slot_20__deer__r01__c001,"Within a misty hillside, branch-antlered woodland traveler demonstrates a lean woodland frame with a short tail, where nearby tracks indicate scale.",deer,0,deer,True,-0.3968094289302826,-0.17281271517276764,0.05665278807282448,0.04545968770980835
eot,pca,not_applicable,159,slot_20__horse__r01__c004,"Against soft morning light, a powerful hindquarter line beneath the saddle area defines flowing-tailed field grazer; the head and torso remain visible.",horse,5,horse,True,0.06024632975459099,-0.20286862552165985,0.05665278807282448,0.04545968770980835
eot,pca,not_applicable,160,slot_21__cat__r01__c001,A retractable-clawed mouser has the floor before springing onto furniture.,cat,7,cat,True,0.3092205226421356,0.2054676115512848,0.05665278807282448,0.04545968770980835
eot,pca,not_applicable,161,slot_21__dog__r02__c082,A footpath while pulling lightly against a leash identifies a collared gate watcher.,dog,1,dog,True,0.3517568111419678,-0.26444998383522034,0.05665278807282448,0.04545968770980835
eot,pca,not_applicable,162,slot_21__fox__r01__c003,A sharp-eared field stalker has woodland cover using a low cautious trot.,fox,2,bear,False,0.025665029883384705,-0.05647781491279602,0.05665278807282448,0.04545968770980835
eot,pca,not_applicable,163,slot_21__bear__r02__c081,A heavy-pawed mountain roamer carries a fallen trunk through surprising climbing strength.,bear,2,bear,True,0.06721694767475128,-0.02900967188179493,0.05665278807282448,0.04545968770980835
eot,pca,not_applicable,164,slot_21__wolf__r05__c321,A bushy-tailed pack tracker has silent stepping between closely spaced pines.,wolf,4,wolf,True,0.013891534879803658,-0.006925051100552082,0.05665278807282448,0.04545968770980835
eot,pca,not_applicable,165,slot_21__rabbit__r04__c244,Small cautious hops followed by complete stillness identifies a velvet-eared browser.,rabbit,7,cat,False,0.14679084718227386,0.2356656789779663,0.05665278807282448,0.04545968770980835
eot,pca,not_applicable,166,slot_21__deer__r01__c002,High bounding leaps across fallen woodland branches marks a large-eared woodland grazer.,deer,0,deer,True,-0.20741376280784607,-0.025862781330943108,0.05665278807282448,0.04545968770980835
eot,pca,not_applicable,167,slot_21__horse__r01__c001,A collected trot around the training ring defines a flowing-tailed field grazer.,horse,5,horse,True,0.16913045942783356,-0.13075950741767883,0.05665278807282448,0.04545968770980835
eot,pca,not_applicable,168,slot_22__cat__r01__c002,A long-whiskered home companion reveals the room with a low stalking posture.,cat,7,cat,True,0.3835487365722656,0.22793415188789368,0.05665278807282448,0.04545968770980835
eot,pca,not_applicable,169,slot_22__dog__r01__c002,A footpath while pulling lightly against a leash marks a keen-nosed scent tracker.,dog,1,dog,True,0.23692859709262848,-0.05038561671972275,0.05665278807282448,0.04545968770980835
eot,pca,not_applicable,170,slot_22__fox__r02__c081,A bushy-tailed den visitor shows snow before diving headfirst toward hidden movement.,fox,3,rabbit,False,0.07541467994451523,0.17740419507026672,0.05665278807282448,0.04545968770980835
eot,pca,not_applicable,171,slot_22__bear__r01__c002,A steep slope despite its bulky frame defines a towering honey seeker.,bear,2,bear,True,0.03459398075938225,0.12724758684635162,0.05665278807282448,0.04545968770980835
eot,pca,not_applicable,172,slot_22__wolf__r04__c244,A rapid pursuit over broken mountain ground defines a howling snow hunter.,wolf,4,wolf,True,0.05399482324719429,0.08753502368927002,0.05665278807282448,0.04545968770980835
eot,pca,not_applicable,173,slot_22__rabbit__r05__c322,Rapid bounding toward a nearby burrow entrance marks a long-eared grazer.,rabbit,3,rabbit,True,-0.022551236674189568,0.05879514291882515,0.05665278807282448,0.04545968770980835
eot,pca,not_applicable,174,slot_22__deer__r02__c081,A branch-antlered visitor carries high bounding leaps across fallen woodland branches.,deer,0,deer,True,-0.33213526010513306,-0.049928247928619385,0.05665278807282448,0.04545968770980835
eot,pca,not_applicable,175,slot_22__horse__r01__c002,An extended gallop across open pasture identifies a bridled stable companion.,horse,5,horse,True,0.07693081349134445,-0.07409046590328217,0.05665278807282448,0.04545968770980835
eot,pca,not_applicable,176,slot_23__cat__r04__c244,A windowsill while its tail corrects balance distinguishes retractable-clawed climber near low evening light.,cat,3,rabbit,False,0.0024709361605346203,0.3108230233192444,0.05665278807282448,0.04545968770980835
eot,pca,not_applicable,177,slot_23__dog__r01__c002,Tongue-out family-companion displays open grass before turning sharply after a ball beside a narrow riverside path.,dog,1,dog,True,0.1063900738954544,-0.04507133364677429,0.05665278807282448,0.04545968770980835
eot,pca,not_applicable,178,slot_23__fox__r04__c245,"Within a sunlit garden path, russet snowline-hunter demonstrates a meadow through quick elastic bounds.",fox,3,rabbit,False,-0.19996336102485657,0.23663239181041718,0.05665278807282448,0.04545968770980835
eot,pca,not_applicable,179,slot_23__bear__r05__c326,Short-tailed mountain-roamer becomes recognizable through a fallen trunk through surprising climbing strength near a shaded woodland edge.,bear,2,bear,True,-0.31064245104789734,0.035166092216968536,0.05665278807282448,0.04545968770980835
eot,pca,not_applicable,180,slot_23__wolf__r06__c402,Long-legged snow pack hunter becomes recognizable through silent stepping between closely spaced pines near a misty hillside.,wolf,4,wolf,True,-0.29456108808517456,0.009228181093931198,0.05665278807282448,0.04545968770980835
eot,pca,not_applicable,181,slot_23__rabbit__r01__c002,Twitch-nosed ground dweller carries small cautious hops followed by complete stillness across a patch of dense brush.,rabbit,3,rabbit,True,-0.06953912228345871,0.19036000967025757,0.05665278807282448,0.04545968770980835
eot,pca,not_applicable,182,slot_23__deer__r01__c002,"Against a rocky meadow, a sudden white-tail retreat into dense cover defines branch-antlered woodland traveler.",deer,0,deer,True,-0.361371248960495,0.09345071762800217,0.05665278807282448,0.04545968770980835
eot,pca,not_applicable,183,slot_23__horse__r04__c244,"Against a narrow riverside path, a flowing canter with mane and tail lifted defines long-faced bridled trail companion.",horse,5,horse,True,0.13319632411003113,-0.24015748500823975,0.05665278807282448,0.04545968770980835
eot,pca,not_applicable,184,slot_24__cat__r01__c005,"A clear view shows padded-paw windowsill-watcher with a windowsill while its tail corrects balance, as ground contact stays clear.",cat,6,fox,False,0.14123959839344025,0.17862801253795624,0.05665278807282448,0.04545968770980835
eot,pca,not_applicable,185,slot_24__dog__r01__c003,"Leash-following walking-partner carries the yard in an eager bounding gait across a patch of dense brush; meanwhile, the posture remains natural.",dog,1,dog,True,0.12800659239292145,-0.3093504309654236,0.05665278807282448,0.04545968770980835
eot,pca,not_applicable,186,slot_24__fox__r06__c404,"Beside a pale winter field, amber-eyed meadow-prowler reveals woodland cover using a low cautious trot; the viewpoint remains level.",fox,6,fox,True,-0.24091100692749023,0.16701416671276093,0.05665278807282448,0.04545968770980835
eot,pca,not_applicable,187,slot_24__bear__r01__c001,"Round-eared timberland-giant displays a steep slope despite its bulky frame beside a quiet fence line, while soft light preserves surface detail.",bear,2,bear,True,-0.1516789346933365,-0.14752838015556335,0.05665278807282448,0.04545968770980835
eot,pca,not_applicable,188,slot_24__wolf__r04__c244,"Within a patch of dense brush, pale-muzzled forest pack hunter demonstrates an efficient ground-covering trot through snow, where the setting supports the behavior.",wolf,4,wolf,True,-0.11819746345281601,-0.22450953722000122,0.05665278807282448,0.04545968770980835
eot,pca,not_applicable,189,slot_24__rabbit__r01__c001,"Soft-coated burrow dweller becomes recognizable through a sudden zigzag escape across short grass, while the background preserves its outline.",rabbit,3,rabbit,True,-0.10305170714855194,-0.003722896333783865,0.05665278807282448,0.04545968770980835
eot,pca,not_applicable,190,slot_24__deer__r01__c004,"Spotted forest youngster displays a sudden white-tail retreat into dense cover beside a shaded woodland edge, while soft light preserves surface detail.",deer,0,deer,True,-0.31826865673065186,-0.09102210402488708,0.05665278807282448,0.04545968770980835
eot,pca,not_applicable,191,slot_24__horse__r01__c001,"Broad-chested stable resident carries an extended gallop across open pasture across a narrow riverside path; meanwhile, the posture remains natural.",horse,5,horse,True,0.015506770461797714,-0.463584303855896,0.05665278807282448,0.04545968770980835
eot,pca,not_applicable,192,slot_25__cat__r03__c162,"Within a shallow stream bank, striped hearthside-prowler demonstrates the room with a low stalking posture, where the head and torso remain visible.",cat,6,fox,False,0.05137620121240616,0.01895870268344879,0.05665278807282448,0.04545968770980835
eot,pca,not_applicable,193,slot_25__dog__r01__c003,"A clear view shows floppy-eared home-guardian with a footpath while pulling lightly against a leash, as ground contact stays clear.",dog,1,dog,True,0.21479354798793793,-0.1612483263015747,0.05665278807282448,0.04545968770980835
eot,pca,not_applicable,194,slot_25__fox__r05__c325,"Narrow-muzzled dusk-prowler carries the field with its full tail held level across a shaded woodland edge; meanwhile, the posture remains natural.",fox,6,fox,True,-0.07679394632577896,0.044997166842222214,0.05665278807282448,0.04545968770980835
eot,pca,not_applicable,195,slot_25__bear__r01__c002,"Powerful berry-gatherer carries a fallen trunk through surprising climbing strength across a narrow riverside path; meanwhile, the viewpoint remains level.",bear,2,bear,True,-0.2642859220504761,-0.03470693528652191,0.05665278807282448,0.04545968770980835
eot,pca,not_applicable,196,slot_25__wolf__r05__c323,"Large gray howling pack hunter displays an efficient ground-covering trot through snow beside a weathered wooden gate, while soft light preserves surface detail.",wolf,4,wolf,True,-0.040590181946754456,-0.22149688005447388,0.05665278807282448,0.04545968770980835
eot,pca,not_applicable,197,slot_25__rabbit__r01__c001,"Within a rocky meadow, round-eyed grassland nibbler demonstrates small cautious hops followed by complete stillness, where nearby tracks indicate scale.",rabbit,6,fox,False,-0.18203255534172058,-0.0015706365229561925,0.05665278807282448,0.04545968770980835
eot,pca,not_applicable,198,slot_25__deer__r03__c161,"Swift running across an open clearing distinguishes split-hoofed trail visitor near a shaded woodland edge, where the viewpoint remains level.",deer,0,deer,True,-0.2291145771741867,-0.19894953072071075,0.05665278807282448,0.04545968770980835
eot,pca,not_applicable,199,slot_25__horse__r01__c002,"Tall long-faced grazer displays a flowing canter with mane and tail lifted beside a patch of dense brush, while soft light preserves surface detail.",horse,5,horse,True,-0.024938685819506645,-0.4219020903110504,0.05665278807282448,0.04545968770980835
eot,pca,not_applicable,200,slot_26__cat__r02__c082,Moving string with focused paw taps identifies an upright-tailed lap companion.,cat,7,cat,True,0.4125121235847473,0.07580748945474625,0.05665278807282448,0.04545968770980835
eot,pca,not_applicable,201,slot_26__dog__r01__c001,A broad-pawed walking partner shows the floor beside a familiar person's chair.,dog,1,dog,True,0.3564174771308899,-0.22850660979747772,0.05665278807282448,0.04545968770980835
eot,pca,not_applicable,202,slot_26__fox__r01__c002,An amber-eyed meadow prowler shows faint ground sounds with tilted ears.,fox,6,fox,True,0.09214311093091965,0.24560879170894623,0.05665278807282448,0.04545968770980835
eot,pca,not_applicable,203,slot_26__bear__r01__c001,A bulky streamside fisher reveals river shallows during a patient fishing period.,bear,2,bear,True,-0.06199273094534874,0.022013889625668526,0.05665278807282448,0.04545968770980835
eot,pca,not_applicable,204,slot_26__wolf__r03__c162,A gray pack hunter shows food sharing among an organized family group.,wolf,4,wolf,True,0.0942322388291359,-0.2543928623199463,0.05665278807282448,0.04545968770980835
eot,pca,not_applicable,205,slot_26__rabbit__r01__c001,A soft-coated meadow nibbler carries chewing leafy stems while remaining near cover.,rabbit,3,rabbit,True,-0.01590205915272236,-0.06207595765590668,0.05665278807282448,0.04545968770980835
eot,pca,not_applicable,206,slot_26__deer__r02__c081,A long-legged browser shows quiet feeding before dawn near dense cover.,deer,3,rabbit,False,-0.07183738797903061,0.09452659636735916,0.05665278807282448,0.04545968770980835
eot,pca,not_applicable,207,slot_26__horse__r01__c001,A muscular farmyard runner has resting upright near familiar herd companions.,horse,5,horse,True,0.14580576121807098,-0.25676673650741577,0.05665278807282448,0.04545968770980835
eot,pca,not_applicable,208,slot_27__cat__r01__c002,Moving string with focused paw taps marks a purring house prowler.,cat,7,cat,True,0.3786666989326477,0.32930758595466614,0.05665278807282448,0.04545968770980835
eot,pca,not_applicable,209,slot_27__dog__r01__c001,New surroundings through persistent sniffing defines a leash-wearing companion.,dog,1,dog,True,0.3869421184062958,0.06442286819219589,0.05665278807282448,0.04545968770980835
eot,pca,not_applicable,210,slot_27__fox__r05__c322,Faint ground sounds with tilted ears identifies a russet snowline hunter.,fox,3,rabbit,False,0.03972231596708298,0.22176334261894226,0.05665278807282448,0.04545968770980835
eot,pca,not_applicable,211,slot_27__bear__r02__c082,Loose logs while searching for insects identifies a broad-muzzled river hunter.,bear,2,bear,True,-0.04137882590293884,0.028047624975442886,0.05665278807282448,0.04545968770980835
eot,pca,not_applicable,212,slot_27__wolf__r04__c244,A bushy-tailed pack tracker has patient tracking across old snow prints.,wolf,4,wolf,True,0.048105303198099136,0.006678492296487093,0.05665278807282448,0.04545968770980835
eot,pca,not_applicable,213,slot_27__rabbit__r01__c003,Chewing leafy stems while remaining near cover is visible on a white-tailed garden browser.,rabbit,3,rabbit,True,-0.06846492737531662,-0.010948291048407555,0.05665278807282448,0.04545968770980835
eot,pca,not_applicable,214,slot_27__deer__r04__c242,A forest herd grazer reveals quiet feeding before dawn near dense cover.,deer,2,bear,False,-0.16440704464912415,0.12147484719753265,0.05665278807282448,0.04545968770980835
eot,pca,not_applicable,215,slot_27__horse__r01__c002,A single-hoofed riding companion reveals slow chewing beside a pasture water trough.,horse,5,horse,True,0.15996600687503815,-0.206554114818573,0.05665278807282448,0.04545968770980835
eot,pca,not_applicable,216,slot_28__cat__r01__c001,A clear view shows purring room-explorer with a warm patch before curling tightly near a rocky meadow.,cat,7,cat,True,0.06058454513549805,0.3232228457927704,0.05665278807282448,0.04545968770980835
eot,pca,not_applicable,217,slot_28__dog__r01__c001,Leash-following walking-partner becomes recognizable through a buried object with repeated digging near a shaded woodland edge.,dog,1,dog,True,-0.00025981664657592773,-0.18884921073913574,0.05665278807282448,0.04545968770980835
eot,pca,not_applicable,218,slot_28__fox__r04__c247,Faint ground sounds with tilted ears distinguishes narrow-muzzled dusk-prowler near a rocky meadow.,fox,6,fox,True,0.039792247116565704,0.3159271776676178,0.05665278807282448,0.04545968770980835
eot,pca,not_applicable,219,slot_28__bear__r01__c001,Heavy-pawed backcountry-wanderer carries berry bushes during long seasonal feeding across a sunlit garden path.,bear,2,bear,True,-0.07263031601905823,0.10609205812215805,0.05665278807282448,0.04545968770980835
eot,pca,not_applicable,220,slot_28__wolf__r04__c245,Large gray howling pack hunter becomes recognizable through careful scent inspection along a territorial boundary near a shallow stream bank.,wolf,4,wolf,True,-0.14603106677532196,-0.13136108219623566,0.05665278807282448,0.04545968770980835
eot,pca,not_applicable,221,slot_28__rabbit__r01__c001,Steady nibbling of clover beside the burrow distinguishes white-tailed garden visitor near a calm farmyard.,rabbit,3,rabbit,True,-0.01223392691463232,0.181051105260849,0.05665278807282448,0.04545968770980835
eot,pca,not_applicable,222,slot_28__deer__r04__c243,Stripping soft bark during a sparse winter distinguishes brown woodland browser with branching antlers near a rocky meadow.,deer,0,deer,True,-0.4146152138710022,-0.06941831111907959,0.05665278807282448,0.04545968770980835
eot,pca,not_applicable,223,slot_28__horse__r01__c001,Single-hoofed riding companion displays steady grazing with lips clipping short grass beside a quiet fence line.,horse,5,horse,True,0.08618182688951492,-0.15953603386878967,0.05665278807282448,0.04545968770980835
eot,pca,not_applicable,224,slot_29__cat__r02__c083,"Within a shaded woodland edge, curled-tail home-companion demonstrates moving string with focused paw taps, where the posture remains natural.",cat,6,fox,False,-0.04606098681688309,0.030972285196185112,0.05665278807282448,0.04545968770980835
eot,pca,not_applicable,225,slot_29__dog__r04__c241,"Tongue-out family-companion displays new surroundings through persistent sniffing beside a shallow stream bank, while its full body stays visible.",dog,1,dog,True,0.022098291665315628,-0.08837009221315384,0.05665278807282448,0.04545968770980835
eot,pca,not_applicable,226,slot_29__fox__r01__c002,"Within soft morning light, bushy-tailed den-visitor demonstrates open ground during quiet twilight patrols, where the pose shows balanced proportions.",fox,6,fox,True,-0.07949680835008621,0.03802980110049248,0.05665278807282448,0.04545968770980835
eot,pca,not_applicable,227,slot_29__bear__r01__c004,"Loose logs while searching for insects distinguishes long-clawed wilderness-resident near a shaded woodland edge, where the setting supports the behavior.",bear,2,bear,True,-0.26575350761413574,-0.029972229152917862,0.05665278807282448,0.04545968770980835
eot,pca,not_applicable,228,slot_29__wolf__r06__c404,"Food sharing among an organized family group distinguishes long-legged snow pack hunter near scattered autumn leaves, where its full body stays visible.",wolf,4,wolf,True,-0.125973641872406,-0.07864272594451904,0.05665278807282448,0.04545968770980835
eot,pca,not_applicable,229,slot_29__rabbit__r01__c003,"A clear view shows short-tailed garden browser with steady nibbling of clover beside the burrow, as ground contact stays clear.",rabbit,3,rabbit,True,-0.10728588700294495,0.08431307971477509,0.05665278807282448,0.04545968770980835
eot,pca,not_applicable,230,slot_29__deer__r01__c004,"A clear view shows branch-antlered woodland traveler with stripping soft bark during a sparse winter, as surrounding plants provide scale.",deer,0,deer,True,-0.42036551237106323,-0.05298652872443199,0.05665278807282448,0.04545968770980835
eot,pca,not_applicable,231,slot_29__horse__r01__c001,"Against a misty hillside, slow chewing beside a pasture water trough defines saddle-trained trail companion; the head and torso remain visible.",horse,5,horse,True,0.02904679626226425,-0.3336690366268158,0.05665278807282448,0.04545968770980835
eot,pca,not_applicable,232,slot_30__cat__r01__c002,"Whiskered house-prowler becomes recognizable through its face and forelegs with careful grooming strokes, while the moment appears unstaged.",cat,6,fox,False,0.1462542861700058,0.2504240572452545,0.05665278807282448,0.04545968770980835
eot,pca,not_applicable,233,slot_30__dog__r05__c323,"A buried object with repeated digging distinguishes broad-pawed gate-watcher near a weathered wooden gate, where the setting supports the behavior.",dog,1,dog,True,0.16400036215782166,-0.1831503063440323,0.05665278807282448,0.04545968770980835
eot,pca,not_applicable,234,slot_30__fox__r01__c002,"Red-coated woodland-hunter carries spare food beneath loose leaves and soil across a pale winter field; meanwhile, the viewpoint remains level.",fox,2,bear,False,-0.32345765829086304,-0.04411767050623894,0.05665278807282448,0.04545968770980835
eot,pca,not_applicable,235,slot_30__bear__r02__c081,"A clear view shows massive shaggy-forager with river shallows during a patient fishing period, as the moment appears unstaged.",bear,2,bear,True,-0.18332020938396454,-0.07275998592376709,0.05665278807282448,0.04545968770980835
eot,pca,not_applicable,236,slot_30__wolf__r08__c565,"Between brief watchful pauses, large gray howling pack hunter displays food sharing among an organized family group near soft morning light, while nearby tracks indicate scale.",wolf,4,wolf,True,-0.13919028639793396,-0.06919877976179123,0.05665278807282448,0.04545968770980835
eot,pca,not_applicable,237,slot_30__rabbit__r03__c161,"A shallow scrape exposing roots and fresh shoots distinguishes soft-coated burrow dweller near a sunlit garden path, where the viewpoint remains level.",rabbit,3,rabbit,True,-0.16675296425819397,0.05163242295384407,0.05665278807282448,0.04545968770980835
eot,pca,not_applicable,238,slot_30__deer__r02__c082,"Beside a shaded woodland edge, slender-legged forest grazer reveals browsing tender leaves from low branches; soft light preserves surface detail.",deer,0,deer,True,-0.3715268671512604,0.03841651231050491,0.05665278807282448,0.04545968770980835
eot,pca,not_applicable,239,slot_30__horse__r01__c001,"Swift-maned open-field runner becomes recognizable through searching hay with a flexible upper lip, while the setting supports the behavior.",horse,5,horse,True,0.1314913034439087,-0.22735068202018738,0.05665278807282448,0.04545968770980835
eot,pca,not_applicable,240,slot_31__cat__r01__c001,A retractable-clawed mouser shows a garden wall overlooking moving leaves.,cat,3,rabbit,False,0.10343876481056213,0.11904160678386688,0.05665278807282448,0.04545968770980835
eot,pca,not_applicable,241,slot_31__dog__r02__c082,A neighborhood path beside a handled leash marks a collared gate watcher.,dog,1,dog,True,0.2795921564102173,-0.14998391270637512,0.05665278807282448,0.04545968770980835
eot,pca,not_applicable,242,slot_31__fox__r04__c243,A woodland margin beside open grass identifies an orange-chested hedge stalker.,fox,3,rabbit,False,-0.25019407272338867,0.16419939696788788,0.05665278807282448,0.04545968770980835
eot,pca,not_applicable,243,slot_31__bear__r01__c002,A heavy-pawed mountain roamer reveals a mountain forest containing berry thickets.,bear,2,bear,True,-0.0777539387345314,0.07775226980447769,0.05665278807282448,0.04545968770980835
eot,pca,not_applicable,244,slot_31__wolf__r01__c002,A snowy conifer forest crossed by pack tracks marks a sharp-eared snow tracker.,wolf,4,wolf,True,-0.11245013028383255,0.010856135748326778,0.05665278807282448,0.04545968770980835
eot,pca,not_applicable,245,slot_31__rabbit__r05__c321,A sandy bank containing several narrow tunnels identifies a clover grazer.,rabbit,3,rabbit,True,-0.04417029768228531,-0.16187720000743866,0.05665278807282448,0.04545968770980835
eot,pca,not_applicable,246,slot_31__deer__r01__c003,A branch-antlered forest browser carries a forest edge filled with tender browse.,deer,0,deer,True,-0.2775419056415558,0.019919073209166527,0.05665278807282448,0.04545968770980835
eot,pca,not_applicable,247,slot_31__horse__r01__c003,A quiet barn aisle lined with hay defines a broad-chested paddock runner.,horse,5,horse,True,0.10085360705852509,-0.15839919447898865,0.05665278807282448,0.04545968770980835
eot,pca,not_applicable,248,slot_32__cat__r02__c081,A long-whiskered home companion shows a sunny windowsill above indoor plants.,cat,7,cat,True,0.2579285502433777,0.30467477440834045,0.05665278807282448,0.04545968770980835
eot,pca,not_applicable,249,slot_32__dog__r01__c001,A floppy-eared home guardian has an open field suited to running and retrieval.,dog,1,dog,True,0.323208749294281,-0.05683105066418648,0.05665278807282448,0.04545968770980835
eot,pca,not_applicable,250,slot_32__fox__r01__c002,A bushy-tailed den visitor has a snowy field containing faint prey tracks.,fox,4,wolf,False,-0.015873432159423828,0.10814607888460159,0.05665278807282448,0.04545968770980835
eot,pca,not_applicable,251,slot_32__bear__r01__c001,A powerful berry gatherer shows a dense woodland trail marked by broad tracks.,bear,2,bear,True,-0.20422154664993286,-0.03188582882285118,0.05665278807282448,0.04545968770980835
eot,pca,not_applicable,252,slot_32__wolf__r01__c002,A pale-muzzled pack sentinel shows an open tundra ridge beneath cold wind.,wolf,4,wolf,True,0.055250030010938644,-0.10325270891189575,0.05665278807282448,0.04545968770980835
eot,pca,not_applicable,253,slot_32__rabbit__r01__c002,A garden edge beside low leafy cover identifies a round-eyed clover browser.,rabbit,3,rabbit,True,-0.04421354830265045,0.0897526666522026,0.05665278807282448,0.04545968770980835
eot,pca,not_applicable,254,slot_32__deer__r01__c003,An autumn ridge beneath scattered oak trees identifies a long-legged clearing grazer.,deer,0,deer,True,-0.27291131019592285,-0.011711263097822666,0.05665278807282448,0.04545968770980835
eot,pca,not_applicable,255,slot_32__horse__r04__c244,A saddle companion reveals a training ring surrounded by low rails.,horse,5,horse,True,0.2755686640739441,-0.3399018943309784,0.05665278807282448,0.04545968770980835
eot,pca,not_applicable,256,slot_33__cat__r04__c242,Slit-eyed indoor-hunter becomes recognizable through a sunny windowsill above indoor plants near a rocky meadow.,cat,7,cat,True,0.024262603372335434,0.278346449136734,0.05665278807282448,0.04545968770980835
eot,pca,not_applicable,257,slot_33__dog__r02__c081,A neighborhood path beside a handled leash distinguishes tongue-out family-companion near low evening light.,dog,1,dog,True,0.2219039350748062,0.003082787850871682,0.05665278807282448,0.04545968770980835
eot,pca,not_applicable,258,slot_33__fox__r01__c001,Orange-chested hedgerow-stalker carries a woodland margin beside open grass across a calm farmyard.,fox,3,rabbit,False,-0.2636146545410156,0.09797109663486481,0.05665278807282448,0.04545968770980835
eot,pca,not_applicable,259,slot_33__bear__r01__c001,"Against soft morning light, a mountain forest containing berry thickets defines bulky streamside-fisher.",bear,2,bear,True,-0.14065104722976685,0.25457286834716797,0.05665278807282448,0.04545968770980835
eot,pca,not_applicable,260,slot_33__wolf__r01__c001,A snowy conifer forest crossed by pack tracks distinguishes social mountain hunter near a quiet fence line.,wolf,4,wolf,True,-0.13518176972866058,-0.019662119448184967,0.05665278807282448,0.04545968770980835
eot,pca,not_applicable,261,slot_33__rabbit__r04__c245,Round-eyed meadow nibbler with tall ears carries a garden edge beside low leafy cover across an open grassy clearing.,rabbit,3,rabbit,True,-0.08808697015047073,0.1496482491493225,0.05665278807282448,0.04545968770980835
eot,pca,not_applicable,262,slot_33__deer__r01__c002,"Within soft morning light, branch-antlered woodland traveler demonstrates a forest edge filled with tender browse.",deer,0,deer,True,-0.413713663816452,0.13505588471889496,0.05665278807282448,0.04545968770980835
eot,pca,not_applicable,263,slot_33__horse__r01__c002,Swift-maned open-field runner displays a quiet barn aisle lined with hay beside a quiet fence line.,horse,5,horse,True,0.08440610766410828,-0.20908714830875397,0.05665278807282448,0.04545968770980835
eot,pca,not_applicable,264,slot_34__cat__r05__c326,"A sunny windowsill above indoor plants distinguishes whiskered house-prowler near a narrow riverside path, where the background preserves its outline.",cat,6,fox,False,0.09681620448827744,0.32105374336242676,0.05665278807282448,0.04545968770980835
eot,pca,not_applicable,265,slot_34__dog__r03__c162,"Against a shallow stream bank, a fenced backyard containing scattered toys defines panting ball-chaser; the pose shows balanced proportions.",dog,1,dog,True,0.037901025265455246,-0.1615530103445053,0.05665278807282448,0.04545968770980835
eot,pca,not_applicable,266,slot_34__fox__r04__c246,"Against a pale winter field, a quiet meadow during early dawn defines amber-eyed meadow-prowler; the posture remains natural.",fox,6,fox,True,-0.13956090807914734,0.2066115438938141,0.05665278807282448,0.04545968770980835
eot,pca,not_applicable,267,slot_34__bear__r01__c003,"Heavy-pawed backcountry-wanderer displays a mountain forest containing berry thickets beside a quiet fence line, while the viewpoint remains level.",bear,2,bear,True,-0.227704718708992,-0.15133309364318848,0.05665278807282448,0.04545968770980835
eot,pca,not_applicable,268,slot_34__wolf__r01__c003,"A clear view shows amber-eyed pack sentinel with a snowy conifer forest crossed by pack tracks, as ground contact stays clear.",wolf,4,wolf,True,-0.15764780342578888,-0.08404191583395004,0.05665278807282448,0.04545968770980835
eot,pca,not_applicable,269,slot_34__rabbit__r01__c001,"Soft-coated burrow dweller carries a garden edge beside low leafy cover across a patch of dense brush; meanwhile, the posture remains natural.",rabbit,3,rabbit,True,-0.1630706787109375,0.07698210328817368,0.05665278807282448,0.04545968770980835
eot,pca,not_applicable,270,slot_34__deer__r04__c245,"Brown woodland browser with branching antlers becomes recognizable through a forest edge filled with tender browse, while the head and torso remain visible.",deer,0,deer,True,-0.3918391764163971,-0.17734132707118988,0.05665278807282448,0.04545968770980835
eot,pca,not_applicable,271,slot_34__horse__r04__c245,"Beside a calm farmyard, tall saddle-trained riding companion reveals a quiet barn aisle lined with hay; the moment appears unstaged.",horse,5,horse,True,0.02608269453048706,-0.08583424240350723,0.05665278807282448,0.04545968770980835
eot,pca,not_applicable,272,slot_35__cat__r01__c002,"Beside a misty hillside, padded-paw windowsill-watcher reveals a dim hallway containing scattered household shadows; nearby tracks indicate scale.",cat,6,fox,False,-0.04393472895026207,0.26886531710624695,0.05665278807282448,0.04545968770980835
eot,pca,not_applicable,273,slot_35__dog__r01__c002,"Broad-pawed gate-watcher carries an open field suited to running and retrieval across a patch of dense brush; meanwhile, the viewpoint remains level.",dog,1,dog,True,0.027449848130345345,-0.1551036685705185,0.05665278807282448,0.04545968770980835
eot,pca,not_applicable,274,slot_35__fox__r04__c241,"Within a sunlit garden path, bushy-tailed den-visitor demonstrates a woodland margin beside open grass, where the moment appears unstaged.",fox,3,rabbit,False,-0.27704107761383057,0.07529734820127487,0.05665278807282448,0.04545968770980835
eot,pca,not_applicable,275,slot_35__bear__r02__c085,"A cold river crowded by migrating fish distinguishes long-clawed wilderness-resident near a shallow stream bank, where nearby tracks indicate scale.",bear,2,bear,True,-0.15496289730072021,-0.1289588361978531,0.05665278807282448,0.04545968770980835
eot,pca,not_applicable,276,slot_35__wolf__r02__c082,"Deep-chested roaming predator becomes recognizable through a snowy conifer forest crossed by pack tracks, while its full body stays visible.",wolf,4,wolf,True,-0.2452078014612198,-0.0672893300652504,0.05665278807282448,0.04545968770980835
eot,pca,not_applicable,277,slot_35__rabbit__r02__c082,"Beside a sunlit garden path, compact meadow forager reveals a grassy meadow dotted with hidden burrow openings; soft light preserves surface detail.",rabbit,3,rabbit,True,-0.21012341976165771,0.07817570865154266,0.05665278807282448,0.04545968770980835
eot,pca,not_applicable,278,slot_35__deer__r03__c163,"An autumn ridge beneath scattered oak trees distinguishes long-legged herd grazer near a shaded woodland edge, where the posture remains natural.",deer,0,deer,True,-0.31531429290771484,-0.23172485828399658,0.05665278807282448,0.04545968770980835
eot,pca,not_applicable,279,slot_35__horse__r02__c082,"Against a calm farmyard, a fenced pasture beside a wooden stable defines saddle-trained trail companion; the background preserves its outline.",horse,5,horse,True,0.02286343090236187,-0.2741992175579071,0.05665278807282448,0.04545968770980835
eot,pca,not_applicable,280,slot_36__cat__r01__c001,Gentle brushing while remaining loosely curled identifies a soft-pawed indoor hunter.,cat,7,cat,True,0.31487610936164856,0.11139479279518127,0.05665278807282448,0.04545968770980835
eot,pca,not_applicable,281,slot_36__dog__r01__c001,A broad-pawed walking partner reveals a walking partner by matching their pace.,dog,1,dog,True,0.3891904950141907,-0.2807314395904541,0.05665278807282448,0.04545968770980835
eot,pca,not_applicable,282,slot_36__fox__r01__c002,An amber-eyed meadow prowler reveals a distant observer before retreating into brush.,fox,3,rabbit,False,-0.020188942551612854,0.26420220732688904,0.05665278807282448,0.04545968770980835
eot,pca,not_applicable,283,slot_36__bear__r01__c002,A distant hiker before turning toward cover marks a thick-furred woodland giant.,bear,2,bear,True,-0.08418657630681992,-0.03307336941361427,0.05665278807282448,0.04545968770980835
eot,pca,not_applicable,284,slot_36__wolf__r01__c001,Careful sniffing around an abandoned sled track defines a long-legged wilderness hunter.,wolf,4,wolf,True,-0.011926078237593174,0.024284321814775467,0.05665278807282448,0.04545968770980835
eot,pca,not_applicable,285,slot_36__rabbit__r01__c002,Gentle sniffing of a hand holding leafy greens defines a short-tailed garden visitor.,rabbit,3,rabbit,True,0.07488143444061279,0.20967033505439758,0.05665278807282448,0.04545968770980835
eot,pca,not_applicable,286,slot_36__deer__r03__c161,Alert watching of a distant roadside vehicle defines a pale-rumped grazer.,deer,5,horse,False,0.028060559183359146,-0.0008173675159923732,0.05665278807282448,0.04545968770980835
eot,pca,not_applicable,287,slot_36__horse__r01__c003,An upright-eared pasture grazer has steady response to a rider's rein signal.,horse,5,horse,True,0.1627892404794693,-0.3588722348213196,0.05665278807282448,0.04545968770980835
eot,pca,not_applicable,288,slot_37__cat__r01__c001,A whiskered lap companion has nearby footsteps before following between rooms.,cat,7,cat,True,0.4102870225906372,0.30634593963623047,0.05665278807282448,0.04545968770980835
eot,pca,not_applicable,289,slot_37__dog__r01__c002,A wagging yard guardian has a handler's gesture before sitting attentively.,dog,1,dog,True,0.3099968731403351,-0.1764359176158905,0.05665278807282448,0.04545968770980835
eot,pca,not_applicable,290,slot_37__fox__r05__c322,A distant observer before retreating into brush marks a russet snowline hunter.,fox,3,rabbit,False,-0.10227609425783157,0.24516043066978455,0.05665278807282448,0.04545968770980835
eot,pca,not_applicable,291,slot_37__bear__r01__c001,An empty trail after detecting approaching voices identifies a massive shaggy forager.,bear,2,bear,True,-0.04777633771300316,0.03788638487458229,0.05665278807282448,0.04545968770980835
eot,pca,not_applicable,292,slot_37__wolf__r07__c485,A wild gray pack hunter shows careful sniffing around an abandoned sled track.,wolf,4,wolf,True,0.034292612224817276,-0.038731589913368225,0.05665278807282448,0.04545968770980835
eot,pca,not_applicable,293,slot_37__rabbit__r08__c564,A relaxed long-eared grazer displays curious inspection of a cardboard tunnel.,rabbit,3,rabbit,True,0.01944972760975361,0.08186523616313934,0.05665278807282448,0.04545968770980835
eot,pca,not_applicable,294,slot_37__deer__r01__c002,Careful approach toward a salt block marks a white-tailed meadow grazer.,deer,3,rabbit,False,0.045381348580121994,-0.01309568528085947,0.05665278807282448,0.04545968770980835
eot,pca,not_applicable,295,slot_37__horse__r01__c001,Careful stepping into a waiting trailer defines a long-maned pasture runner.,horse,5,horse,True,0.17705105245113373,-0.19772596657276154,0.05665278807282448,0.04545968770980835
eot,pca,not_applicable,296,slot_38__cat__r01__c001,"Beside soft morning light, purring room-explorer reveals an offered hand before rubbing its cheek.",cat,7,cat,True,0.11644905805587769,0.43704357743263245,0.05665278807282448,0.04545968770980835
eot,pca,not_applicable,297,slot_38__dog__r02__c082,A walking partner by matching their pace distinguishes broad-pawed gate-watcher near low evening light.,dog,1,dog,True,0.30475953221321106,-0.0390738807618618,0.05665278807282448,0.04545968770980835
eot,pca,not_applicable,298,slot_38__fox__r01__c002,Sharp-eared field-stalker carries a roadside light with a brief cautious pause across a calm farmyard.,fox,2,bear,False,-0.009676408022642136,0.06774000823497772,0.05665278807282448,0.04545968770980835
eot,pca,not_applicable,299,slot_38__bear__r04__c244,Long-clawed wilderness-resident carries an empty trail after detecting approaching voices across a rocky meadow.,bear,2,bear,True,-0.0863819569349289,-0.06865284591913223,0.05665278807282448,0.04545968770980835
eot,pca,not_applicable,300,slot_38__wolf__r04__c242,"Within a quiet fence line, pale-muzzled forest pack hunter demonstrates cautious inspection of a distant trail camera.",wolf,4,wolf,True,-0.021110113710165024,-0.003291558241471648,0.05665278807282448,0.04545968770980835
eot,pca,not_applicable,301,slot_38__rabbit__r05__c322,"Beside a shallow stream bank, small hopping burrow forager reveals quick retreat beneath a low garden bench.",rabbit,3,rabbit,True,-0.16350802779197693,0.2381414771080017,0.05665278807282448,0.04545968770980835
eot,pca,not_applicable,302,slot_38__deer__r04__c243,Brown woodland browser with branching antlers displays a sudden retreat from boots on the trail beside soft morning light.,deer,0,deer,True,-0.43138056993484497,-0.01382959634065628,0.05665278807282448,0.04545968770980835
eot,pca,not_applicable,303,slot_38__horse__r01__c002,A clear view shows powerful paddock runner with steady response to a rider's rein signal near a broad dirt trail.,horse,5,horse,True,0.1358015090227127,-0.25667643547058105,0.05665278807282448,0.04545968770980835
eot,pca,not_applicable,304,slot_39__cat__r01__c002,"Within a broad dirt trail, striped hearthside-prowler demonstrates gentle brushing while remaining loosely curled, where the pose shows balanced proportions.",cat,6,fox,False,0.058181725442409515,-0.00785040482878685,0.05665278807282448,0.04545968770980835
eot,pca,not_applicable,305,slot_39__dog__r03__c162,"A returning person with vigorous tail sweeps distinguishes tongue-out family-companion near a narrow riverside path, where the posture remains natural.",dog,1,dog,True,0.2078825980424881,-0.2161412090063095,0.05665278807282448,0.04545968770980835
eot,pca,not_applicable,306,slot_39__fox__r01__c002,"A clear view shows bushy-tailed den-visitor with discarded food while remaining ready to flee, as the head and torso remain visible.",fox,3,rabbit,False,0.03590722382068634,-0.0864376351237297,0.05665278807282448,0.04545968770980835
eot,pca,not_applicable,307,slot_39__bear__r01__c002,"Short-tailed mountain-roamer becomes recognizable through a roadside vehicle while remaining beyond the barrier, while the moment appears unstaged.",bear,2,bear,True,-0.03226684033870697,-0.08671008795499802,0.05665278807282448,0.04545968770980835
eot,pca,not_applicable,308,slot_39__wolf__r04__c243,"Beside a narrow riverside path, wild gray pack predator reveals careful sniffing around an abandoned sled track; the setting supports the behavior.",wolf,4,wolf,True,-0.07184941321611404,-0.09933732450008392,0.05665278807282448,0.04545968770980835
eot,pca,not_applicable,309,slot_39__rabbit__r02__c082,"Within a patch of dense brush, short-tailed garden browser demonstrates soft pawing at the edge of a woven enclosure, where the viewpoint remains level.",rabbit,3,rabbit,True,-0.03927747905254364,0.06211763620376587,0.05665278807282448,0.04545968770980835
eot,pca,not_applicable,310,slot_39__deer__r03__c162,"Beside a rocky meadow, branch-antlered woodland traveler reveals alert watching of a distant roadside vehicle; ground contact stays clear.",deer,0,deer,True,-0.4629327654838562,0.023838549852371216,0.05665278807282448,0.04545968770980835
eot,pca,not_applicable,311,slot_39__horse__r01__c002,"Patient standing beside a grooming brush distinguishes muscular farmyard traveler near a shaded woodland edge, where the setting supports the behavior.",horse,5,horse,True,-0.07090260833501816,-0.2793208360671997,0.05665278807282448,0.04545968770980835
eot,pca,not_applicable,312,slot_40__cat__r07__c483,"Against a misty hillside, a familiar voice with an upright tail defines striped hearthside-prowler; its full body stays visible.",cat,6,fox,False,-0.012958004139363766,0.2275458574295044,0.05665278807282448,0.04545968770980835
eot,pca,not_applicable,313,slot_40__dog__r03__c162,"Beside scattered autumn leaves, wet-nosed trail-helper reveals a handler's gesture before sitting attentively; ground contact stays clear.",dog,1,dog,True,-0.08021891862154007,-0.07016940414905548,0.05665278807282448,0.04545968770980835
eot,pca,not_applicable,314,slot_40__fox__r01__c001,"Within soft morning light, amber-eyed meadow-prowler demonstrates a roadside light with a brief cautious pause, where nearby tracks indicate scale.",fox,6,fox,True,-0.12679748237133026,0.13666033744812012,0.05665278807282448,0.04545968770980835
eot,pca,not_applicable,315,slot_40__bear__r01__c001,"Long-clawed wilderness-resident displays a ranger's observation from across the river beside a quiet fence line, while the viewpoint remains level.",bear,2,bear,True,-0.11770632117986679,-0.1643221378326416,0.05665278807282448,0.04545968770980835
eot,pca,not_applicable,316,slot_40__wolf__r04__c245,"Careful sniffing around an abandoned sled track distinguishes bushy-tailed mountain pack tracker near an open grassy clearing, where ground contact stays clear.",wolf,4,wolf,True,-0.07306087762117386,-0.1059734895825386,0.05665278807282448,0.04545968770980835
eot,pca,not_applicable,317,slot_40__rabbit__r03__c163,"Quiet resting beside a ceramic food dish distinguishes white-tailed garden visitor near a sunlit garden path, where the posture remains natural.",rabbit,3,rabbit,True,-0.032316189259290695,0.12516629695892334,0.05665278807282448,0.04545968770980835
eot,pca,not_applicable,318,slot_40__deer__r01__c001,"Beside a broad dirt trail, branch-antlered woodland traveler reveals a sudden retreat from boots on the trail; its full body stays visible.",deer,0,deer,True,-0.41229918599128723,-0.033348243683576584,0.05665278807282448,0.04545968770980835
eot,pca,not_applicable,319,slot_40__horse__r02__c082,"Calm acceptance of a saddle and bridle distinguishes broad-chested stable resident near a shallow stream bank, where the pose shows balanced proportions.",horse,5,horse,True,-0.009879437275230885,-0.43782365322113037,0.05665278807282448,0.04545968770980835
eot,pca,not_applicable,320,slot_41__cat__r01__c002,Focused watching of birds beyond a closed window identifies a slit-eyed room hunter.,cat,7,cat,True,0.19450943171977997,0.2806679606437683,0.05665278807282448,0.04545968770980835
eot,pca,not_applicable,321,slot_41__dog__r02__c082,Careful sniffing during a new animal greeting defines a collared gate watcher.,dog,1,dog,True,0.40747371315956116,0.04662943631410599,0.05665278807282448,0.04545968770980835
eot,pca,not_applicable,322,slot_41__fox__r03__c162,Brief nose contact near a shared den identifies a russet snowline hunter.,fox,3,rabbit,False,-0.030732184648513794,0.2166261076927185,0.05665278807282448,0.04545968770980835
eot,pca,not_applicable,323,slot_41__bear__r01__c003,Wide avoidance of another massive forest forager marks a long-clawed cave sleeper.,bear,2,bear,True,-0.08194374293088913,0.26502320170402527,0.05665278807282448,0.04545968770980835
eot,pca,not_applicable,324,slot_41__wolf__r07__c485,A forest pack sentinel carries nose-to-muzzle greeting within the family group.,wolf,4,wolf,True,0.11790691316127777,-0.08993814885616302,0.05665278807282448,0.04545968770980835
eot,pca,not_applicable,325,slot_41__rabbit__r01__c001,Close huddling with smaller meadow companions is visible on a white-tailed garden browser.,rabbit,3,rabbit,True,0.03194253519177437,-0.03269967436790466,0.05665278807282448,0.04545968770980835
eot,pca,not_applicable,326,slot_41__deer__r02__c082,A forest herd grazer reveals an antler display toward a competing male.,deer,0,deer,True,-0.12655702233314514,-0.23491111397743225,0.05665278807282448,0.04545968770980835
eot,pca,not_applicable,327,slot_41__horse__r01__c001,Close following behind the herd leader identifies a flowing-tailed field grazer.,horse,5,horse,True,0.06842575967311859,-0.1610492616891861,0.05665278807282448,0.04545968770980835
eot,pca,not_applicable,328,slot_42__cat__r06__c402,A cautious nose greeting with a familiar room companion defines a purring house prowler.,cat,7,cat,True,0.37615323066711426,0.34728747606277466,0.05665278807282448,0.04545968770980835
eot,pca,not_applicable,329,slot_42__dog__r01__c001,A floppy-eared home guardian shows quiet resting against another household companion.,dog,7,cat,False,0.28929129242897034,0.15034306049346924,0.05665278807282448,0.04545968770980835
eot,pca,not_applicable,330,slot_42__fox__r01__c001,Defensive circling around younger den residents identifies a russet snowline hunter.,fox,3,rabbit,False,-0.0529356487095356,0.18772532045841217,0.05665278807282448,0.04545968770980835
eot,pca,not_applicable,331,slot_42__bear__r01__c003,A bulky streamside fisher shows careful watching of grazing animals across the slope.,bear,2,bear,True,-0.05092036351561546,-0.01686054654419422,0.05665278807282448,0.04545968770980835
eot,pca,not_applicable,332,slot_42__wolf__r04__c244,Protective positioning near younger pack members identifies a howling snow hunter.,wolf,4,wolf,True,0.15075424313545227,0.07051640748977661,0.05665278807282448,0.04545968770980835
eot,pca,not_applicable,333,slot_42__rabbit__r01__c002,A warning foot thump near feeding companions marks a round-eyed clover browser.,rabbit,3,rabbit,True,0.13576333224773407,0.05173278599977493,0.05665278807282448,0.04545968770980835
eot,pca,not_applicable,334,slot_42__deer__r01__c002,An alert brown woodland browser carries an antler display toward a competing male.,deer,0,deer,True,-0.18824782967567444,-0.16373315453529358,0.05665278807282448,0.04545968770980835
eot,pca,not_applicable,335,slot_42__horse__r02__c082,A farm runner shows ear-pinned warning toward a newcomer at feed.,horse,5,horse,True,0.20775459706783295,-0.13965103030204773,0.05665278807282448,0.04545968770980835
eot,pca,not_applicable,336,slot_43__cat__r01__c002,"Beside soft morning light, curled-tail home-companion reveals silent stalking of a tiny moving insect.",cat,7,cat,True,0.10429622232913971,0.3433655798435211,0.05665278807282448,0.04545968770980835
eot,pca,not_applicable,337,slot_43__dog__r01__c004,Collar-wearing yard-guardian becomes recognizable through careful sniffing during a new animal greeting near a shaded woodland edge.,dog,1,dog,True,-0.06301619112491608,-0.01750907301902771,0.05665278807282448,0.04545968770980835
eot,pca,not_applicable,338,slot_43__fox__r01__c002,"Against a shallow stream bank, brief nose contact near a shared den defines amber-eyed meadow-prowler.",fox,3,rabbit,False,-0.03640557453036308,0.3347203731536865,0.05665278807282448,0.04545968770980835
eot,pca,not_applicable,339,slot_43__bear__r02__c083,Round-eared timberland-giant displays patient waiting near fish moving through shallows beside soft morning light.,bear,2,bear,True,-0.150001659989357,0.17210468649864197,0.05665278807282448,0.04545968770980835
eot,pca,not_applicable,340,slot_43__wolf__r07__c485,A tense boundary display toward a rival group distinguishes thick-coated howling sentinel near a shaded woodland edge.,wolf,4,wolf,True,-0.11582344770431519,0.15502358973026276,0.05665278807282448,0.04545968770980835
eot,pca,not_applicable,341,slot_43__rabbit__r01__c001,A clear view shows short-tailed garden browser with nose touching with another long-eared grazer near a misty hillside.,rabbit,3,rabbit,True,-0.09334790706634521,0.053888168185949326,0.05665278807282448,0.04545968770980835
eot,pca,not_applicable,342,slot_43__deer__r02__c081,"Against a patch of dense brush, an antler display toward a competing male defines branch-antlered woodland traveler.",deer,0,deer,True,-0.3136959671974182,0.03911373019218445,0.05665278807282448,0.04545968770980835
eot,pca,not_applicable,343,slot_43__horse__r01__c001,"Beside a rocky meadow, upright-eared pasture grazer reveals parallel grazing beside several herd companions.",horse,5,horse,True,-0.09248411655426025,-0.1300160139799118,0.05665278807282448,0.04545968770980835
eot,pca,not_applicable,344,slot_44__cat__r03__c162,"Focused watching of birds beyond a closed window distinguishes retractable-clawed climber near a pale winter field, where the posture remains natural.",cat,6,fox,False,-0.10458756983280182,0.18371018767356873,0.05665278807282448,0.04545968770980835
eot,pca,not_applicable,345,slot_44__dog__r01__c004,"Within a shallow stream bank, panting ball-chaser demonstrates coordinated running beside a familiar walking partner, where its full body stays visible.",dog,1,dog,True,0.1455671340227127,-0.29074347019195557,0.05665278807282448,0.04545968770980835
eot,pca,not_applicable,346,slot_44__fox__r04__c242,"Beside a patch of dense brush, russet snowline-hunter reveals cautious distance from larger woodland predators; the moment appears unstaged.",fox,2,bear,False,-0.3555171489715576,0.20868390798568726,0.05665278807282448,0.04545968770980835
eot,pca,not_applicable,347,slot_44__bear__r04__c245,"A clear view shows bulky streamside-fisher with wide avoidance of another massive forest forager, as the posture remains natural.",bear,2,bear,True,-0.22116604447364807,-0.04758647829294205,0.05665278807282448,0.04545968770980835
eot,pca,not_applicable,348,slot_44__wolf__r03__c161,"Beside low evening light, amber-eyed pack sentinel reveals protective positioning near younger pack members; the head and torso remain visible.",wolf,4,wolf,True,-0.01438031904399395,-0.08709801733493805,0.05665278807282448,0.04545968770980835
eot,pca,not_applicable,349,slot_44__rabbit__r07__c484,"Against an open grassy clearing, close huddling with smaller meadow companions defines small long-eared burrow grazer; the pose shows balanced proportions.",rabbit,3,rabbit,True,-0.12068106979131699,-0.13759681582450867,0.05665278807282448,0.04545968770980835
eot,pca,not_applicable,350,slot_44__deer__r01__c001,"Within soft morning light, slender-legged forest grazer demonstrates an antler display toward a competing male, where nearby tracks indicate scale.",deer,0,deer,True,-0.2690478265285492,-0.20497964322566986,0.05665278807282448,0.04545968770980835
eot,pca,not_applicable,351,slot_44__horse__r01__c001,"Broad-chested stable resident displays mutual neck grooming with a familiar partner beside a quiet fence line, while the viewpoint remains level.",horse,5,horse,True,0.047066982835531235,-0.3745037317276001,0.05665278807282448,0.04545968770980835
eot,pca,not_applicable,352,slot_45__cat__r08__c570,"During a clearly visible group moment, whiskered house-prowler becomes recognizable through silent stalking of a tiny moving insect, while ground contact stays clear.",cat,6,fox,False,0.12262171506881714,0.21425895392894745,0.05665278807282448,0.04545968770980835
eot,pca,not_applicable,353,slot_45__dog__r01__c002,"Quiet resting against another household companion distinguishes broad-pawed gate-watcher near a calm farmyard, where the setting supports the behavior.",dog,1,dog,True,0.19290614128112793,-0.09159433096647263,0.05665278807282448,0.04545968770980835
eot,pca,not_applicable,354,slot_45__fox__r04__c243,"Within a sunlit garden path, amber-eyed meadow-prowler demonstrates defensive circling around younger den residents, where the background preserves its outline.",fox,6,fox,True,-0.10416688024997711,0.1522989720106125,0.05665278807282448,0.04545968770980835
eot,pca,not_applicable,355,slot_45__bear__r08__c580,"During a clearly visible group moment, wide avoidance of another massive forest forager distinguishes massive shaggy-forager; meanwhile, the moment appears unstaged.",bear,2,bear,True,-0.22645193338394165,-0.0004538347711786628,0.05665278807282448,0.04545968770980835
eot,pca,not_applicable,356,slot_45__wolf__r04__c245,"Within a patch of dense brush, wild gray pack predator demonstrates protective positioning near younger pack members, where the setting supports the behavior.",wolf,4,wolf,True,-0.10649167746305466,-0.1580028384923935,0.05665278807282448,0.04545968770980835
eot,pca,not_applicable,357,slot_45__rabbit__r01__c001,"Beside an open grassy clearing, round-eyed grassland nibbler reveals parallel grazing beside several burrow residents; its full body stays visible.",rabbit,3,rabbit,True,-0.1020122542977333,-0.03466367721557617,0.05665278807282448,0.04545968770980835
eot,pca,not_applicable,358,slot_45__deer__r01__c006,"Within a misty hillside, branch-antlered woodland traveler demonstrates protective standing near a spotted youngster, where the pose shows balanced proportions.",deer,0,deer,True,-0.3766164481639862,-0.13073767721652985,0.05665278807282448,0.04545968770980835
eot,pca,not_applicable,359,slot_45__horse__r04__c243,"Long-maned stable grazer with powerful legs carries playful running beside a younger pasture companion across a shallow stream bank; meanwhile, nearby tracks indicate scale.",horse,5,horse,True,-0.08001383394002914,-0.31459763646125793,0.05665278807282448,0.04545968770980835
eot,pca,not_applicable,360,slot_46__cat__r01__c001,Soft chirping notes while watching distant birds marks a soft-pawed indoor hunter.,cat,7,cat,True,0.22998367249965668,0.27068498730659485,0.05665278807282448,0.04545968770980835
eot,pca,not_applicable,361,slot_46__dog__r01__c003,A tail-wagging family companion reveals a low rumble when unfamiliar movement approaches.,dog,1,dog,True,0.40363773703575134,0.0880860760807991,0.05665278807282448,0.04545968770980835
eot,pca,not_applicable,362,slot_46__fox__r01__c002,An amber-eyed meadow prowler carries a brief high call across evening woodland.,fox,6,fox,True,-0.16224192082881927,0.26603180170059204,0.05665278807282448,0.04545968770980835
eot,pca,not_applicable,363,slot_46__bear__r01__c002,A deep warning rumble in dense woodland defines a thick-furred woodland giant.,bear,2,bear,True,-0.13582539558410645,0.1889195591211319,0.05665278807282448,0.04545968770980835
eot,pca,not_applicable,364,slot_46__wolf__r04__c242,Upright ears locating distant movement under snow is visible on a howling snow hunter.,wolf,4,wolf,True,0.11424918472766876,-0.057052526623010635,0.05665278807282448,0.04545968770980835
eot,pca,not_applicable,365,slot_46__rabbit__r03__c161,A burrow resident has a sharp hind-foot thump warning the colony.,rabbit,3,rabbit,True,0.1741844266653061,0.11428873240947723,0.05665278807282448,0.04545968770980835
eot,pca,not_applicable,366,slot_46__deer__r01__c001,Careful scent testing of the moving air identifies a long-legged clearing grazer.,deer,3,rabbit,False,0.131818950176239,0.1062486469745636,0.05665278807282448,0.04545968770980835
eot,pca,not_applicable,367,slot_46__horse__r01__c002,A clear neigh carrying beyond the stable identifies a swift-maned field traveler.,horse,5,horse,True,0.10832392424345016,-0.20147894322872162,0.05665278807282448,0.04545968770980835
eot,pca,not_applicable,368,slot_47__cat__r01__c001,A whiskered lap companion shows a rising trill during a familiar greeting.,cat,7,cat,True,0.36745119094848633,0.18828429281711578,0.05665278807282448,0.04545968770980835
eot,pca,not_applicable,369,slot_47__dog__r01__c001,Quick breathy whines beside a closed door identifies a leash-wearing companion.,dog,1,dog,True,0.40434518456459045,0.14300818741321564,0.05665278807282448,0.04545968770980835
eot,pca,not_applicable,370,slot_47__fox__r05__c324,Short warning barks from dense cover marks an orange-chested hedge stalker.,fox,3,rabbit,False,-0.1294827163219452,0.20355519652366638,0.05665278807282448,0.04545968770980835
eot,pca,not_applicable,371,slot_47__bear__r02__c081,A round-eared forest giant has a deep warning rumble in dense woodland.,bear,2,bear,True,-0.1354578137397766,0.13797344267368317,0.05665278807282448,0.04545968770980835
eot,pca,not_applicable,372,slot_47__wolf__r01__c001,A gray pack hunter carries a deep warning growl beneath raised neck fur.,wolf,4,wolf,True,0.19086803495883942,-0.11918611079454422,0.05665278807282448,0.04545968770980835
eot,pca,not_applicable,373,slot_47__rabbit__r01__c001,Wide ears detecting movement beyond the hedge defines a long-eared meadow grazer.,rabbit,3,rabbit,True,-0.014542016200721264,0.047521669417619705,0.05665278807282448,0.04545968770980835
eot,pca,not_applicable,374,slot_47__deer__r01__c002,Large ears turning toward a broken twig defines a white-tailed meadow grazer.,deer,3,rabbit,False,-0.010060438886284828,0.019187258556485176,0.05665278807282448,0.04545968770980835
eot,pca,not_applicable,375,slot_47__horse__r04__c241,A stable grazer shows rhythmic hoofbeats approaching across firm ground.,horse,5,horse,True,0.08682146668434143,-0.33488062024116516,0.05665278807282448,0.04545968770980835
eot,pca,not_applicable,376,slot_48__cat__r01__c001,"Against an open grassy clearing, a steady vibration during relaxed contact defines purring room-explorer.",cat,7,cat,True,0.16013599932193756,0.3391633629798889,0.05665278807282448,0.04545968770980835
eot,pca,not_applicable,377,slot_48__dog__r01__c002,"Against a broad dirt trail, a low rumble when unfamiliar movement approaches defines panting ball-chaser.",dog,1,dog,True,0.2235202193260193,0.08669966459274292,0.05665278807282448,0.04545968770980835
eot,pca,not_applicable,378,slot_48__fox__r02__c083,Slender nighttime-forager displays a brief high call across evening woodland beside a shallow stream bank.,fox,2,bear,False,-0.34050190448760986,0.16506607830524445,0.05665278807282448,0.04545968770980835
eot,pca,not_applicable,379,slot_48__bear__r01__c001,Heavy-pawed backcountry-wanderer displays a deep warning rumble in dense woodland beside a patch of dense brush.,bear,2,bear,True,-0.08795937150716782,0.15078549087047577,0.05665278807282448,0.04545968770980835
eot,pca,not_applicable,380,slot_48__wolf__r01__c001,A clear view shows amber-eyed pack sentinel with a long resonant howl answered across the valley near a rocky meadow.,wolf,4,wolf,True,-0.0769146978855133,0.131362184882164,0.05665278807282448,0.04545968770980835
eot,pca,not_applicable,381,slot_48__rabbit__r01__c003,Quick-footed burrow resident displays wide ears detecting movement beyond the hedge beside a narrow riverside path.,rabbit,3,rabbit,True,-0.042626965790987015,0.15759851038455963,0.05665278807282448,0.04545968770980835
eot,pca,not_applicable,382,slot_48__deer__r04__c245,Antlered split-hoofed woodland browser displays large ears turning toward a broken twig beside soft morning light.,deer,0,deer,True,-0.35922783613204956,0.1375170797109604,0.05665278807282448,0.04545968770980835
eot,pca,not_applicable,383,slot_48__horse__r04__c246,Saddle-wearing flowing-tailed riding companion displays mobile ears following a distant handler's voice beside low evening light.,horse,5,horse,True,0.08204268664121628,-0.11148730665445328,0.05665278807282448,0.04545968770980835
eot,pca,not_applicable,384,slot_49__cat__r02__c081,"Against a sunlit garden path, a sharp warning hiss with flattened ears defines striped hearthside-prowler; the background preserves its outline.",cat,6,fox,False,0.04134456068277359,0.2790878713130951,0.05665278807282448,0.04545968770980835
eot,pca,not_applicable,385,slot_49__dog__r01__c002,"Keen-nosed scent-follower becomes recognizable through a drawn-out lonely call across the yard, while the moment appears unstaged.",dog,6,fox,False,0.0446174219250679,0.05375310033559799,0.05665278807282448,0.04545968770980835
eot,pca,not_applicable,386,slot_49__fox__r04__c241,"Against a calm farmyard, short warning barks from dense cover defines amber-eyed meadow-prowler; the posture remains natural.",fox,6,fox,True,-0.061185356229543686,0.1957513391971588,0.05665278807282448,0.04545968770980835
eot,pca,not_applicable,387,slot_49__bear__r02__c082,"Within a sunlit garden path, bulky streamside-fisher demonstrates soft bawling notes from a smaller youngster, where the viewpoint remains level.",bear,2,bear,True,-0.12624558806419373,0.13181822001934052,0.05665278807282448,0.04545968770980835
eot,pca,not_applicable,388,slot_49__wolf__r01__c003,"Social mountain hunter carries a long resonant howl answered across the valley across a shaded woodland edge; meanwhile, soft light preserves surface detail.",wolf,2,bear,False,-0.2485339641571045,0.11877264827489853,0.05665278807282448,0.04545968770980835
eot,pca,not_applicable,389,slot_49__rabbit__r04__c245,"Soft-coated long-eared burrow resident carries fine whiskers testing the narrow tunnel across an open grassy clearing; meanwhile, nearby tracks indicate scale.",rabbit,3,rabbit,True,-0.0827583447098732,0.04098931699991226,0.05665278807282448,0.04545968770980835
eot,pca,not_applicable,390,slot_49__deer__r03__c162,"Against soft morning light, a sharp alarm snort followed by raised tails defines branch-antlered woodland traveler; its full body stays visible.",deer,0,deer,True,-0.3362233340740204,0.05225042253732681,0.05665278807282448,0.04545968770980835
eot,pca,not_applicable,391,slot_49__horse__r01__c003,"Within low evening light, upright-eared pasture grazer demonstrates a clear neigh carrying beyond the stable, where the pose shows balanced proportions.",horse,5,horse,True,0.004505921620875597,-0.3711355924606323,0.05665278807282448,0.04545968770980835
eot,pca,not_applicable,392,slot_50__cat__r01__c001,"Within a broad dirt trail, curled-tail home-companion demonstrates a sharp warning hiss with flattened ears, where nearby tracks indicate scale.",cat,6,fox,False,0.1021064892411232,-0.03392060473561287,0.05665278807282448,0.04545968770980835
eot,pca,not_applicable,393,slot_50__dog__r01__c002,"Within a shallow stream bank, wagging household-companion demonstrates quick breathy whines beside a closed door, where its full body stays visible.",dog,1,dog,True,0.12811847031116486,0.0009571510017849505,0.05665278807282448,0.04545968770980835
eot,pca,not_applicable,394,slot_50__fox__r04__c245,"Quiet yapping sounds during distant contact distinguishes slender nighttime-forager near a rocky meadow, where ground contact stays clear.",fox,6,fox,True,-0.1712505966424942,0.09521149098873138,0.05665278807282448,0.04545968770980835
eot,pca,not_applicable,395,slot_50__bear__r07__c486,"Within a misty hillside, massive shaggy-forager demonstrates a loud roar across an open riverbank, where surrounding plants provide scale.",bear,2,bear,True,-0.31629127264022827,0.054976366460323334,0.05665278807282448,0.04545968770980835
eot,pca,not_applicable,396,slot_50__wolf__r04__c243,"Long-legged snow pack hunter becomes recognizable through a deep warning growl beneath raised neck fur, while the head and torso remain visible.",wolf,4,wolf,True,0.045983150601387024,-0.06747506558895111,0.05665278807282448,0.04545968770980835
eot,pca,not_applicable,397,slot_50__rabbit__r05__c326,"Beside a rocky meadow, small hopping burrow forager reveals near-silent chewing beneath constantly turning ears; the pose shows balanced proportions.",rabbit,3,rabbit,True,-0.18766292929649353,0.02881319634616375,0.05665278807282448,0.04545968770980835
eot,pca,not_applicable,398,slot_50__deer__r01__c003,"Beside a broad dirt trail, slender-legged forest grazer reveals large ears turning toward a broken twig; nearby tracks indicate scale.",deer,0,deer,True,-0.31095972657203674,-0.0699182078242302,0.05665278807282448,0.04545968770980835
eot,pca,not_applicable,399,slot_50__horse__r04__c244,"Muscular maned farmyard traveler carries soft breath moving through wide nostrils across a shallow stream bank; meanwhile, its full body stays visible.",horse,2,bear,False,-0.09943053871393204,-0.07805506139993668,0.05665278807282448,0.04545968770980835
fixed_suffix,pca,not_applicable,0,slot_01__cat__r01__c001,A retractable-clawed mouser reveals a warm orange coat with white patches.,cat,0,cat,True,-0.09922026842832565,0.07798302918672562,0.06282733380794525,0.04645746201276779
fixed_suffix,pca,not_applicable,1,slot_01__dog__r01__c002,A panting ball retriever reveals a short golden coat with a pale chest.,dog,7,dog,True,-0.1324617564678192,0.07196113467216492,0.06282733380794525,0.04645746201276779
fixed_suffix,pca,not_applicable,2,slot_01__fox__r02__c083,Warm russet fur beneath a pale throat defines a russet snowline hunter.,fox,1,fox,True,0.046059105545282364,0.1359669417142868,0.06282733380794525,0.04645746201276779
fixed_suffix,pca,not_applicable,3,slot_01__bear__r04__c242,Shaggy dark fur suited to cold woodland defines a towering honey seeker.,bear,3,bear,True,0.08415680378675461,0.16651414334774017,0.06282733380794525,0.04645746201276779
fixed_suffix,pca,not_applicable,4,slot_01__wolf__r01__c002,A layered gray coat with pale guard hairs defines a sharp-eared snow tracker.,wolf,5,wolf,True,-0.029889633879065514,0.20473074913024902,0.06282733380794525,0.04645746201276779
fixed_suffix,pca,not_applicable,5,slot_01__rabbit__r12__c881,A softly lit meadow grazer shows a warm chestnut coat blending into meadow soil.,rabbit,6,rabbit,True,0.0868939459323883,-0.06480682641267776,0.06282733380794525,0.04645746201276779
fixed_suffix,pca,not_applicable,6,slot_01__deer__r07__c483,An antlered browser shows a spotted chestnut coat blending with leaf litter.,deer,2,deer,True,0.2131192535161972,0.09496768563985825,0.06282733380794525,0.04645746201276779
fixed_suffix,pca,not_applicable,7,slot_01__horse__r01__c002,A saddle-trained trail companion shows a glossy chestnut coat beneath a dark mane.,horse,4,horse,True,0.038125380873680115,0.009430679492652416,0.06282733380794525,0.04645746201276779
fixed_suffix,pca,not_applicable,8,slot_02__cat__r01__c002,A long-whiskered home companion has a smooth black coat reflecting window light.,cat,0,cat,True,-0.13457748293876648,0.02067250944674015,0.06282733380794525,0.04645746201276779
fixed_suffix,pca,not_applicable,9,slot_02__dog__r01__c001,A floppy-eared home guardian shows white spotted hair across a sturdy back.,dog,7,dog,True,-0.12058444321155548,0.08605190366506577,0.06282733380794525,0.04645746201276779
fixed_suffix,pca,not_applicable,10,slot_02__fox__r01__c005,Dense copper hair blending into autumn leaves defines a slender twilight forager.,fox,2,deer,False,0.17631617188453674,-0.00993871409446001,0.06282733380794525,0.04645746201276779
fixed_suffix,pca,not_applicable,11,slot_02__bear__r01__c002,A heavy black coat covering broad shoulders identifies a towering honey seeker.,bear,3,bear,True,-0.0243853647261858,0.09873521327972412,0.06282733380794525,0.04645746201276779
fixed_suffix,pca,not_applicable,12,slot_02__wolf__r01__c002,A pale-muzzled pack sentinel reveals dense silver-brown fur suited to winter.,wolf,5,wolf,True,0.042429789900779724,0.1931632161140442,0.06282733380794525,0.04645746201276779
fixed_suffix,pca,not_applicable,13,slot_02__rabbit__r12__c882,A finely detailed garden nibbler shows smooth tan hair above a pale belly.,rabbit,6,rabbit,True,-0.09370805323123932,-0.05059419572353363,0.06282733380794525,0.04645746201276779
fixed_suffix,pca,not_applicable,14,slot_02__deer__r02__c081,A branch-antlered visitor shows a smooth reddish-brown summer coat.,deer,2,deer,True,0.13388997316360474,0.08255302906036377,0.06282733380794525,0.04645746201276779
fixed_suffix,pca,not_applicable,15,slot_02__horse__r01__c002,Smooth black hair with a white facial blaze defines a bridled stable companion.,horse,4,horse,True,-0.10396485030651093,0.043868668377399445,0.06282733380794525,0.04645746201276779
fixed_suffix,pca,not_applicable,16,slot_03__cat__r05__c322,"Within a misty hillside, purring room-explorer demonstrates a smooth black coat reflecting window light.",cat,0,cat,True,-0.0664769783616066,0.01814419962465763,0.06282733380794525,0.04645746201276779
fixed_suffix,pca,not_applicable,17,slot_03__dog__r02__c082,"Within a patch of dense brush, wagging household-companion demonstrates a shaggy gray coat around the shoulders.",dog,7,dog,True,-0.044315025210380554,0.012659462168812752,0.06282733380794525,0.04645746201276779
fixed_suffix,pca,not_applicable,18,slot_03__fox__r02__c082,Red-coated woodland-hunter displays warm russet fur beneath a pale throat beside a rocky meadow.,fox,3,bear,False,0.19741065800189972,-0.0009222105727531016,0.06282733380794525,0.04645746201276779
fixed_suffix,pca,not_applicable,19,slot_03__bear__r01__c002,Thick cinnamon-colored hair across the torso distinguishes long-clawed wilderness-resident near a shaded woodland edge.,bear,2,deer,False,0.15247084200382233,-0.08362773060798645,0.06282733380794525,0.04645746201276779
fixed_suffix,pca,not_applicable,20,slot_03__wolf__r04__c242,Broad-pawed northern pack tracker displays a layered gray coat with pale guard hairs beside scattered autumn leaves.,wolf,5,wolf,True,0.03349699825048447,0.12180928885936737,0.06282733380794525,0.04645746201276779
fixed_suffix,pca,not_applicable,21,slot_03__rabbit__r02__c082,"Beside a sunlit garden path, long-eared meadow grazer reveals velvety gray fur around a bright white tail.",rabbit,6,rabbit,True,-0.015925636515021324,-0.07914236187934875,0.06282733380794525,0.04645746201276779
fixed_suffix,pca,not_applicable,22,slot_03__deer__r01__c003,Antlered woodland browser displays dark brown hair along a lighter throat patch beside a shaded woodland edge.,deer,2,deer,True,0.24937321245670319,0.016542887315154076,0.06282733380794525,0.04645746201276779
fixed_suffix,pca,not_applicable,23,slot_03__horse__r01__c004,Broad-chested stable resident displays smooth black hair with a white facial blaze beside a patch of dense brush.,horse,6,rabbit,False,-0.02672501467168331,-0.07767107337713242,0.06282733380794525,0.04645746201276779
fixed_suffix,pca,not_applicable,24,slot_04__cat__r02__c082,"Beside a calm farmyard, purring room-explorer reveals dense velvet-like fur across the back; the viewpoint remains level.",cat,0,cat,True,-0.03493310883641243,-0.06320030242204666,0.06282733380794525,0.04645746201276779
fixed_suffix,pca,not_applicable,25,slot_04__dog__r01__c002,"A clear view shows wet-nosed trail-helper with a shaggy gray coat around the shoulders, as ground contact stays clear.",dog,5,wolf,False,-0.041129838675260544,0.040456850081682205,0.06282733380794525,0.04645746201276779
fixed_suffix,pca,not_applicable,26,slot_04__fox__r01__c002,"Narrow-muzzled dusk-prowler becomes recognizable through warm russet fur beneath a pale throat, while the setting supports the behavior.",fox,6,rabbit,False,-0.00903096329420805,0.007435462903231382,0.06282733380794525,0.04645746201276779
fixed_suffix,pca,not_applicable,27,slot_04__bear__r01__c001,"Round-eared timberland-giant carries a heavy black coat covering broad shoulders across a narrow riverside path; meanwhile, the viewpoint remains level.",bear,3,bear,True,0.07011450827121735,-0.04770718514919281,0.06282733380794525,0.04645746201276779
fixed_suffix,pca,not_applicable,28,slot_04__wolf__r01__c001,"Against an open grassy clearing, dense silver-brown fur suited to winter defines long-legged forest tracker; ground contact stays clear.",wolf,5,wolf,True,0.16119259595870972,0.034835416823625565,0.06282733380794525,0.04645746201276779
fixed_suffix,pca,not_applicable,29,slot_04__rabbit__r04__c245,"Beside a shaded woodland edge, small hopping burrow forager reveals smooth tan hair above a pale belly; the setting supports the behavior.",rabbit,6,rabbit,True,0.05760197341442108,-0.13090433180332184,0.06282733380794525,0.04645746201276779
fixed_suffix,pca,not_applicable,30,slot_04__deer__r01__c001,"Within a misty hillside, slender-legged forest grazer demonstrates coarse gray winter hair above a pale rump, where its full body stays visible.",deer,5,wolf,False,0.08842243999242783,-0.03274764120578766,0.06282733380794525,0.04645746201276779
fixed_suffix,pca,not_applicable,31,slot_04__horse__r03__c161,"Warm bay coloring above dark lower legs distinguishes single-hoofed riding companion near a patch of dense brush, where soft light preserves surface detail.",horse,6,rabbit,False,0.03868233412504196,-0.10847042500972748,0.06282733380794525,0.04645746201276779
fixed_suffix,pca,not_applicable,32,slot_05__cat__r01__c001,"Short gray hair patterned by faint bands distinguishes retractable-clawed climber near a patch of dense brush, where the setting supports the behavior.",cat,5,wolf,False,0.02455076575279236,-0.021783091127872467,0.06282733380794525,0.04645746201276779
fixed_suffix,pca,not_applicable,33,slot_05__dog__r01__c002,"White spotted hair across a sturdy back distinguishes broad-pawed gate-watcher near a pale winter field, where the background preserves its outline.",dog,7,dog,True,-0.06535632908344269,-0.009480251930654049,0.06282733380794525,0.04645746201276779
fixed_suffix,pca,not_applicable,34,slot_05__fox__r02__c083,"A clear view shows bushy-tailed den-visitor with dense copper hair blending into autumn leaves, as the moment appears unstaged.",fox,2,deer,False,0.11885973811149597,0.0035445108078420162,0.06282733380794525,0.04645746201276779
fixed_suffix,pca,not_applicable,35,slot_05__bear__r01__c001,"A clear view shows thick-furred cave-sleeper with thick cinnamon-colored hair across the torso, as surrounding plants provide scale.",bear,3,bear,True,0.11390460282564163,-0.05490981787443161,0.06282733380794525,0.04645746201276779
fixed_suffix,pca,not_applicable,36,slot_05__wolf__r02__c082,"Deep-chested roaming predator carries a layered gray coat with pale guard hairs across a rocky meadow; meanwhile, the head and torso remain visible.",wolf,5,wolf,True,-0.01863214746117592,-0.01985347457230091,0.06282733380794525,0.04645746201276779
fixed_suffix,pca,not_applicable,37,slot_05__rabbit__r04__c243,"Long-eared grassland nibbler becomes recognizable through a warm chestnut coat blending into meadow soil, while ground contact stays clear.",rabbit,6,rabbit,True,0.0848086029291153,-0.12567032873630524,0.06282733380794525,0.04645746201276779
fixed_suffix,pca,not_applicable,38,slot_05__deer__r04__c244,"Antlered split-hoofed woodland browser becomes recognizable through coarse gray winter hair above a pale rump, while surrounding plants provide scale.",deer,2,deer,True,0.23902778327465057,0.013469542376697063,0.06282733380794525,0.04645746201276779
fixed_suffix,pca,not_applicable,39,slot_05__horse__r01__c002,"Tall long-faced grazer carries a pale golden coat beside a flowing cream mane across a sunlit garden path; meanwhile, the viewpoint remains level.",horse,6,rabbit,False,0.014648189768195152,-0.1421363204717636,0.06282733380794525,0.04645746201276779
fixed_suffix,pca,not_applicable,40,slot_06__cat__r01__c002,A striped household mouser reveals pointed ears above bright slit-shaped eyes.,cat,0,cat,True,-0.09474599361419678,-0.02691011317074299,0.06282733380794525,0.04645746201276779
fixed_suffix,pca,not_applicable,41,slot_06__dog__r01__c002,A wet dark nose beneath gently folded ears marks a playful backyard digger.,dog,7,dog,True,-0.12340386211872101,-0.007934764958918095,0.06282733380794525,0.04645746201276779
fixed_suffix,pca,not_applicable,42,slot_06__fox__r15__c1123,A sharp-eared orange hunter shows white cheeks and a long narrow snout.,fox,6,rabbit,False,-0.03549471125006676,0.0467841811478138,0.06282733380794525,0.04645746201276779
fixed_suffix,pca,not_applicable,43,slot_06__bear__r04__c242,A round-eared forest giant has a wide pale muzzle beneath round listening ears.,bear,3,bear,True,0.08758259564638138,0.020609833300113678,0.06282733380794525,0.04645746201276779
fixed_suffix,pca,not_applicable,44,slot_06__wolf__r01__c002,A social mountain predator has upright triangular ears above an elongated muzzle.,wolf,3,bear,False,-0.0420379638671875,0.09681951999664307,0.06282733380794525,0.04645746201276779
fixed_suffix,pca,not_applicable,45,slot_06__rabbit__r01__c003,A long-eared ground forager has broad listening ears framing a compact face.,rabbit,6,rabbit,True,-0.009056532755494118,0.019226402044296265,0.06282733380794525,0.04645746201276779
fixed_suffix,pca,not_applicable,46,slot_06__deer__r01__c005,Branching antlers rising over alert dark eyes defines a white-tailed meadow grazer.,deer,2,deer,True,0.11510282754898071,0.051487091928720474,0.06282733380794525,0.04645746201276779
fixed_suffix,pca,not_applicable,47,slot_06__horse__r01__c002,A long face beneath mobile upright ears identifies a swift-maned field traveler.,horse,4,horse,True,-0.11256223917007446,0.009517183527350426,0.06282733380794525,0.04645746201276779
fixed_suffix,pca,not_applicable,48,slot_07__cat__r01__c001,A whiskered lap companion shows fine cheek whiskers below independently turning ears.,cat,0,cat,True,-0.17721734941005707,0.03237645700573921,0.06282733380794525,0.04645746201276779
fixed_suffix,pca,not_applicable,49,slot_07__dog__r01__c001,A long scenting muzzle beneath lifted ears identifies a leash-wearing companion.,dog,7,dog,True,-0.1297357827425003,0.08491889387369156,0.06282733380794525,0.04645746201276779
fixed_suffix,pca,not_applicable,50,slot_07__fox__r01__c001,A red-coated dusk hunter reveals fine whiskers surrounding a compact black nose.,fox,3,bear,False,0.0033505759201943874,0.07398112118244171,0.06282733380794525,0.04645746201276779
fixed_suffix,pca,not_applicable,51,slot_07__bear__r05__c325,A sensitive dark nose beyond a heavy face marks a thick-furred woodland giant.,bear,3,bear,True,0.0010996999917551875,0.10403197258710861,0.06282733380794525,0.04645746201276779
fixed_suffix,pca,not_applicable,52,slot_07__wolf__r02__c082,A forest pack sentinel has a dark nose beyond a pale tapered muzzle.,wolf,3,bear,False,0.10734006762504578,0.14762286841869354,0.06282733380794525,0.04645746201276779
fixed_suffix,pca,not_applicable,53,slot_07__rabbit__r05__c324,A garden nibbler has soft cheeks below tall independently turning ears.,rabbit,6,rabbit,True,-0.12182295322418213,-0.04891640692949295,0.06282733380794525,0.04645746201276779
fixed_suffix,pca,not_applicable,54,slot_07__deer__r01__c004,Large rotating ears above a long narrow face marks a large-eared woodland grazer.,deer,6,rabbit,False,0.0010682987049221992,-0.010723509825766087,0.06282733380794525,0.04645746201276779
fixed_suffix,pca,not_applicable,55,slot_07__horse__r01__c004,A saddle-trained trail companion carries a long face beneath mobile upright ears.,horse,4,horse,True,-0.0984075590968132,-0.01245273556560278,0.06282733380794525,0.04645746201276779
fixed_suffix,pca,not_applicable,56,slot_08__cat__r01__c001,"Against low evening light, pointed ears above bright slit-shaped eyes defines purring room-explorer.",cat,0,cat,True,-0.05746595561504364,-0.07399452477693558,0.06282733380794525,0.04645746201276779
fixed_suffix,pca,not_applicable,57,slot_08__dog__r01__c001,A wet dark nose beneath gently folded ears distinguishes leash-following walking-partner near a calm farmyard.,dog,7,dog,True,-0.13024844229221344,-0.04651101306080818,0.06282733380794525,0.04645746201276779
fixed_suffix,pca,not_applicable,58,slot_08__fox__r11__c802,"A red woodland hunter reveals pointed ears, white cheeks, black whiskers, and a narrow muzzle at close range.",fox,3,bear,False,0.08204351365566254,0.010501114651560783,0.06282733380794525,0.04645746201276779
fixed_suffix,pca,not_applicable,59,slot_08__bear__r04__c244,A massive head narrowing toward a prominent nose distinguishes long-clawed wilderness-resident near a misty hillside.,bear,3,bear,True,-0.01597662828862667,-0.003987892065197229,0.06282733380794525,0.04645746201276779
fixed_suffix,pca,not_applicable,60,slot_08__wolf__r04__c245,Amber eyes set in a broad gray face distinguishes large gray howling pack hunter near an open grassy clearing.,wolf,5,wolf,True,0.0051763830706477165,0.05354490503668785,0.06282733380794525,0.04645746201276779
fixed_suffix,pca,not_applicable,61,slot_08__rabbit__r02__c083,"Beside a sunlit garden path, compact meadow forager reveals very long upright ears above round side-set eyes.",rabbit,6,rabbit,True,-0.02444669045507908,-0.14671078324317932,0.06282733380794525,0.04645746201276779
fixed_suffix,pca,not_applicable,62,slot_08__deer__r01__c002,Spotted forest youngster becomes recognizable through a black nose at the end of a tapered muzzle near a quiet fence line.,deer,3,bear,False,0.04289375618100166,0.024911168962717056,0.06282733380794525,0.04645746201276779
fixed_suffix,pca,not_applicable,63,slot_08__horse__r01__c003,Tall long-faced grazer becomes recognizable through a forelock falling between attentive eyes near a calm farmyard.,horse,4,horse,True,-0.019065918400883675,-0.07433247566223145,0.06282733380794525,0.04645746201276779
fixed_suffix,pca,not_applicable,64,slot_09__cat__r01__c002,"A clear view shows striped hearthside-prowler with reflective eyes set in a compact whiskered face, as ground contact stays clear.",cat,0,cat,True,-0.10834388434886932,-0.03224280849099159,0.06282733380794525,0.04645746201276779
fixed_suffix,pca,not_applicable,65,slot_09__dog__r01__c004,"Tongue-out family-companion displays round attentive eyes above a broad nose beside a sunlit garden path, while the posture remains natural.",dog,6,rabbit,False,-0.08694907277822495,-0.11785499006509781,0.06282733380794525,0.04645746201276779
fixed_suffix,pca,not_applicable,66,slot_09__fox__r01__c002,"Beside a broad dirt trail, bushy-tailed den-visitor reveals white cheek markings beneath alert pointed ears; its full body stays visible.",fox,6,rabbit,False,0.00015736359637230635,-0.054487112909555435,0.06282733380794525,0.04645746201276779
fixed_suffix,pca,not_applicable,67,slot_09__bear__r08__c569,"Beneath soft overcast light, round-eared timberland-giant becomes recognizable through a massive head narrowing toward a prominent nose, while ground contact stays clear.",bear,3,bear,True,0.04859760403633118,-0.06650024652481079,0.06282733380794525,0.04645746201276779
fixed_suffix,pca,not_applicable,68,slot_09__wolf__r02__c081,"A clear view shows sharp-eared snow traveler with a dark nose beyond a pale tapered muzzle, as the setting supports the behavior.",wolf,5,wolf,True,-0.028256546705961227,0.042981721460819244,0.06282733380794525,0.04645746201276779
fixed_suffix,pca,not_applicable,69,slot_09__rabbit__r02__c085,"Very long upright ears above round side-set eyes distinguishes soft-coated burrow dweller near low evening light, where its full body stays visible.",rabbit,6,rabbit,True,-0.05155457928776741,-0.13172011077404022,0.06282733380794525,0.04645746201276779
fixed_suffix,pca,not_applicable,70,slot_09__deer__r01__c001,"Split-hoofed trail visitor displays branching antlers rising over alert dark eyes beside a shaded woodland edge, while soft light preserves surface detail.",deer,2,deer,True,0.21190765500068665,-0.06174381449818611,0.06282733380794525,0.04645746201276779
fixed_suffix,pca,not_applicable,71,slot_09__horse__r01__c001,"A clear view shows saddle-trained trail companion with large dark eyes beside a broad soft muzzle, as surrounding plants provide scale.",horse,6,rabbit,False,0.03137806057929993,-0.0625014379620552,0.06282733380794525,0.04645746201276779
fixed_suffix,pca,not_applicable,72,slot_10__cat__r01__c002,"Fine cheek whiskers below independently turning ears distinguishes whiskered house-prowler near a patch of dense brush, where the background preserves its outline.",cat,0,cat,True,-0.031059004366397858,-0.12081356346607208,0.06282733380794525,0.04645746201276779
fixed_suffix,pca,not_applicable,73,slot_10__dog__r01__c002,"Within a rocky meadow, wagging household-companion demonstrates a long scenting muzzle beneath lifted ears, where the pose shows balanced proportions.",dog,6,rabbit,False,-0.09814386814832687,-0.10782221704721451,0.06282733380794525,0.04645746201276779
fixed_suffix,pca,not_applicable,74,slot_10__fox__r01__c002,"Red-coated woodland-hunter displays fine whiskers surrounding a compact black nose beside a shaded woodland edge, while the posture remains natural.",fox,3,bear,False,0.1685381829738617,-0.04112176224589348,0.06282733380794525,0.04645746201276779
fixed_suffix,pca,not_applicable,75,slot_10__bear__r09__c649,"While facing the open trail, powerful berry-gatherer becomes recognizable through a sensitive dark nose beyond a heavy face, while the background preserves its outline.",bear,6,rabbit,False,0.012486242689192295,-0.08029390126466751,0.06282733380794525,0.04645746201276779
fixed_suffix,pca,not_applicable,76,slot_10__wolf__r04__c241,"Broad-pawed northern pack tracker carries upright triangular ears above an elongated muzzle across soft morning light; meanwhile, the pose shows balanced proportions.",wolf,6,rabbit,False,-0.019406693056225777,-0.02912035584449768,0.06282733380794525,0.04645746201276779
fixed_suffix,pca,not_applicable,77,slot_10__rabbit__r02__c081,"Within a quiet fence line, long-eared meadow grazer demonstrates large dark eyes and a split upper lip, where the posture remains natural.",rabbit,6,rabbit,True,-0.01335887424647808,-0.13162212073802948,0.06282733380794525,0.04645746201276779
fixed_suffix,pca,not_applicable,78,slot_10__deer__r01__c002,"Antlered woodland browser carries a pale throat below a fine-boned woodland face across a calm farmyard; meanwhile, the viewpoint remains level.",deer,2,deer,True,0.20839804410934448,-0.012581931427121162,0.06282733380794525,0.04645746201276779
fixed_suffix,pca,not_applicable,79,slot_10__horse__r01__c002,"Against soft morning light, a forelock falling between attentive eyes defines long-maned pasture runner; ground contact stays clear.",horse,4,horse,True,-0.0029189290944486856,-0.08570002764463425,0.06282733380794525,0.04645746201276779
fixed_suffix,pca,not_applicable,80,slot_11__cat__r01__c007,A striped household mouser has quiet padded paws beneath flexible forelegs.,cat,0,cat,True,-0.15713633596897125,0.0029032262973487377,0.06282733380794525,0.04645746201276779
fixed_suffix,pca,not_applicable,81,slot_11__dog__r01__c002,A panting ball retriever carries broad padded paws beneath sturdy running legs.,dog,7,dog,True,-0.15790504217147827,0.0251239575445652,0.06282733380794525,0.04645746201276779
fixed_suffix,pca,not_applicable,82,slot_11__fox__r01__c001,A narrow-muzzled night prowler has small black feet beneath narrow lower legs.,fox,0,cat,False,-0.11883945763111115,0.046612873673439026,0.06282733380794525,0.04645746201276779
fixed_suffix,pca,not_applicable,83,slot_11__bear__r01__c004,A powerful berry gatherer carries thick muscular legs supporting deliberate steps.,bear,7,dog,False,-0.025009989738464355,0.0030697709880769253,0.06282733380794525,0.04645746201276779
fixed_suffix,pca,not_applicable,84,slot_11__wolf__r04__c242,A bushy-tailed pack tracker shows dark padded feet supporting a steady trot.,wolf,5,wolf,True,0.015288593247532845,0.13903717696666718,0.06282733380794525,0.04645746201276779
fixed_suffix,pca,not_applicable,85,slot_11__rabbit__r01__c002,A hind-legged field nibbler shows oversized hind feet behind small front paws.,rabbit,6,rabbit,True,-0.09769303351640701,-0.010881589725613594,0.06282733380794525,0.04645746201276779
fixed_suffix,pca,not_applicable,86,slot_11__deer__r01__c001,A split-hoofed forest visitor reveals small cloven feet beneath lean brown limbs.,deer,2,deer,True,0.17574627697467804,-0.00307782762683928,0.06282733380794525,0.04645746201276779
fixed_suffix,pca,not_applicable,87,slot_11__horse__r01__c002,A saddle-trained trail companion reveals long lower legs ending in single hard hooves.,horse,4,horse,True,-0.047477465122938156,0.0010641232365742326,0.06282733380794525,0.04645746201276779
fixed_suffix,pca,not_applicable,88,slot_12__cat__r01__c005,A long balancing tail behind springing hind legs defines an upright-tailed lap companion.,cat,4,horse,False,-0.10966242849826813,0.006071374285966158,0.06282733380794525,0.04645746201276779
fixed_suffix,pca,not_applicable,89,slot_12__dog__r02__c082,A broad-pawed walking partner carries straight forelegs supporting a ready stance.,dog,7,dog,True,-0.17657458782196045,0.08926407992839813,0.06282733380794525,0.04645746201276779
fixed_suffix,pca,not_applicable,90,slot_12__fox__r02__c081,A bushy-tailed den visitor has dark lower legs ending in light quick paws.,fox,7,dog,False,-0.05137205123901367,0.04077653959393501,0.06282733380794525,0.04645746201276779
fixed_suffix,pca,not_applicable,91,slot_12__bear__r02__c082,A bulky streamside fisher has heavy hind limbs behind a very short tail.,bear,7,dog,False,-0.0681019052863121,0.04609887674450874,0.06282733380794525,0.04645746201276779
fixed_suffix,pca,not_applicable,92,slot_12__wolf__r04__c243,A wild gray pack hunter carries a low bushy tail behind powerful hindquarters.,wolf,5,wolf,True,-0.03736165910959244,0.1950138509273529,0.06282733380794525,0.04645746201276779
fixed_suffix,pca,not_applicable,93,slot_12__rabbit__r04__c243,Powerful folded rear legs beneath a round body defines a long-eared grazer.,rabbit,4,horse,False,-0.0834050104022026,-0.03418464586138725,0.06282733380794525,0.04645746201276779
fixed_suffix,pca,not_applicable,94,slot_12__deer__r02__c081,A branch-antlered visitor reveals slender legs ending in dark split hooves.,deer,2,deer,True,0.12750431895256042,0.06023741140961647,0.06282733380794525,0.04645746201276779
fixed_suffix,pca,not_applicable,95,slot_12__horse__r01__c002,A flowing tail behind powerful hindquarters is visible on a bridled stable companion.,horse,4,horse,True,-0.1211775690317154,0.02624884806573391,0.06282733380794525,0.04645746201276779
fixed_suffix,pca,not_applicable,96,slot_13__cat__r02__c082,Whiskered house-prowler displays small rounded feet placed in a narrow walking line beside low evening light.,cat,0,cat,True,-0.12597370147705078,-0.03848305717110634,0.06282733380794525,0.04645746201276779
fixed_suffix,pca,not_applicable,97,slot_13__dog__r01__c002,Straight forelegs supporting a ready stance distinguishes tongue-out family-companion near a calm farmyard.,dog,7,dog,True,-0.13573119044303894,-0.04505319520831108,0.06282733380794525,0.04645746201276779
fixed_suffix,pca,not_applicable,98,slot_13__fox__r01__c002,"Within soft morning light, amber-eyed meadow-prowler demonstrates slender springing limbs suited to sudden pounces.",fox,6,rabbit,False,-0.00751796830445528,-0.08858819305896759,0.06282733380794525,0.04645746201276779
fixed_suffix,pca,not_applicable,99,slot_13__bear__r01__c004,Long curved claws extending beyond dark toe pads distinguishes round-eared timberland-giant near a shaded woodland edge.,bear,3,bear,True,0.07416296750307083,-0.02269606478512287,0.06282733380794525,0.04645746201276779
fixed_suffix,pca,not_applicable,100,slot_13__wolf__r03__c161,Gray pack hunter displays large snow-spreading feet and straight forelegs beside a narrow riverside path.,wolf,5,wolf,True,0.018622204661369324,0.13193272054195404,0.06282733380794525,0.04645746201276779
fixed_suffix,pca,not_applicable,101,slot_13__rabbit__r05__c321,"Within an open grassy clearing, twitch-nosed clover nibbler demonstrates long hind limbs prepared for sudden bounds.",rabbit,6,rabbit,True,-0.03051563911139965,-0.08635348826646805,0.06282733380794525,0.04645746201276779
fixed_suffix,pca,not_applicable,102,slot_13__deer__r01__c002,"Beside a broad dirt trail, branch-antlered woodland traveler reveals long delicate forelegs built for quiet stepping.",deer,2,deer,True,0.1879301220178604,-0.004293293226510286,0.06282733380794525,0.04645746201276779
fixed_suffix,pca,not_applicable,103,slot_13__horse__r01__c002,Swift-maned open-field runner carries muscular legs with dark hair above each hoof across a narrow riverside path.,horse,4,horse,True,-0.03388740494847298,-0.0786794126033783,0.06282733380794525,0.04645746201276779
fixed_suffix,pca,not_applicable,104,slot_14__cat__r01__c001,"Beside a misty hillside, pointed-eared lap-companion reveals curved retractable claws hidden above soft toe pads; nearby tracks indicate scale.",cat,6,rabbit,False,0.00330759072676301,-0.07760944962501526,0.06282733380794525,0.04645746201276779
fixed_suffix,pca,not_applicable,105,slot_14__dog__r01__c001,"Collar-wearing yard-guardian carries a wagging tail extending from strong hindquarters across a patch of dense brush; meanwhile, the viewpoint remains level.",dog,7,dog,True,-0.07232489436864853,-0.08041036874055862,0.06282733380794525,0.04645746201276779
fixed_suffix,pca,not_applicable,106,slot_14__fox__r01__c002,"Narrow-muzzled dusk-prowler carries small black feet beneath narrow lower legs across a pale winter field; meanwhile, soft light preserves surface detail.",fox,6,rabbit,False,-0.036384183913469315,-0.07255573570728302,0.06282733380794525,0.04645746201276779
fixed_suffix,pca,not_applicable,107,slot_14__bear__r04__c241,"Within a shaded woodland edge, thick-furred cave-sleeper demonstrates thick muscular legs supporting deliberate steps, where the setting supports the behavior.",bear,3,bear,True,0.10220136493444443,-0.061401017010211945,0.06282733380794525,0.04645746201276779
fixed_suffix,pca,not_applicable,108,slot_14__wolf__r04__c245,"Thick-coated howling sentinel carries large snow-spreading feet and straight forelegs across soft morning light; meanwhile, its full body stays visible.",wolf,5,wolf,True,-0.0014418092323467135,0.07832907140254974,0.06282733380794525,0.04645746201276779
fixed_suffix,pca,not_applicable,109,slot_14__rabbit__r01__c001,"Soft-coated burrow dweller displays powerful folded rear legs beneath a round body beside a sunlit garden path, while soft light preserves surface detail.",rabbit,6,rabbit,True,-0.04152420535683632,-0.17505475878715515,0.06282733380794525,0.04645746201276779
fixed_suffix,pca,not_applicable,110,slot_14__deer__r01__c001,"A clear view shows slender-legged forest grazer with a raised white tail above springing hind legs, as surrounding plants provide scale.",deer,2,deer,True,0.13413667678833008,-0.07648751884698868,0.06282733380794525,0.04645746201276779
fixed_suffix,pca,not_applicable,111,slot_14__horse__r01__c003,"Single-hoofed riding companion displays long lower legs ending in single hard hooves beside a patch of dense brush, while the viewpoint remains level.",horse,4,horse,True,0.01630089059472084,-0.10207559168338776,0.06282733380794525,0.04645746201276779
fixed_suffix,pca,not_applicable,112,slot_15__cat__r03__c162,"Against scattered autumn leaves, curved retractable claws hidden above soft toe pads defines striped hearthside-prowler; the pose shows balanced proportions.",cat,0,cat,True,-0.03219526261091232,-0.0910642072558403,0.06282733380794525,0.04645746201276779
fixed_suffix,pca,not_applicable,113,slot_15__dog__r01__c003,"Within a rocky meadow, floppy-eared home-guardian demonstrates a wagging tail extending from strong hindquarters, where nearby tracks indicate scale.",dog,6,rabbit,False,-0.048245105892419815,-0.052291449159383774,0.06282733380794525,0.04645746201276779
fixed_suffix,pca,not_applicable,114,slot_15__fox__r01__c001,"Sharp-eared field-stalker becomes recognizable through slender springing limbs suited to sudden pounces, while the background preserves its outline.",fox,6,rabbit,False,0.027885310351848602,-0.09875309467315674,0.06282733380794525,0.04645746201276779
fixed_suffix,pca,not_applicable,115,slot_15__bear__r02__c081,"Massive front feet planted across rough ground distinguishes powerful berry-gatherer near a shallow stream bank, where the pose shows balanced proportions.",bear,6,rabbit,False,0.01665247045457363,-0.12459149956703186,0.06282733380794525,0.04645746201276779
fixed_suffix,pca,not_applicable,116,slot_15__wolf__r04__c246,"Broad-pawed northern pack tracker displays broad paws beneath long endurance-built legs beside a broad dirt trail, while nearby tracks indicate scale.",wolf,5,wolf,True,0.019540708512067795,0.02951488457620144,0.06282733380794525,0.04645746201276779
fixed_suffix,pca,not_applicable,117,slot_15__rabbit__r04__c243,"Long-eared grassland nibbler carries long hind limbs prepared for sudden bounds across low evening light; meanwhile, its full body stays visible.",rabbit,6,rabbit,True,0.024365123361349106,-0.13579949736595154,0.06282733380794525,0.04645746201276779
fixed_suffix,pca,not_applicable,118,slot_15__deer__r01__c003,"Split-hoofed trail visitor carries a raised white tail above springing hind legs across a calm farmyard; meanwhile, soft light preserves surface detail.",deer,6,rabbit,False,0.05230668559670448,-0.11991819739341736,0.06282733380794525,0.04645746201276779
fixed_suffix,pca,not_applicable,119,slot_15__horse__r01__c002,"A sweeping tail balancing four narrow hooves distinguishes tall long-faced grazer near a weathered wooden gate, where the setting supports the behavior.",horse,4,horse,True,-0.030729390680789948,-0.09843387454748154,0.06282733380794525,0.04645746201276779
fixed_suffix,pca,not_applicable,120,slot_16__cat__r01__c002,A striped household mouser carries a compact low torso with a flexible spine.,cat,0,cat,True,-0.14304083585739136,-0.01873912289738655,0.06282733380794525,0.04645746201276779
fixed_suffix,pca,not_applicable,121,slot_16__dog__r01__c003,A tail-wagging family companion carries strong shoulders above an athletic household silhouette.,dog,7,dog,True,-0.15070636570453644,0.024859555065631866,0.06282733380794525,0.04645746201276779
fixed_suffix,pca,not_applicable,122,slot_16__fox__r04__c246,A light elongated frame beneath a full tail marks a russet snowline hunter.,fox,1,fox,True,-0.0630631074309349,0.09264010190963745,0.06282733380794525,0.04645746201276779
fixed_suffix,pca,not_applicable,123,slot_16__bear__r01__c003,A broad-pawed wilderness forager has a towering woodland silhouette built for strength.,bear,3,bear,True,0.09191183000802994,0.02955968864262104,0.06282733380794525,0.04645746201276779
fixed_suffix,pca,not_applicable,124,slot_16__wolf__r05__c321,Powerful shoulders narrowing toward the flanks defines a howling snow hunter.,wolf,1,fox,False,-0.09469280391931534,0.17724813520908356,0.06282733380794525,0.04645746201276779
fixed_suffix,pca,not_applicable,125,slot_16__rabbit__r02__c082,A burrow resident carries a lightweight frame with prominent folded haunches.,rabbit,7,dog,False,-0.11512718349695206,0.017155596986413002,0.06282733380794525,0.04645746201276779
fixed_suffix,pca,not_applicable,126,slot_16__deer__r01__c004,An antlered woodland browser shows an athletic herd grazer with a deep chest.,deer,2,deer,True,0.17568103969097137,0.0715399757027626,0.06282733380794525,0.04645746201276779
fixed_suffix,pca,not_applicable,127,slot_16__horse__r01__c001,A muscular farmyard runner carries a powerful hindquarter line beneath the saddle area.,horse,4,horse,True,-0.12182356417179108,-0.011561235412955284,0.06282733380794525,0.04645746201276779
fixed_suffix,pca,not_applicable,128,slot_17__cat__r01__c002,A lightweight household frame and narrow shoulders identifies a purring house prowler.,cat,0,cat,True,-0.19681480526924133,0.10007970780134201,0.06282733380794525,0.04645746201276779
fixed_suffix,pca,not_applicable,129,slot_17__dog__r01__c004,A panting ball retriever shows a sturdy medium frame with a broad chest.,dog,7,dog,True,-0.17304669320583344,0.03597584739327431,0.06282733380794525,0.04645746201276779
fixed_suffix,pca,not_applicable,130,slot_17__fox__r15__c1121,A slender red hunter carries a huge bushy tail with a bright white tip.,fox,3,bear,False,0.04316150024533272,0.09752830117940903,0.06282733380794525,0.04645746201276779
fixed_suffix,pca,not_applicable,131,slot_17__bear__r02__c081,A round-eared forest giant shows a massive torso rising over powerful shoulders.,bear,3,bear,True,0.08550672978162766,0.039333269000053406,0.06282733380794525,0.04645746201276779
fixed_suffix,pca,not_applicable,132,slot_17__wolf__r09__c643,A sturdy wild gray pack hunter shows a tall athletic silhouette heavier than a yard companion.,wolf,5,wolf,True,-0.023118900135159492,0.22382685542106628,0.06282733380794525,0.04645746201276779
fixed_suffix,pca,not_applicable,133,slot_17__rabbit__r07__c482,A garden nibbler shows a small pear-shaped silhouette and short neck.,rabbit,6,rabbit,True,-0.09198711812496185,-0.057404860854148865,0.06282733380794525,0.04645746201276779
fixed_suffix,pca,not_applicable,134,slot_17__deer__r04__c241,A lean woodland frame with a short tail identifies a split-hoofed grazer.,deer,2,deer,True,0.08572856336832047,0.020215779542922974,0.06282733380794525,0.04645746201276779
fixed_suffix,pca,not_applicable,135,slot_17__horse__r05__c326,A long-faced grazer shows a powerful hindquarter line beneath the saddle area.,horse,4,horse,True,-0.047726552933454514,-0.006982683669775724,0.06282733380794525,0.04645746201276779
fixed_suffix,pca,not_applicable,136,slot_18__cat__r03__c163,"Beside low evening light, striped hearthside-prowler reveals a lightweight household frame and narrow shoulders.",cat,0,cat,True,-0.1100362092256546,-0.026752853766083717,0.06282733380794525,0.04645746201276779
fixed_suffix,pca,not_applicable,137,slot_18__dog__r01__c001,Leash-following walking-partner displays a sturdy medium frame with a broad chest beside a narrow riverside path.,dog,7,dog,True,-0.10428585857152939,0.004039466381072998,0.06282733380794525,0.04645746201276779
fixed_suffix,pca,not_applicable,138,slot_18__fox__r04__c243,Orange-chested hedgerow-stalker displays a small woodland silhouette built for quick turns beside soft morning light.,fox,2,deer,False,0.12133678793907166,-0.05231992527842522,0.06282733380794525,0.04645746201276779
fixed_suffix,pca,not_applicable,139,slot_18__bear__r02__c083,"Beside a quiet fence line, towering honey-seeker reveals a massive torso rising over powerful shoulders.",bear,7,dog,False,-0.061483919620513916,-0.05022862181067467,0.06282733380794525,0.04645746201276779
fixed_suffix,pca,not_applicable,140,slot_18__wolf__r04__c243,Thick-coated howling sentinel becomes recognizable through powerful shoulders narrowing toward the flanks near a shallow stream bank.,wolf,1,fox,False,-0.0030657374300062656,0.08593963831663132,0.06282733380794525,0.04645746201276779
fixed_suffix,pca,not_applicable,141,slot_18__rabbit__r01__c001,White-tailed garden visitor carries a compact rounded body held close to the ground across a patch of dense brush.,rabbit,6,rabbit,True,-0.0017312372801825404,-0.07916488498449326,0.06282733380794525,0.04645746201276779
fixed_suffix,pca,not_applicable,142,slot_18__deer__r01__c001,"Against a rocky meadow, a tall narrow torso on unusually slender legs defines large-eared woodland browser.",deer,6,rabbit,False,0.07105981558561325,-0.08207621425390244,0.06282733380794525,0.04645746201276779
fixed_suffix,pca,not_applicable,143,slot_18__horse__r01__c002,"Against a misty hillside, a high-shouldered silhouette above slender lower legs defines powerful paddock runner.",horse,7,dog,False,-0.03437873721122742,-0.04071821644902229,0.06282733380794525,0.04645746201276779
fixed_suffix,pca,not_applicable,144,slot_19__cat__r01__c002,"Beside a misty hillside, striped hearthside-prowler reveals a rounded chest tapering toward agile hindquarters; its full body stays visible.",cat,0,cat,True,-0.07037253677845001,-0.06675688922405243,0.06282733380794525,0.04645746201276779
fixed_suffix,pca,not_applicable,145,slot_19__dog__r01__c001,"Against scattered autumn leaves, a balanced torso built for running beside people defines floppy-eared home-guardian; ground contact stays clear.",dog,6,rabbit,False,0.009365567937493324,-0.06597350537776947,0.06282733380794525,0.04645746201276779
fixed_suffix,pca,not_applicable,146,slot_19__fox__r02__c081,"A clear view shows bushy-tailed den-visitor with a small woodland silhouette built for quick turns, as the setting supports the behavior.",fox,2,deer,False,0.09907577931880951,-0.006415373180061579,0.06282733380794525,0.04645746201276779
fixed_suffix,pca,not_applicable,147,slot_19__bear__r03__c162,"Long-clawed wilderness-resident carries a massive torso rising over powerful shoulders across a shaded woodland edge; meanwhile, the background preserves its outline.",bear,3,bear,True,0.10313895344734192,-0.08888392895460129,0.06282733380794525,0.04645746201276779
fixed_suffix,pca,not_applicable,148,slot_19__wolf__r04__c243,"Within a patch of dense brush, wild gray pack predator demonstrates a rangy body built for sustained travel, where the moment appears unstaged.",wolf,5,wolf,True,0.08090788871049881,0.08215957134962082,0.06282733380794525,0.04645746201276779
fixed_suffix,pca,not_applicable,149,slot_19__rabbit__r01__c003,"Within a rocky meadow, short-tailed garden browser demonstrates a compact rounded body held close to the ground, where nearby tracks indicate scale.",rabbit,6,rabbit,True,0.012567943893373013,-0.0954304113984108,0.06282733380794525,0.04645746201276779
fixed_suffix,pca,not_applicable,150,slot_19__deer__r01__c002,"A clear view shows alert brown forest browser with a long-necked body balanced above fine limbs, as the head and torso remain visible.",deer,2,deer,True,0.08845305442810059,-0.006003818474709988,0.06282733380794525,0.04645746201276779
fixed_suffix,pca,not_applicable,151,slot_19__horse__r01__c003,"A clear view shows upright-eared pasture grazer with a tall deep-chested body with a long neck, as ground contact stays clear.",horse,4,horse,True,-0.004977912176400423,-0.12805944681167603,0.06282733380794525,0.04645746201276779
fixed_suffix,pca,not_applicable,152,slot_20__cat__r01__c002,"Whiskered house-prowler displays a neatly proportioned body suited to tight indoor spaces beside a calm farmyard, while the posture remains natural.",cat,0,cat,True,-0.13085582852363586,-0.1520986706018448,0.06282733380794525,0.04645746201276779
fixed_suffix,pca,not_applicable,153,slot_20__dog__r01__c002,"A clear view shows wagging household-companion with a solid companion-sized body carried on four even legs, as the head and torso remain visible.",dog,7,dog,True,-0.12461160123348236,-0.047762200236320496,0.06282733380794525,0.04645746201276779
fixed_suffix,pca,not_applicable,154,slot_20__fox__r07__c484,"Orange-chested hedgerow-stalker becomes recognizable through a graceful ground-hugging body with delicate proportions, while soft light preserves surface detail.",fox,6,rabbit,False,0.08461223542690277,-0.18042172491550446,0.06282733380794525,0.04645746201276779
fixed_suffix,pca,not_applicable,155,slot_20__bear__r02__c082,"A massive torso rising over powerful shoulders distinguishes round-eared timberland-giant near a shallow stream bank, where nearby tracks indicate scale.",bear,3,bear,True,0.11858201771974564,-0.04947328940033913,0.06282733380794525,0.04645746201276779
fixed_suffix,pca,not_applicable,156,slot_20__wolf__r04__c245,"Bushy-tailed mountain pack tracker becomes recognizable through a rangy body built for sustained travel, while the head and torso remain visible.",wolf,5,wolf,True,0.060252465307712555,0.05993560329079628,0.06282733380794525,0.04645746201276779
fixed_suffix,pca,not_applicable,157,slot_20__rabbit__r04__c248,"Long-eared grassland nibbler displays a low oval profile ending in a tiny tail beside a shallow stream bank, while the pose shows balanced proportions.",rabbit,6,rabbit,True,0.02311905100941658,-0.17815229296684265,0.06282733380794525,0.04645746201276779
fixed_suffix,pca,not_applicable,158,slot_20__deer__r01__c001,"Within a misty hillside, branch-antlered woodland traveler demonstrates a lean woodland frame with a short tail, where nearby tracks indicate scale.",deer,2,deer,True,0.2303958535194397,0.02361471951007843,0.06282733380794525,0.04645746201276779
fixed_suffix,pca,not_applicable,159,slot_20__horse__r01__c004,"Against soft morning light, a powerful hindquarter line beneath the saddle area defines flowing-tailed field grazer; the head and torso remain visible.",horse,4,horse,True,-0.042049337178468704,-0.12326516211032867,0.06282733380794525,0.04645746201276779
fixed_suffix,pca,not_applicable,160,slot_21__cat__r01__c001,A retractable-clawed mouser has the floor before springing onto furniture.,cat,0,cat,True,-0.16994455456733704,0.08336986601352692,0.06282733380794525,0.04645746201276779
fixed_suffix,pca,not_applicable,161,slot_21__dog__r02__c082,A footpath while pulling lightly against a leash identifies a collared gate watcher.,dog,7,dog,True,-0.16204848885536194,0.08720581978559494,0.06282733380794525,0.04645746201276779
fixed_suffix,pca,not_applicable,162,slot_21__fox__r01__c003,A sharp-eared field stalker has woodland cover using a low cautious trot.,fox,3,bear,False,0.05383879691362381,0.0643831193447113,0.06282733380794525,0.04645746201276779
fixed_suffix,pca,not_applicable,163,slot_21__bear__r02__c081,A heavy-pawed mountain roamer carries a fallen trunk through surprising climbing strength.,bear,3,bear,True,-0.022070568054914474,0.10079727321863174,0.06282733380794525,0.04645746201276779
fixed_suffix,pca,not_applicable,164,slot_21__wolf__r05__c321,A bushy-tailed pack tracker has silent stepping between closely spaced pines.,wolf,5,wolf,True,0.07226096093654633,0.1637229025363922,0.06282733380794525,0.04645746201276779
fixed_suffix,pca,not_applicable,165,slot_21__rabbit__r04__c244,Small cautious hops followed by complete stillness identifies a velvet-eared browser.,rabbit,7,dog,False,-0.09771087765693665,0.06394077092409134,0.06282733380794525,0.04645746201276779
fixed_suffix,pca,not_applicable,166,slot_21__deer__r01__c002,High bounding leaps across fallen woodland branches marks a large-eared woodland grazer.,deer,2,deer,True,0.1163325384259224,0.025937961414456367,0.06282733380794525,0.04645746201276779
fixed_suffix,pca,not_applicable,167,slot_21__horse__r01__c001,A collected trot around the training ring defines a flowing-tailed field grazer.,horse,4,horse,True,-0.11053022742271423,-0.006825467571616173,0.06282733380794525,0.04645746201276779
fixed_suffix,pca,not_applicable,168,slot_22__cat__r01__c002,A long-whiskered home companion reveals the room with a low stalking posture.,cat,0,cat,True,-0.17966465651988983,0.031000550836324692,0.06282733380794525,0.04645746201276779
fixed_suffix,pca,not_applicable,169,slot_22__dog__r01__c002,A footpath while pulling lightly against a leash marks a keen-nosed scent tracker.,dog,7,dog,True,-0.10750842839479446,0.07290944457054138,0.06282733380794525,0.04645746201276779
fixed_suffix,pca,not_applicable,170,slot_22__fox__r02__c081,A bushy-tailed den visitor shows snow before diving headfirst toward hidden movement.,fox,1,fox,True,-0.017530199140310287,0.11490536481142044,0.06282733380794525,0.04645746201276779
fixed_suffix,pca,not_applicable,171,slot_22__bear__r01__c002,A steep slope despite its bulky frame defines a towering honey seeker.,bear,7,dog,False,-0.05010616034269333,0.043975066393613815,0.06282733380794525,0.04645746201276779
fixed_suffix,pca,not_applicable,172,slot_22__wolf__r04__c244,A rapid pursuit over broken mountain ground defines a howling snow hunter.,wolf,1,fox,False,-0.04751325398683548,0.2448682337999344,0.06282733380794525,0.04645746201276779
fixed_suffix,pca,not_applicable,173,slot_22__rabbit__r05__c322,Rapid bounding toward a nearby burrow entrance marks a long-eared grazer.,rabbit,6,rabbit,True,-0.02552718110382557,-0.031144171953201294,0.06282733380794525,0.04645746201276779
fixed_suffix,pca,not_applicable,174,slot_22__deer__r02__c081,A branch-antlered visitor carries high bounding leaps across fallen woodland branches.,deer,2,deer,True,0.1748744398355484,0.0773293599486351,0.06282733380794525,0.04645746201276779
fixed_suffix,pca,not_applicable,175,slot_22__horse__r01__c002,An extended gallop across open pasture identifies a bridled stable companion.,horse,4,horse,True,-0.0862032026052475,-0.030828513205051422,0.06282733380794525,0.04645746201276779
fixed_suffix,pca,not_applicable,176,slot_23__cat__r04__c244,A windowsill while its tail corrects balance distinguishes retractable-clawed climber near low evening light.,cat,0,cat,True,-0.11500813066959381,-0.029794860631227493,0.06282733380794525,0.04645746201276779
fixed_suffix,pca,not_applicable,177,slot_23__dog__r01__c002,Tongue-out family-companion displays open grass before turning sharply after a ball beside a narrow riverside path.,dog,6,rabbit,False,-0.04806007072329521,-0.09296537190675735,0.06282733380794525,0.04645746201276779
fixed_suffix,pca,not_applicable,178,slot_23__fox__r04__c245,"Within a sunlit garden path, russet snowline-hunter demonstrates a meadow through quick elastic bounds.",fox,6,rabbit,False,0.04435206949710846,-0.06008073687553406,0.06282733380794525,0.04645746201276779
fixed_suffix,pca,not_applicable,179,slot_23__bear__r05__c326,Short-tailed mountain-roamer becomes recognizable through a fallen trunk through surprising climbing strength near a shaded woodland edge.,bear,3,bear,True,0.12227999418973923,0.02352471463382244,0.06282733380794525,0.04645746201276779
fixed_suffix,pca,not_applicable,180,slot_23__wolf__r06__c402,Long-legged snow pack hunter becomes recognizable through silent stepping between closely spaced pines near a misty hillside.,wolf,3,bear,False,0.12385004013776779,0.08181978762149811,0.06282733380794525,0.04645746201276779
fixed_suffix,pca,not_applicable,181,slot_23__rabbit__r01__c002,Twitch-nosed ground dweller carries small cautious hops followed by complete stillness across a patch of dense brush.,rabbit,6,rabbit,True,0.010807841084897518,-0.04796822741627693,0.06282733380794525,0.04645746201276779
fixed_suffix,pca,not_applicable,182,slot_23__deer__r01__c002,"Against a rocky meadow, a sudden white-tail retreat into dense cover defines branch-antlered woodland traveler.",deer,2,deer,True,0.17596352100372314,-0.0026069246232509613,0.06282733380794525,0.04645746201276779
fixed_suffix,pca,not_applicable,183,slot_23__horse__r04__c244,"Against a narrow riverside path, a flowing canter with mane and tail lifted defines long-faced bridled trail companion.",horse,4,horse,True,-0.023508472368121147,-0.06018147990107536,0.06282733380794525,0.04645746201276779
fixed_suffix,pca,not_applicable,184,slot_24__cat__r01__c005,"A clear view shows padded-paw windowsill-watcher with a windowsill while its tail corrects balance, as ground contact stays clear.",cat,0,cat,True,-0.10753479599952698,0.00445186160504818,0.06282733380794525,0.04645746201276779
fixed_suffix,pca,not_applicable,185,slot_24__dog__r01__c003,"Leash-following walking-partner carries the yard in an eager bounding gait across a patch of dense brush; meanwhile, the posture remains natural.",dog,7,dog,True,-0.07216472178697586,-0.037878431379795074,0.06282733380794525,0.04645746201276779
fixed_suffix,pca,not_applicable,186,slot_24__fox__r06__c404,"Beside a pale winter field, amber-eyed meadow-prowler reveals woodland cover using a low cautious trot; the viewpoint remains level.",fox,6,rabbit,False,0.056524813175201416,-0.052212487906217575,0.06282733380794525,0.04645746201276779
fixed_suffix,pca,not_applicable,187,slot_24__bear__r01__c001,"Round-eared timberland-giant displays a steep slope despite its bulky frame beside a quiet fence line, while soft light preserves surface detail.",bear,3,bear,True,0.08889198303222656,-0.0767631009221077,0.06282733380794525,0.04645746201276779
fixed_suffix,pca,not_applicable,188,slot_24__wolf__r04__c244,"Within a patch of dense brush, pale-muzzled forest pack hunter demonstrates an efficient ground-covering trot through snow, where the setting supports the behavior.",wolf,3,bear,False,0.1610429733991623,0.005727707874029875,0.06282733380794525,0.04645746201276779
fixed_suffix,pca,not_applicable,189,slot_24__rabbit__r01__c001,"Soft-coated burrow dweller becomes recognizable through a sudden zigzag escape across short grass, while the background preserves its outline.",rabbit,6,rabbit,True,-0.03473156690597534,-0.08885271847248077,0.06282733380794525,0.04645746201276779
fixed_suffix,pca,not_applicable,190,slot_24__deer__r01__c004,"Spotted forest youngster displays a sudden white-tail retreat into dense cover beside a shaded woodland edge, while soft light preserves surface detail.",deer,2,deer,True,0.20056390762329102,-0.02969532459974289,0.06282733380794525,0.04645746201276779
fixed_suffix,pca,not_applicable,191,slot_24__horse__r01__c001,"Broad-chested stable resident carries an extended gallop across open pasture across a narrow riverside path; meanwhile, the posture remains natural.",horse,4,horse,True,-0.05142851173877716,-0.1799960434436798,0.06282733380794525,0.04645746201276779
fixed_suffix,pca,not_applicable,192,slot_25__cat__r03__c162,"Within a shallow stream bank, striped hearthside-prowler demonstrates the room with a low stalking posture, where the head and torso remain visible.",cat,0,cat,True,-0.08598479628562927,-0.05728336423635483,0.06282733380794525,0.04645746201276779
fixed_suffix,pca,not_applicable,193,slot_25__dog__r01__c003,"A clear view shows floppy-eared home-guardian with a footpath while pulling lightly against a leash, as ground contact stays clear.",dog,7,dog,True,-0.10176602751016617,-0.014539231546223164,0.06282733380794525,0.04645746201276779
fixed_suffix,pca,not_applicable,194,slot_25__fox__r05__c325,"Narrow-muzzled dusk-prowler carries the field with its full tail held level across a shaded woodland edge; meanwhile, the posture remains natural.",fox,6,rabbit,False,-0.04338766261935234,-0.02946433797478676,0.06282733380794525,0.04645746201276779
fixed_suffix,pca,not_applicable,195,slot_25__bear__r01__c002,"Powerful berry-gatherer carries a fallen trunk through surprising climbing strength across a narrow riverside path; meanwhile, the viewpoint remains level.",bear,3,bear,True,0.08536356687545776,-0.09497221559286118,0.06282733380794525,0.04645746201276779
fixed_suffix,pca,not_applicable,196,slot_25__wolf__r05__c323,"Large gray howling pack hunter displays an efficient ground-covering trot through snow beside a weathered wooden gate, while soft light preserves surface detail.",wolf,5,wolf,True,0.0683639645576477,0.1016293317079544,0.06282733380794525,0.04645746201276779
fixed_suffix,pca,not_applicable,197,slot_25__rabbit__r01__c001,"Within a rocky meadow, round-eyed grassland nibbler demonstrates small cautious hops followed by complete stillness, where nearby tracks indicate scale.",rabbit,6,rabbit,True,0.008105872198939323,-0.13358193635940552,0.06282733380794525,0.04645746201276779
fixed_suffix,pca,not_applicable,198,slot_25__deer__r03__c161,"Swift running across an open clearing distinguishes split-hoofed trail visitor near a shaded woodland edge, where the viewpoint remains level.",deer,2,deer,True,0.08215100318193436,-0.021267203614115715,0.06282733380794525,0.04645746201276779
fixed_suffix,pca,not_applicable,199,slot_25__horse__r01__c002,"Tall long-faced grazer displays a flowing canter with mane and tail lifted beside a patch of dense brush, while soft light preserves surface detail.",horse,4,horse,True,0.06066330894827843,-0.15177999436855316,0.06282733380794525,0.04645746201276779
fixed_suffix,pca,not_applicable,200,slot_26__cat__r02__c082,Moving string with focused paw taps identifies an upright-tailed lap companion.,cat,7,dog,False,-0.1765454262495041,0.09093443304300308,0.06282733380794525,0.04645746201276779
fixed_suffix,pca,not_applicable,201,slot_26__dog__r01__c001,A broad-pawed walking partner shows the floor beside a familiar person's chair.,dog,7,dog,True,-0.17977485060691833,0.12008782476186752,0.06282733380794525,0.04645746201276779
fixed_suffix,pca,not_applicable,202,slot_26__fox__r01__c002,An amber-eyed meadow prowler shows faint ground sounds with tilted ears.,fox,6,rabbit,False,-0.05620895326137543,-0.006630313582718372,0.06282733380794525,0.04645746201276779
fixed_suffix,pca,not_applicable,203,slot_26__bear__r01__c001,A bulky streamside fisher reveals river shallows during a patient fishing period.,bear,3,bear,True,0.027394641190767288,0.055122409015893936,0.06282733380794525,0.04645746201276779
fixed_suffix,pca,not_applicable,204,slot_26__wolf__r03__c162,A gray pack hunter shows food sharing among an organized family group.,wolf,5,wolf,True,-0.03300346061587334,0.26433321833610535,0.06282733380794525,0.04645746201276779
fixed_suffix,pca,not_applicable,205,slot_26__rabbit__r01__c001,A soft-coated meadow nibbler carries chewing leafy stems while remaining near cover.,rabbit,6,rabbit,True,-0.017797857522964478,-0.05593671649694443,0.06282733380794525,0.04645746201276779
fixed_suffix,pca,not_applicable,206,slot_26__deer__r02__c081,A long-legged browser shows quiet feeding before dawn near dense cover.,deer,6,rabbit,False,-0.005171274300664663,0.037385616451501846,0.06282733380794525,0.04645746201276779
fixed_suffix,pca,not_applicable,207,slot_26__horse__r01__c001,A muscular farmyard runner has resting upright near familiar herd companions.,horse,7,dog,False,-0.16457656025886536,0.030720556154847145,0.06282733380794525,0.04645746201276779
fixed_suffix,pca,not_applicable,208,slot_27__cat__r01__c002,Moving string with focused paw taps marks a purring house prowler.,cat,0,cat,True,-0.18076252937316895,0.12384319305419922,0.06282733380794525,0.04645746201276779
fixed_suffix,pca,not_applicable,209,slot_27__dog__r01__c001,New surroundings through persistent sniffing defines a leash-wearing companion.,dog,7,dog,True,-0.1593354195356369,0.12208068370819092,0.06282733380794525,0.04645746201276779
fixed_suffix,pca,not_applicable,210,slot_27__fox__r05__c322,Faint ground sounds with tilted ears identifies a russet snowline hunter.,fox,1,fox,True,-0.011560436338186264,0.08064384758472443,0.06282733380794525,0.04645746201276779
fixed_suffix,pca,not_applicable,211,slot_27__bear__r02__c082,Loose logs while searching for insects identifies a broad-muzzled river hunter.,bear,3,bear,True,0.07750540971755981,0.12118063122034073,0.06282733380794525,0.04645746201276779
fixed_suffix,pca,not_applicable,212,slot_27__wolf__r04__c244,A bushy-tailed pack tracker has patient tracking across old snow prints.,wolf,5,wolf,True,0.06257088482379913,0.21031084656715393,0.06282733380794525,0.04645746201276779
fixed_suffix,pca,not_applicable,213,slot_27__rabbit__r01__c003,Chewing leafy stems while remaining near cover is visible on a white-tailed garden browser.,rabbit,6,rabbit,True,0.01856650970876217,0.0012227516854181886,0.06282733380794525,0.04645746201276779
fixed_suffix,pca,not_applicable,214,slot_27__deer__r04__c242,A forest herd grazer reveals quiet feeding before dawn near dense cover.,deer,2,deer,True,0.16509594023227692,-0.004078982397913933,0.06282733380794525,0.04645746201276779
fixed_suffix,pca,not_applicable,215,slot_27__horse__r01__c002,A single-hoofed riding companion reveals slow chewing beside a pasture water trough.,horse,4,horse,True,-0.06443777680397034,-0.010849367827177048,0.06282733380794525,0.04645746201276779
fixed_suffix,pca,not_applicable,216,slot_28__cat__r01__c001,A clear view shows purring room-explorer with a warm patch before curling tightly near a rocky meadow.,cat,0,cat,True,-0.06810459494590759,-0.007187605835497379,0.06282733380794525,0.04645746201276779
fixed_suffix,pca,not_applicable,217,slot_28__dog__r01__c001,Leash-following walking-partner becomes recognizable through a buried object with repeated digging near a shaded woodland edge.,dog,7,dog,True,-0.009731614962220192,0.03459588810801506,0.06282733380794525,0.04645746201276779
fixed_suffix,pca,not_applicable,218,slot_28__fox__r04__c247,Faint ground sounds with tilted ears distinguishes narrow-muzzled dusk-prowler near a rocky meadow.,fox,6,rabbit,False,-0.044596701860427856,-0.0016651256009936333,0.06282733380794525,0.04645746201276779
fixed_suffix,pca,not_applicable,219,slot_28__bear__r01__c001,Heavy-pawed backcountry-wanderer carries berry bushes during long seasonal feeding across a sunlit garden path.,bear,3,bear,True,0.016401922330260277,0.016988715156912804,0.06282733380794525,0.04645746201276779
fixed_suffix,pca,not_applicable,220,slot_28__wolf__r04__c245,Large gray howling pack hunter becomes recognizable through careful scent inspection along a territorial boundary near a shallow stream bank.,wolf,5,wolf,True,0.04982469230890274,0.13406337797641754,0.06282733380794525,0.04645746201276779
fixed_suffix,pca,not_applicable,221,slot_28__rabbit__r01__c001,Steady nibbling of clover beside the burrow distinguishes white-tailed garden visitor near a calm farmyard.,rabbit,6,rabbit,True,-0.0569562204182148,-0.10224702209234238,0.06282733380794525,0.04645746201276779
fixed_suffix,pca,not_applicable,222,slot_28__deer__r04__c243,Stripping soft bark during a sparse winter distinguishes brown woodland browser with branching antlers near a rocky meadow.,deer,2,deer,True,0.17105315625667572,0.038185957819223404,0.06282733380794525,0.04645746201276779
fixed_suffix,pca,not_applicable,223,slot_28__horse__r01__c001,Single-hoofed riding companion displays steady grazing with lips clipping short grass beside a quiet fence line.,horse,4,horse,True,-0.058771032840013504,-0.1314743310213089,0.06282733380794525,0.04645746201276779
fixed_suffix,pca,not_applicable,224,slot_29__cat__r02__c083,"Within a shaded woodland edge, curled-tail home-companion demonstrates moving string with focused paw taps, where the posture remains natural.",cat,2,deer,False,0.01463246438652277,-0.01702859438955784,0.06282733380794525,0.04645746201276779
fixed_suffix,pca,not_applicable,225,slot_29__dog__r04__c241,"Tongue-out family-companion displays new surroundings through persistent sniffing beside a shallow stream bank, while its full body stays visible.",dog,6,rabbit,False,-0.03956000879406929,-0.07408491522073746,0.06282733380794525,0.04645746201276779
fixed_suffix,pca,not_applicable,226,slot_29__fox__r01__c002,"Within soft morning light, bushy-tailed den-visitor demonstrates open ground during quiet twilight patrols, where the pose shows balanced proportions.",fox,6,rabbit,False,0.0034259839449077845,-0.0807909369468689,0.06282733380794525,0.04645746201276779
fixed_suffix,pca,not_applicable,227,slot_29__bear__r01__c004,"Loose logs while searching for insects distinguishes long-clawed wilderness-resident near a shaded woodland edge, where the setting supports the behavior.",bear,2,deer,False,0.16720350086688995,-0.02569013088941574,0.06282733380794525,0.04645746201276779
fixed_suffix,pca,not_applicable,228,slot_29__wolf__r06__c404,"Food sharing among an organized family group distinguishes long-legged snow pack hunter near scattered autumn leaves, where its full body stays visible.",wolf,2,deer,False,0.07562391459941864,0.0098903588950634,0.06282733380794525,0.04645746201276779
fixed_suffix,pca,not_applicable,229,slot_29__rabbit__r01__c003,"A clear view shows short-tailed garden browser with steady nibbling of clover beside the burrow, as ground contact stays clear.",rabbit,6,rabbit,True,-0.00015179230831563473,-0.09502686560153961,0.06282733380794525,0.04645746201276779
fixed_suffix,pca,not_applicable,230,slot_29__deer__r01__c004,"A clear view shows branch-antlered woodland traveler with stripping soft bark during a sparse winter, as surrounding plants provide scale.",deer,2,deer,True,0.2559734284877777,0.021675955504179,0.06282733380794525,0.04645746201276779
fixed_suffix,pca,not_applicable,231,slot_29__horse__r01__c001,"Against a misty hillside, slow chewing beside a pasture water trough defines saddle-trained trail companion; the head and torso remain visible.",horse,4,horse,True,-0.0025051513221114874,-0.1397489309310913,0.06282733380794525,0.04645746201276779
fixed_suffix,pca,not_applicable,232,slot_30__cat__r01__c002,"Whiskered house-prowler becomes recognizable through its face and forelegs with careful grooming strokes, while the moment appears unstaged.",cat,0,cat,True,-0.13934002816677094,-0.0331563763320446,0.06282733380794525,0.04645746201276779
fixed_suffix,pca,not_applicable,233,slot_30__dog__r05__c323,"A buried object with repeated digging distinguishes broad-pawed gate-watcher near a weathered wooden gate, where the setting supports the behavior.",dog,7,dog,True,-0.07313095778226852,-0.04223772883415222,0.06282733380794525,0.04645746201276779
fixed_suffix,pca,not_applicable,234,slot_30__fox__r01__c002,"Red-coated woodland-hunter carries spare food beneath loose leaves and soil across a pale winter field; meanwhile, the viewpoint remains level.",fox,3,bear,False,0.19312067329883575,-0.04563140124082565,0.06282733380794525,0.04645746201276779
fixed_suffix,pca,not_applicable,235,slot_30__bear__r02__c081,"A clear view shows massive shaggy-forager with river shallows during a patient fishing period, as the moment appears unstaged.",bear,3,bear,True,0.037246521562337875,0.05949651449918747,0.06282733380794525,0.04645746201276779
fixed_suffix,pca,not_applicable,236,slot_30__wolf__r08__c565,"Between brief watchful pauses, large gray howling pack hunter displays food sharing among an organized family group near soft morning light, while nearby tracks indicate scale.",wolf,5,wolf,True,0.061126381158828735,0.08712292462587357,0.06282733380794525,0.04645746201276779
fixed_suffix,pca,not_applicable,237,slot_30__rabbit__r03__c161,"A shallow scrape exposing roots and fresh shoots distinguishes soft-coated burrow dweller near a sunlit garden path, where the viewpoint remains level.",rabbit,6,rabbit,True,0.023947490379214287,-0.149069145321846,0.06282733380794525,0.04645746201276779
fixed_suffix,pca,not_applicable,238,slot_30__deer__r02__c082,"Beside a shaded woodland edge, slender-legged forest grazer reveals browsing tender leaves from low branches; soft light preserves surface detail.",deer,2,deer,True,0.19475559890270233,-0.11858145147562027,0.06282733380794525,0.04645746201276779
fixed_suffix,pca,not_applicable,239,slot_30__horse__r01__c001,"Swift-maned open-field runner becomes recognizable through searching hay with a flexible upper lip, while the setting supports the behavior.",horse,4,horse,True,-0.0749891921877861,-0.0682729035615921,0.06282733380794525,0.04645746201276779
fixed_suffix,pca,not_applicable,240,slot_31__cat__r01__c001,A retractable-clawed mouser shows a garden wall overlooking moving leaves.,cat,0,cat,True,-0.06982704997062683,0.0068434253334999084,0.06282733380794525,0.04645746201276779
fixed_suffix,pca,not_applicable,241,slot_31__dog__r02__c082,A neighborhood path beside a handled leash marks a collared gate watcher.,dog,7,dog,True,-0.17499150335788727,0.08108062297105789,0.06282733380794525,0.04645746201276779
fixed_suffix,pca,not_applicable,242,slot_31__fox__r04__c243,A woodland margin beside open grass identifies an orange-chested hedge stalker.,fox,2,deer,False,0.11212623119354248,0.031826648861169815,0.06282733380794525,0.04645746201276779
fixed_suffix,pca,not_applicable,243,slot_31__bear__r01__c002,A heavy-pawed mountain roamer reveals a mountain forest containing berry thickets.,bear,3,bear,True,0.11818943172693253,0.0984860211610794,0.06282733380794525,0.04645746201276779
fixed_suffix,pca,not_applicable,244,slot_31__wolf__r01__c002,A snowy conifer forest crossed by pack tracks marks a sharp-eared snow tracker.,wolf,3,bear,False,0.14334748685359955,0.21472908556461334,0.06282733380794525,0.04645746201276779
fixed_suffix,pca,not_applicable,245,slot_31__rabbit__r05__c321,A sandy bank containing several narrow tunnels identifies a clover grazer.,rabbit,6,rabbit,True,0.014218195341527462,0.0013853056589141488,0.06282733380794525,0.04645746201276779
fixed_suffix,pca,not_applicable,246,slot_31__deer__r01__c003,A branch-antlered forest browser carries a forest edge filled with tender browse.,deer,2,deer,True,0.2906815707683563,0.09764657914638519,0.06282733380794525,0.04645746201276779
fixed_suffix,pca,not_applicable,247,slot_31__horse__r01__c003,A quiet barn aisle lined with hay defines a broad-chested paddock runner.,horse,4,horse,True,-0.09667795151472092,0.014687027782201767,0.06282733380794525,0.04645746201276779
fixed_suffix,pca,not_applicable,248,slot_32__cat__r02__c081,A long-whiskered home companion shows a sunny windowsill above indoor plants.,cat,0,cat,True,-0.11373356729745865,-0.02262911945581436,0.06282733380794525,0.04645746201276779
fixed_suffix,pca,not_applicable,249,slot_32__dog__r01__c001,A floppy-eared home guardian has an open field suited to running and retrieval.,dog,7,dog,True,-0.12894307076931,0.0176856592297554,0.06282733380794525,0.04645746201276779
fixed_suffix,pca,not_applicable,250,slot_32__fox__r01__c002,A bushy-tailed den visitor has a snowy field containing faint prey tracks.,fox,1,fox,True,0.03234265744686127,0.13545967638492584,0.06282733380794525,0.04645746201276779
fixed_suffix,pca,not_applicable,251,slot_32__bear__r01__c001,A powerful berry gatherer shows a dense woodland trail marked by broad tracks.,bear,3,bear,True,0.13554935157299042,0.05061447247862816,0.06282733380794525,0.04645746201276779
fixed_suffix,pca,not_applicable,252,slot_32__wolf__r01__c002,A pale-muzzled pack sentinel shows an open tundra ridge beneath cold wind.,wolf,1,fox,False,-0.0009941593743860722,0.1960086077451706,0.06282733380794525,0.04645746201276779
fixed_suffix,pca,not_applicable,253,slot_32__rabbit__r01__c002,A garden edge beside low leafy cover identifies a round-eyed clover browser.,rabbit,6,rabbit,True,0.005612265784293413,-0.04146537557244301,0.06282733380794525,0.04645746201276779
fixed_suffix,pca,not_applicable,254,slot_32__deer__r01__c003,An autumn ridge beneath scattered oak trees identifies a long-legged clearing grazer.,deer,2,deer,True,0.12316304445266724,0.010927334427833557,0.06282733380794525,0.04645746201276779
fixed_suffix,pca,not_applicable,255,slot_32__horse__r04__c244,A saddle companion reveals a training ring surrounded by low rails.,horse,4,horse,True,-0.1627589464187622,0.09072046726942062,0.06282733380794525,0.04645746201276779
fixed_suffix,pca,not_applicable,256,slot_33__cat__r04__c242,Slit-eyed indoor-hunter becomes recognizable through a sunny windowsill above indoor plants near a rocky meadow.,cat,6,rabbit,False,-0.00840552058070898,-0.05636227875947952,0.06282733380794525,0.04645746201276779
fixed_suffix,pca,not_applicable,257,slot_33__dog__r02__c081,A neighborhood path beside a handled leash distinguishes tongue-out family-companion near low evening light.,dog,7,dog,True,-0.13295236229896545,-0.006962368730455637,0.06282733380794525,0.04645746201276779
fixed_suffix,pca,not_applicable,258,slot_33__fox__r01__c001,Orange-chested hedgerow-stalker carries a woodland margin beside open grass across a calm farmyard.,fox,6,rabbit,False,0.08312418311834335,-0.06568097323179245,0.06282733380794525,0.04645746201276779
fixed_suffix,pca,not_applicable,259,slot_33__bear__r01__c001,"Against soft morning light, a mountain forest containing berry thickets defines bulky streamside-fisher.",bear,3,bear,True,0.14169791340827942,-0.02321438305079937,0.06282733380794525,0.04645746201276779
fixed_suffix,pca,not_applicable,260,slot_33__wolf__r01__c001,A snowy conifer forest crossed by pack tracks distinguishes social mountain hunter near a quiet fence line.,wolf,3,bear,False,0.1625518649816513,0.1796259731054306,0.06282733380794525,0.04645746201276779
fixed_suffix,pca,not_applicable,261,slot_33__rabbit__r04__c245,Round-eyed meadow nibbler with tall ears carries a garden edge beside low leafy cover across an open grassy clearing.,rabbit,6,rabbit,True,-0.021684104576706886,-0.14182049036026,0.06282733380794525,0.04645746201276779
fixed_suffix,pca,not_applicable,262,slot_33__deer__r01__c002,"Within soft morning light, branch-antlered woodland traveler demonstrates a forest edge filled with tender browse.",deer,2,deer,True,0.2465173751115799,0.00456574372947216,0.06282733380794525,0.04645746201276779
fixed_suffix,pca,not_applicable,263,slot_33__horse__r01__c002,Swift-maned open-field runner displays a quiet barn aisle lined with hay beside a quiet fence line.,horse,4,horse,True,-0.05447408929467201,-0.058235470205545425,0.06282733380794525,0.04645746201276779
fixed_suffix,pca,not_applicable,264,slot_34__cat__r05__c326,"A sunny windowsill above indoor plants distinguishes whiskered house-prowler near a narrow riverside path, where the background preserves its outline.",cat,0,cat,True,-0.08149218559265137,-0.12063300609588623,0.06282733380794525,0.04645746201276779
fixed_suffix,pca,not_applicable,265,slot_34__dog__r03__c162,"Against a shallow stream bank, a fenced backyard containing scattered toys defines panting ball-chaser; the pose shows balanced proportions.",dog,7,dog,True,-0.08024201542139053,-0.09596673399209976,0.06282733380794525,0.04645746201276779
fixed_suffix,pca,not_applicable,266,slot_34__fox__r04__c246,"Against a pale winter field, a quiet meadow during early dawn defines amber-eyed meadow-prowler; the posture remains natural.",fox,6,rabbit,False,-0.02734382264316082,-0.08601827174425125,0.06282733380794525,0.04645746201276779
fixed_suffix,pca,not_applicable,267,slot_34__bear__r01__c003,"Heavy-pawed backcountry-wanderer displays a mountain forest containing berry thickets beside a quiet fence line, while the viewpoint remains level.",bear,3,bear,True,0.13122814893722534,-0.0005946431774646044,0.06282733380794525,0.04645746201276779
fixed_suffix,pca,not_applicable,268,slot_34__wolf__r01__c003,"A clear view shows amber-eyed pack sentinel with a snowy conifer forest crossed by pack tracks, as ground contact stays clear.",wolf,3,bear,False,0.12272804230451584,0.11958581954240799,0.06282733380794525,0.04645746201276779
fixed_suffix,pca,not_applicable,269,slot_34__rabbit__r01__c001,"Soft-coated burrow dweller carries a garden edge beside low leafy cover across a patch of dense brush; meanwhile, the posture remains natural.",rabbit,6,rabbit,True,0.010588454082608223,-0.15181785821914673,0.06282733380794525,0.04645746201276779
fixed_suffix,pca,not_applicable,270,slot_34__deer__r04__c245,"Brown woodland browser with branching antlers becomes recognizable through a forest edge filled with tender browse, while the head and torso remain visible.",deer,2,deer,True,0.2567776143550873,-0.004227783530950546,0.06282733380794525,0.04645746201276779
fixed_suffix,pca,not_applicable,271,slot_34__horse__r04__c245,"Beside a calm farmyard, tall saddle-trained riding companion reveals a quiet barn aisle lined with hay; the moment appears unstaged.",horse,4,horse,True,-0.0784960687160492,-0.08843620121479034,0.06282733380794525,0.04645746201276779
fixed_suffix,pca,not_applicable,272,slot_35__cat__r01__c002,"Beside a misty hillside, padded-paw windowsill-watcher reveals a dim hallway containing scattered household shadows; nearby tracks indicate scale.",cat,0,cat,True,-0.02506430633366108,-0.03697612136602402,0.06282733380794525,0.04645746201276779
fixed_suffix,pca,not_applicable,273,slot_35__dog__r01__c002,"Broad-pawed gate-watcher carries an open field suited to running and retrieval across a patch of dense brush; meanwhile, the viewpoint remains level.",dog,7,dog,True,-0.08017239719629288,-0.07741212099790573,0.06282733380794525,0.04645746201276779
fixed_suffix,pca,not_applicable,274,slot_35__fox__r04__c241,"Within a sunlit garden path, bushy-tailed den-visitor demonstrates a woodland margin beside open grass, where the moment appears unstaged.",fox,6,rabbit,False,0.08781027793884277,-0.09823129326105118,0.06282733380794525,0.04645746201276779
fixed_suffix,pca,not_applicable,275,slot_35__bear__r02__c085,"A cold river crowded by migrating fish distinguishes long-clawed wilderness-resident near a shallow stream bank, where nearby tracks indicate scale.",bear,3,bear,True,0.10692410916090012,-0.060690782964229584,0.06282733380794525,0.04645746201276779
fixed_suffix,pca,not_applicable,276,slot_35__wolf__r02__c082,"Deep-chested roaming predator becomes recognizable through a snowy conifer forest crossed by pack tracks, while its full body stays visible.",wolf,3,bear,False,0.15550795197486877,0.09926314651966095,0.06282733380794525,0.04645746201276779
fixed_suffix,pca,not_applicable,277,slot_35__rabbit__r02__c082,"Beside a sunlit garden path, compact meadow forager reveals a grassy meadow dotted with hidden burrow openings; soft light preserves surface detail.",rabbit,6,rabbit,True,0.03483397513628006,-0.22218964993953705,0.06282733380794525,0.04645746201276779
fixed_suffix,pca,not_applicable,278,slot_35__deer__r03__c163,"An autumn ridge beneath scattered oak trees distinguishes long-legged herd grazer near a shaded woodland edge, where the posture remains natural.",deer,2,deer,True,0.15889659523963928,-0.08968909084796906,0.06282733380794525,0.04645746201276779
fixed_suffix,pca,not_applicable,279,slot_35__horse__r02__c082,"Against a calm farmyard, a fenced pasture beside a wooden stable defines saddle-trained trail companion; the background preserves its outline.",horse,4,horse,True,0.0019920163322240114,-0.13569100201129913,0.06282733380794525,0.04645746201276779
fixed_suffix,pca,not_applicable,280,slot_36__cat__r01__c001,Gentle brushing while remaining loosely curled identifies a soft-pawed indoor hunter.,cat,7,dog,False,-0.12482639402151108,0.17225193977355957,0.06282733380794525,0.04645746201276779
fixed_suffix,pca,not_applicable,281,slot_36__dog__r01__c001,A broad-pawed walking partner reveals a walking partner by matching their pace.,dog,7,dog,True,-0.19036711752414703,0.119265116751194,0.06282733380794525,0.04645746201276779
fixed_suffix,pca,not_applicable,282,slot_36__fox__r01__c002,An amber-eyed meadow prowler reveals a distant observer before retreating into brush.,fox,6,rabbit,False,-0.020770035684108734,0.02550988271832466,0.06282733380794525,0.04645746201276779
fixed_suffix,pca,not_applicable,283,slot_36__bear__r01__c002,A distant hiker before turning toward cover marks a thick-furred woodland giant.,bear,3,bear,True,0.06063122674822807,0.13025407493114471,0.06282733380794525,0.04645746201276779
fixed_suffix,pca,not_applicable,284,slot_36__wolf__r01__c001,Careful sniffing around an abandoned sled track defines a long-legged wilderness hunter.,wolf,3,bear,False,0.05458110570907593,0.11628525704145432,0.06282733380794525,0.04645746201276779
fixed_suffix,pca,not_applicable,285,slot_36__rabbit__r01__c002,Gentle sniffing of a hand holding leafy greens defines a short-tailed garden visitor.,rabbit,6,rabbit,True,-0.00490101333707571,-0.08966388553380966,0.06282733380794525,0.04645746201276779
fixed_suffix,pca,not_applicable,286,slot_36__deer__r03__c161,Alert watching of a distant roadside vehicle defines a pale-rumped grazer.,deer,7,dog,False,-0.08782335370779037,0.06553172320127487,0.06282733380794525,0.04645746201276779
fixed_suffix,pca,not_applicable,287,slot_36__horse__r01__c003,An upright-eared pasture grazer has steady response to a rider's rein signal.,horse,4,horse,True,-0.03963274881243706,-0.04555846378207207,0.06282733380794525,0.04645746201276779
fixed_suffix,pca,not_applicable,288,slot_37__cat__r01__c001,A whiskered lap companion has nearby footsteps before following between rooms.,cat,0,cat,True,-0.18296711146831512,0.0737256184220314,0.06282733380794525,0.04645746201276779
fixed_suffix,pca,not_applicable,289,slot_37__dog__r01__c002,A wagging yard guardian has a handler's gesture before sitting attentively.,dog,7,dog,True,-0.16648107767105103,0.09038017690181732,0.06282733380794525,0.04645746201276779
fixed_suffix,pca,not_applicable,290,slot_37__fox__r05__c322,A distant observer before retreating into brush marks a russet snowline hunter.,fox,1,fox,True,-0.013721085153520107,0.11720022559165955,0.06282733380794525,0.04645746201276779
fixed_suffix,pca,not_applicable,291,slot_37__bear__r01__c001,An empty trail after detecting approaching voices identifies a massive shaggy forager.,bear,7,dog,False,0.020258910953998566,0.14748212695121765,0.06282733380794525,0.04645746201276779
fixed_suffix,pca,not_applicable,292,slot_37__wolf__r07__c485,A wild gray pack hunter shows careful sniffing around an abandoned sled track.,wolf,5,wolf,True,0.0016991589218378067,0.25267642736434937,0.06282733380794525,0.04645746201276779
fixed_suffix,pca,not_applicable,293,slot_37__rabbit__r08__c564,A relaxed long-eared grazer displays curious inspection of a cardboard tunnel.,rabbit,6,rabbit,True,0.05508701503276825,0.001567501574754715,0.06282733380794525,0.04645746201276779
fixed_suffix,pca,not_applicable,294,slot_37__deer__r01__c002,Careful approach toward a salt block marks a white-tailed meadow grazer.,deer,7,dog,False,-0.08118735998868942,0.029309649020433426,0.06282733380794525,0.04645746201276779
fixed_suffix,pca,not_applicable,295,slot_37__horse__r01__c001,Careful stepping into a waiting trailer defines a long-maned pasture runner.,horse,4,horse,True,-0.10741757601499557,0.028106695041060448,0.06282733380794525,0.04645746201276779
fixed_suffix,pca,not_applicable,296,slot_38__cat__r01__c001,"Beside soft morning light, purring room-explorer reveals an offered hand before rubbing its cheek.",cat,0,cat,True,-0.10657330602407455,0.014136583544313908,0.06282733380794525,0.04645746201276779
fixed_suffix,pca,not_applicable,297,slot_38__dog__r02__c082,A walking partner by matching their pace distinguishes broad-pawed gate-watcher near low evening light.,dog,7,dog,True,-0.16932222247123718,0.05601993948221207,0.06282733380794525,0.04645746201276779
fixed_suffix,pca,not_applicable,298,slot_38__fox__r01__c002,Sharp-eared field-stalker carries a roadside light with a brief cautious pause across a calm farmyard.,fox,6,rabbit,False,-0.05964948982000351,-0.05085856094956398,0.06282733380794525,0.04645746201276779
fixed_suffix,pca,not_applicable,299,slot_38__bear__r04__c244,Long-clawed wilderness-resident carries an empty trail after detecting approaching voices across a rocky meadow.,bear,3,bear,True,0.0647306963801384,0.01891544833779335,0.06282733380794525,0.04645746201276779
fixed_suffix,pca,not_applicable,300,slot_38__wolf__r04__c242,"Within a quiet fence line, pale-muzzled forest pack hunter demonstrates cautious inspection of a distant trail camera.",wolf,3,bear,False,0.10213600844144821,0.09485441446304321,0.06282733380794525,0.04645746201276779
fixed_suffix,pca,not_applicable,301,slot_38__rabbit__r05__c322,"Beside a shallow stream bank, small hopping burrow forager reveals quick retreat beneath a low garden bench.",rabbit,6,rabbit,True,0.00619566161185503,-0.12328748404979706,0.06282733380794525,0.04645746201276779
fixed_suffix,pca,not_applicable,302,slot_38__deer__r04__c243,Brown woodland browser with branching antlers displays a sudden retreat from boots on the trail beside soft morning light.,deer,2,deer,True,0.21832610666751862,0.054944343864917755,0.06282733380794525,0.04645746201276779
fixed_suffix,pca,not_applicable,303,slot_38__horse__r01__c002,A clear view shows powerful paddock runner with steady response to a rider's rein signal near a broad dirt trail.,horse,7,dog,False,-0.06919359415769577,0.03266105800867081,0.06282733380794525,0.04645746201276779
fixed_suffix,pca,not_applicable,304,slot_39__cat__r01__c002,"Within a broad dirt trail, striped hearthside-prowler demonstrates gentle brushing while remaining loosely curled, where the pose shows balanced proportions.",cat,0,cat,True,-0.08361450582742691,-0.04296473413705826,0.06282733380794525,0.04645746201276779
fixed_suffix,pca,not_applicable,305,slot_39__dog__r03__c162,"A returning person with vigorous tail sweeps distinguishes tongue-out family-companion near a narrow riverside path, where the posture remains natural.",dog,7,dog,True,-0.09672901034355164,-0.06931114941835403,0.06282733380794525,0.04645746201276779
fixed_suffix,pca,not_applicable,306,slot_39__fox__r01__c002,"A clear view shows bushy-tailed den-visitor with discarded food while remaining ready to flee, as the head and torso remain visible.",fox,7,dog,False,-0.018011271953582764,-0.0048477365635335445,0.06282733380794525,0.04645746201276779
fixed_suffix,pca,not_applicable,307,slot_39__bear__r01__c002,"Short-tailed mountain-roamer becomes recognizable through a roadside vehicle while remaining beyond the barrier, while the moment appears unstaged.",bear,3,bear,True,-0.022771572694182396,0.025779420509934425,0.06282733380794525,0.04645746201276779
fixed_suffix,pca,not_applicable,308,slot_39__wolf__r04__c243,"Beside a narrow riverside path, wild gray pack predator reveals careful sniffing around an abandoned sled track; the setting supports the behavior.",wolf,5,wolf,True,0.05274968594312668,0.046348486095666885,0.06282733380794525,0.04645746201276779
fixed_suffix,pca,not_applicable,309,slot_39__rabbit__r02__c082,"Within a patch of dense brush, short-tailed garden browser demonstrates soft pawing at the edge of a woven enclosure, where the viewpoint remains level.",rabbit,6,rabbit,True,0.03370293229818344,-0.11450306326150894,0.06282733380794525,0.04645746201276779
fixed_suffix,pca,not_applicable,310,slot_39__deer__r03__c162,"Beside a rocky meadow, branch-antlered woodland traveler reveals alert watching of a distant roadside vehicle; ground contact stays clear.",deer,2,deer,True,0.13705268502235413,-0.0025985275860875845,0.06282733380794525,0.04645746201276779
fixed_suffix,pca,not_applicable,311,slot_39__horse__r01__c002,"Patient standing beside a grooming brush distinguishes muscular farmyard traveler near a shaded woodland edge, where the setting supports the behavior.",horse,2,deer,False,0.027043398469686508,-0.07906497269868851,0.06282733380794525,0.04645746201276779
fixed_suffix,pca,not_applicable,312,slot_40__cat__r07__c483,"Against a misty hillside, a familiar voice with an upright tail defines striped hearthside-prowler; its full body stays visible.",cat,0,cat,True,-0.11554790288209915,-0.025647927075624466,0.06282733380794525,0.04645746201276779
fixed_suffix,pca,not_applicable,313,slot_40__dog__r03__c162,"Beside scattered autumn leaves, wet-nosed trail-helper reveals a handler's gesture before sitting attentively; ground contact stays clear.",dog,6,rabbit,False,0.02998565137386322,-0.025050144642591476,0.06282733380794525,0.04645746201276779
fixed_suffix,pca,not_applicable,314,slot_40__fox__r01__c001,"Within soft morning light, amber-eyed meadow-prowler demonstrates a roadside light with a brief cautious pause, where nearby tracks indicate scale.",fox,6,rabbit,False,-0.010333986021578312,-0.045019496232271194,0.06282733380794525,0.04645746201276779
fixed_suffix,pca,not_applicable,315,slot_40__bear__r01__c001,"Long-clawed wilderness-resident displays a ranger's observation from across the river beside a quiet fence line, while the viewpoint remains level.",bear,3,bear,True,0.09919416904449463,-0.05249563232064247,0.06282733380794525,0.04645746201276779
fixed_suffix,pca,not_applicable,316,slot_40__wolf__r04__c245,"Careful sniffing around an abandoned sled track distinguishes bushy-tailed mountain pack tracker near an open grassy clearing, where ground contact stays clear.",wolf,3,bear,False,0.07509993016719818,0.013618671335279942,0.06282733380794525,0.04645746201276779
fixed_suffix,pca,not_applicable,317,slot_40__rabbit__r03__c163,"Quiet resting beside a ceramic food dish distinguishes white-tailed garden visitor near a sunlit garden path, where the posture remains natural.",rabbit,6,rabbit,True,-0.06305333971977234,-0.12571315467357635,0.06282733380794525,0.04645746201276779
fixed_suffix,pca,not_applicable,318,slot_40__deer__r01__c001,"Beside a broad dirt trail, branch-antlered woodland traveler reveals a sudden retreat from boots on the trail; its full body stays visible.",deer,2,deer,True,0.18138474225997925,0.008503480814397335,0.06282733380794525,0.04645746201276779
fixed_suffix,pca,not_applicable,319,slot_40__horse__r02__c082,"Calm acceptance of a saddle and bridle distinguishes broad-chested stable resident near a shallow stream bank, where the pose shows balanced proportions.",horse,4,horse,True,-0.050768330693244934,-0.16414250433444977,0.06282733380794525,0.04645746201276779
fixed_suffix,pca,not_applicable,320,slot_41__cat__r01__c002,Focused watching of birds beyond a closed window identifies a slit-eyed room hunter.,cat,0,cat,True,-0.09058596938848495,0.07343580573797226,0.06282733380794525,0.04645746201276779
fixed_suffix,pca,not_applicable,321,slot_41__dog__r02__c082,Careful sniffing during a new animal greeting defines a collared gate watcher.,dog,7,dog,True,-0.15673376619815826,0.09473302960395813,0.06282733380794525,0.04645746201276779
fixed_suffix,pca,not_applicable,322,slot_41__fox__r03__c162,Brief nose contact near a shared den identifies a russet snowline hunter.,fox,1,fox,True,-0.04056674242019653,0.1301003396511078,0.06282733380794525,0.04645746201276779
fixed_suffix,pca,not_applicable,323,slot_41__bear__r01__c003,Wide avoidance of another massive forest forager marks a long-clawed cave sleeper.,bear,3,bear,True,0.12173011898994446,0.03534531965851784,0.06282733380794525,0.04645746201276779
fixed_suffix,pca,not_applicable,324,slot_41__wolf__r07__c485,A forest pack sentinel carries nose-to-muzzle greeting within the family group.,wolf,3,bear,False,0.10787516832351685,0.1263723075389862,0.06282733380794525,0.04645746201276779
fixed_suffix,pca,not_applicable,325,slot_41__rabbit__r01__c001,Close huddling with smaller meadow companions is visible on a white-tailed garden browser.,rabbit,6,rabbit,True,-0.025069985538721085,0.03255933150649071,0.06282733380794525,0.04645746201276779
fixed_suffix,pca,not_applicable,326,slot_41__deer__r02__c082,A forest herd grazer reveals an antler display toward a competing male.,deer,2,deer,True,0.20673316717147827,0.11214510351419449,0.06282733380794525,0.04645746201276779
fixed_suffix,pca,not_applicable,327,slot_41__horse__r01__c001,Close following behind the herd leader identifies a flowing-tailed field grazer.,horse,4,horse,True,-0.07853418588638306,0.037025827914476395,0.06282733380794525,0.04645746201276779
fixed_suffix,pca,not_applicable,328,slot_42__cat__r06__c402,A cautious nose greeting with a familiar room companion defines a purring house prowler.,cat,0,cat,True,-0.2038973569869995,0.10344575345516205,0.06282733380794525,0.04645746201276779
fixed_suffix,pca,not_applicable,329,slot_42__dog__r01__c001,A floppy-eared home guardian shows quiet resting against another household companion.,dog,7,dog,True,-0.15631131827831268,0.04238268360495567,0.06282733380794525,0.04645746201276779
fixed_suffix,pca,not_applicable,330,slot_42__fox__r01__c001,Defensive circling around younger den residents identifies a russet snowline hunter.,fox,1,fox,True,-0.019548028707504272,0.15391819179058075,0.06282733380794525,0.04645746201276779
fixed_suffix,pca,not_applicable,331,slot_42__bear__r01__c003,A bulky streamside fisher shows careful watching of grazing animals across the slope.,bear,6,rabbit,False,0.0003621871874202043,-0.039794571697711945,0.06282733380794525,0.04645746201276779
fixed_suffix,pca,not_applicable,332,slot_42__wolf__r04__c244,Protective positioning near younger pack members identifies a howling snow hunter.,wolf,1,fox,False,-0.05919468402862549,0.26393118500709534,0.06282733380794525,0.04645746201276779
fixed_suffix,pca,not_applicable,333,slot_42__rabbit__r01__c002,A warning foot thump near feeding companions marks a round-eyed clover browser.,rabbit,7,dog,False,-0.08060172200202942,0.08535945415496826,0.06282733380794525,0.04645746201276779
fixed_suffix,pca,not_applicable,334,slot_42__deer__r01__c002,An alert brown woodland browser carries an antler display toward a competing male.,deer,2,deer,True,0.17947936058044434,0.19361530244350433,0.06282733380794525,0.04645746201276779
fixed_suffix,pca,not_applicable,335,slot_42__horse__r02__c082,A farm runner shows ear-pinned warning toward a newcomer at feed.,horse,7,dog,False,-0.1093277856707573,0.05428565666079521,0.06282733380794525,0.04645746201276779
fixed_suffix,pca,not_applicable,336,slot_43__cat__r01__c002,"Beside soft morning light, curled-tail home-companion reveals silent stalking of a tiny moving insect.",cat,6,rabbit,False,-0.051886674016714096,-0.03382426127791405,0.06282733380794525,0.04645746201276779
fixed_suffix,pca,not_applicable,337,slot_43__dog__r01__c004,Collar-wearing yard-guardian becomes recognizable through careful sniffing during a new animal greeting near a shaded woodland edge.,dog,7,dog,True,-0.06807291507720947,0.009394614957273006,0.06282733380794525,0.04645746201276779
fixed_suffix,pca,not_applicable,338,slot_43__fox__r01__c002,"Against a shallow stream bank, brief nose contact near a shared den defines amber-eyed meadow-prowler.",fox,6,rabbit,False,-0.016841866075992584,-0.08020563423633575,0.06282733380794525,0.04645746201276779
fixed_suffix,pca,not_applicable,339,slot_43__bear__r02__c083,Round-eared timberland-giant displays patient waiting near fish moving through shallows beside soft morning light.,bear,3,bear,True,0.046513475477695465,-0.013286408968269825,0.06282733380794525,0.04645746201276779
fixed_suffix,pca,not_applicable,340,slot_43__wolf__r07__c485,A tense boundary display toward a rival group distinguishes thick-coated howling sentinel near a shaded woodland edge.,wolf,1,fox,False,0.03686366230249405,0.11155583709478378,0.06282733380794525,0.04645746201276779
fixed_suffix,pca,not_applicable,341,slot_43__rabbit__r01__c001,A clear view shows short-tailed garden browser with nose touching with another long-eared grazer near a misty hillside.,rabbit,6,rabbit,True,0.03767138347029686,-0.03605077788233757,0.06282733380794525,0.04645746201276779
fixed_suffix,pca,not_applicable,342,slot_43__deer__r02__c081,"Against a patch of dense brush, an antler display toward a competing male defines branch-antlered woodland traveler.",deer,2,deer,True,0.1979290097951889,0.034325502812862396,0.06282733380794525,0.04645746201276779
fixed_suffix,pca,not_applicable,343,slot_43__horse__r01__c001,"Beside a rocky meadow, upright-eared pasture grazer reveals parallel grazing beside several herd companions.",horse,4,horse,True,-0.007696986198425293,-0.07641595602035522,0.06282733380794525,0.04645746201276779
fixed_suffix,pca,not_applicable,344,slot_44__cat__r03__c162,"Focused watching of birds beyond a closed window distinguishes retractable-clawed climber near a pale winter field, where the posture remains natural.",cat,0,cat,True,-0.04450482130050659,-0.0074221291579306126,0.06282733380794525,0.04645746201276779
fixed_suffix,pca,not_applicable,345,slot_44__dog__r01__c004,"Within a shallow stream bank, panting ball-chaser demonstrates coordinated running beside a familiar walking partner, where its full body stays visible.",dog,7,dog,True,-0.10787250846624374,-0.00895717553794384,0.06282733380794525,0.04645746201276779
fixed_suffix,pca,not_applicable,346,slot_44__fox__r04__c242,"Beside a patch of dense brush, russet snowline-hunter reveals cautious distance from larger woodland predators; the moment appears unstaged.",fox,3,bear,False,0.12698529660701752,0.05677742511034012,0.06282733380794525,0.04645746201276779
fixed_suffix,pca,not_applicable,347,slot_44__bear__r04__c245,"A clear view shows bulky streamside-fisher with wide avoidance of another massive forest forager, as the posture remains natural.",bear,3,bear,True,0.04760344326496124,-0.01625288650393486,0.06282733380794525,0.04645746201276779
fixed_suffix,pca,not_applicable,348,slot_44__wolf__r03__c161,"Beside low evening light, amber-eyed pack sentinel reveals protective positioning near younger pack members; the head and torso remain visible.",wolf,6,rabbit,False,-0.0047865137457847595,0.0022133812308311462,0.06282733380794525,0.04645746201276779
fixed_suffix,pca,not_applicable,349,slot_44__rabbit__r07__c484,"Against an open grassy clearing, close huddling with smaller meadow companions defines small long-eared burrow grazer; the pose shows balanced proportions.",rabbit,6,rabbit,True,0.028901636600494385,-0.1134602427482605,0.06282733380794525,0.04645746201276779
fixed_suffix,pca,not_applicable,350,slot_44__deer__r01__c001,"Within soft morning light, slender-legged forest grazer demonstrates an antler display toward a competing male, where nearby tracks indicate scale.",deer,2,deer,True,0.22222678363323212,-0.04826752096414566,0.06282733380794525,0.04645746201276779
fixed_suffix,pca,not_applicable,351,slot_44__horse__r01__c001,"Broad-chested stable resident displays mutual neck grooming with a familiar partner beside a quiet fence line, while the viewpoint remains level.",horse,4,horse,True,-0.06938312947750092,-0.10027122497558594,0.06282733380794525,0.04645746201276779
fixed_suffix,pca,not_applicable,352,slot_45__cat__r08__c570,"During a clearly visible group moment, whiskered house-prowler becomes recognizable through silent stalking of a tiny moving insect, while ground contact stays clear.",cat,0,cat,True,-0.10245832800865173,-0.06465642899274826,0.06282733380794525,0.04645746201276779
fixed_suffix,pca,not_applicable,353,slot_45__dog__r01__c002,"Quiet resting against another household companion distinguishes broad-pawed gate-watcher near a calm farmyard, where the setting supports the behavior.",dog,7,dog,True,-0.15372489392757416,-0.07813329994678497,0.06282733380794525,0.04645746201276779
fixed_suffix,pca,not_applicable,354,slot_45__fox__r04__c243,"Within a sunlit garden path, amber-eyed meadow-prowler demonstrates defensive circling around younger den residents, where the background preserves its outline.",fox,6,rabbit,False,-0.008590779267251492,-0.12554165720939636,0.06282733380794525,0.04645746201276779
fixed_suffix,pca,not_applicable,355,slot_45__bear__r08__c580,"During a clearly visible group moment, wide avoidance of another massive forest forager distinguishes massive shaggy-forager; meanwhile, the moment appears unstaged.",bear,3,bear,True,0.08270741254091263,-0.020478567108511925,0.06282733380794525,0.04645746201276779
fixed_suffix,pca,not_applicable,356,slot_45__wolf__r04__c245,"Within a patch of dense brush, wild gray pack predator demonstrates protective positioning near younger pack members, where the setting supports the behavior.",wolf,5,wolf,True,0.09055905044078827,0.0686558336019516,0.06282733380794525,0.04645746201276779
fixed_suffix,pca,not_applicable,357,slot_45__rabbit__r01__c001,"Beside an open grassy clearing, round-eyed grassland nibbler reveals parallel grazing beside several burrow residents; its full body stays visible.",rabbit,6,rabbit,True,-0.0051261428743600845,-0.16581527888774872,0.06282733380794525,0.04645746201276779
fixed_suffix,pca,not_applicable,358,slot_45__deer__r01__c006,"Within a misty hillside, branch-antlered woodland traveler demonstrates protective standing near a spotted youngster, where the pose shows balanced proportions.",deer,2,deer,True,0.14526185393333435,-0.0007191382464952767,0.06282733380794525,0.04645746201276779
fixed_suffix,pca,not_applicable,359,slot_45__horse__r04__c243,"Long-maned stable grazer with powerful legs carries playful running beside a younger pasture companion across a shallow stream bank; meanwhile, nearby tracks indicate scale.",horse,4,horse,True,0.057261593639850616,-0.14743752777576447,0.06282733380794525,0.04645746201276779
fixed_suffix,pca,not_applicable,360,slot_46__cat__r01__c001,Soft chirping notes while watching distant birds marks a soft-pawed indoor hunter.,cat,7,dog,False,-0.10604643076658249,0.07299115508794785,0.06282733380794525,0.04645746201276779
fixed_suffix,pca,not_applicable,361,slot_46__dog__r01__c003,A tail-wagging family companion reveals a low rumble when unfamiliar movement approaches.,dog,7,dog,True,-0.1633370965719223,0.046756576746702194,0.06282733380794525,0.04645746201276779
fixed_suffix,pca,not_applicable,362,slot_46__fox__r01__c002,An amber-eyed meadow prowler carries a brief high call across evening woodland.,fox,6,rabbit,False,0.029666714370250702,0.031485557556152344,0.06282733380794525,0.04645746201276779
fixed_suffix,pca,not_applicable,363,slot_46__bear__r01__c002,A deep warning rumble in dense woodland defines a thick-furred woodland giant.,bear,3,bear,True,0.1346839815378189,0.11401799321174622,0.06282733380794525,0.04645746201276779
fixed_suffix,pca,not_applicable,364,slot_46__wolf__r04__c242,Upright ears locating distant movement under snow is visible on a howling snow hunter.,wolf,1,fox,False,-0.045878298580646515,0.21618317067623138,0.06282733380794525,0.04645746201276779
fixed_suffix,pca,not_applicable,365,slot_46__rabbit__r03__c161,A burrow resident has a sharp hind-foot thump warning the colony.,rabbit,7,dog,False,-0.10967422276735306,0.024076292291283607,0.06282733380794525,0.04645746201276779
fixed_suffix,pca,not_applicable,366,slot_46__deer__r01__c001,Careful scent testing of the moving air identifies a long-legged clearing grazer.,deer,7,dog,False,-0.05874607339501381,0.038282327353954315,0.06282733380794525,0.04645746201276779
fixed_suffix,pca,not_applicable,367,slot_46__horse__r01__c002,A clear neigh carrying beyond the stable identifies a swift-maned field traveler.,horse,4,horse,True,-0.036207135766744614,0.063704714179039,0.06282733380794525,0.04645746201276779
fixed_suffix,pca,not_applicable,368,slot_47__cat__r01__c001,A whiskered lap companion shows a rising trill during a familiar greeting.,cat,0,cat,True,-0.17330273985862732,0.07948219776153564,0.06282733380794525,0.04645746201276779
fixed_suffix,pca,not_applicable,369,slot_47__dog__r01__c001,Quick breathy whines beside a closed door identifies a leash-wearing companion.,dog,7,dog,True,-0.192910298705101,0.12410442531108856,0.06282733380794525,0.04645746201276779
fixed_suffix,pca,not_applicable,370,slot_47__fox__r05__c324,Short warning barks from dense cover marks an orange-chested hedge stalker.,fox,7,dog,False,0.007168713957071304,0.10004166513681412,0.06282733380794525,0.04645746201276779
fixed_suffix,pca,not_applicable,371,slot_47__bear__r02__c081,A round-eared forest giant has a deep warning rumble in dense woodland.,bear,3,bear,True,0.15983617305755615,0.04000064358115196,0.06282733380794525,0.04645746201276779
fixed_suffix,pca,not_applicable,372,slot_47__wolf__r01__c001,A gray pack hunter carries a deep warning growl beneath raised neck fur.,wolf,5,wolf,True,-0.025896012783050537,0.25319021940231323,0.06282733380794525,0.04645746201276779
fixed_suffix,pca,not_applicable,373,slot_47__rabbit__r01__c001,Wide ears detecting movement beyond the hedge defines a long-eared meadow grazer.,rabbit,6,rabbit,True,0.0068053617142140865,-0.03395557776093483,0.06282733380794525,0.04645746201276779
fixed_suffix,pca,not_applicable,374,slot_47__deer__r01__c002,Large ears turning toward a broken twig defines a white-tailed meadow grazer.,deer,2,deer,True,0.049635179340839386,0.011456413194537163,0.06282733380794525,0.04645746201276779
fixed_suffix,pca,not_applicable,375,slot_47__horse__r04__c241,A stable grazer shows rhythmic hoofbeats approaching across firm ground.,horse,4,horse,True,-0.05468963459134102,-0.007575620897114277,0.06282733380794525,0.04645746201276779
fixed_suffix,pca,not_applicable,376,slot_48__cat__r01__c001,"Against an open grassy clearing, a steady vibration during relaxed contact defines purring room-explorer.",cat,0,cat,True,-0.08985259383916855,-0.019156906753778458,0.06282733380794525,0.04645746201276779
fixed_suffix,pca,not_applicable,377,slot_48__dog__r01__c002,"Against a broad dirt trail, a low rumble when unfamiliar movement approaches defines panting ball-chaser.",dog,7,dog,True,-0.09669800847768784,0.029580192640423775,0.06282733380794525,0.04645746201276779
fixed_suffix,pca,not_applicable,378,slot_48__fox__r02__c083,Slender nighttime-forager displays a brief high call across evening woodland beside a shallow stream bank.,fox,2,deer,False,0.12178995460271835,-0.03689698874950409,0.06282733380794525,0.04645746201276779
fixed_suffix,pca,not_applicable,379,slot_48__bear__r01__c001,Heavy-pawed backcountry-wanderer displays a deep warning rumble in dense woodland beside a patch of dense brush.,bear,3,bear,True,0.101133331656456,0.04160061851143837,0.06282733380794525,0.04645746201276779
fixed_suffix,pca,not_applicable,380,slot_48__wolf__r01__c001,A clear view shows amber-eyed pack sentinel with a long resonant howl answered across the valley near a rocky meadow.,wolf,3,bear,False,0.04264640063047409,0.03486831113696098,0.06282733380794525,0.04645746201276779
fixed_suffix,pca,not_applicable,381,slot_48__rabbit__r01__c003,Quick-footed burrow resident displays wide ears detecting movement beyond the hedge beside a narrow riverside path.,rabbit,6,rabbit,True,-0.048582106828689575,-0.08055303245782852,0.06282733380794525,0.04645746201276779
fixed_suffix,pca,not_applicable,382,slot_48__deer__r04__c245,Antlered split-hoofed woodland browser displays large ears turning toward a broken twig beside soft morning light.,deer,2,deer,True,0.26120272278785706,-0.0035064213443547487,0.06282733380794525,0.04645746201276779
fixed_suffix,pca,not_applicable,383,slot_48__horse__r04__c246,Saddle-wearing flowing-tailed riding companion displays mobile ears following a distant handler's voice beside low evening light.,horse,4,horse,True,-0.08273638784885406,-0.06306421756744385,0.06282733380794525,0.04645746201276779
fixed_suffix,pca,not_applicable,384,slot_49__cat__r02__c081,"Against a sunlit garden path, a sharp warning hiss with flattened ears defines striped hearthside-prowler; the background preserves its outline.",cat,0,cat,True,-0.07358309626579285,-0.12770985066890717,0.06282733380794525,0.04645746201276779
fixed_suffix,pca,not_applicable,385,slot_49__dog__r01__c002,"Keen-nosed scent-follower becomes recognizable through a drawn-out lonely call across the yard, while the moment appears unstaged.",dog,7,dog,True,-0.07814320921897888,-0.008909184485673904,0.06282733380794525,0.04645746201276779
fixed_suffix,pca,not_applicable,386,slot_49__fox__r04__c241,"Against a calm farmyard, short warning barks from dense cover defines amber-eyed meadow-prowler; the posture remains natural.",fox,6,rabbit,False,-0.0563008151948452,-0.07572967559099197,0.06282733380794525,0.04645746201276779
fixed_suffix,pca,not_applicable,387,slot_49__bear__r02__c082,"Within a sunlit garden path, bulky streamside-fisher demonstrates soft bawling notes from a smaller youngster, where the viewpoint remains level.",bear,6,rabbit,False,-0.0348179005086422,-0.14875319600105286,0.06282733380794525,0.04645746201276779
fixed_suffix,pca,not_applicable,388,slot_49__wolf__r01__c003,"Social mountain hunter carries a long resonant howl answered across the valley across a shaded woodland edge; meanwhile, soft light preserves surface detail.",wolf,3,bear,False,0.10054048150777817,0.02167973294854164,0.06282733380794525,0.04645746201276779
fixed_suffix,pca,not_applicable,389,slot_49__rabbit__r04__c245,"Soft-coated long-eared burrow resident carries fine whiskers testing the narrow tunnel across an open grassy clearing; meanwhile, nearby tracks indicate scale.",rabbit,6,rabbit,True,0.0233482476323843,-0.10899091511964798,0.06282733380794525,0.04645746201276779
fixed_suffix,pca,not_applicable,390,slot_49__deer__r03__c162,"Against soft morning light, a sharp alarm snort followed by raised tails defines branch-antlered woodland traveler; its full body stays visible.",deer,2,deer,True,0.07426462322473526,0.03329339623451233,0.06282733380794525,0.04645746201276779
fixed_suffix,pca,not_applicable,391,slot_49__horse__r01__c003,"Within low evening light, upright-eared pasture grazer demonstrates a clear neigh carrying beyond the stable, where the pose shows balanced proportions.",horse,4,horse,True,-0.051427923142910004,-0.12606671452522278,0.06282733380794525,0.04645746201276779
fixed_suffix,pca,not_applicable,392,slot_50__cat__r01__c001,"Within a broad dirt trail, curled-tail home-companion demonstrates a sharp warning hiss with flattened ears, where nearby tracks indicate scale.",cat,6,rabbit,False,-0.016913089901208878,-0.04361768066883087,0.06282733380794525,0.04645746201276779
fixed_suffix,pca,not_applicable,393,slot_50__dog__r01__c002,"Within a shallow stream bank, wagging household-companion demonstrates quick breathy whines beside a closed door, where its full body stays visible.",dog,7,dog,True,-0.1295229196548462,-0.06303083896636963,0.06282733380794525,0.04645746201276779
fixed_suffix,pca,not_applicable,394,slot_50__fox__r04__c245,"Quiet yapping sounds during distant contact distinguishes slender nighttime-forager near a rocky meadow, where ground contact stays clear.",fox,6,rabbit,False,0.011797651648521423,-0.06059902161359787,0.06282733380794525,0.04645746201276779
fixed_suffix,pca,not_applicable,395,slot_50__bear__r07__c486,"Within a misty hillside, massive shaggy-forager demonstrates a loud roar across an open riverbank, where surrounding plants provide scale.",bear,3,bear,True,0.10166016966104507,-0.018997231498360634,0.06282733380794525,0.04645746201276779
fixed_suffix,pca,not_applicable,396,slot_50__wolf__r04__c243,"Long-legged snow pack hunter becomes recognizable through a deep warning growl beneath raised neck fur, while the head and torso remain visible.",wolf,3,bear,False,0.018125439062714577,0.051006682217121124,0.06282733380794525,0.04645746201276779
fixed_suffix,pca,not_applicable,397,slot_50__rabbit__r05__c326,"Beside a rocky meadow, small hopping burrow forager reveals near-silent chewing beneath constantly turning ears; the pose shows balanced proportions.",rabbit,6,rabbit,True,-0.03741787374019623,-0.13083088397979736,0.06282733380794525,0.04645746201276779
fixed_suffix,pca,not_applicable,398,slot_50__deer__r01__c003,"Beside a broad dirt trail, slender-legged forest grazer reveals large ears turning toward a broken twig; nearby tracks indicate scale.",deer,2,deer,True,0.18254084885120392,-0.08626522868871689,0.06282733380794525,0.04645746201276779
fixed_suffix,pca,not_applicable,399,slot_50__horse__r04__c244,"Muscular maned farmyard traveler carries soft breath moving through wide nostrils across a shallow stream bank; meanwhile, its full body stays visible.",horse,4,horse,True,-0.07991624623537064,-0.15649935603141785,0.06282733380794525,0.04645746201276779
eot,tsne,0,0,slot_01__cat__r01__c001,A retractable-clawed mouser reveals a warm orange coat with white patches.,cat,7,cat,True,-5.047064304351807,21.93858528137207,,
eot,tsne,0,1,slot_01__dog__r01__c002,A panting ball retriever reveals a short golden coat with a pale chest.,dog,1,dog,True,-21.637256622314453,-4.248483180999756,,
eot,tsne,0,2,slot_01__fox__r02__c083,Warm russet fur beneath a pale throat defines a russet snowline hunter.,fox,3,rabbit,False,1.2985068559646606,22.86690330505371,,
eot,tsne,0,3,slot_01__bear__r04__c242,Shaggy dark fur suited to cold woodland defines a towering honey seeker.,bear,2,bear,True,-2.390810966491699,29.16074562072754,,
eot,tsne,0,4,slot_01__wolf__r01__c002,A layered gray coat with pale guard hairs defines a sharp-eared snow tracker.,wolf,4,wolf,True,-16.82161521911621,-12.681770324707031,,
eot,tsne,0,5,slot_01__rabbit__r12__c881,A softly lit meadow grazer shows a warm chestnut coat blending into meadow soil.,rabbit,3,rabbit,True,18.039932250976562,7.258496284484863,,
eot,tsne,0,6,slot_01__deer__r07__c483,An antlered browser shows a spotted chestnut coat blending with leaf litter.,deer,0,deer,True,18.871444702148438,-4.3161749839782715,,
eot,tsne,0,7,slot_01__horse__r01__c002,A saddle-trained trail companion shows a glossy chestnut coat beneath a dark mane.,horse,5,horse,True,4.3582868576049805,-15.708134651184082,,
eot,tsne,0,8,slot_02__cat__r01__c002,A long-whiskered home companion has a smooth black coat reflecting window light.,cat,7,cat,True,-12.715180397033691,13.030328750610352,,
eot,tsne,0,9,slot_02__dog__r01__c001,A floppy-eared home guardian shows white spotted hair across a sturdy back.,dog,7,cat,False,-10.915508270263672,3.162199020385742,,
eot,tsne,0,10,slot_02__fox__r01__c005,Dense copper hair blending into autumn leaves defines a slender twilight forager.,fox,3,rabbit,False,-2.661933660507202,-19.085189819335938,,
eot,tsne,0,11,slot_02__bear__r01__c002,A heavy black coat covering broad shoulders identifies a towering honey seeker.,bear,2,bear,True,-2.3478708267211914,29.910572052001953,,
eot,tsne,0,12,slot_02__wolf__r01__c002,A pale-muzzled pack sentinel reveals dense silver-brown fur suited to winter.,wolf,4,wolf,True,-13.794960021972656,-10.899970054626465,,
eot,tsne,0,13,slot_02__rabbit__r12__c882,A finely detailed garden nibbler shows smooth tan hair above a pale belly.,rabbit,3,rabbit,True,16.559520721435547,17.752994537353516,,
eot,tsne,0,14,slot_02__deer__r02__c081,A branch-antlered visitor shows a smooth reddish-brown summer coat.,deer,0,deer,True,17.021696090698242,-7.028123378753662,,
eot,tsne,0,15,slot_02__horse__r01__c002,Smooth black hair with a white facial blaze defines a bridled stable companion.,horse,5,horse,True,2.8951148986816406,-13.68282413482666,,
eot,tsne,0,16,slot_03__cat__r05__c322,"Within a misty hillside, purring room-explorer demonstrates a smooth black coat reflecting window light.",cat,7,cat,True,-16.517288208007812,20.2640438079834,,
eot,tsne,0,17,slot_03__dog__r02__c082,"Within a patch of dense brush, wagging household-companion demonstrates a shaggy gray coat around the shoulders.",dog,7,cat,False,-16.439586639404297,-8.941650390625,,
eot,tsne,0,18,slot_03__fox__r02__c082,Red-coated woodland-hunter displays warm russet fur beneath a pale throat beside a rocky meadow.,fox,2,bear,False,1.3845235109329224,19.424482345581055,,
eot,tsne,0,19,slot_03__bear__r01__c002,Thick cinnamon-colored hair across the torso distinguishes long-clawed wilderness-resident near a shaded woodland edge.,bear,2,bear,True,3.338876724243164,-1.43576979637146,,
eot,tsne,0,20,slot_03__wolf__r04__c242,Broad-pawed northern pack tracker displays a layered gray coat with pale guard hairs beside scattered autumn leaves.,wolf,4,wolf,True,-12.345495223999023,-11.62166976928711,,
eot,tsne,0,21,slot_03__rabbit__r02__c082,"Beside a sunlit garden path, long-eared meadow grazer reveals velvety gray fur around a bright white tail.",rabbit,3,rabbit,True,12.438141822814941,5.5643792152404785,,
eot,tsne,0,22,slot_03__deer__r01__c003,Antlered woodland browser displays dark brown hair along a lighter throat patch beside a shaded woodland edge.,deer,0,deer,True,17.320932388305664,-3.642975091934204,,
eot,tsne,0,23,slot_03__horse__r01__c004,Broad-chested stable resident displays smooth black hair with a white facial blaze beside a patch of dense brush.,horse,5,horse,True,3.258668899536133,-13.111001968383789,,
eot,tsne,0,24,slot_04__cat__r02__c082,"Beside a calm farmyard, purring room-explorer reveals dense velvet-like fur across the back; the viewpoint remains level.",cat,7,cat,True,-15.020751953125,21.66029930114746,,
eot,tsne,0,25,slot_04__dog__r01__c002,"A clear view shows wet-nosed trail-helper with a shaggy gray coat around the shoulders, as ground contact stays clear.",dog,7,cat,False,-16.689687728881836,-8.652892112731934,,
eot,tsne,0,26,slot_04__fox__r01__c002,"Narrow-muzzled dusk-prowler becomes recognizable through warm russet fur beneath a pale throat, while the setting supports the behavior.",fox,6,fox,True,-3.211442708969116,14.093849182128906,,
eot,tsne,0,27,slot_04__bear__r01__c001,"Round-eared timberland-giant carries a heavy black coat covering broad shoulders across a narrow riverside path; meanwhile, the viewpoint remains level.",bear,2,bear,True,4.622349262237549,1.3716259002685547,,
eot,tsne,0,28,slot_04__wolf__r01__c001,"Against an open grassy clearing, dense silver-brown fur suited to winter defines long-legged forest tracker; ground contact stays clear.",wolf,0,deer,False,9.990721702575684,-1.1852298974990845,,
eot,tsne,0,29,slot_04__rabbit__r04__c245,"Beside a shaded woodland edge, small hopping burrow forager reveals smooth tan hair above a pale belly; the setting supports the behavior.",rabbit,3,rabbit,True,5.542529582977295,10.388587951660156,,
eot,tsne,0,30,slot_04__deer__r01__c001,"Within a misty hillside, slender-legged forest grazer demonstrates coarse gray winter hair above a pale rump, where its full body stays visible.",deer,0,deer,True,11.46524715423584,-6.948927402496338,,
eot,tsne,0,31,slot_04__horse__r03__c161,"Warm bay coloring above dark lower legs distinguishes single-hoofed riding companion near a patch of dense brush, where soft light preserves surface detail.",horse,5,horse,True,6.5836615562438965,-12.32408618927002,,
eot,tsne,0,32,slot_05__cat__r01__c001,"Short gray hair patterned by faint bands distinguishes retractable-clawed climber near a patch of dense brush, where the setting supports the behavior.",cat,3,rabbit,False,8.056724548339844,-0.029053902253508568,,
eot,tsne,0,33,slot_05__dog__r01__c002,"White spotted hair across a sturdy back distinguishes broad-pawed gate-watcher near a pale winter field, where the background preserves its outline.",dog,6,fox,False,-10.9017915725708,0.9830030798912048,,
eot,tsne,0,34,slot_05__fox__r02__c083,"A clear view shows bushy-tailed den-visitor with dense copper hair blending into autumn leaves, as the moment appears unstaged.",fox,3,rabbit,False,-2.996288299560547,-18.781394958496094,,
eot,tsne,0,35,slot_05__bear__r01__c001,"A clear view shows thick-furred cave-sleeper with thick cinnamon-colored hair across the torso, as surrounding plants provide scale.",bear,2,bear,True,3.7141056060791016,-2.110943555831909,,
eot,tsne,0,36,slot_05__wolf__r02__c082,"Deep-chested roaming predator carries a layered gray coat with pale guard hairs across a rocky meadow; meanwhile, the head and torso remain visible.",wolf,4,wolf,True,0.28070029616355896,-1.7931288480758667,,
eot,tsne,0,37,slot_05__rabbit__r04__c243,"Long-eared grassland nibbler becomes recognizable through a warm chestnut coat blending into meadow soil, while ground contact stays clear.",rabbit,3,rabbit,True,10.005782127380371,6.760707378387451,,
eot,tsne,0,38,slot_05__deer__r04__c244,"Antlered split-hoofed woodland browser becomes recognizable through coarse gray winter hair above a pale rump, while surrounding plants provide scale.",deer,0,deer,True,13.437302589416504,-5.206661701202393,,
eot,tsne,0,39,slot_05__horse__r01__c002,"Tall long-faced grazer carries a pale golden coat beside a flowing cream mane across a sunlit garden path; meanwhile, the viewpoint remains level.",horse,5,horse,True,10.302563667297363,-10.538829803466797,,
eot,tsne,0,40,slot_06__cat__r01__c002,A striped household mouser reveals pointed ears above bright slit-shaped eyes.,cat,7,cat,True,-9.69104290008545,19.766292572021484,,
eot,tsne,0,41,slot_06__dog__r01__c002,A wet dark nose beneath gently folded ears marks a playful backyard digger.,dog,7,cat,False,-18.81618309020996,6.5358476638793945,,
eot,tsne,0,42,slot_06__fox__r15__c1123,A sharp-eared orange hunter shows white cheeks and a long narrow snout.,fox,7,cat,False,-3.5440924167633057,21.733896255493164,,
eot,tsne,0,43,slot_06__bear__r04__c242,A round-eared forest giant has a wide pale muzzle beneath round listening ears.,bear,7,cat,False,1.624028205871582,3.2756619453430176,,
eot,tsne,0,44,slot_06__wolf__r01__c002,A social mountain predator has upright triangular ears above an elongated muzzle.,wolf,7,cat,False,-2.7115981578826904,3.980660915374756,,
eot,tsne,0,45,slot_06__rabbit__r01__c003,A long-eared ground forager has broad listening ears framing a compact face.,rabbit,3,rabbit,True,7.9269819259643555,4.734341144561768,,
eot,tsne,0,46,slot_06__deer__r01__c005,Branching antlers rising over alert dark eyes defines a white-tailed meadow grazer.,deer,0,deer,True,15.204724311828613,3.7680625915527344,,
eot,tsne,0,47,slot_06__horse__r01__c002,A long face beneath mobile upright ears identifies a swift-maned field traveler.,horse,7,cat,False,-13.289178848266602,5.4821624755859375,,
eot,tsne,0,48,slot_07__cat__r01__c001,A whiskered lap companion shows fine cheek whiskers below independently turning ears.,cat,7,cat,True,-13.217348098754883,11.586546897888184,,
eot,tsne,0,49,slot_07__dog__r01__c001,A long scenting muzzle beneath lifted ears identifies a leash-wearing companion.,dog,1,dog,True,-15.604426383972168,4.355832099914551,,
eot,tsne,0,50,slot_07__fox__r01__c001,A red-coated dusk hunter reveals fine whiskers surrounding a compact black nose.,fox,7,cat,False,-1.6357382535934448,19.365734100341797,,
eot,tsne,0,51,slot_07__bear__r05__c325,A sensitive dark nose beyond a heavy face marks a thick-furred woodland giant.,bear,2,bear,True,-0.418344646692276,2.42553973197937,,
eot,tsne,0,52,slot_07__wolf__r02__c082,A forest pack sentinel has a dark nose beyond a pale tapered muzzle.,wolf,4,wolf,True,-13.296609878540039,-7.605017185211182,,
eot,tsne,0,53,slot_07__rabbit__r05__c324,A garden nibbler has soft cheeks below tall independently turning ears.,rabbit,7,cat,False,16.35301399230957,16.954082489013672,,
eot,tsne,0,54,slot_07__deer__r01__c004,Large rotating ears above a long narrow face marks a large-eared woodland grazer.,deer,0,deer,True,6.858026027679443,4.244513034820557,,
eot,tsne,0,55,slot_07__horse__r01__c004,A saddle-trained trail companion carries a long face beneath mobile upright ears.,horse,1,dog,False,-13.42906665802002,5.013576030731201,,
eot,tsne,0,56,slot_08__cat__r01__c001,"Against low evening light, pointed ears above bright slit-shaped eyes defines purring room-explorer.",cat,7,cat,True,-14.0208740234375,20.252578735351562,,
eot,tsne,0,57,slot_08__dog__r01__c001,A wet dark nose beneath gently folded ears distinguishes leash-following walking-partner near a calm farmyard.,dog,1,dog,True,-18.59656524658203,6.057934761047363,,
eot,tsne,0,58,slot_08__fox__r11__c802,"A red woodland hunter reveals pointed ears, white cheeks, black whiskers, and a narrow muzzle at close range.",fox,7,cat,False,1.0843747854232788,4.9221625328063965,,
eot,tsne,0,59,slot_08__bear__r04__c244,A massive head narrowing toward a prominent nose distinguishes long-clawed wilderness-resident near a misty hillside.,bear,7,cat,False,-2.5546751022338867,3.21714448928833,,
eot,tsne,0,60,slot_08__wolf__r04__c245,Amber eyes set in a broad gray face distinguishes large gray howling pack hunter near an open grassy clearing.,wolf,4,wolf,True,-11.555153846740723,-9.421820640563965,,
eot,tsne,0,61,slot_08__rabbit__r02__c083,"Beside a sunlit garden path, compact meadow forager reveals very long upright ears above round side-set eyes.",rabbit,3,rabbit,True,13.023333549499512,7.0819315910339355,,
eot,tsne,0,62,slot_08__deer__r01__c002,Spotted forest youngster becomes recognizable through a black nose at the end of a tapered muzzle near a quiet fence line.,deer,4,wolf,False,6.910367965698242,-3.920745372772217,,
eot,tsne,0,63,slot_08__horse__r01__c003,Tall long-faced grazer becomes recognizable through a forelock falling between attentive eyes near a calm farmyard.,horse,5,horse,True,13.054097175598145,-12.856230735778809,,
eot,tsne,0,64,slot_09__cat__r01__c002,"A clear view shows striped hearthside-prowler with reflective eyes set in a compact whiskered face, as ground contact stays clear.",cat,6,fox,False,-6.356646537780762,13.105870246887207,,
eot,tsne,0,65,slot_09__dog__r01__c004,"Tongue-out family-companion displays round attentive eyes above a broad nose beside a sunlit garden path, while the posture remains natural.",dog,1,dog,True,-23.724483489990234,2.8266592025756836,,
eot,tsne,0,66,slot_09__fox__r01__c002,"Beside a broad dirt trail, bushy-tailed den-visitor reveals white cheek markings beneath alert pointed ears; its full body stays visible.",fox,6,fox,True,2.364567756652832,7.554495811462402,,
eot,tsne,0,67,slot_09__bear__r08__c569,"Beneath soft overcast light, round-eared timberland-giant becomes recognizable through a massive head narrowing toward a prominent nose, while ground contact stays clear.",bear,6,fox,False,4.781509876251221,2.459622621536255,,
eot,tsne,0,68,slot_09__wolf__r02__c081,"A clear view shows sharp-eared snow traveler with a dark nose beyond a pale tapered muzzle, as the setting supports the behavior.",wolf,4,wolf,True,-17.39282989501953,-13.137043952941895,,
eot,tsne,0,69,slot_09__rabbit__r02__c085,"Very long upright ears above round side-set eyes distinguishes soft-coated burrow dweller near low evening light, where its full body stays visible.",rabbit,3,rabbit,True,8.438095092773438,9.543562889099121,,
eot,tsne,0,70,slot_09__deer__r01__c001,"Split-hoofed trail visitor displays branching antlers rising over alert dark eyes beside a shaded woodland edge, while soft light preserves surface detail.",deer,0,deer,True,11.012232780456543,-4.145179271697998,,
eot,tsne,0,71,slot_09__horse__r01__c001,"A clear view shows saddle-trained trail companion with large dark eyes beside a broad soft muzzle, as surrounding plants provide scale.",horse,1,dog,False,4.588309288024902,-10.71066951751709,,
eot,tsne,0,72,slot_10__cat__r01__c002,"Fine cheek whiskers below independently turning ears distinguishes whiskered house-prowler near a patch of dense brush, where the background preserves its outline.",cat,6,fox,False,-6.701311111450195,14.53465747833252,,
eot,tsne,0,73,slot_10__dog__r01__c002,"Within a rocky meadow, wagging household-companion demonstrates a long scenting muzzle beneath lifted ears, where the pose shows balanced proportions.",dog,1,dog,True,5.563936710357666,7.253780364990234,,
eot,tsne,0,74,slot_10__fox__r01__c002,"Red-coated woodland-hunter displays fine whiskers surrounding a compact black nose beside a shaded woodland edge, while the posture remains natural.",fox,0,deer,False,-1.296831727027893,19.16338539123535,,
eot,tsne,0,75,slot_10__bear__r09__c649,"While facing the open trail, powerful berry-gatherer becomes recognizable through a sensitive dark nose beyond a heavy face, while the background preserves its outline.",bear,2,bear,True,-1.1818739175796509,-4.601282596588135,,
eot,tsne,0,76,slot_10__wolf__r04__c241,"Broad-pawed northern pack tracker carries upright triangular ears above an elongated muzzle across soft morning light; meanwhile, the pose shows balanced proportions.",wolf,4,wolf,True,-9.122833251953125,-11.590888977050781,,
eot,tsne,0,77,slot_10__rabbit__r02__c081,"Within a quiet fence line, long-eared meadow grazer demonstrates large dark eyes and a split upper lip, where the posture remains natural.",rabbit,3,rabbit,True,11.006254196166992,6.131120204925537,,
eot,tsne,0,78,slot_10__deer__r01__c002,"Antlered woodland browser carries a pale throat below a fine-boned woodland face across a calm farmyard; meanwhile, the viewpoint remains level.",deer,0,deer,True,17.185672760009766,-2.173652410507202,,
eot,tsne,0,79,slot_10__horse__r01__c002,"Against soft morning light, a forelock falling between attentive eyes defines long-maned pasture runner; ground contact stays clear.",horse,5,horse,True,14.20365047454834,-12.366042137145996,,
eot,tsne,0,80,slot_11__cat__r01__c007,A striped household mouser has quiet padded paws beneath flexible forelegs.,cat,7,cat,True,-9.14919376373291,19.814735412597656,,
eot,tsne,0,81,slot_11__dog__r01__c002,A panting ball retriever carries broad padded paws beneath sturdy running legs.,dog,1,dog,True,-21.296995162963867,-3.563400983810425,,
eot,tsne,0,82,slot_11__fox__r01__c001,A narrow-muzzled night prowler has small black feet beneath narrow lower legs.,fox,6,fox,True,-4.900619983673096,15.94792652130127,,
eot,tsne,0,83,slot_11__bear__r01__c004,A powerful berry gatherer carries thick muscular legs supporting deliberate steps.,bear,2,bear,True,-1.3066129684448242,-5.451428413391113,,
eot,tsne,0,84,slot_11__wolf__r04__c242,A bushy-tailed pack tracker shows dark padded feet supporting a steady trot.,wolf,4,wolf,True,-8.034689903259277,-14.453182220458984,,
eot,tsne,0,85,slot_11__rabbit__r01__c002,A hind-legged field nibbler shows oversized hind feet behind small front paws.,rabbit,7,cat,False,-0.19469065964221954,-12.761775970458984,,
eot,tsne,0,86,slot_11__deer__r01__c001,A split-hoofed forest visitor reveals small cloven feet beneath lean brown limbs.,deer,0,deer,True,14.889531135559082,-7.886086463928223,,
eot,tsne,0,87,slot_11__horse__r01__c002,A saddle-trained trail companion reveals long lower legs ending in single hard hooves.,horse,5,horse,True,5.155341625213623,-15.98333740234375,,
eot,tsne,0,88,slot_12__cat__r01__c005,A long balancing tail behind springing hind legs defines an upright-tailed lap companion.,cat,7,cat,True,-15.120468139648438,9.119438171386719,,
eot,tsne,0,89,slot_12__dog__r02__c082,A broad-pawed walking partner carries straight forelegs supporting a ready stance.,dog,1,dog,True,-17.405197143554688,-2.429393768310547,,
eot,tsne,0,90,slot_12__fox__r02__c081,A bushy-tailed den visitor has dark lower legs ending in light quick paws.,fox,7,cat,False,-5.859717845916748,-16.799814224243164,,
eot,tsne,0,91,slot_12__bear__r02__c082,A bulky streamside fisher has heavy hind limbs behind a very short tail.,bear,2,bear,True,-0.7558398842811584,-9.814735412597656,,
eot,tsne,0,92,slot_12__wolf__r04__c243,A wild gray pack hunter carries a low bushy tail behind powerful hindquarters.,wolf,4,wolf,True,-13.602509498596191,-13.762375831604004,,
eot,tsne,0,93,slot_12__rabbit__r04__c243,Powerful folded rear legs beneath a round body defines a long-eared grazer.,rabbit,7,cat,False,11.306836128234863,4.221073627471924,,
eot,tsne,0,94,slot_12__deer__r02__c081,A branch-antlered visitor reveals slender legs ending in dark split hooves.,deer,0,deer,True,15.995662689208984,-7.452324390411377,,
eot,tsne,0,95,slot_12__horse__r01__c002,A flowing tail behind powerful hindquarters is visible on a bridled stable companion.,horse,5,horse,True,6.512272357940674,-18.710538864135742,,
eot,tsne,0,96,slot_13__cat__r02__c082,Whiskered house-prowler displays small rounded feet placed in a narrow walking line beside low evening light.,cat,6,fox,False,-5.074793338775635,14.891363143920898,,
eot,tsne,0,97,slot_13__dog__r01__c002,Straight forelegs supporting a ready stance distinguishes tongue-out family-companion near a calm farmyard.,dog,1,dog,True,-23.097732543945312,3.8959882259368896,,
eot,tsne,0,98,slot_13__fox__r01__c002,"Within soft morning light, amber-eyed meadow-prowler demonstrates slender springing limbs suited to sudden pounces.",fox,3,rabbit,False,1.582312822341919,14.798127174377441,,
eot,tsne,0,99,slot_13__bear__r01__c004,Long curved claws extending beyond dark toe pads distinguishes round-eared timberland-giant near a shaded woodland edge.,bear,2,bear,True,3.0484018325805664,0.8861573934555054,,
eot,tsne,0,100,slot_13__wolf__r03__c161,Gray pack hunter displays large snow-spreading feet and straight forelegs beside a narrow riverside path.,wolf,4,wolf,True,-15.224442481994629,-14.088115692138672,,
eot,tsne,0,101,slot_13__rabbit__r05__c321,"Within an open grassy clearing, twitch-nosed clover nibbler demonstrates long hind limbs prepared for sudden bounds.",rabbit,3,rabbit,True,11.996338844299316,9.817166328430176,,
eot,tsne,0,102,slot_13__deer__r01__c002,"Beside a broad dirt trail, branch-antlered woodland traveler reveals long delicate forelegs built for quiet stepping.",deer,0,deer,True,15.0300874710083,0.06042284145951271,,
eot,tsne,0,103,slot_13__horse__r01__c002,Swift-maned open-field runner carries muscular legs with dark hair above each hoof across a narrow riverside path.,horse,5,horse,True,6.981919288635254,-16.79629135131836,,
eot,tsne,0,104,slot_14__cat__r01__c001,"Beside a misty hillside, pointed-eared lap-companion reveals curved retractable claws hidden above soft toe pads; nearby tracks indicate scale.",cat,6,fox,False,-6.131730556488037,7.491103649139404,,
eot,tsne,0,105,slot_14__dog__r01__c001,"Collar-wearing yard-guardian carries a wagging tail extending from strong hindquarters across a patch of dense brush; meanwhile, the viewpoint remains level.",dog,1,dog,True,-9.226120948791504,-0.28451454639434814,,
eot,tsne,0,106,slot_14__fox__r01__c002,"Narrow-muzzled dusk-prowler carries small black feet beneath narrow lower legs across a pale winter field; meanwhile, soft light preserves surface detail.",fox,6,fox,True,-2.2732865810394287,13.387150764465332,,
eot,tsne,0,107,slot_14__bear__r04__c241,"Within a shaded woodland edge, thick-furred cave-sleeper demonstrates thick muscular legs supporting deliberate steps, where the setting supports the behavior.",bear,2,bear,True,2.1815924644470215,-2.451714515686035,,
eot,tsne,0,108,slot_14__wolf__r04__c245,"Thick-coated howling sentinel carries large snow-spreading feet and straight forelegs across soft morning light; meanwhile, its full body stays visible.",wolf,4,wolf,True,-8.617053031921387,-6.988039970397949,,
eot,tsne,0,109,slot_14__rabbit__r01__c001,"Soft-coated burrow dweller displays powerful folded rear legs beneath a round body beside a sunlit garden path, while soft light preserves surface detail.",rabbit,3,rabbit,True,8.578311920166016,13.995262145996094,,
eot,tsne,0,110,slot_14__deer__r01__c001,"A clear view shows slender-legged forest grazer with a raised white tail above springing hind legs, as surrounding plants provide scale.",deer,0,deer,True,10.644487380981445,-7.689018249511719,,
eot,tsne,0,111,slot_14__horse__r01__c003,"Single-hoofed riding companion displays long lower legs ending in single hard hooves beside a patch of dense brush, while the viewpoint remains level.",horse,5,horse,True,6.235350131988525,-12.901900291442871,,
eot,tsne,0,112,slot_15__cat__r03__c162,"Against scattered autumn leaves, curved retractable claws hidden above soft toe pads defines striped hearthside-prowler; the pose shows balanced proportions.",cat,6,fox,False,-6.478134632110596,10.943498611450195,,
eot,tsne,0,113,slot_15__dog__r01__c003,"Within a rocky meadow, floppy-eared home-guardian demonstrates a wagging tail extending from strong hindquarters, where nearby tracks indicate scale.",dog,1,dog,True,-8.09450912475586,4.1953887939453125,,
eot,tsne,0,114,slot_15__fox__r01__c001,"Sharp-eared field-stalker becomes recognizable through slender springing limbs suited to sudden pounces, while the background preserves its outline.",fox,0,deer,False,-0.9926905035972595,5.932137966156006,,
eot,tsne,0,115,slot_15__bear__r02__c081,"Massive front feet planted across rough ground distinguishes powerful berry-gatherer near a shallow stream bank, where the pose shows balanced proportions.",bear,2,bear,True,-0.47421419620513916,-6.087011337280273,,
eot,tsne,0,116,slot_15__wolf__r04__c246,"Broad-pawed northern pack tracker displays broad paws beneath long endurance-built legs beside a broad dirt trail, while nearby tracks indicate scale.",wolf,4,wolf,True,-8.488943099975586,-11.740279197692871,,
eot,tsne,0,117,slot_15__rabbit__r04__c243,"Long-eared grassland nibbler carries long hind limbs prepared for sudden bounds across low evening light; meanwhile, its full body stays visible.",rabbit,6,fox,False,9.34697437286377,6.74818229675293,,
eot,tsne,0,118,slot_15__deer__r01__c003,"Split-hoofed trail visitor carries a raised white tail above springing hind legs across a calm farmyard; meanwhile, soft light preserves surface detail.",deer,5,horse,False,7.851224899291992,-8.494356155395508,,
eot,tsne,0,119,slot_15__horse__r01__c002,"A sweeping tail balancing four narrow hooves distinguishes tall long-faced grazer near a weathered wooden gate, where the setting supports the behavior.",horse,5,horse,True,11.82644271850586,-11.427462577819824,,
eot,tsne,0,120,slot_16__cat__r01__c002,A striped household mouser carries a compact low torso with a flexible spine.,cat,7,cat,True,-8.672311782836914,19.881528854370117,,
eot,tsne,0,121,slot_16__dog__r01__c003,A tail-wagging family companion carries strong shoulders above an athletic household silhouette.,dog,1,dog,True,-15.845972061157227,6.792736053466797,,
eot,tsne,0,122,slot_16__fox__r04__c246,A light elongated frame beneath a full tail marks a russet snowline hunter.,fox,3,rabbit,False,0.4601637125015259,23.244699478149414,,
eot,tsne,0,123,slot_16__bear__r01__c003,A broad-pawed wilderness forager has a towering woodland silhouette built for strength.,bear,2,bear,True,0.05346599221229553,0.43044543266296387,,
eot,tsne,0,124,slot_16__wolf__r05__c321,Powerful shoulders narrowing toward the flanks defines a howling snow hunter.,wolf,4,wolf,True,-17.637128829956055,-19.242069244384766,,
eot,tsne,0,125,slot_16__rabbit__r02__c082,A burrow resident carries a lightweight frame with prominent folded haunches.,rabbit,3,rabbit,True,9.762697219848633,16.125301361083984,,
eot,tsne,0,126,slot_16__deer__r01__c004,An antlered woodland browser shows an athletic herd grazer with a deep chest.,deer,0,deer,True,18.178634643554688,-3.4141719341278076,,
eot,tsne,0,127,slot_16__horse__r01__c001,A muscular farmyard runner carries a powerful hindquarter line beneath the saddle area.,horse,5,horse,True,5.6691412925720215,-18.935991287231445,,
eot,tsne,0,128,slot_17__cat__r01__c002,A lightweight household frame and narrow shoulders identifies a purring house prowler.,cat,7,cat,True,-17.200489044189453,12.076811790466309,,
eot,tsne,0,129,slot_17__dog__r01__c004,A panting ball retriever shows a sturdy medium frame with a broad chest.,dog,1,dog,True,-21.30434226989746,-3.8709166049957275,,
eot,tsne,0,130,slot_17__fox__r15__c1121,A slender red hunter carries a huge bushy tail with a bright white tip.,fox,7,cat,False,-1.5845996141433716,22.3231143951416,,
eot,tsne,0,131,slot_17__bear__r02__c081,A round-eared forest giant shows a massive torso rising over powerful shoulders.,bear,2,bear,True,2.3210902214050293,2.0400428771972656,,
eot,tsne,0,132,slot_17__wolf__r09__c643,A sturdy wild gray pack hunter shows a tall athletic silhouette heavier than a yard companion.,wolf,4,wolf,True,-14.134571075439453,-13.180696487426758,,
eot,tsne,0,133,slot_17__rabbit__r07__c482,A garden nibbler shows a small pear-shaped silhouette and short neck.,rabbit,3,rabbit,True,15.969675064086914,17.410381317138672,,
eot,tsne,0,134,slot_17__deer__r04__c241,A lean woodland frame with a short tail identifies a split-hoofed grazer.,deer,5,horse,False,12.936408042907715,-9.915199279785156,,
eot,tsne,0,135,slot_17__horse__r05__c326,A long-faced grazer shows a powerful hindquarter line beneath the saddle area.,horse,5,horse,True,10.98827075958252,-12.742409706115723,,
eot,tsne,0,136,slot_18__cat__r03__c163,"Beside low evening light, striped hearthside-prowler reveals a lightweight household frame and narrow shoulders.",cat,6,fox,False,-5.026388168334961,13.46365737915039,,
eot,tsne,0,137,slot_18__dog__r01__c001,Leash-following walking-partner displays a sturdy medium frame with a broad chest beside a narrow riverside path.,dog,1,dog,True,-16.288354873657227,-0.7231719493865967,,
eot,tsne,0,138,slot_18__fox__r04__c243,Orange-chested hedgerow-stalker displays a small woodland silhouette built for quick turns beside soft morning light.,fox,3,rabbit,False,7.220571041107178,20.90213394165039,,
eot,tsne,0,139,slot_18__bear__r02__c083,"Beside a quiet fence line, towering honey-seeker reveals a massive torso rising over powerful shoulders.",bear,2,bear,True,-2.9144935607910156,30.350709915161133,,
eot,tsne,0,140,slot_18__wolf__r04__c243,Thick-coated howling sentinel becomes recognizable through powerful shoulders narrowing toward the flanks near a shallow stream bank.,wolf,4,wolf,True,-9.181474685668945,-6.583652496337891,,
eot,tsne,0,141,slot_18__rabbit__r01__c001,White-tailed garden visitor carries a compact rounded body held close to the ground across a patch of dense brush.,rabbit,3,rabbit,True,10.734532356262207,13.28410816192627,,
eot,tsne,0,142,slot_18__deer__r01__c001,"Against a rocky meadow, a tall narrow torso on unusually slender legs defines large-eared woodland browser.",deer,0,deer,True,3.3465888500213623,4.254205226898193,,
eot,tsne,0,143,slot_18__horse__r01__c002,"Against a misty hillside, a high-shouldered silhouette above slender lower legs defines powerful paddock runner.",horse,5,horse,True,7.909653186798096,-17.290184020996094,,
eot,tsne,0,144,slot_19__cat__r01__c002,"Beside a misty hillside, striped hearthside-prowler reveals a rounded chest tapering toward agile hindquarters; its full body stays visible.",cat,6,fox,False,-4.89548921585083,11.285080909729004,,
eot,tsne,0,145,slot_19__dog__r01__c001,"Against scattered autumn leaves, a balanced torso built for running beside people defines floppy-eared home-guardian; ground contact stays clear.",dog,1,dog,True,-2.0391976833343506,-22.456295013427734,,
eot,tsne,0,146,slot_19__fox__r02__c081,"A clear view shows bushy-tailed den-visitor with a small woodland silhouette built for quick turns, as the setting supports the behavior.",fox,3,rabbit,False,-3.945553779602051,-17.02567481994629,,
eot,tsne,0,147,slot_19__bear__r03__c162,"Long-clawed wilderness-resident carries a massive torso rising over powerful shoulders across a shaded woodland edge; meanwhile, the background preserves its outline.",bear,2,bear,True,1.9859797954559326,-1.2471295595169067,,
eot,tsne,0,148,slot_19__wolf__r04__c243,"Within a patch of dense brush, wild gray pack predator demonstrates a rangy body built for sustained travel, where the moment appears unstaged.",wolf,4,wolf,True,-12.587522506713867,-15.498656272888184,,
eot,tsne,0,149,slot_19__rabbit__r01__c003,"Within a rocky meadow, short-tailed garden browser demonstrates a compact rounded body held close to the ground, where nearby tracks indicate scale.",rabbit,3,rabbit,True,12.886189460754395,12.217480659484863,,
eot,tsne,0,150,slot_19__deer__r01__c002,"A clear view shows alert brown forest browser with a long-necked body balanced above fine limbs, as the head and torso remain visible.",deer,0,deer,True,15.094965934753418,-5.521198749542236,,
eot,tsne,0,151,slot_19__horse__r01__c003,"A clear view shows upright-eared pasture grazer with a tall deep-chested body with a long neck, as ground contact stays clear.",horse,5,horse,True,11.908751487731934,-13.229578971862793,,
eot,tsne,0,152,slot_20__cat__r01__c002,"Whiskered house-prowler displays a neatly proportioned body suited to tight indoor spaces beside a calm farmyard, while the posture remains natural.",cat,6,fox,False,-8.217493057250977,14.588969230651855,,
eot,tsne,0,153,slot_20__dog__r01__c002,"A clear view shows wagging household-companion with a solid companion-sized body carried on four even legs, as the head and torso remain visible.",dog,1,dog,True,-5.943127632141113,-12.408702850341797,,
eot,tsne,0,154,slot_20__fox__r07__c484,"Orange-chested hedgerow-stalker becomes recognizable through a graceful ground-hugging body with delicate proportions, while soft light preserves surface detail.",fox,3,rabbit,False,7.917969226837158,20.766469955444336,,
eot,tsne,0,155,slot_20__bear__r02__c082,"A massive torso rising over powerful shoulders distinguishes round-eared timberland-giant near a shallow stream bank, where nearby tracks indicate scale.",bear,2,bear,True,3.869051694869995,0.9443954229354858,,
eot,tsne,0,156,slot_20__wolf__r04__c245,"Bushy-tailed mountain pack tracker becomes recognizable through a rangy body built for sustained travel, while the head and torso remain visible.",wolf,4,wolf,True,-6.950002670288086,-13.135658264160156,,
eot,tsne,0,157,slot_20__rabbit__r04__c248,"Long-eared grassland nibbler displays a low oval profile ending in a tiny tail beside a shallow stream bank, while the pose shows balanced proportions.",rabbit,3,rabbit,True,8.244715690612793,6.338043212890625,,
eot,tsne,0,158,slot_20__deer__r01__c001,"Within a misty hillside, branch-antlered woodland traveler demonstrates a lean woodland frame with a short tail, where nearby tracks indicate scale.",deer,0,deer,True,12.696812629699707,-3.8412256240844727,,
eot,tsne,0,159,slot_20__horse__r01__c004,"Against soft morning light, a powerful hindquarter line beneath the saddle area defines flowing-tailed field grazer; the head and torso remain visible.",horse,5,horse,True,8.71115779876709,-11.800030708312988,,
eot,tsne,0,160,slot_21__cat__r01__c001,A retractable-clawed mouser has the floor before springing onto furniture.,cat,7,cat,True,-6.373470306396484,21.876964569091797,,
eot,tsne,0,161,slot_21__dog__r02__c082,A footpath while pulling lightly against a leash identifies a collared gate watcher.,dog,1,dog,True,-16.40468406677246,0.7626087069511414,,
eot,tsne,0,162,slot_21__fox__r01__c003,A sharp-eared field stalker has woodland cover using a low cautious trot.,fox,2,bear,False,-1.1470997333526611,6.237203121185303,,
eot,tsne,0,163,slot_21__bear__r02__c081,A heavy-pawed mountain roamer carries a fallen trunk through surprising climbing strength.,bear,2,bear,True,2.3316290378570557,-5.882256031036377,,
eot,tsne,0,164,slot_21__wolf__r05__c321,A bushy-tailed pack tracker has silent stepping between closely spaced pines.,wolf,4,wolf,True,-8.24789810180664,-14.799602508544922,,
eot,tsne,0,165,slot_21__rabbit__r04__c244,Small cautious hops followed by complete stillness identifies a velvet-eared browser.,rabbit,7,cat,False,-3.5443131923675537,7.095215320587158,,
eot,tsne,0,166,slot_21__deer__r01__c002,High bounding leaps across fallen woodland branches marks a large-eared woodland grazer.,deer,0,deer,True,12.429604530334473,1.0956052541732788,,
eot,tsne,0,167,slot_21__horse__r01__c001,A collected trot around the training ring defines a flowing-tailed field grazer.,horse,5,horse,True,15.46103572845459,-15.66447925567627,,
eot,tsne,0,168,slot_22__cat__r01__c002,A long-whiskered home companion reveals the room with a low stalking posture.,cat,7,cat,True,-13.540840148925781,12.665168762207031,,
eot,tsne,0,169,slot_22__dog__r01__c002,A footpath while pulling lightly against a leash marks a keen-nosed scent tracker.,dog,1,dog,True,-16.52157211303711,1.8957585096359253,,
eot,tsne,0,170,slot_22__fox__r02__c081,A bushy-tailed den visitor shows snow before diving headfirst toward hidden movement.,fox,3,rabbit,False,-6.7476911544799805,-17.56653594970703,,
eot,tsne,0,171,slot_22__bear__r01__c002,A steep slope despite its bulky frame defines a towering honey seeker.,bear,2,bear,True,-1.7814885377883911,30.377971649169922,,
eot,tsne,0,172,slot_22__wolf__r04__c244,A rapid pursuit over broken mountain ground defines a howling snow hunter.,wolf,4,wolf,True,-18.093242645263672,-19.47537612915039,,
eot,tsne,0,173,slot_22__rabbit__r05__c322,Rapid bounding toward a nearby burrow entrance marks a long-eared grazer.,rabbit,3,rabbit,True,10.676795959472656,4.614033222198486,,
eot,tsne,0,174,slot_22__deer__r02__c081,A branch-antlered visitor carries high bounding leaps across fallen woodland branches.,deer,0,deer,True,13.505171775817871,0.4496283233165741,,
eot,tsne,0,175,slot_22__horse__r01__c002,An extended gallop across open pasture identifies a bridled stable companion.,horse,5,horse,True,10.024158477783203,-18.38143539428711,,
eot,tsne,0,176,slot_23__cat__r04__c244,A windowsill while its tail corrects balance distinguishes retractable-clawed climber near low evening light.,cat,3,rabbit,False,-12.0860595703125,17.019702911376953,,
eot,tsne,0,177,slot_23__dog__r01__c002,Tongue-out family-companion displays open grass before turning sharply after a ball beside a narrow riverside path.,dog,1,dog,True,-23.710124969482422,1.965583324432373,,
eot,tsne,0,178,slot_23__fox__r04__c245,"Within a sunlit garden path, russet snowline-hunter demonstrates a meadow through quick elastic bounds.",fox,3,rabbit,False,3.3168673515319824,22.663249969482422,,
eot,tsne,0,179,slot_23__bear__r05__c326,Short-tailed mountain-roamer becomes recognizable through a fallen trunk through surprising climbing strength near a shaded woodland edge.,bear,2,bear,True,3.6547582149505615,-5.799986362457275,,
eot,tsne,0,180,slot_23__wolf__r06__c402,Long-legged snow pack hunter becomes recognizable through silent stepping between closely spaced pines near a misty hillside.,wolf,4,wolf,True,-18.89540672302246,-16.038257598876953,,
eot,tsne,0,181,slot_23__rabbit__r01__c002,Twitch-nosed ground dweller carries small cautious hops followed by complete stillness across a patch of dense brush.,rabbit,3,rabbit,True,11.295413970947266,14.507689476013184,,
eot,tsne,0,182,slot_23__deer__r01__c002,"Against a rocky meadow, a sudden white-tail retreat into dense cover defines branch-antlered woodland traveler.",deer,0,deer,True,15.928415298461914,-0.15874002873897552,,
eot,tsne,0,183,slot_23__horse__r04__c244,"Against a narrow riverside path, a flowing canter with mane and tail lifted defines long-faced bridled trail companion.",horse,5,horse,True,6.50573205947876,-16.25197410583496,,
eot,tsne,0,184,slot_24__cat__r01__c005,"A clear view shows padded-paw windowsill-watcher with a windowsill while its tail corrects balance, as ground contact stays clear.",cat,6,fox,False,-11.49984073638916,15.779613494873047,,
eot,tsne,0,185,slot_24__dog__r01__c003,"Leash-following walking-partner carries the yard in an eager bounding gait across a patch of dense brush; meanwhile, the posture remains natural.",dog,1,dog,True,-15.478760719299316,-1.3545317649841309,,
eot,tsne,0,186,slot_24__fox__r06__c404,"Beside a pale winter field, amber-eyed meadow-prowler reveals woodland cover using a low cautious trot; the viewpoint remains level.",fox,6,fox,True,-0.20445862412452698,11.530235290527344,,
eot,tsne,0,187,slot_24__bear__r01__c001,"Round-eared timberland-giant displays a steep slope despite its bulky frame beside a quiet fence line, while soft light preserves surface detail.",bear,2,bear,True,5.468889236450195,1.7989203929901123,,
eot,tsne,0,188,slot_24__wolf__r04__c244,"Within a patch of dense brush, pale-muzzled forest pack hunter demonstrates an efficient ground-covering trot through snow, where the setting supports the behavior.",wolf,4,wolf,True,-17.8761043548584,-14.813425064086914,,
eot,tsne,0,189,slot_24__rabbit__r01__c001,"Soft-coated burrow dweller becomes recognizable through a sudden zigzag escape across short grass, while the background preserves its outline.",rabbit,3,rabbit,True,9.768427848815918,11.887944221496582,,
eot,tsne,0,190,slot_24__deer__r01__c004,"Spotted forest youngster displays a sudden white-tail retreat into dense cover beside a shaded woodland edge, while soft light preserves surface detail.",deer,0,deer,True,7.438049793243408,-4.3870720863342285,,
eot,tsne,0,191,slot_24__horse__r01__c001,"Broad-chested stable resident carries an extended gallop across open pasture across a narrow riverside path; meanwhile, the posture remains natural.",horse,5,horse,True,8.112164497375488,-14.340277671813965,,
eot,tsne,0,192,slot_25__cat__r03__c162,"Within a shallow stream bank, striped hearthside-prowler demonstrates the room with a low stalking posture, where the head and torso remain visible.",cat,6,fox,False,-7.014561653137207,12.154704093933105,,
eot,tsne,0,193,slot_25__dog__r01__c003,"A clear view shows floppy-eared home-guardian with a footpath while pulling lightly against a leash, as ground contact stays clear.",dog,1,dog,True,-9.576319694519043,3.6666769981384277,,
eot,tsne,0,194,slot_25__fox__r05__c325,"Narrow-muzzled dusk-prowler carries the field with its full tail held level across a shaded woodland edge; meanwhile, the posture remains natural.",fox,6,fox,True,-2.5294530391693115,13.049089431762695,,
eot,tsne,0,195,slot_25__bear__r01__c002,"Powerful berry-gatherer carries a fallen trunk through surprising climbing strength across a narrow riverside path; meanwhile, the viewpoint remains level.",bear,2,bear,True,-0.010025928728282452,-4.984503746032715,,
eot,tsne,0,196,slot_25__wolf__r05__c323,"Large gray howling pack hunter displays an efficient ground-covering trot through snow beside a weathered wooden gate, while soft light preserves surface detail.",wolf,4,wolf,True,-16.029348373413086,-15.162010192871094,,
eot,tsne,0,197,slot_25__rabbit__r01__c001,"Within a rocky meadow, round-eyed grassland nibbler demonstrates small cautious hops followed by complete stillness, where nearby tracks indicate scale.",rabbit,6,fox,False,7.187053203582764,8.214200019836426,,
eot,tsne,0,198,slot_25__deer__r03__c161,"Swift running across an open clearing distinguishes split-hoofed trail visitor near a shaded woodland edge, where the viewpoint remains level.",deer,0,deer,True,7.40763521194458,-5.97448205947876,,
eot,tsne,0,199,slot_25__horse__r01__c002,"Tall long-faced grazer displays a flowing canter with mane and tail lifted beside a patch of dense brush, while soft light preserves surface detail.",horse,5,horse,True,10.273032188415527,-11.49052906036377,,
eot,tsne,0,200,slot_26__cat__r02__c082,Moving string with focused paw taps identifies an upright-tailed lap companion.,cat,7,cat,True,-15.514677047729492,10.383915901184082,,
eot,tsne,0,201,slot_26__dog__r01__c001,A broad-pawed walking partner shows the floor beside a familiar person's chair.,dog,1,dog,True,-17.96317481994629,-3.24214768409729,,
eot,tsne,0,202,slot_26__fox__r01__c002,An amber-eyed meadow prowler shows faint ground sounds with tilted ears.,fox,6,fox,True,0.8164624571800232,13.560590744018555,,
eot,tsne,0,203,slot_26__bear__r01__c001,A bulky streamside fisher reveals river shallows during a patient fishing period.,bear,2,bear,True,-2.0917460918426514,-9.10981273651123,,
eot,tsne,0,204,slot_26__wolf__r03__c162,A gray pack hunter shows food sharing among an organized family group.,wolf,4,wolf,True,-11.39035415649414,-13.985512733459473,,
eot,tsne,0,205,slot_26__rabbit__r01__c001,A soft-coated meadow nibbler carries chewing leafy stems while remaining near cover.,rabbit,3,rabbit,True,13.777244567871094,10.163496017456055,,
eot,tsne,0,206,slot_26__deer__r02__c081,A long-legged browser shows quiet feeding before dawn near dense cover.,deer,3,rabbit,False,20.415557861328125,-9.691723823547363,,
eot,tsne,0,207,slot_26__horse__r01__c001,A muscular farmyard runner has resting upright near familiar herd companions.,horse,5,horse,True,5.036433219909668,-20.0560359954834,,
eot,tsne,0,208,slot_27__cat__r01__c002,Moving string with focused paw taps marks a purring house prowler.,cat,7,cat,True,-16.095890045166016,11.389664649963379,,
eot,tsne,0,209,slot_27__dog__r01__c001,New surroundings through persistent sniffing defines a leash-wearing companion.,dog,1,dog,True,-16.75536346435547,3.4235892295837402,,
eot,tsne,0,210,slot_27__fox__r05__c322,Faint ground sounds with tilted ears identifies a russet snowline hunter.,fox,3,rabbit,False,1.2384674549102783,23.63367462158203,,
eot,tsne,0,211,slot_27__bear__r02__c082,Loose logs while searching for insects identifies a broad-muzzled river hunter.,bear,2,bear,True,4.037378311157227,-7.543392181396484,,
eot,tsne,0,212,slot_27__wolf__r04__c244,A bushy-tailed pack tracker has patient tracking across old snow prints.,wolf,4,wolf,True,-8.729787826538086,-16.28306770324707,,
eot,tsne,0,213,slot_27__rabbit__r01__c003,Chewing leafy stems while remaining near cover is visible on a white-tailed garden browser.,rabbit,3,rabbit,True,14.933324813842773,10.630797386169434,,
eot,tsne,0,214,slot_27__deer__r04__c242,A forest herd grazer reveals quiet feeding before dawn near dense cover.,deer,2,bear,False,20.396474838256836,-9.681182861328125,,
eot,tsne,0,215,slot_27__horse__r01__c002,A single-hoofed riding companion reveals slow chewing beside a pasture water trough.,horse,5,horse,True,10.052708625793457,-16.70236587524414,,
eot,tsne,0,216,slot_28__cat__r01__c001,A clear view shows purring room-explorer with a warm patch before curling tightly near a rocky meadow.,cat,7,cat,True,-15.644500732421875,20.300552368164062,,
eot,tsne,0,217,slot_28__dog__r01__c001,Leash-following walking-partner becomes recognizable through a buried object with repeated digging near a shaded woodland edge.,dog,1,dog,True,-14.809077262878418,-1.5339781045913696,,
eot,tsne,0,218,slot_28__fox__r04__c247,Faint ground sounds with tilted ears distinguishes narrow-muzzled dusk-prowler near a rocky meadow.,fox,6,fox,True,-1.3314961194992065,14.536273956298828,,
eot,tsne,0,219,slot_28__bear__r01__c001,Heavy-pawed backcountry-wanderer carries berry bushes during long seasonal feeding across a sunlit garden path.,bear,2,bear,True,-2.585339069366455,-3.081028699874878,,
eot,tsne,0,220,slot_28__wolf__r04__c245,Large gray howling pack hunter becomes recognizable through careful scent inspection along a territorial boundary near a shallow stream bank.,wolf,4,wolf,True,-13.422269821166992,-15.81885051727295,,
eot,tsne,0,221,slot_28__rabbit__r01__c001,Steady nibbling of clover beside the burrow distinguishes white-tailed garden visitor near a calm farmyard.,rabbit,3,rabbit,True,14.881549835205078,13.717527389526367,,
eot,tsne,0,222,slot_28__deer__r04__c243,Stripping soft bark during a sparse winter distinguishes brown woodland browser with branching antlers near a rocky meadow.,deer,0,deer,True,12.005696296691895,-1.6738227605819702,,
eot,tsne,0,223,slot_28__horse__r01__c001,Single-hoofed riding companion displays steady grazing with lips clipping short grass beside a quiet fence line.,horse,5,horse,True,10.898895263671875,-16.939088821411133,,
eot,tsne,0,224,slot_29__cat__r02__c083,"Within a shaded woodland edge, curled-tail home-companion demonstrates moving string with focused paw taps, where the posture remains natural.",cat,6,fox,False,-6.170544147491455,3.362795114517212,,
eot,tsne,0,225,slot_29__dog__r04__c241,"Tongue-out family-companion displays new surroundings through persistent sniffing beside a shallow stream bank, while its full body stays visible.",dog,1,dog,True,-23.04059410095215,1.945054531097412,,
eot,tsne,0,226,slot_29__fox__r01__c002,"Within soft morning light, bushy-tailed den-visitor demonstrates open ground during quiet twilight patrols, where the pose shows balanced proportions.",fox,6,fox,True,-3.596670150756836,-16.2884578704834,,
eot,tsne,0,227,slot_29__bear__r01__c004,"Loose logs while searching for insects distinguishes long-clawed wilderness-resident near a shaded woodland edge, where the setting supports the behavior.",bear,2,bear,True,4.434484481811523,-6.535928249359131,,
eot,tsne,0,228,slot_29__wolf__r06__c404,"Food sharing among an organized family group distinguishes long-legged snow pack hunter near scattered autumn leaves, where its full body stays visible.",wolf,4,wolf,True,-5.035583972930908,-21.108627319335938,,
eot,tsne,0,229,slot_29__rabbit__r01__c003,"A clear view shows short-tailed garden browser with steady nibbling of clover beside the burrow, as ground contact stays clear.",rabbit,3,rabbit,True,14.476619720458984,13.083354949951172,,
eot,tsne,0,230,slot_29__deer__r01__c004,"A clear view shows branch-antlered woodland traveler with stripping soft bark during a sparse winter, as surrounding plants provide scale.",deer,0,deer,True,12.60387134552002,-1.849049687385559,,
eot,tsne,0,231,slot_29__horse__r01__c001,"Against a misty hillside, slow chewing beside a pasture water trough defines saddle-trained trail companion; the head and torso remain visible.",horse,5,horse,True,6.541654586791992,-14.414560317993164,,
eot,tsne,0,232,slot_30__cat__r01__c002,"Whiskered house-prowler becomes recognizable through its face and forelegs with careful grooming strokes, while the moment appears unstaged.",cat,6,fox,False,-7.588736057281494,14.196128845214844,,
eot,tsne,0,233,slot_30__dog__r05__c323,"A buried object with repeated digging distinguishes broad-pawed gate-watcher near a weathered wooden gate, where the setting supports the behavior.",dog,1,dog,True,-12.188925743103027,-1.1126123666763306,,
eot,tsne,0,234,slot_30__fox__r01__c002,"Red-coated woodland-hunter carries spare food beneath loose leaves and soil across a pale winter field; meanwhile, the viewpoint remains level.",fox,2,bear,False,1.675990343093872,18.894128799438477,,
eot,tsne,0,235,slot_30__bear__r02__c081,"A clear view shows massive shaggy-forager with river shallows during a patient fishing period, as the moment appears unstaged.",bear,2,bear,True,-3.3430755138397217,-8.472051620483398,,
eot,tsne,0,236,slot_30__wolf__r08__c565,"Between brief watchful pauses, large gray howling pack hunter displays food sharing among an organized family group near soft morning light, while nearby tracks indicate scale.",wolf,4,wolf,True,-11.771227836608887,-16.497371673583984,,
eot,tsne,0,237,slot_30__rabbit__r03__c161,"A shallow scrape exposing roots and fresh shoots distinguishes soft-coated burrow dweller near a sunlit garden path, where the viewpoint remains level.",rabbit,3,rabbit,True,8.151426315307617,13.483819007873535,,
eot,tsne,0,238,slot_30__deer__r02__c082,"Beside a shaded woodland edge, slender-legged forest grazer reveals browsing tender leaves from low branches; soft light preserves surface detail.",deer,0,deer,True,8.88386058807373,-3.095884323120117,,
eot,tsne,0,239,slot_30__horse__r01__c001,"Swift-maned open-field runner becomes recognizable through searching hay with a flexible upper lip, while the setting supports the behavior.",horse,5,horse,True,14.589899063110352,-18.675050735473633,,
eot,tsne,0,240,slot_31__cat__r01__c001,A retractable-clawed mouser shows a garden wall overlooking moving leaves.,cat,3,rabbit,False,-6.634293556213379,22.080894470214844,,
eot,tsne,0,241,slot_31__dog__r02__c082,A neighborhood path beside a handled leash marks a collared gate watcher.,dog,1,dog,True,-17.159404754638672,0.8704431653022766,,
eot,tsne,0,242,slot_31__fox__r04__c243,A woodland margin beside open grass identifies an orange-chested hedge stalker.,fox,3,rabbit,False,7.4562530517578125,22.26272201538086,,
eot,tsne,0,243,slot_31__bear__r01__c002,A heavy-pawed mountain roamer reveals a mountain forest containing berry thickets.,bear,2,bear,True,-3.684549331665039,-1.9401136636734009,,
eot,tsne,0,244,slot_31__wolf__r01__c002,A snowy conifer forest crossed by pack tracks marks a sharp-eared snow tracker.,wolf,4,wolf,True,-19.705663681030273,-14.562933921813965,,
eot,tsne,0,245,slot_31__rabbit__r05__c321,A sandy bank containing several narrow tunnels identifies a clover grazer.,rabbit,3,rabbit,True,18.59674835205078,10.030413627624512,,
eot,tsne,0,246,slot_31__deer__r01__c003,A branch-antlered forest browser carries a forest edge filled with tender browse.,deer,0,deer,True,18.887693405151367,-2.1862664222717285,,
eot,tsne,0,247,slot_31__horse__r01__c003,A quiet barn aisle lined with hay defines a broad-chested paddock runner.,horse,5,horse,True,13.416166305541992,-19.669347763061523,,
eot,tsne,0,248,slot_32__cat__r02__c081,A long-whiskered home companion shows a sunny windowsill above indoor plants.,cat,7,cat,True,-12.153616905212402,13.68875789642334,,
eot,tsne,0,249,slot_32__dog__r01__c001,A floppy-eared home guardian has an open field suited to running and retrieval.,dog,1,dog,True,-10.778220176696777,4.1464524269104,,
eot,tsne,0,250,slot_32__fox__r01__c002,A bushy-tailed den visitor has a snowy field containing faint prey tracks.,fox,4,wolf,False,-7.203842639923096,-17.59716033935547,,
eot,tsne,0,251,slot_32__bear__r01__c001,A powerful berry gatherer shows a dense woodland trail marked by broad tracks.,bear,2,bear,True,-1.6469652652740479,-4.146404266357422,,
eot,tsne,0,252,slot_32__wolf__r01__c002,A pale-muzzled pack sentinel shows an open tundra ridge beneath cold wind.,wolf,4,wolf,True,-14.02237319946289,-10.499390602111816,,
eot,tsne,0,253,slot_32__rabbit__r01__c002,A garden edge beside low leafy cover identifies a round-eyed clover browser.,rabbit,3,rabbit,True,18.679990768432617,11.912339210510254,,
eot,tsne,0,254,slot_32__deer__r01__c003,An autumn ridge beneath scattered oak trees identifies a long-legged clearing grazer.,deer,0,deer,True,9.389097213745117,-5.50009822845459,,
eot,tsne,0,255,slot_32__horse__r04__c244,A saddle companion reveals a training ring surrounded by low rails.,horse,5,horse,True,4.208309650421143,-17.831279754638672,,
eot,tsne,0,256,slot_33__cat__r04__c242,Slit-eyed indoor-hunter becomes recognizable through a sunny windowsill above indoor plants near a rocky meadow.,cat,7,cat,True,-10.73371696472168,14.24958324432373,,
eot,tsne,0,257,slot_33__dog__r02__c081,A neighborhood path beside a handled leash distinguishes tongue-out family-companion near low evening light.,dog,1,dog,True,-18.378620147705078,1.0952026844024658,,
eot,tsne,0,258,slot_33__fox__r01__c001,Orange-chested hedgerow-stalker carries a woodland margin beside open grass across a calm farmyard.,fox,3,rabbit,False,7.279445171356201,21.23970603942871,,
eot,tsne,0,259,slot_33__bear__r01__c001,"Against soft morning light, a mountain forest containing berry thickets defines bulky streamside-fisher.",bear,2,bear,True,0.5392136573791504,-8.302666664123535,,
eot,tsne,0,260,slot_33__wolf__r01__c001,A snowy conifer forest crossed by pack tracks distinguishes social mountain hunter near a quiet fence line.,wolf,4,wolf,True,-20.043498992919922,-15.00865364074707,,
eot,tsne,0,261,slot_33__rabbit__r04__c245,Round-eyed meadow nibbler with tall ears carries a garden edge beside low leafy cover across an open grassy clearing.,rabbit,3,rabbit,True,12.914985656738281,7.6924285888671875,,
eot,tsne,0,262,slot_33__deer__r01__c002,"Within soft morning light, branch-antlered woodland traveler demonstrates a forest edge filled with tender browse.",deer,0,deer,True,15.652448654174805,-1.3654546737670898,,
eot,tsne,0,263,slot_33__horse__r01__c002,Swift-maned open-field runner displays a quiet barn aisle lined with hay beside a quiet fence line.,horse,5,horse,True,13.799838066101074,-19.472211837768555,,
eot,tsne,0,264,slot_34__cat__r05__c326,"A sunny windowsill above indoor plants distinguishes whiskered house-prowler near a narrow riverside path, where the background preserves its outline.",cat,6,fox,False,-9.688395500183105,14.644185066223145,,
eot,tsne,0,265,slot_34__dog__r03__c162,"Against a shallow stream bank, a fenced backyard containing scattered toys defines panting ball-chaser; the pose shows balanced proportions.",dog,1,dog,True,-23.603389739990234,-0.6606320738792419,,
eot,tsne,0,266,slot_34__fox__r04__c246,"Against a pale winter field, a quiet meadow during early dawn defines amber-eyed meadow-prowler; the posture remains natural.",fox,6,fox,True,-0.5897871851921082,12.672725677490234,,
eot,tsne,0,267,slot_34__bear__r01__c003,"Heavy-pawed backcountry-wanderer displays a mountain forest containing berry thickets beside a quiet fence line, while the viewpoint remains level.",bear,2,bear,True,-4.366240501403809,-2.1664083003997803,,
eot,tsne,0,268,slot_34__wolf__r01__c003,"A clear view shows amber-eyed pack sentinel with a snowy conifer forest crossed by pack tracks, as ground contact stays clear.",wolf,4,wolf,True,-19.53000831604004,-13.90328311920166,,
eot,tsne,0,269,slot_34__rabbit__r01__c001,"Soft-coated burrow dweller carries a garden edge beside low leafy cover across a patch of dense brush; meanwhile, the posture remains natural.",rabbit,3,rabbit,True,9.506063461303711,13.09784984588623,,
eot,tsne,0,270,slot_34__deer__r04__c245,"Brown woodland browser with branching antlers becomes recognizable through a forest edge filled with tender browse, while the head and torso remain visible.",deer,0,deer,True,15.258214950561523,-4.647598743438721,,
eot,tsne,0,271,slot_34__horse__r04__c245,"Beside a calm farmyard, tall saddle-trained riding companion reveals a quiet barn aisle lined with hay; the moment appears unstaged.",horse,5,horse,True,11.908062934875488,-19.79216957092285,,
eot,tsne,0,272,slot_35__cat__r01__c002,"Beside a misty hillside, padded-paw windowsill-watcher reveals a dim hallway containing scattered household shadows; nearby tracks indicate scale.",cat,6,fox,False,-6.802340507507324,7.865083694458008,,
eot,tsne,0,273,slot_35__dog__r01__c002,"Broad-pawed gate-watcher carries an open field suited to running and retrieval across a patch of dense brush; meanwhile, the viewpoint remains level.",dog,1,dog,True,-10.271653175354004,-0.6673614382743835,,
eot,tsne,0,274,slot_35__fox__r04__c241,"Within a sunlit garden path, bushy-tailed den-visitor demonstrates a woodland margin beside open grass, where the moment appears unstaged.",fox,3,rabbit,False,5.729301929473877,14.56429672241211,,
eot,tsne,0,275,slot_35__bear__r02__c085,"A cold river crowded by migrating fish distinguishes long-clawed wilderness-resident near a shallow stream bank, where nearby tracks indicate scale.",bear,2,bear,True,-2.2794322967529297,-10.577682495117188,,
eot,tsne,0,276,slot_35__wolf__r02__c082,"Deep-chested roaming predator becomes recognizable through a snowy conifer forest crossed by pack tracks, while its full body stays visible.",wolf,4,wolf,True,-18.911855697631836,-14.889162063598633,,
eot,tsne,0,277,slot_35__rabbit__r02__c082,"Beside a sunlit garden path, compact meadow forager reveals a grassy meadow dotted with hidden burrow openings; soft light preserves surface detail.",rabbit,3,rabbit,True,6.710665225982666,13.50110149383545,,
eot,tsne,0,278,slot_35__deer__r03__c163,"An autumn ridge beneath scattered oak trees distinguishes long-legged herd grazer near a shaded woodland edge, where the posture remains natural.",deer,0,deer,True,9.299408912658691,-5.456970691680908,,
eot,tsne,0,279,slot_35__horse__r02__c082,"Against a calm farmyard, a fenced pasture beside a wooden stable defines saddle-trained trail companion; the background preserves its outline.",horse,5,horse,True,11.294293403625488,-19.456825256347656,,
eot,tsne,0,280,slot_36__cat__r01__c001,Gentle brushing while remaining loosely curled identifies a soft-pawed indoor hunter.,cat,7,cat,True,-16.900930404663086,14.09310531616211,,
eot,tsne,0,281,slot_36__dog__r01__c001,A broad-pawed walking partner reveals a walking partner by matching their pace.,dog,1,dog,True,-17.862306594848633,-2.3310399055480957,,
eot,tsne,0,282,slot_36__fox__r01__c002,An amber-eyed meadow prowler reveals a distant observer before retreating into brush.,fox,3,rabbit,False,1.4296202659606934,13.561960220336914,,
eot,tsne,0,283,slot_36__bear__r01__c002,A distant hiker before turning toward cover marks a thick-furred woodland giant.,bear,2,bear,True,-1.0680323839187622,1.3787078857421875,,
eot,tsne,0,284,slot_36__wolf__r01__c001,Careful sniffing around an abandoned sled track defines a long-legged wilderness hunter.,wolf,4,wolf,True,-12.490754127502441,-19.683591842651367,,
eot,tsne,0,285,slot_36__rabbit__r01__c002,Gentle sniffing of a hand holding leafy greens defines a short-tailed garden visitor.,rabbit,3,rabbit,True,15.863358497619629,15.443403244018555,,
eot,tsne,0,286,slot_36__deer__r03__c161,Alert watching of a distant roadside vehicle defines a pale-rumped grazer.,deer,5,horse,False,16.915863037109375,-12.622901916503906,,
eot,tsne,0,287,slot_36__horse__r01__c003,An upright-eared pasture grazer has steady response to a rider's rein signal.,horse,5,horse,True,11.937902450561523,-15.324091911315918,,
eot,tsne,0,288,slot_37__cat__r01__c001,A whiskered lap companion has nearby footsteps before following between rooms.,cat,7,cat,True,-14.24134349822998,11.840471267700195,,
eot,tsne,0,289,slot_37__dog__r01__c002,A wagging yard guardian has a handler's gesture before sitting attentively.,dog,1,dog,True,-14.525089263916016,0.7186554670333862,,
eot,tsne,0,290,slot_37__fox__r05__c322,A distant observer before retreating into brush marks a russet snowline hunter.,fox,3,rabbit,False,2.4221420288085938,23.472434997558594,,
eot,tsne,0,291,slot_37__bear__r01__c001,An empty trail after detecting approaching voices identifies a massive shaggy forager.,bear,2,bear,True,-4.71822452545166,-5.988165855407715,,
eot,tsne,0,292,slot_37__wolf__r07__c485,A wild gray pack hunter shows careful sniffing around an abandoned sled track.,wolf,4,wolf,True,-13.191651344299316,-18.261350631713867,,
eot,tsne,0,293,slot_37__rabbit__r08__c564,A relaxed long-eared grazer displays curious inspection of a cardboard tunnel.,rabbit,3,rabbit,True,9.823407173156738,3.659893751144409,,
eot,tsne,0,294,slot_37__deer__r01__c002,Careful approach toward a salt block marks a white-tailed meadow grazer.,deer,3,rabbit,False,16.808536529541016,5.514517307281494,,
eot,tsne,0,295,slot_37__horse__r01__c001,Careful stepping into a waiting trailer defines a long-maned pasture runner.,horse,5,horse,True,13.191792488098145,-17.025056838989258,,
eot,tsne,0,296,slot_38__cat__r01__c001,"Beside soft morning light, purring room-explorer reveals an offered hand before rubbing its cheek.",cat,7,cat,True,-16.614604949951172,18.75189781188965,,
eot,tsne,0,297,slot_38__dog__r02__c082,A walking partner by matching their pace distinguishes broad-pawed gate-watcher near low evening light.,dog,1,dog,True,-18.147871017456055,-0.8773469924926758,,
eot,tsne,0,298,slot_38__fox__r01__c002,Sharp-eared field-stalker carries a roadside light with a brief cautious pause across a calm farmyard.,fox,2,bear,False,-0.9768394827842712,7.435268878936768,,
eot,tsne,0,299,slot_38__bear__r04__c244,Long-clawed wilderness-resident carries an empty trail after detecting approaching voices across a rocky meadow.,bear,2,bear,True,-3.6560251712799072,-3.995331287384033,,
eot,tsne,0,300,slot_38__wolf__r04__c242,"Within a quiet fence line, pale-muzzled forest pack hunter demonstrates cautious inspection of a distant trail camera.",wolf,4,wolf,True,-19.381256103515625,-11.024432182312012,,
eot,tsne,0,301,slot_38__rabbit__r05__c322,"Beside a shallow stream bank, small hopping burrow forager reveals quick retreat beneath a low garden bench.",rabbit,3,rabbit,True,6.302079200744629,11.149749755859375,,
eot,tsne,0,302,slot_38__deer__r04__c243,Brown woodland browser with branching antlers displays a sudden retreat from boots on the trail beside soft morning light.,deer,0,deer,True,15.0957670211792,-3.295630931854248,,
eot,tsne,0,303,slot_38__horse__r01__c002,A clear view shows powerful paddock runner with steady response to a rider's rein signal near a broad dirt trail.,horse,5,horse,True,8.47758674621582,-20.14330291748047,,
eot,tsne,0,304,slot_39__cat__r01__c002,"Within a broad dirt trail, striped hearthside-prowler demonstrates gentle brushing while remaining loosely curled, where the pose shows balanced proportions.",cat,6,fox,False,-7.3632307052612305,10.989532470703125,,
eot,tsne,0,305,slot_39__dog__r03__c162,"A returning person with vigorous tail sweeps distinguishes tongue-out family-companion near a narrow riverside path, where the posture remains natural.",dog,1,dog,True,-22.531795501708984,1.3854093551635742,,
eot,tsne,0,306,slot_39__fox__r01__c002,"A clear view shows bushy-tailed den-visitor with discarded food while remaining ready to flee, as the head and torso remain visible.",fox,3,rabbit,False,-4.801000118255615,-15.825671195983887,,
eot,tsne,0,307,slot_39__bear__r01__c002,"Short-tailed mountain-roamer becomes recognizable through a roadside vehicle while remaining beyond the barrier, while the moment appears unstaged.",bear,2,bear,True,-3.77923846244812,-12.571413040161133,,
eot,tsne,0,308,slot_39__wolf__r04__c243,"Beside a narrow riverside path, wild gray pack predator reveals careful sniffing around an abandoned sled track; the setting supports the behavior.",wolf,4,wolf,True,-12.971696853637695,-17.025554656982422,,
eot,tsne,0,309,slot_39__rabbit__r02__c082,"Within a patch of dense brush, short-tailed garden browser demonstrates soft pawing at the edge of a woven enclosure, where the viewpoint remains level.",rabbit,3,rabbit,True,13.977174758911133,12.291802406311035,,
eot,tsne,0,310,slot_39__deer__r03__c162,"Beside a rocky meadow, branch-antlered woodland traveler reveals alert watching of a distant roadside vehicle; ground contact stays clear.",deer,0,deer,True,13.889199256896973,-1.2151871919631958,,
eot,tsne,0,311,slot_39__horse__r01__c002,"Patient standing beside a grooming brush distinguishes muscular farmyard traveler near a shaded woodland edge, where the setting supports the behavior.",horse,5,horse,True,2.086075782775879,-3.809678554534912,,
eot,tsne,0,312,slot_40__cat__r07__c483,"Against a misty hillside, a familiar voice with an upright tail defines striped hearthside-prowler; its full body stays visible.",cat,6,fox,False,-5.162885665893555,11.92068862915039,,
eot,tsne,0,313,slot_40__dog__r03__c162,"Beside scattered autumn leaves, wet-nosed trail-helper reveals a handler's gesture before sitting attentively; ground contact stays clear.",dog,1,dog,True,-1.4533107280731201,-22.500497817993164,,
eot,tsne,0,314,slot_40__fox__r01__c001,"Within soft morning light, amber-eyed meadow-prowler demonstrates a roadside light with a brief cautious pause, where nearby tracks indicate scale.",fox,6,fox,True,2.973076105117798,13.83249568939209,,
eot,tsne,0,315,slot_40__bear__r01__c001,"Long-clawed wilderness-resident displays a ranger's observation from across the river beside a quiet fence line, while the viewpoint remains level.",bear,2,bear,True,-5.611595630645752,-2.645026445388794,,
eot,tsne,0,316,slot_40__wolf__r04__c245,"Careful sniffing around an abandoned sled track distinguishes bushy-tailed mountain pack tracker near an open grassy clearing, where ground contact stays clear.",wolf,4,wolf,True,-12.28740406036377,-19.244945526123047,,
eot,tsne,0,317,slot_40__rabbit__r03__c163,"Quiet resting beside a ceramic food dish distinguishes white-tailed garden visitor near a sunlit garden path, where the posture remains natural.",rabbit,3,rabbit,True,6.938620567321777,15.267536163330078,,
eot,tsne,0,318,slot_40__deer__r01__c001,"Beside a broad dirt trail, branch-antlered woodland traveler reveals a sudden retreat from boots on the trail; its full body stays visible.",deer,0,deer,True,14.298365592956543,-1.0191794633865356,,
eot,tsne,0,319,slot_40__horse__r02__c082,"Calm acceptance of a saddle and bridle distinguishes broad-chested stable resident near a shallow stream bank, where the pose shows balanced proportions.",horse,5,horse,True,7.521304130554199,-13.871183395385742,,
eot,tsne,0,320,slot_41__cat__r01__c002,Focused watching of birds beyond a closed window identifies a slit-eyed room hunter.,cat,7,cat,True,-15.186178207397461,15.474263191223145,,
eot,tsne,0,321,slot_41__dog__r02__c082,Careful sniffing during a new animal greeting defines a collared gate watcher.,dog,1,dog,True,-17.32151985168457,3.655088424682617,,
eot,tsne,0,322,slot_41__fox__r03__c162,Brief nose contact near a shared den identifies a russet snowline hunter.,fox,3,rabbit,False,1.9727147817611694,24.208866119384766,,
eot,tsne,0,323,slot_41__bear__r01__c003,Wide avoidance of another massive forest forager marks a long-clawed cave sleeper.,bear,2,bear,True,-2.9154253005981445,0.4917217791080475,,
eot,tsne,0,324,slot_41__wolf__r07__c485,A forest pack sentinel carries nose-to-muzzle greeting within the family group.,wolf,4,wolf,True,-13.36561107635498,-7.680464267730713,,
eot,tsne,0,325,slot_41__rabbit__r01__c001,Close huddling with smaller meadow companions is visible on a white-tailed garden browser.,rabbit,3,rabbit,True,15.586941719055176,9.845488548278809,,
eot,tsne,0,326,slot_41__deer__r02__c082,A forest herd grazer reveals an antler display toward a competing male.,deer,0,deer,True,17.83773422241211,-5.550021648406982,,
eot,tsne,0,327,slot_41__horse__r01__c001,Close following behind the herd leader identifies a flowing-tailed field grazer.,horse,5,horse,True,15.964552879333496,-15.207831382751465,,
eot,tsne,0,328,slot_42__cat__r06__c402,A cautious nose greeting with a familiar room companion defines a purring house prowler.,cat,7,cat,True,-16.167625427246094,12.534796714782715,,
eot,tsne,0,329,slot_42__dog__r01__c001,A floppy-eared home guardian shows quiet resting against another household companion.,dog,7,cat,False,-11.067057609558105,4.646948337554932,,
eot,tsne,0,330,slot_42__fox__r01__c001,Defensive circling around younger den residents identifies a russet snowline hunter.,fox,3,rabbit,False,2.6936163902282715,24.95176887512207,,
eot,tsne,0,331,slot_42__bear__r01__c003,A bulky streamside fisher shows careful watching of grazing animals across the slope.,bear,2,bear,True,-1.4803059101104736,-8.623530387878418,,
eot,tsne,0,332,slot_42__wolf__r04__c244,Protective positioning near younger pack members identifies a howling snow hunter.,wolf,4,wolf,True,-16.557281494140625,-19.089841842651367,,
eot,tsne,0,333,slot_42__rabbit__r01__c002,A warning foot thump near feeding companions marks a round-eyed clover browser.,rabbit,3,rabbit,True,18.82173728942871,12.167021751403809,,
eot,tsne,0,334,slot_42__deer__r01__c002,An alert brown woodland browser carries an antler display toward a competing male.,deer,0,deer,True,16.91466522216797,-4.832618236541748,,
eot,tsne,0,335,slot_42__horse__r02__c082,A farm runner shows ear-pinned warning toward a newcomer at feed.,horse,5,horse,True,-13.136597633361816,2.1315362453460693,,
eot,tsne,0,336,slot_43__cat__r01__c002,"Beside soft morning light, curled-tail home-companion reveals silent stalking of a tiny moving insect.",cat,7,cat,True,-17.02198600769043,18.079484939575195,,
eot,tsne,0,337,slot_43__dog__r01__c004,Collar-wearing yard-guardian becomes recognizable through careful sniffing during a new animal greeting near a shaded woodland edge.,dog,1,dog,True,-8.420670509338379,0.26153552532196045,,
eot,tsne,0,338,slot_43__fox__r01__c002,"Against a shallow stream bank, brief nose contact near a shared den defines amber-eyed meadow-prowler.",fox,3,rabbit,False,0.24507930874824524,14.291458129882812,,
eot,tsne,0,339,slot_43__bear__r02__c083,Round-eared timberland-giant displays patient waiting near fish moving through shallows beside soft morning light.,bear,2,bear,True,5.465084075927734,-0.35822054743766785,,
eot,tsne,0,340,slot_43__wolf__r07__c485,A tense boundary display toward a rival group distinguishes thick-coated howling sentinel near a shaded woodland edge.,wolf,4,wolf,True,-9.846038818359375,-6.326376438140869,,
eot,tsne,0,341,slot_43__rabbit__r01__c001,A clear view shows short-tailed garden browser with nose touching with another long-eared grazer near a misty hillside.,rabbit,3,rabbit,True,14.929183959960938,7.997933387756348,,
eot,tsne,0,342,slot_43__deer__r02__c081,"Against a patch of dense brush, an antler display toward a competing male defines branch-antlered woodland traveler.",deer,0,deer,True,16.956308364868164,-0.4665879011154175,,
eot,tsne,0,343,slot_43__horse__r01__c001,"Beside a rocky meadow, upright-eared pasture grazer reveals parallel grazing beside several herd companions.",horse,5,horse,True,13.282974243164062,-14.944490432739258,,
eot,tsne,0,344,slot_44__cat__r03__c162,"Focused watching of birds beyond a closed window distinguishes retractable-clawed climber near a pale winter field, where the posture remains natural.",cat,6,fox,False,-12.46481704711914,16.987585067749023,,
eot,tsne,0,345,slot_44__dog__r01__c004,"Within a shallow stream bank, panting ball-chaser demonstrates coordinated running beside a familiar walking partner, where its full body stays visible.",dog,1,dog,True,-22.505403518676758,-0.36636000871658325,,
eot,tsne,0,346,slot_44__fox__r04__c242,"Beside a patch of dense brush, russet snowline-hunter reveals cautious distance from larger woodland predators; the moment appears unstaged.",fox,2,bear,False,2.929853677749634,21.82620620727539,,
eot,tsne,0,347,slot_44__bear__r04__c245,"A clear view shows bulky streamside-fisher with wide avoidance of another massive forest forager, as the posture remains natural.",bear,2,bear,True,-1.0145727396011353,-8.948896408081055,,
eot,tsne,0,348,slot_44__wolf__r03__c161,"Beside low evening light, amber-eyed pack sentinel reveals protective positioning near younger pack members; the head and torso remain visible.",wolf,4,wolf,True,-10.373396873474121,-12.223149299621582,,
eot,tsne,0,349,slot_44__rabbit__r07__c484,"Against an open grassy clearing, close huddling with smaller meadow companions defines small long-eared burrow grazer; the pose shows balanced proportions.",rabbit,3,rabbit,True,10.545915603637695,8.114306449890137,,
eot,tsne,0,350,slot_44__deer__r01__c001,"Within soft morning light, slender-legged forest grazer demonstrates an antler display toward a competing male, where nearby tracks indicate scale.",deer,0,deer,True,11.802961349487305,-5.047181129455566,,
eot,tsne,0,351,slot_44__horse__r01__c001,"Broad-chested stable resident displays mutual neck grooming with a familiar partner beside a quiet fence line, while the viewpoint remains level.",horse,5,horse,True,5.008090019226074,-13.186015129089355,,
eot,tsne,0,352,slot_45__cat__r08__c570,"During a clearly visible group moment, whiskered house-prowler becomes recognizable through silent stalking of a tiny moving insect, while ground contact stays clear.",cat,6,fox,False,-7.020190715789795,15.095094680786133,,
eot,tsne,0,353,slot_45__dog__r01__c002,"Quiet resting against another household companion distinguishes broad-pawed gate-watcher near a calm farmyard, where the setting supports the behavior.",dog,1,dog,True,-11.736709594726562,-0.28019455075263977,,
eot,tsne,0,354,slot_45__fox__r04__c243,"Within a sunlit garden path, amber-eyed meadow-prowler demonstrates defensive circling around younger den residents, where the background preserves its outline.",fox,6,fox,True,3.966615915298462,14.185084342956543,,
eot,tsne,0,355,slot_45__bear__r08__c580,"During a clearly visible group moment, wide avoidance of another massive forest forager distinguishes massive shaggy-forager; meanwhile, the moment appears unstaged.",bear,2,bear,True,-4.9287333488464355,-6.757510662078857,,
eot,tsne,0,356,slot_45__wolf__r04__c245,"Within a patch of dense brush, wild gray pack predator demonstrates protective positioning near younger pack members, where the setting supports the behavior.",wolf,4,wolf,True,-12.158449172973633,-15.080477714538574,,
eot,tsne,0,357,slot_45__rabbit__r01__c001,"Beside an open grassy clearing, round-eyed grassland nibbler reveals parallel grazing beside several burrow residents; its full body stays visible.",rabbit,3,rabbit,True,10.632261276245117,9.439950942993164,,
eot,tsne,0,358,slot_45__deer__r01__c006,"Within a misty hillside, branch-antlered woodland traveler demonstrates protective standing near a spotted youngster, where the pose shows balanced proportions.",deer,0,deer,True,13.244244575500488,-3.505887985229492,,
eot,tsne,0,359,slot_45__horse__r04__c243,"Long-maned stable grazer with powerful legs carries playful running beside a younger pasture companion across a shallow stream bank; meanwhile, nearby tracks indicate scale.",horse,5,horse,True,8.858500480651855,-14.683930397033691,,
eot,tsne,0,360,slot_46__cat__r01__c001,Soft chirping notes while watching distant birds marks a soft-pawed indoor hunter.,cat,7,cat,True,-15.545351028442383,15.143013954162598,,
eot,tsne,0,361,slot_46__dog__r01__c003,A tail-wagging family companion reveals a low rumble when unfamiliar movement approaches.,dog,1,dog,True,-15.99809455871582,6.725667953491211,,
eot,tsne,0,362,slot_46__fox__r01__c002,An amber-eyed meadow prowler carries a brief high call across evening woodland.,fox,6,fox,True,1.68561589717865,12.469475746154785,,
eot,tsne,0,363,slot_46__bear__r01__c002,A deep warning rumble in dense woodland defines a thick-furred woodland giant.,bear,2,bear,True,0.3355950713157654,1.7431737184524536,,
eot,tsne,0,364,slot_46__wolf__r04__c242,Upright ears locating distant movement under snow is visible on a howling snow hunter.,wolf,4,wolf,True,-17.585420608520508,-17.892925262451172,,
eot,tsne,0,365,slot_46__rabbit__r03__c161,A burrow resident has a sharp hind-foot thump warning the colony.,rabbit,3,rabbit,True,10.322434425354004,16.910694122314453,,
eot,tsne,0,366,slot_46__deer__r01__c001,Careful scent testing of the moving air identifies a long-legged clearing grazer.,deer,3,rabbit,False,18.238527297973633,-11.90833568572998,,
eot,tsne,0,367,slot_46__horse__r01__c002,A clear neigh carrying beyond the stable identifies a swift-maned field traveler.,horse,5,horse,True,8.792166709899902,-18.9775447845459,,
eot,tsne,0,368,slot_47__cat__r01__c001,A whiskered lap companion shows a rising trill during a familiar greeting.,cat,7,cat,True,-13.691079139709473,11.002767562866211,,
eot,tsne,0,369,slot_47__dog__r01__c001,Quick breathy whines beside a closed door identifies a leash-wearing companion.,dog,1,dog,True,-18.780271530151367,3.499709129333496,,
eot,tsne,0,370,slot_47__fox__r05__c324,Short warning barks from dense cover marks an orange-chested hedge stalker.,fox,3,rabbit,False,7.549227237701416,22.577836990356445,,
eot,tsne,0,371,slot_47__bear__r02__c081,A round-eared forest giant has a deep warning rumble in dense woodland.,bear,2,bear,True,1.2519382238388062,2.5541934967041016,,
eot,tsne,0,372,slot_47__wolf__r01__c001,A gray pack hunter carries a deep warning growl beneath raised neck fur.,wolf,4,wolf,True,-13.767040252685547,-12.812422752380371,,
eot,tsne,0,373,slot_47__rabbit__r01__c001,Wide ears detecting movement beyond the hedge defines a long-eared meadow grazer.,rabbit,3,rabbit,True,11.554707527160645,5.488691806793213,,
eot,tsne,0,374,slot_47__deer__r01__c002,Large ears turning toward a broken twig defines a white-tailed meadow grazer.,deer,3,rabbit,False,15.035033226013184,4.458108901977539,,
eot,tsne,0,375,slot_47__horse__r04__c241,A stable grazer shows rhythmic hoofbeats approaching across firm ground.,horse,5,horse,True,11.792192459106445,-14.505139350891113,,
eot,tsne,0,376,slot_48__cat__r01__c001,"Against an open grassy clearing, a steady vibration during relaxed contact defines purring room-explorer.",cat,7,cat,True,-15.21256160736084,19.98406982421875,,
eot,tsne,0,377,slot_48__dog__r01__c002,"Against a broad dirt trail, a low rumble when unfamiliar movement approaches defines panting ball-chaser.",dog,1,dog,True,-21.665903091430664,-0.7155023813247681,,
eot,tsne,0,378,slot_48__fox__r02__c083,Slender nighttime-forager displays a brief high call across evening woodland beside a shallow stream bank.,fox,2,bear,False,2.767204523086548,11.028754234313965,,
eot,tsne,0,379,slot_48__bear__r01__c001,Heavy-pawed backcountry-wanderer displays a deep warning rumble in dense woodland beside a patch of dense brush.,bear,2,bear,True,-3.1075398921966553,-1.148397445678711,,
eot,tsne,0,380,slot_48__wolf__r01__c001,A clear view shows amber-eyed pack sentinel with a long resonant howl answered across the valley near a rocky meadow.,wolf,4,wolf,True,-11.001667976379395,-8.814268112182617,,
eot,tsne,0,381,slot_48__rabbit__r01__c003,Quick-footed burrow resident displays wide ears detecting movement beyond the hedge beside a narrow riverside path.,rabbit,3,rabbit,True,8.704302787780762,10.907478332519531,,
eot,tsne,0,382,slot_48__deer__r04__c245,Antlered split-hoofed woodland browser displays large ears turning toward a broken twig beside soft morning light.,deer,0,deer,True,16.218521118164062,-1.945919156074524,,
eot,tsne,0,383,slot_48__horse__r04__c246,Saddle-wearing flowing-tailed riding companion displays mobile ears following a distant handler's voice beside low evening light.,horse,5,horse,True,7.970829963684082,-11.053614616394043,,
eot,tsne,0,384,slot_49__cat__r02__c081,"Against a sunlit garden path, a sharp warning hiss with flattened ears defines striped hearthside-prowler; the background preserves its outline.",cat,6,fox,False,-5.519062042236328,12.442410469055176,,
eot,tsne,0,385,slot_49__dog__r01__c002,"Keen-nosed scent-follower becomes recognizable through a drawn-out lonely call across the yard, while the moment appears unstaged.",dog,6,fox,False,-6.869907855987549,1.1677314043045044,,
eot,tsne,0,386,slot_49__fox__r04__c241,"Against a calm farmyard, short warning barks from dense cover defines amber-eyed meadow-prowler; the posture remains natural.",fox,6,fox,True,-0.6449368000030518,12.135758399963379,,
eot,tsne,0,387,slot_49__bear__r02__c082,"Within a sunlit garden path, bulky streamside-fisher demonstrates soft bawling notes from a smaller youngster, where the viewpoint remains level.",bear,2,bear,True,5.262412071228027,15.46263599395752,,
eot,tsne,0,388,slot_49__wolf__r01__c003,"Social mountain hunter carries a long resonant howl answered across the valley across a shaded woodland edge; meanwhile, soft light preserves surface detail.",wolf,2,bear,False,4.731427192687988,-4.298221111297607,,
eot,tsne,0,389,slot_49__rabbit__r04__c245,"Soft-coated long-eared burrow resident carries fine whiskers testing the narrow tunnel across an open grassy clearing; meanwhile, nearby tracks indicate scale.",rabbit,3,rabbit,True,9.43760871887207,8.70248794555664,,
eot,tsne,0,390,slot_49__deer__r03__c162,"Against soft morning light, a sharp alarm snort followed by raised tails defines branch-antlered woodland traveler; its full body stays visible.",deer,0,deer,True,14.761636734008789,-2.1923580169677734,,
eot,tsne,0,391,slot_49__horse__r01__c003,"Within low evening light, upright-eared pasture grazer demonstrates a clear neigh carrying beyond the stable, where the pose shows balanced proportions.",horse,5,horse,True,10.483660697937012,-13.859747886657715,,
eot,tsne,0,392,slot_50__cat__r01__c001,"Within a broad dirt trail, curled-tail home-companion demonstrates a sharp warning hiss with flattened ears, where nearby tracks indicate scale.",cat,6,fox,False,-7.046839237213135,4.771574974060059,,
eot,tsne,0,393,slot_50__dog__r01__c002,"Within a shallow stream bank, wagging household-companion demonstrates quick breathy whines beside a closed door, where its full body stays visible.",dog,1,dog,True,-20.071393966674805,3.168843984603882,,
eot,tsne,0,394,slot_50__fox__r04__c245,"Quiet yapping sounds during distant contact distinguishes slender nighttime-forager near a rocky meadow, where ground contact stays clear.",fox,6,fox,True,0.40939679741859436,9.912785530090332,,
eot,tsne,0,395,slot_50__bear__r07__c486,"Within a misty hillside, massive shaggy-forager demonstrates a loud roar across an open riverbank, where surrounding plants provide scale.",bear,2,bear,True,-4.18943977355957,-8.019989013671875,,
eot,tsne,0,396,slot_50__wolf__r04__c243,"Long-legged snow pack hunter becomes recognizable through a deep warning growl beneath raised neck fur, while the head and torso remain visible.",wolf,4,wolf,True,-17.45366859436035,-16.91978645324707,,
eot,tsne,0,397,slot_50__rabbit__r05__c326,"Beside a rocky meadow, small hopping burrow forager reveals near-silent chewing beneath constantly turning ears; the pose shows balanced proportions.",rabbit,3,rabbit,True,6.248498916625977,8.300371170043945,,
eot,tsne,0,398,slot_50__deer__r01__c003,"Beside a broad dirt trail, slender-legged forest grazer reveals large ears turning toward a broken twig; nearby tracks indicate scale.",deer,0,deer,True,10.03393268585205,-2.5833022594451904,,
eot,tsne,0,399,slot_50__horse__r04__c244,"Muscular maned farmyard traveler carries soft breath moving through wide nostrils across a shallow stream bank; meanwhile, its full body stays visible.",horse,2,bear,False,1.5976433753967285,-16.193880081176758,,
eot,tsne,1,0,slot_01__cat__r01__c001,A retractable-clawed mouser reveals a warm orange coat with white patches.,cat,7,cat,True,10.849544525146484,-9.13752269744873,,
eot,tsne,1,1,slot_01__dog__r01__c002,A panting ball retriever reveals a short golden coat with a pale chest.,dog,1,dog,True,9.170866966247559,22.368005752563477,,
eot,tsne,1,2,slot_01__fox__r02__c083,Warm russet fur beneath a pale throat defines a russet snowline hunter.,fox,3,rabbit,False,1.6353678703308105,-21.362241744995117,,
eot,tsne,1,3,slot_01__bear__r04__c242,Shaggy dark fur suited to cold woodland defines a towering honey seeker.,bear,2,bear,True,24.94447135925293,-3.5780282020568848,,
eot,tsne,1,4,slot_01__wolf__r01__c002,A layered gray coat with pale guard hairs defines a sharp-eared snow tracker.,wolf,4,wolf,True,17.45033073425293,4.536949634552002,,
eot,tsne,1,5,slot_01__rabbit__r12__c881,A softly lit meadow grazer shows a warm chestnut coat blending into meadow soil.,rabbit,3,rabbit,True,-19.986970901489258,-3.780937671661377,,
eot,tsne,1,6,slot_01__deer__r07__c483,An antlered browser shows a spotted chestnut coat blending with leaf litter.,deer,0,deer,True,-15.277848243713379,-15.264044761657715,,
eot,tsne,1,7,slot_01__horse__r01__c002,A saddle-trained trail companion shows a glossy chestnut coat beneath a dark mane.,horse,5,horse,True,-4.19752311706543,14.328532218933105,,
eot,tsne,1,8,slot_02__cat__r01__c002,A long-whiskered home companion has a smooth black coat reflecting window light.,cat,7,cat,True,16.173389434814453,-11.82316780090332,,
eot,tsne,1,9,slot_02__dog__r01__c001,A floppy-eared home guardian shows white spotted hair across a sturdy back.,dog,7,cat,False,3.4793009757995605,11.128654479980469,,
eot,tsne,1,10,slot_02__fox__r01__c005,Dense copper hair blending into autumn leaves defines a slender twilight forager.,fox,3,rabbit,False,-4.476447582244873,-16.324634552001953,,
eot,tsne,1,11,slot_02__bear__r01__c002,A heavy black coat covering broad shoulders identifies a towering honey seeker.,bear,2,bear,True,25.678075790405273,-3.6921424865722656,,
eot,tsne,1,12,slot_02__wolf__r01__c002,A pale-muzzled pack sentinel reveals dense silver-brown fur suited to winter.,wolf,4,wolf,True,14.528875350952148,4.854582786560059,,
eot,tsne,1,13,slot_02__rabbit__r12__c882,A finely detailed garden nibbler shows smooth tan hair above a pale belly.,rabbit,3,rabbit,True,-22.9527587890625,8.981828689575195,,
eot,tsne,1,14,slot_02__deer__r02__c081,A branch-antlered visitor shows a smooth reddish-brown summer coat.,deer,0,deer,True,-15.080931663513184,-10.489638328552246,,
eot,tsne,1,15,slot_02__horse__r01__c002,Smooth black hair with a white facial blaze defines a bridled stable companion.,horse,5,horse,True,-5.560522079467773,20.431381225585938,,
eot,tsne,1,16,slot_03__cat__r05__c322,"Within a misty hillside, purring room-explorer demonstrates a smooth black coat reflecting window light.",cat,7,cat,True,22.650903701782227,-16.574186325073242,,
eot,tsne,1,17,slot_03__dog__r02__c082,"Within a patch of dense brush, wagging household-companion demonstrates a shaggy gray coat around the shoulders.",dog,7,cat,False,11.905607223510742,10.231001853942871,,
eot,tsne,1,18,slot_03__fox__r02__c082,Red-coated woodland-hunter displays warm russet fur beneath a pale throat beside a rocky meadow.,fox,2,bear,False,-2.072253465652466,-18.662948608398438,,
eot,tsne,1,19,slot_03__bear__r01__c002,Thick cinnamon-colored hair across the torso distinguishes long-clawed wilderness-resident near a shaded woodland edge.,bear,2,bear,True,-1.93901526927948,2.8243300914764404,,
eot,tsne,1,20,slot_03__wolf__r04__c242,Broad-pawed northern pack tracker displays a layered gray coat with pale guard hairs beside scattered autumn leaves.,wolf,4,wolf,True,13.235958099365234,5.760166645050049,,
eot,tsne,1,21,slot_03__rabbit__r02__c082,"Beside a sunlit garden path, long-eared meadow grazer reveals velvety gray fur around a bright white tail.",rabbit,3,rabbit,True,-14.328268051147461,-2.949130058288574,,
eot,tsne,1,22,slot_03__deer__r01__c003,Antlered woodland browser displays dark brown hair along a lighter throat patch beside a shaded woodland edge.,deer,0,deer,True,-13.875370025634766,-14.958436012268066,,
eot,tsne,1,23,slot_03__horse__r01__c004,Broad-chested stable resident displays smooth black hair with a white facial blaze beside a patch of dense brush.,horse,5,horse,True,-5.1145172119140625,20.62982177734375,,
eot,tsne,1,24,slot_04__cat__r02__c082,"Beside a calm farmyard, purring room-explorer reveals dense velvet-like fur across the back; the viewpoint remains level.",cat,7,cat,True,22.085365295410156,-18.50064468383789,,
eot,tsne,1,25,slot_04__dog__r01__c002,"A clear view shows wet-nosed trail-helper with a shaggy gray coat around the shoulders, as ground contact stays clear.",dog,7,cat,False,11.52496337890625,10.425209045410156,,
eot,tsne,1,26,slot_04__fox__r01__c002,"Narrow-muzzled dusk-prowler becomes recognizable through warm russet fur beneath a pale throat, while the setting supports the behavior.",fox,6,fox,True,7.81789493560791,-16.221534729003906,,
eot,tsne,1,27,slot_04__bear__r01__c001,"Round-eared timberland-giant carries a heavy black coat covering broad shoulders across a narrow riverside path; meanwhile, the viewpoint remains level.",bear,2,bear,True,-5.2316975593566895,1.8296023607254028,,
eot,tsne,1,28,slot_04__wolf__r01__c001,"Against an open grassy clearing, dense silver-brown fur suited to winter defines long-legged forest tracker; ground contact stays clear.",wolf,0,deer,False,-6.924023628234863,-14.155940055847168,,
eot,tsne,1,29,slot_04__rabbit__r04__c245,"Beside a shaded woodland edge, small hopping burrow forager reveals smooth tan hair above a pale belly; the setting supports the behavior.",rabbit,3,rabbit,True,-7.723780632019043,-7.4928812980651855,,
eot,tsne,1,30,slot_04__deer__r01__c001,"Within a misty hillside, slender-legged forest grazer demonstrates coarse gray winter hair above a pale rump, where its full body stays visible.",deer,0,deer,True,6.51030969619751,-2.5324301719665527,,
eot,tsne,1,31,slot_04__horse__r03__c161,"Warm bay coloring above dark lower legs distinguishes single-hoofed riding companion near a patch of dense brush, where soft light preserves surface detail.",horse,5,horse,True,-5.460377216339111,12.399791717529297,,
eot,tsne,1,32,slot_05__cat__r01__c001,"Short gray hair patterned by faint bands distinguishes retractable-clawed climber near a patch of dense brush, where the setting supports the behavior.",cat,3,rabbit,False,7.5617594718933105,-3.2477688789367676,,
eot,tsne,1,33,slot_05__dog__r01__c002,"White spotted hair across a sturdy back distinguishes broad-pawed gate-watcher near a pale winter field, where the background preserves its outline.",dog,6,fox,False,2.3771402835845947,12.374317169189453,,
eot,tsne,1,34,slot_05__fox__r02__c083,"A clear view shows bushy-tailed den-visitor with dense copper hair blending into autumn leaves, as the moment appears unstaged.",fox,3,rabbit,False,-4.432190895080566,-16.051288604736328,,
eot,tsne,1,35,slot_05__bear__r01__c001,"A clear view shows thick-furred cave-sleeper with thick cinnamon-colored hair across the torso, as surrounding plants provide scale.",bear,2,bear,True,-1.7402578592300415,3.6742701530456543,,
eot,tsne,1,36,slot_05__wolf__r02__c082,"Deep-chested roaming predator carries a layered gray coat with pale guard hairs across a rocky meadow; meanwhile, the head and torso remain visible.",wolf,4,wolf,True,0.7336772680282593,4.068299293518066,,
eot,tsne,1,37,slot_05__rabbit__r04__c243,"Long-eared grassland nibbler becomes recognizable through a warm chestnut coat blending into meadow soil, while ground contact stays clear.",rabbit,3,rabbit,True,-13.721491813659668,-0.16187548637390137,,
eot,tsne,1,38,slot_05__deer__r04__c244,"Antlered split-hoofed woodland browser becomes recognizable through coarse gray winter hair above a pale rump, while surrounding plants provide scale.",deer,0,deer,True,-10.177592277526855,-15.826906204223633,,
eot,tsne,1,39,slot_05__horse__r01__c002,"Tall long-faced grazer carries a pale golden coat beside a flowing cream mane across a sunlit garden path; meanwhile, the viewpoint remains level.",horse,5,horse,True,-8.496668815612793,9.714430809020996,,
eot,tsne,1,40,slot_06__cat__r01__c002,A striped household mouser reveals pointed ears above bright slit-shaped eyes.,cat,7,cat,True,16.183868408203125,-19.602590560913086,,
eot,tsne,1,41,slot_06__dog__r01__c002,A wet dark nose beneath gently folded ears marks a playful backyard digger.,dog,7,cat,False,-0.45939329266548157,17.591672897338867,,
eot,tsne,1,42,slot_06__fox__r15__c1123,A sharp-eared orange hunter shows white cheeks and a long narrow snout.,fox,7,cat,False,9.50263500213623,-8.608545303344727,,
eot,tsne,1,43,slot_06__bear__r04__c242,A round-eared forest giant has a wide pale muzzle beneath round listening ears.,bear,7,cat,False,-6.2135748863220215,-1.5209357738494873,,
eot,tsne,1,44,slot_06__wolf__r01__c002,A social mountain predator has upright triangular ears above an elongated muzzle.,wolf,7,cat,False,-6.252209186553955,-3.9203121662139893,,
eot,tsne,1,45,slot_06__rabbit__r01__c003,A long-eared ground forager has broad listening ears framing a compact face.,rabbit,3,rabbit,True,-10.278352737426758,-0.9252792596817017,,
eot,tsne,1,46,slot_06__deer__r01__c005,Branching antlers rising over alert dark eyes defines a white-tailed meadow grazer.,deer,0,deer,True,-14.327441215515137,-5.760298252105713,,
eot,tsne,1,47,slot_06__horse__r01__c002,A long face beneath mobile upright ears identifies a swift-maned field traveler.,horse,7,cat,False,-2.0469634532928467,14.771413803100586,,
eot,tsne,1,48,slot_07__cat__r01__c001,A whiskered lap companion shows fine cheek whiskers below independently turning ears.,cat,7,cat,True,16.49951171875,-10.26833724975586,,
eot,tsne,1,49,slot_07__dog__r01__c001,A long scenting muzzle beneath lifted ears identifies a leash-wearing companion.,dog,1,dog,True,6.690935134887695,14.354336738586426,,
eot,tsne,1,50,slot_07__fox__r01__c001,A red-coated dusk hunter reveals fine whiskers surrounding a compact black nose.,fox,7,cat,False,7.229645729064941,-9.019527435302734,,
eot,tsne,1,51,slot_07__bear__r05__c325,A sensitive dark nose beyond a heavy face marks a thick-furred woodland giant.,bear,2,bear,True,-4.123128414154053,-2.093074321746826,,
eot,tsne,1,52,slot_07__wolf__r02__c082,A forest pack sentinel has a dark nose beyond a pale tapered muzzle.,wolf,4,wolf,True,13.41866397857666,2.20503568649292,,
eot,tsne,1,53,slot_07__rabbit__r05__c324,A garden nibbler has soft cheeks below tall independently turning ears.,rabbit,7,cat,False,-22.56063461303711,8.300742149353027,,
eot,tsne,1,54,slot_07__deer__r01__c004,Large rotating ears above a long narrow face marks a large-eared woodland grazer.,deer,0,deer,True,-8.999743461608887,-0.7776896953582764,,
eot,tsne,1,55,slot_07__horse__r01__c004,A saddle-trained trail companion carries a long face beneath mobile upright ears.,horse,1,dog,False,-2.650770425796509,14.84713077545166,,
eot,tsne,1,56,slot_08__cat__r01__c001,"Against low evening light, pointed ears above bright slit-shaped eyes defines purring room-explorer.",cat,7,cat,True,20.524850845336914,-17.840280532836914,,
eot,tsne,1,57,slot_08__dog__r01__c001,A wet dark nose beneath gently folded ears distinguishes leash-following walking-partner near a calm farmyard.,dog,1,dog,True,-0.08299078047275543,17.67827606201172,,
eot,tsne,1,58,slot_08__fox__r11__c802,"A red woodland hunter reveals pointed ears, white cheeks, black whiskers, and a narrow muzzle at close range.",fox,7,cat,False,5.465675354003906,-8.301883697509766,,
eot,tsne,1,59,slot_08__bear__r04__c244,A massive head narrowing toward a prominent nose distinguishes long-clawed wilderness-resident near a misty hillside.,bear,7,cat,False,-5.3928728103637695,-4.33834171295166,,
eot,tsne,1,60,slot_08__wolf__r04__c245,Amber eyes set in a broad gray face distinguishes large gray howling pack hunter near an open grassy clearing.,wolf,4,wolf,True,14.777270317077637,-0.31373131275177,,
eot,tsne,1,61,slot_08__rabbit__r02__c083,"Beside a sunlit garden path, compact meadow forager reveals very long upright ears above round side-set eyes.",rabbit,3,rabbit,True,-16.647214889526367,-3.5042593479156494,,
eot,tsne,1,62,slot_08__deer__r01__c002,Spotted forest youngster becomes recognizable through a black nose at the end of a tapered muzzle near a quiet fence line.,deer,4,wolf,False,-5.445658206939697,-8.126136779785156,,
eot,tsne,1,63,slot_08__horse__r01__c003,Tall long-faced grazer becomes recognizable through a forelock falling between attentive eyes near a calm farmyard.,horse,5,horse,True,-12.4865140914917,9.899544715881348,,
eot,tsne,1,64,slot_09__cat__r01__c002,"A clear view shows striped hearthside-prowler with reflective eyes set in a compact whiskered face, as ground contact stays clear.",cat,6,fox,False,11.212138175964355,-17.488046646118164,,
eot,tsne,1,65,slot_09__dog__r01__c004,"Tongue-out family-companion displays round attentive eyes above a broad nose beside a sunlit garden path, while the posture remains natural.",dog,1,dog,True,0.9220777750015259,22.1489200592041,,
eot,tsne,1,66,slot_09__fox__r01__c002,"Beside a broad dirt trail, bushy-tailed den-visitor reveals white cheek markings beneath alert pointed ears; its full body stays visible.",fox,6,fox,True,1.0724962949752808,-9.94505500793457,,
eot,tsne,1,67,slot_09__bear__r08__c569,"Beneath soft overcast light, round-eared timberland-giant becomes recognizable through a massive head narrowing toward a prominent nose, while ground contact stays clear.",bear,6,fox,False,-6.285125255584717,1.2273646593093872,,
eot,tsne,1,68,slot_09__wolf__r02__c081,"A clear view shows sharp-eared snow traveler with a dark nose beyond a pale tapered muzzle, as the setting supports the behavior.",wolf,4,wolf,True,18.217342376708984,4.2851786613464355,,
eot,tsne,1,69,slot_09__rabbit__r02__c085,"Very long upright ears above round side-set eyes distinguishes soft-coated burrow dweller near low evening light, where its full body stays visible.",rabbit,3,rabbit,True,-10.992837905883789,0.5767766237258911,,
eot,tsne,1,70,slot_09__deer__r01__c001,"Split-hoofed trail visitor displays branching antlers rising over alert dark eyes beside a shaded woodland edge, while soft light preserves surface detail.",deer,0,deer,True,-7.8215556144714355,-10.704508781433105,,
eot,tsne,1,71,slot_09__horse__r01__c001,"A clear view shows saddle-trained trail companion with large dark eyes beside a broad soft muzzle, as surrounding plants provide scale.",horse,1,dog,False,-4.030248165130615,8.563565254211426,,
eot,tsne,1,72,slot_10__cat__r01__c002,"Fine cheek whiskers below independently turning ears distinguishes whiskered house-prowler near a patch of dense brush, where the background preserves its outline.",cat,6,fox,False,11.798921585083008,-16.014034271240234,,
eot,tsne,1,73,slot_10__dog__r01__c002,"Within a rocky meadow, wagging household-companion demonstrates a long scenting muzzle beneath lifted ears, where the pose shows balanced proportions.",dog,1,dog,True,1.2303494215011597,8.214225769042969,,
eot,tsne,1,74,slot_10__fox__r01__c002,"Red-coated woodland-hunter displays fine whiskers surrounding a compact black nose beside a shaded woodland edge, while the posture remains natural.",fox,0,deer,False,6.870129585266113,-8.984075546264648,,
eot,tsne,1,75,slot_10__bear__r09__c649,"While facing the open trail, powerful berry-gatherer becomes recognizable through a sensitive dark nose beyond a heavy face, while the background preserves its outline.",bear,2,bear,True,3.1100831031799316,-6.008554458618164,,
eot,tsne,1,76,slot_10__wolf__r04__c241,"Broad-pawed northern pack tracker carries upright triangular ears above an elongated muzzle across soft morning light; meanwhile, the pose shows balanced proportions.",wolf,4,wolf,True,10.261480331420898,7.096886157989502,,
eot,tsne,1,77,slot_10__rabbit__r02__c081,"Within a quiet fence line, long-eared meadow grazer demonstrates large dark eyes and a split upper lip, where the posture remains natural.",rabbit,3,rabbit,True,-13.874285697937012,-1.3527486324310303,,
eot,tsne,1,78,slot_10__deer__r01__c002,"Antlered woodland browser carries a pale throat below a fine-boned woodland face across a calm farmyard; meanwhile, the viewpoint remains level.",deer,0,deer,True,-12.586463928222656,-14.355565071105957,,
eot,tsne,1,79,slot_10__horse__r01__c002,"Against soft morning light, a forelock falling between attentive eyes defines long-maned pasture runner; ground contact stays clear.",horse,5,horse,True,-12.29755687713623,8.315773963928223,,
eot,tsne,1,80,slot_11__cat__r01__c007,A striped household mouser has quiet padded paws beneath flexible forelegs.,cat,7,cat,True,15.682818412780762,-19.732681274414062,,
eot,tsne,1,81,slot_11__dog__r01__c002,A panting ball retriever carries broad padded paws beneath sturdy running legs.,dog,1,dog,True,8.47805404663086,22.107316970825195,,
eot,tsne,1,82,slot_11__fox__r01__c001,A narrow-muzzled night prowler has small black feet beneath narrow lower legs.,fox,6,fox,True,9.359862327575684,-14.823339462280273,,
eot,tsne,1,83,slot_11__bear__r01__c004,A powerful berry gatherer carries thick muscular legs supporting deliberate steps.,bear,2,bear,True,3.9284465312957764,-5.560140132904053,,
eot,tsne,1,84,slot_11__wolf__r04__c242,A bushy-tailed pack tracker shows dark padded feet supporting a steady trot.,wolf,4,wolf,True,9.890801429748535,4.523315906524658,,
eot,tsne,1,85,slot_11__rabbit__r01__c002,A hind-legged field nibbler shows oversized hind feet behind small front paws.,rabbit,7,cat,False,7.1270623207092285,9.446550369262695,,
eot,tsne,1,86,slot_11__deer__r01__c001,A split-hoofed forest visitor reveals small cloven feet beneath lean brown limbs.,deer,0,deer,True,-13.416629791259766,-8.827896118164062,,
eot,tsne,1,87,slot_11__horse__r01__c002,A saddle-trained trail companion reveals long lower legs ending in single hard hooves.,horse,5,horse,True,-4.753301620483398,14.974176406860352,,
eot,tsne,1,88,slot_12__cat__r01__c005,A long balancing tail behind springing hind legs defines an upright-tailed lap companion.,cat,7,cat,True,7.724477291107178,10.6773042678833,,
eot,tsne,1,89,slot_12__dog__r02__c082,A broad-pawed walking partner carries straight forelegs supporting a ready stance.,dog,1,dog,True,6.8365583419799805,18.472896575927734,,
eot,tsne,1,90,slot_12__fox__r02__c081,A bushy-tailed den visitor has dark lower legs ending in light quick paws.,fox,7,cat,False,8.737213134765625,1.801530361175537,,
eot,tsne,1,91,slot_12__bear__r02__c082,A bulky streamside fisher has heavy hind limbs behind a very short tail.,bear,2,bear,True,3.595595598220825,0.5395975708961487,,
eot,tsne,1,92,slot_12__wolf__r04__c243,A wild gray pack hunter carries a low bushy tail behind powerful hindquarters.,wolf,4,wolf,True,16.52532196044922,7.842423915863037,,
eot,tsne,1,93,slot_12__rabbit__r04__c243,Powerful folded rear legs beneath a round body defines a long-eared grazer.,rabbit,7,cat,False,-12.683432579040527,-2.75750732421875,,
eot,tsne,1,94,slot_12__deer__r02__c081,A branch-antlered visitor reveals slender legs ending in dark split hooves.,deer,0,deer,True,-13.80477523803711,-9.74632453918457,,
eot,tsne,1,95,slot_12__horse__r01__c002,A flowing tail behind powerful hindquarters is visible on a bridled stable companion.,horse,5,horse,True,-8.704802513122559,17.502601623535156,,
eot,tsne,1,96,slot_13__cat__r02__c082,Whiskered house-prowler displays small rounded feet placed in a narrow walking line beside low evening light.,cat,6,fox,False,9.709693908691406,-15.879484176635742,,
eot,tsne,1,97,slot_13__dog__r01__c002,Straight forelegs supporting a ready stance distinguishes tongue-out family-companion near a calm farmyard.,dog,1,dog,True,0.4383484721183777,20.952465057373047,,
eot,tsne,1,98,slot_13__fox__r01__c002,"Within soft morning light, amber-eyed meadow-prowler demonstrates slender springing limbs suited to sudden pounces.",fox,3,rabbit,False,3.509646415710449,-15.088780403137207,,
eot,tsne,1,99,slot_13__bear__r01__c004,Long curved claws extending beyond dark toe pads distinguishes round-eared timberland-giant near a shaded woodland edge.,bear,2,bear,True,-4.487856388092041,0.39163321256637573,,
eot,tsne,1,100,slot_13__wolf__r03__c161,Gray pack hunter displays large snow-spreading feet and straight forelegs beside a narrow riverside path.,wolf,4,wolf,True,17.02311134338379,6.272616386413574,,
eot,tsne,1,101,slot_13__rabbit__r05__c321,"Within an open grassy clearing, twitch-nosed clover nibbler demonstrates long hind limbs prepared for sudden bounds.",rabbit,3,rabbit,True,-15.479040145874023,3.625142812728882,,
eot,tsne,1,102,slot_13__deer__r01__c002,"Beside a broad dirt trail, branch-antlered woodland traveler reveals long delicate forelegs built for quiet stepping.",deer,0,deer,True,-12.501296043395996,-10.669790267944336,,
eot,tsne,1,103,slot_13__horse__r01__c002,Swift-maned open-field runner carries muscular legs with dark hair above each hoof across a narrow riverside path.,horse,5,horse,True,-6.7179107666015625,16.94090461730957,,
eot,tsne,1,104,slot_14__cat__r01__c001,"Beside a misty hillside, pointed-eared lap-companion reveals curved retractable claws hidden above soft toe pads; nearby tracks indicate scale.",cat,6,fox,False,14.032085418701172,-6.580085754394531,,
eot,tsne,1,105,slot_14__dog__r01__c001,"Collar-wearing yard-guardian carries a wagging tail extending from strong hindquarters across a patch of dense brush; meanwhile, the viewpoint remains level.",dog,1,dog,True,0.5804089903831482,11.488788604736328,,
eot,tsne,1,106,slot_14__fox__r01__c002,"Narrow-muzzled dusk-prowler carries small black feet beneath narrow lower legs across a pale winter field; meanwhile, soft light preserves surface detail.",fox,6,fox,True,7.191171646118164,-15.064087867736816,,
eot,tsne,1,107,slot_14__bear__r04__c241,"Within a shaded woodland edge, thick-furred cave-sleeper demonstrates thick muscular legs supporting deliberate steps, where the setting supports the behavior.",bear,2,bear,True,-3.0498828887939453,4.247795581817627,,
eot,tsne,1,108,slot_14__wolf__r04__c245,"Thick-coated howling sentinel carries large snow-spreading feet and straight forelegs across soft morning light; meanwhile, its full body stays visible.",wolf,4,wolf,True,11.915602684020996,-3.471003293991089,,
eot,tsne,1,109,slot_14__rabbit__r01__c001,"Soft-coated burrow dweller displays powerful folded rear legs beneath a round body beside a sunlit garden path, while soft light preserves surface detail.",rabbit,3,rabbit,True,-19.875463485717773,-0.83335280418396,,
eot,tsne,1,110,slot_14__deer__r01__c001,"A clear view shows slender-legged forest grazer with a raised white tail above springing hind legs, as surrounding plants provide scale.",deer,0,deer,True,-5.06735897064209,7.640843868255615,,
eot,tsne,1,111,slot_14__horse__r01__c003,"Single-hoofed riding companion displays long lower legs ending in single hard hooves beside a patch of dense brush, while the viewpoint remains level.",horse,5,horse,True,-5.950728416442871,12.828012466430664,,
eot,tsne,1,112,slot_15__cat__r03__c162,"Against scattered autumn leaves, curved retractable claws hidden above soft toe pads defines striped hearthside-prowler; the pose shows balanced proportions.",cat,6,fox,False,10.9618501663208,-19.807695388793945,,
eot,tsne,1,113,slot_15__dog__r01__c003,"Within a rocky meadow, floppy-eared home-guardian demonstrates a wagging tail extending from strong hindquarters, where nearby tracks indicate scale.",dog,1,dog,True,2.0969552993774414,8.177190780639648,,
eot,tsne,1,114,slot_15__fox__r01__c001,"Sharp-eared field-stalker becomes recognizable through slender springing limbs suited to sudden pounces, while the background preserves its outline.",fox,0,deer,False,-8.579854965209961,-5.093454837799072,,
eot,tsne,1,115,slot_15__bear__r02__c081,"Massive front feet planted across rough ground distinguishes powerful berry-gatherer near a shallow stream bank, where the pose shows balanced proportions.",bear,2,bear,True,3.9586026668548584,-4.441147804260254,,
eot,tsne,1,116,slot_15__wolf__r04__c246,"Broad-pawed northern pack tracker displays broad paws beneath long endurance-built legs beside a broad dirt trail, while nearby tracks indicate scale.",wolf,4,wolf,True,9.547723770141602,6.9565110206604,,
eot,tsne,1,117,slot_15__rabbit__r04__c243,"Long-eared grassland nibbler carries long hind limbs prepared for sudden bounds across low evening light; meanwhile, its full body stays visible.",rabbit,6,fox,False,-13.096683502197266,0.15635636448860168,,
eot,tsne,1,118,slot_15__deer__r01__c003,"Split-hoofed trail visitor carries a raised white tail above springing hind legs across a calm farmyard; meanwhile, soft light preserves surface detail.",deer,5,horse,False,-7.234808921813965,7.936424732208252,,
eot,tsne,1,119,slot_15__horse__r01__c002,"A sweeping tail balancing four narrow hooves distinguishes tall long-faced grazer near a weathered wooden gate, where the setting supports the behavior.",horse,5,horse,True,-9.560479164123535,8.686772346496582,,
eot,tsne,1,120,slot_16__cat__r01__c002,A striped household mouser carries a compact low torso with a flexible spine.,cat,7,cat,True,15.21291446685791,-19.828853607177734,,
eot,tsne,1,121,slot_16__dog__r01__c003,A tail-wagging family companion carries strong shoulders above an athletic household silhouette.,dog,1,dog,True,9.656171798706055,14.65234661102295,,
eot,tsne,1,122,slot_16__fox__r04__c246,A light elongated frame beneath a full tail marks a russet snowline hunter.,fox,3,rabbit,False,2.4135491847991943,-21.559053421020508,,
eot,tsne,1,123,slot_16__bear__r01__c003,A broad-pawed wilderness forager has a towering woodland silhouette built for strength.,bear,2,bear,True,-3.3995625972747803,-4.311758995056152,,
eot,tsne,1,124,slot_16__wolf__r05__c321,Powerful shoulders narrowing toward the flanks defines a howling snow hunter.,wolf,4,wolf,True,22.09204864501953,4.791167736053467,,
eot,tsne,1,125,slot_16__rabbit__r02__c082,A burrow resident carries a lightweight frame with prominent folded haunches.,rabbit,3,rabbit,True,-21.870506286621094,-0.9577376842498779,,
eot,tsne,1,126,slot_16__deer__r01__c004,An antlered woodland browser shows an athletic herd grazer with a deep chest.,deer,0,deer,True,-14.319994926452637,-14.207784652709961,,
eot,tsne,1,127,slot_16__horse__r01__c001,A muscular farmyard runner carries a powerful hindquarter line beneath the saddle area.,horse,5,horse,True,-8.597747802734375,18.495220184326172,,
eot,tsne,1,128,slot_17__cat__r01__c002,A lightweight household frame and narrow shoulders identifies a purring house prowler.,cat,7,cat,True,20.536767959594727,-10.955567359924316,,
eot,tsne,1,129,slot_17__dog__r01__c004,A panting ball retriever shows a sturdy medium frame with a broad chest.,dog,1,dog,True,8.752401351928711,22.12917137145996,,
eot,tsne,1,130,slot_17__fox__r15__c1121,A slender red hunter carries a huge bushy tail with a bright white tip.,fox,7,cat,False,8.04322624206543,-7.138559818267822,,
eot,tsne,1,131,slot_17__bear__r02__c081,A round-eared forest giant shows a massive torso rising over powerful shoulders.,bear,2,bear,True,-5.308613300323486,-0.724579393863678,,
eot,tsne,1,132,slot_17__wolf__r09__c643,A sturdy wild gray pack hunter shows a tall athletic silhouette heavier than a yard companion.,wolf,4,wolf,True,16.01521873474121,7.1380534172058105,,
eot,tsne,1,133,slot_17__rabbit__r07__c482,A garden nibbler shows a small pear-shaped silhouette and short neck.,rabbit,3,rabbit,True,-22.264284133911133,8.811174392700195,,
eot,tsne,1,134,slot_17__deer__r04__c241,A lean woodland frame with a short tail identifies a split-hoofed grazer.,deer,5,horse,False,-10.725045204162598,9.7050199508667,,
eot,tsne,1,135,slot_17__horse__r05__c326,A long-faced grazer shows a powerful hindquarter line beneath the saddle area.,horse,5,horse,True,-10.461447715759277,10.759297370910645,,
eot,tsne,1,136,slot_18__cat__r03__c163,"Beside low evening light, striped hearthside-prowler reveals a lightweight household frame and narrow shoulders.",cat,6,fox,False,9.660835266113281,-17.286399841308594,,
eot,tsne,1,137,slot_18__dog__r01__c001,Leash-following walking-partner displays a sturdy medium frame with a broad chest beside a narrow riverside path.,dog,1,dog,True,5.084736347198486,15.340285301208496,,
eot,tsne,1,138,slot_18__fox__r04__c243,Orange-chested hedgerow-stalker displays a small woodland silhouette built for quick turns beside soft morning light.,fox,3,rabbit,False,-5.750743389129639,-20.73163604736328,,
eot,tsne,1,139,slot_18__bear__r02__c083,"Beside a quiet fence line, towering honey-seeker reveals a massive torso rising over powerful shoulders.",bear,2,bear,True,26.163692474365234,-3.176787853240967,,
eot,tsne,1,140,slot_18__wolf__r04__c243,Thick-coated howling sentinel becomes recognizable through powerful shoulders narrowing toward the flanks near a shallow stream bank.,wolf,4,wolf,True,12.39707088470459,-3.017489433288574,,
eot,tsne,1,141,slot_18__rabbit__r01__c001,White-tailed garden visitor carries a compact rounded body held close to the ground across a patch of dense brush.,rabbit,3,rabbit,True,-20.07387924194336,1.0133650302886963,,
eot,tsne,1,142,slot_18__deer__r01__c001,"Against a rocky meadow, a tall narrow torso on unusually slender legs defines large-eared woodland browser.",deer,0,deer,True,-7.910991668701172,-2.643841028213501,,
eot,tsne,1,143,slot_18__horse__r01__c002,"Against a misty hillside, a high-shouldered silhouette above slender lower legs defines powerful paddock runner.",horse,5,horse,True,-6.456615924835205,18.0794620513916,,
eot,tsne,1,144,slot_19__cat__r01__c002,"Beside a misty hillside, striped hearthside-prowler reveals a rounded chest tapering toward agile hindquarters; its full body stays visible.",cat,6,fox,False,9.365513801574707,-18.880695343017578,,
eot,tsne,1,145,slot_19__dog__r01__c001,"Against scattered autumn leaves, a balanced torso built for running beside people defines floppy-eared home-guardian; ground contact stays clear.",dog,1,dog,True,-0.7921893000602722,8.82099437713623,,
eot,tsne,1,146,slot_19__fox__r02__c081,"A clear view shows bushy-tailed den-visitor with a small woodland silhouette built for quick turns, as the setting supports the behavior.",fox,3,rabbit,False,7.328540325164795,1.1739422082901,,
eot,tsne,1,147,slot_19__bear__r03__c162,"Long-clawed wilderness-resident carries a massive torso rising over powerful shoulders across a shaded woodland edge; meanwhile, the background preserves its outline.",bear,2,bear,True,-2.8913984298706055,2.2196993827819824,,
eot,tsne,1,148,slot_19__wolf__r04__c243,"Within a patch of dense brush, wild gray pack predator demonstrates a rangy body built for sustained travel, where the moment appears unstaged.",wolf,4,wolf,True,14.971368789672852,9.463418006896973,,
eot,tsne,1,149,slot_19__rabbit__r01__c003,"Within a rocky meadow, short-tailed garden browser demonstrates a compact rounded body held close to the ground, where nearby tracks indicate scale.",rabbit,3,rabbit,True,-17.175296783447266,4.818786144256592,,
eot,tsne,1,150,slot_19__deer__r01__c002,"A clear view shows alert brown forest browser with a long-necked body balanced above fine limbs, as the head and torso remain visible.",deer,0,deer,True,-11.85828971862793,-17.127031326293945,,
eot,tsne,1,151,slot_19__horse__r01__c003,"A clear view shows upright-eared pasture grazer with a tall deep-chested body with a long neck, as ground contact stays clear.",horse,5,horse,True,-11.5772066116333,10.884819030761719,,
eot,tsne,1,152,slot_20__cat__r01__c002,"Whiskered house-prowler displays a neatly proportioned body suited to tight indoor spaces beside a calm farmyard, while the posture remains natural.",cat,6,fox,False,12.2958402633667,-14.834332466125488,,
eot,tsne,1,153,slot_20__dog__r01__c002,"A clear view shows wagging household-companion with a solid companion-sized body carried on four even legs, as the head and torso remain visible.",dog,1,dog,True,6.660068035125732,6.864911079406738,,
eot,tsne,1,154,slot_20__fox__r07__c484,"Orange-chested hedgerow-stalker becomes recognizable through a graceful ground-hugging body with delicate proportions, while soft light preserves surface detail.",fox,3,rabbit,False,-6.252842903137207,-21.183212280273438,,
eot,tsne,1,155,slot_20__bear__r02__c082,"A massive torso rising over powerful shoulders distinguishes round-eared timberland-giant near a shallow stream bank, where nearby tracks indicate scale.",bear,2,bear,True,-4.4295477867126465,1.2379587888717651,,
eot,tsne,1,156,slot_20__wolf__r04__c245,"Bushy-tailed mountain pack tracker becomes recognizable through a rangy body built for sustained travel, while the head and torso remain visible.",wolf,4,wolf,True,8.236671447753906,5.501482963562012,,
eot,tsne,1,157,slot_20__rabbit__r04__c248,"Long-eared grassland nibbler displays a low oval profile ending in a tiny tail beside a shallow stream bank, while the pose shows balanced proportions.",rabbit,3,rabbit,True,-12.49656867980957,0.9900678992271423,,
eot,tsne,1,158,slot_20__deer__r01__c001,"Within a misty hillside, branch-antlered woodland traveler demonstrates a lean woodland frame with a short tail, where nearby tracks indicate scale.",deer,0,deer,True,-9.032350540161133,-11.725720405578613,,
eot,tsne,1,159,slot_20__horse__r01__c004,"Against soft morning light, a powerful hindquarter line beneath the saddle area defines flowing-tailed field grazer; the head and torso remain visible.",horse,5,horse,True,-6.978531837463379,10.683830261230469,,
eot,tsne,1,160,slot_21__cat__r01__c001,A retractable-clawed mouser has the floor before springing onto furniture.,cat,7,cat,True,12.020540237426758,-9.562699317932129,,
eot,tsne,1,161,slot_21__dog__r02__c082,A footpath while pulling lightly against a leash identifies a collared gate watcher.,dog,1,dog,True,4.353391647338867,16.56432342529297,,
eot,tsne,1,162,slot_21__fox__r01__c003,A sharp-eared field stalker has woodland cover using a low cautious trot.,fox,2,bear,False,-8.856236457824707,-4.852243900299072,,
eot,tsne,1,163,slot_21__bear__r02__c081,A heavy-pawed mountain roamer carries a fallen trunk through surprising climbing strength.,bear,2,bear,True,-2.4489870071411133,-6.952732086181641,,
eot,tsne,1,164,slot_21__wolf__r05__c321,A bushy-tailed pack tracker has silent stepping between closely spaced pines.,wolf,4,wolf,True,10.244169235229492,4.1846394538879395,,
eot,tsne,1,165,slot_21__rabbit__r04__c244,Small cautious hops followed by complete stillness identifies a velvet-eared browser.,rabbit,7,cat,False,-19.263263702392578,-8.86084270477295,,
eot,tsne,1,166,slot_21__deer__r01__c002,High bounding leaps across fallen woodland branches marks a large-eared woodland grazer.,deer,0,deer,True,-11.096810340881348,-8.299407958984375,,
eot,tsne,1,167,slot_21__horse__r01__c001,A collected trot around the training ring defines a flowing-tailed field grazer.,horse,5,horse,True,-15.661635398864746,12.288431167602539,,
eot,tsne,1,168,slot_22__cat__r01__c002,A long-whiskered home companion reveals the room with a low stalking posture.,cat,7,cat,True,16.897598266601562,-11.325685501098633,,
eot,tsne,1,169,slot_22__dog__r01__c002,A footpath while pulling lightly against a leash marks a keen-nosed scent tracker.,dog,1,dog,True,5.1986212730407715,16.425640106201172,,
eot,tsne,1,170,slot_22__fox__r02__c081,A bushy-tailed den visitor shows snow before diving headfirst toward hidden movement.,fox,3,rabbit,False,9.675930976867676,1.247307538986206,,
eot,tsne,1,171,slot_22__bear__r01__c002,A steep slope despite its bulky frame defines a towering honey seeker.,bear,2,bear,True,26.09867286682129,-4.290236473083496,,
eot,tsne,1,172,slot_22__wolf__r04__c244,A rapid pursuit over broken mountain ground defines a howling snow hunter.,wolf,4,wolf,True,22.481107711791992,4.483401775360107,,
eot,tsne,1,173,slot_22__rabbit__r05__c322,Rapid bounding toward a nearby burrow entrance marks a long-eared grazer.,rabbit,3,rabbit,True,-12.653193473815918,-2.0219202041625977,,
eot,tsne,1,174,slot_22__deer__r02__c081,A branch-antlered visitor carries high bounding leaps across fallen woodland branches.,deer,0,deer,True,-11.591052055358887,-9.7406587600708,,
eot,tsne,1,175,slot_22__horse__r01__c002,An extended gallop across open pasture identifies a bridled stable companion.,horse,5,horse,True,-11.357977867126465,16.146894454956055,,
eot,tsne,1,176,slot_23__cat__r04__c244,A windowsill while its tail corrects balance distinguishes retractable-clawed climber near low evening light.,cat,3,rabbit,False,17.06150245666504,-15.727181434631348,,
eot,tsne,1,177,slot_23__dog__r01__c002,Tongue-out family-companion displays open grass before turning sharply after a ball beside a narrow riverside path.,dog,1,dog,True,1.6037901639938354,22.68739128112793,,
eot,tsne,1,178,slot_23__fox__r04__c245,"Within a sunlit garden path, russet snowline-hunter demonstrates a meadow through quick elastic bounds.",fox,3,rabbit,False,-0.14248938858509064,-21.769180297851562,,
eot,tsne,1,179,slot_23__bear__r05__c326,Short-tailed mountain-roamer becomes recognizable through a fallen trunk through surprising climbing strength near a shaded woodland edge.,bear,2,bear,True,-2.811655282974243,-8.094721794128418,,
eot,tsne,1,180,slot_23__wolf__r06__c402,Long-legged snow pack hunter becomes recognizable through silent stepping between closely spaced pines near a misty hillside.,wolf,4,wolf,True,19.77710723876953,2.084745168685913,,
eot,tsne,1,181,slot_23__rabbit__r01__c002,Twitch-nosed ground dweller carries small cautious hops followed by complete stillness across a patch of dense brush.,rabbit,3,rabbit,True,-18.34975242614746,-7.755072116851807,,
eot,tsne,1,182,slot_23__deer__r01__c002,"Against a rocky meadow, a sudden white-tail retreat into dense cover defines branch-antlered woodland traveler.",deer,0,deer,True,-12.446371078491211,-11.700006484985352,,
eot,tsne,1,183,slot_23__horse__r04__c244,"Against a narrow riverside path, a flowing canter with mane and tail lifted defines long-faced bridled trail companion.",horse,5,horse,True,-6.691089630126953,16.020076751708984,,
eot,tsne,1,184,slot_24__cat__r01__c005,"A clear view shows padded-paw windowsill-watcher with a windowsill while its tail corrects balance, as ground contact stays clear.",cat,6,fox,False,16.114303588867188,-14.805957794189453,,
eot,tsne,1,185,slot_24__dog__r01__c003,"Leash-following walking-partner carries the yard in an eager bounding gait across a patch of dense brush; meanwhile, the posture remains natural.",dog,1,dog,True,4.402695655822754,14.722692489624023,,
eot,tsne,1,186,slot_24__fox__r06__c404,"Beside a pale winter field, amber-eyed meadow-prowler reveals woodland cover using a low cautious trot; the viewpoint remains level.",fox,6,fox,True,5.286004066467285,-13.433202743530273,,
eot,tsne,1,187,slot_24__bear__r01__c001,"Round-eared timberland-giant displays a steep slope despite its bulky frame beside a quiet fence line, while soft light preserves surface detail.",bear,2,bear,True,-6.0548906326293945,2.1946065425872803,,
eot,tsne,1,188,slot_24__wolf__r04__c244,"Within a patch of dense brush, pale-muzzled forest pack hunter demonstrates an efficient ground-covering trot through snow, where the setting supports the behavior.",wolf,4,wolf,True,18.137622833251953,2.7715888023376465,,
eot,tsne,1,189,slot_24__rabbit__r01__c001,"Soft-coated burrow dweller becomes recognizable through a sudden zigzag escape across short grass, while the background preserves its outline.",rabbit,3,rabbit,True,-18.218835830688477,0.5249366164207458,,
eot,tsne,1,190,slot_24__deer__r01__c004,"Spotted forest youngster displays a sudden white-tail retreat into dense cover beside a shaded woodland edge, while soft light preserves surface detail.",deer,0,deer,True,-5.775744438171387,-8.875081062316895,,
eot,tsne,1,191,slot_24__horse__r01__c001,"Broad-chested stable resident carries an extended gallop across open pasture across a narrow riverside path; meanwhile, the posture remains natural.",horse,5,horse,True,-8.609206199645996,13.20142650604248,,
eot,tsne,1,192,slot_25__cat__r03__c162,"Within a shallow stream bank, striped hearthside-prowler demonstrates the room with a low stalking posture, where the head and torso remain visible.",cat,6,fox,False,11.789395332336426,-18.387615203857422,,
eot,tsne,1,193,slot_25__dog__r01__c003,"A clear view shows floppy-eared home-guardian with a footpath while pulling lightly against a leash, as ground contact stays clear.",dog,1,dog,True,2.6259968280792236,9.63206958770752,,
eot,tsne,1,194,slot_25__fox__r05__c325,"Narrow-muzzled dusk-prowler carries the field with its full tail held level across a shaded woodland edge; meanwhile, the posture remains natural.",fox,6,fox,True,7.180337429046631,-15.340420722961426,,
eot,tsne,1,195,slot_25__bear__r01__c002,"Powerful berry-gatherer carries a fallen trunk through surprising climbing strength across a narrow riverside path; meanwhile, the viewpoint remains level.",bear,2,bear,True,2.752568006515503,-5.033466339111328,,
eot,tsne,1,196,slot_25__wolf__r05__c323,"Large gray howling pack hunter displays an efficient ground-covering trot through snow beside a weathered wooden gate, while soft light preserves surface detail.",wolf,4,wolf,True,18.450138092041016,6.392998218536377,,
eot,tsne,1,197,slot_25__rabbit__r01__c001,"Within a rocky meadow, round-eyed grassland nibbler demonstrates small cautious hops followed by complete stillness, where nearby tracks indicate scale.",rabbit,6,fox,False,-13.928524017333984,3.6991286277770996,,
eot,tsne,1,198,slot_25__deer__r03__c161,"Swift running across an open clearing distinguishes split-hoofed trail visitor near a shaded woodland edge, where the viewpoint remains level.",deer,0,deer,True,-5.3080644607543945,-10.022675514221191,,
eot,tsne,1,199,slot_25__horse__r01__c002,"Tall long-faced grazer displays a flowing canter with mane and tail lifted beside a patch of dense brush, while soft light preserves surface detail.",horse,5,horse,True,-8.771867752075195,10.472395896911621,,
eot,tsne,1,200,slot_26__cat__r02__c082,Moving string with focused paw taps identifies an upright-tailed lap companion.,cat,7,cat,True,18.82613182067871,-9.131551742553711,,
eot,tsne,1,201,slot_26__dog__r01__c001,A broad-pawed walking partner shows the floor beside a familiar person's chair.,dog,1,dog,True,7.344267845153809,19.37148094177246,,
eot,tsne,1,202,slot_26__fox__r01__c002,An amber-eyed meadow prowler shows faint ground sounds with tilted ears.,fox,6,fox,True,3.799617052078247,-16.270233154296875,,
eot,tsne,1,203,slot_26__bear__r01__c001,A bulky streamside fisher reveals river shallows during a patient fishing period.,bear,2,bear,True,2.305961847305298,0.25620460510253906,,
eot,tsne,1,204,slot_26__wolf__r03__c162,A gray pack hunter shows food sharing among an organized family group.,wolf,4,wolf,True,14.087342262268066,7.663926124572754,,
eot,tsne,1,205,slot_26__rabbit__r01__c001,A soft-coated meadow nibbler carries chewing leafy stems while remaining near cover.,rabbit,3,rabbit,True,-20.451671600341797,3.9582998752593994,,
eot,tsne,1,206,slot_26__deer__r02__c081,A long-legged browser shows quiet feeding before dawn near dense cover.,deer,3,rabbit,False,-0.8101784586906433,-13.461766242980957,,
eot,tsne,1,207,slot_26__horse__r01__c001,A muscular farmyard runner has resting upright near familiar herd companions.,horse,5,horse,True,-9.139123916625977,19.92327308654785,,
eot,tsne,1,208,slot_27__cat__r01__c002,Moving string with focused paw taps marks a purring house prowler.,cat,7,cat,True,19.349008560180664,-9.931232452392578,,
eot,tsne,1,209,slot_27__dog__r01__c001,New surroundings through persistent sniffing defines a leash-wearing companion.,dog,1,dog,True,6.72773551940918,15.661628723144531,,
eot,tsne,1,210,slot_27__fox__r05__c322,Faint ground sounds with tilted ears identifies a russet snowline hunter.,fox,3,rabbit,False,1.9616700410842896,-22.060733795166016,,
eot,tsne,1,211,slot_27__bear__r02__c082,Loose logs while searching for insects identifies a broad-muzzled river hunter.,bear,2,bear,True,-2.2678771018981934,-9.733122825622559,,
eot,tsne,1,212,slot_27__wolf__r04__c244,A bushy-tailed pack tracker has patient tracking across old snow prints.,wolf,4,wolf,True,11.094955444335938,3.1783463954925537,,
eot,tsne,1,213,slot_27__rabbit__r01__c003,Chewing leafy stems while remaining near cover is visible on a white-tailed garden browser.,rabbit,3,rabbit,True,-20.14960479736328,4.908023357391357,,
eot,tsne,1,214,slot_27__deer__r04__c242,A forest herd grazer reveals quiet feeding before dawn near dense cover.,deer,2,bear,False,-0.900647759437561,-13.365028381347656,,
eot,tsne,1,215,slot_27__horse__r01__c002,A single-hoofed riding companion reveals slow chewing beside a pasture water trough.,horse,5,horse,True,-10.926875114440918,14.701974868774414,,
eot,tsne,1,216,slot_28__cat__r01__c001,A clear view shows purring room-explorer with a warm patch before curling tightly near a rocky meadow.,cat,7,cat,True,21.91135597229004,-17.014511108398438,,
eot,tsne,1,217,slot_28__dog__r01__c001,Leash-following walking-partner becomes recognizable through a buried object with repeated digging near a shaded woodland edge.,dog,1,dog,True,4.202950954437256,14.162821769714355,,
eot,tsne,1,218,slot_28__fox__r04__c247,Faint ground sounds with tilted ears distinguishes narrow-muzzled dusk-prowler near a rocky meadow.,fox,6,fox,True,5.992344856262207,-16.638778686523438,,
eot,tsne,1,219,slot_28__bear__r01__c001,Heavy-pawed backcountry-wanderer carries berry bushes during long seasonal feeding across a sunlit garden path.,bear,2,bear,True,1.047443151473999,-5.132021903991699,,
eot,tsne,1,220,slot_28__wolf__r04__c245,Large gray howling pack hunter becomes recognizable through careful scent inspection along a territorial boundary near a shallow stream bank.,wolf,4,wolf,True,15.969612121582031,9.424570083618164,,
eot,tsne,1,221,slot_28__rabbit__r01__c001,Steady nibbling of clover beside the burrow distinguishes white-tailed garden visitor near a calm farmyard.,rabbit,3,rabbit,True,-18.47323226928711,2.5519354343414307,,
eot,tsne,1,222,slot_28__deer__r04__c243,Stripping soft bark during a sparse winter distinguishes brown woodland browser with branching antlers near a rocky meadow.,deer,0,deer,True,-8.863020896911621,-14.72110366821289,,
eot,tsne,1,223,slot_28__horse__r01__c001,Single-hoofed riding companion displays steady grazing with lips clipping short grass beside a quiet fence line.,horse,5,horse,True,-11.831230163574219,14.567438125610352,,
eot,tsne,1,224,slot_29__cat__r02__c083,"Within a shaded woodland edge, curled-tail home-companion demonstrates moving string with focused paw taps, where the posture remains natural.",cat,6,fox,False,-0.11904869973659515,6.277125358581543,,
eot,tsne,1,225,slot_29__dog__r04__c241,"Tongue-out family-companion displays new surroundings through persistent sniffing beside a shallow stream bank, while its full body stays visible.",dog,1,dog,True,2.0654382705688477,22.22003173828125,,
eot,tsne,1,226,slot_29__fox__r01__c002,"Within soft morning light, bushy-tailed den-visitor demonstrates open ground during quiet twilight patrols, where the pose shows balanced proportions.",fox,6,fox,True,6.7498016357421875,1.1836079359054565,,
eot,tsne,1,227,slot_29__bear__r01__c004,"Loose logs while searching for insects distinguishes long-clawed wilderness-resident near a shaded woodland edge, where the setting supports the behavior.",bear,2,bear,True,-3.0210041999816895,-9.123334884643555,,
eot,tsne,1,228,slot_29__wolf__r06__c404,"Food sharing among an organized family group distinguishes long-legged snow pack hunter near scattered autumn leaves, where its full body stays visible.",wolf,4,wolf,True,-4.229445934295654,-13.419893264770508,,
eot,tsne,1,229,slot_29__rabbit__r01__c003,"A clear view shows short-tailed garden browser with steady nibbling of clover beside the burrow, as ground contact stays clear.",rabbit,3,rabbit,True,-18.07901382446289,2.996103286743164,,
eot,tsne,1,230,slot_29__deer__r01__c004,"A clear view shows branch-antlered woodland traveler with stripping soft bark during a sparse winter, as surrounding plants provide scale.",deer,0,deer,True,-9.433588981628418,-14.636714935302734,,
eot,tsne,1,231,slot_29__horse__r01__c001,"Against a misty hillside, slow chewing beside a pasture water trough defines saddle-trained trail companion; the head and torso remain visible.",horse,5,horse,True,-7.878927230834961,14.299113273620605,,
eot,tsne,1,232,slot_30__cat__r01__c002,"Whiskered house-prowler becomes recognizable through its face and forelegs with careful grooming strokes, while the moment appears unstaged.",cat,6,fox,False,11.384799003601074,-14.494430541992188,,
eot,tsne,1,233,slot_30__dog__r05__c323,"A buried object with repeated digging distinguishes broad-pawed gate-watcher near a weathered wooden gate, where the setting supports the behavior.",dog,1,dog,True,1.7282148599624634,14.270302772521973,,
eot,tsne,1,234,slot_30__fox__r01__c002,"Red-coated woodland-hunter carries spare food beneath loose leaves and soil across a pale winter field; meanwhile, the viewpoint remains level.",fox,2,bear,False,-2.3974859714508057,-18.238115310668945,,
eot,tsne,1,235,slot_30__bear__r02__c081,"A clear view shows massive shaggy-forager with river shallows during a patient fishing period, as the moment appears unstaged.",bear,2,bear,True,1.1858237981796265,-0.13132040202617645,,
eot,tsne,1,236,slot_30__wolf__r08__c565,"Between brief watchful pauses, large gray howling pack hunter displays food sharing among an organized family group near soft morning light, while nearby tracks indicate scale.",wolf,4,wolf,True,15.634227752685547,10.631842613220215,,
eot,tsne,1,237,slot_30__rabbit__r03__c161,"A shallow scrape exposing roots and fresh shoots distinguishes soft-coated burrow dweller near a sunlit garden path, where the viewpoint remains level.",rabbit,3,rabbit,True,-19.240198135375977,-0.9643465876579285,,
eot,tsne,1,238,slot_30__deer__r02__c082,"Beside a shaded woodland edge, slender-legged forest grazer reveals browsing tender leaves from low branches; soft light preserves surface detail.",deer,0,deer,True,-7.4194865226745605,-8.921521186828613,,
eot,tsne,1,239,slot_30__horse__r01__c001,"Swift-maned open-field runner becomes recognizable through searching hay with a flexible upper lip, while the setting supports the behavior.",horse,5,horse,True,-15.841410636901855,15.315009117126465,,
eot,tsne,1,240,slot_31__cat__r01__c001,A retractable-clawed mouser shows a garden wall overlooking moving leaves.,cat,3,rabbit,False,12.246042251586914,-9.65621280670166,,
eot,tsne,1,241,slot_31__dog__r02__c082,A neighborhood path beside a handled leash marks a collared gate watcher.,dog,1,dog,True,3.534010410308838,17.035717010498047,,
eot,tsne,1,242,slot_31__fox__r04__c243,A woodland margin beside open grass identifies an orange-chested hedge stalker.,fox,3,rabbit,False,-4.752902030944824,-21.721220016479492,,
eot,tsne,1,243,slot_31__bear__r01__c002,A heavy-pawed mountain roamer reveals a mountain forest containing berry thickets.,bear,2,bear,True,-0.5437377691268921,-5.716753959655762,,
eot,tsne,1,244,slot_31__wolf__r01__c002,A snowy conifer forest crossed by pack tracks marks a sharp-eared snow tracker.,wolf,4,wolf,True,18.56204605102539,1.1461440324783325,,
eot,tsne,1,245,slot_31__rabbit__r05__c321,A sandy bank containing several narrow tunnels identifies a clover grazer.,rabbit,3,rabbit,True,-22.34415054321289,2.9936156272888184,,
eot,tsne,1,246,slot_31__deer__r01__c003,A branch-antlered forest browser carries a forest edge filled with tender browse.,deer,0,deer,True,-13.903437614440918,-16.16876792907715,,
eot,tsne,1,247,slot_31__horse__r01__c003,A quiet barn aisle lined with hay defines a broad-chested paddock runner.,horse,5,horse,True,-14.942229270935059,16.533998489379883,,
eot,tsne,1,248,slot_32__cat__r02__c081,A long-whiskered home companion shows a sunny windowsill above indoor plants.,cat,7,cat,True,15.887251853942871,-12.662692070007324,,
eot,tsne,1,249,slot_32__dog__r01__c001,A floppy-eared home guardian has an open field suited to running and retrieval.,dog,1,dog,True,3.695091724395752,10.254690170288086,,
eot,tsne,1,250,slot_32__fox__r01__c002,A bushy-tailed den visitor has a snowy field containing faint prey tracks.,fox,4,wolf,False,10.086677551269531,1.3198639154434204,,
eot,tsne,1,251,slot_32__bear__r01__c001,A powerful berry gatherer shows a dense woodland trail marked by broad tracks.,bear,2,bear,True,2.334777593612671,-5.876615524291992,,
eot,tsne,1,252,slot_32__wolf__r01__c002,A pale-muzzled pack sentinel shows an open tundra ridge beneath cold wind.,wolf,4,wolf,True,14.640216827392578,4.342177867889404,,
eot,tsne,1,253,slot_32__rabbit__r01__c002,A garden edge beside low leafy cover identifies a round-eyed clover browser.,rabbit,3,rabbit,True,-24.03133773803711,2.3981385231018066,,
eot,tsne,1,254,slot_32__deer__r01__c003,An autumn ridge beneath scattered oak trees identifies a long-legged clearing grazer.,deer,0,deer,True,-5.566168785095215,-12.364693641662598,,
eot,tsne,1,255,slot_32__horse__r04__c244,A saddle companion reveals a training ring surrounded by low rails.,horse,5,horse,True,-4.523479461669922,16.698522567749023,,
eot,tsne,1,256,slot_33__cat__r04__c242,Slit-eyed indoor-hunter becomes recognizable through a sunny windowsill above indoor plants near a rocky meadow.,cat,7,cat,True,14.726223945617676,-13.854347229003906,,
eot,tsne,1,257,slot_33__dog__r02__c081,A neighborhood path beside a handled leash distinguishes tongue-out family-companion near low evening light.,dog,1,dog,True,3.1745829582214355,18.190874099731445,,
eot,tsne,1,258,slot_33__fox__r01__c001,Orange-chested hedgerow-stalker carries a woodland margin beside open grass across a calm farmyard.,fox,3,rabbit,False,-5.465569019317627,-20.953128814697266,,
eot,tsne,1,259,slot_33__bear__r01__c001,"Against soft morning light, a mountain forest containing berry thickets defines bulky streamside-fisher.",bear,2,bear,True,3.153718948364258,-2.2799456119537354,,
eot,tsne,1,260,slot_33__wolf__r01__c001,A snowy conifer forest crossed by pack tracks distinguishes social mountain hunter near a quiet fence line.,wolf,4,wolf,True,18.924617767333984,0.7180075645446777,,
eot,tsne,1,261,slot_33__rabbit__r04__c245,Round-eyed meadow nibbler with tall ears carries a garden edge beside low leafy cover across an open grassy clearing.,rabbit,3,rabbit,True,-16.07488250732422,-3.0906424522399902,,
eot,tsne,1,262,slot_33__deer__r01__c002,"Within soft morning light, branch-antlered woodland traveler demonstrates a forest edge filled with tender browse.",deer,0,deer,True,-11.930344581604004,-12.725287437438965,,
eot,tsne,1,263,slot_33__horse__r01__c002,Swift-maned open-field runner displays a quiet barn aisle lined with hay beside a quiet fence line.,horse,5,horse,True,-15.26293659210205,16.258481979370117,,
eot,tsne,1,264,slot_34__cat__r05__c326,"A sunny windowsill above indoor plants distinguishes whiskered house-prowler near a narrow riverside path, where the background preserves its outline.",cat,6,fox,False,13.953761100769043,-14.831741333007812,,
eot,tsne,1,265,slot_34__dog__r03__c162,"Against a shallow stream bank, a fenced backyard containing scattered toys defines panting ball-chaser; the pose shows balanced proportions.",dog,1,dog,True,3.784281015396118,23.921655654907227,,
eot,tsne,1,266,slot_34__fox__r04__c246,"Against a pale winter field, a quiet meadow during early dawn defines amber-eyed meadow-prowler; the posture remains natural.",fox,6,fox,True,5.407903671264648,-14.522757530212402,,
eot,tsne,1,267,slot_34__bear__r01__c003,"Heavy-pawed backcountry-wanderer displays a mountain forest containing berry thickets beside a quiet fence line, while the viewpoint remains level.",bear,2,bear,True,-0.19487912952899933,-6.1836466789245605,,
eot,tsne,1,268,slot_34__wolf__r01__c003,"A clear view shows amber-eyed pack sentinel with a snowy conifer forest crossed by pack tracks, as ground contact stays clear.",wolf,4,wolf,True,17.841552734375,0.7856850028038025,,
eot,tsne,1,269,slot_34__rabbit__r01__c001,"Soft-coated burrow dweller carries a garden edge beside low leafy cover across a patch of dense brush; meanwhile, the posture remains natural.",rabbit,3,rabbit,True,-19.371280670166016,0.1427878439426422,,
eot,tsne,1,270,slot_34__deer__r04__c245,"Brown woodland browser with branching antlers becomes recognizable through a forest edge filled with tender browse, while the head and torso remain visible.",deer,0,deer,True,-11.84030532836914,-16.066402435302734,,
eot,tsne,1,271,slot_34__horse__r04__c245,"Beside a calm farmyard, tall saddle-trained riding companion reveals a quiet barn aisle lined with hay; the moment appears unstaged.",horse,5,horse,True,-13.507305145263672,16.876558303833008,,
eot,tsne,1,272,slot_35__cat__r01__c002,"Beside a misty hillside, padded-paw windowsill-watcher reveals a dim hallway containing scattered household shadows; nearby tracks indicate scale.",cat,6,fox,False,14.624021530151367,-6.961978912353516,,
eot,tsne,1,273,slot_35__dog__r01__c002,"Broad-pawed gate-watcher carries an open field suited to running and retrieval across a patch of dense brush; meanwhile, the viewpoint remains level.",dog,1,dog,True,1.0640097856521606,12.644957542419434,,
eot,tsne,1,274,slot_35__fox__r04__c241,"Within a sunlit garden path, bushy-tailed den-visitor demonstrates a woodland margin beside open grass, where the moment appears unstaged.",fox,3,rabbit,False,-9.354866981506348,3.4969773292541504,,
eot,tsne,1,275,slot_35__bear__r02__c085,"A cold river crowded by migrating fish distinguishes long-clawed wilderness-resident near a shallow stream bank, where nearby tracks indicate scale.",bear,2,bear,True,2.053490161895752,1.7531542778015137,,
eot,tsne,1,276,slot_35__wolf__r02__c082,"Deep-chested roaming predator becomes recognizable through a snowy conifer forest crossed by pack tracks, while its full body stays visible.",wolf,4,wolf,True,18.56013298034668,1.815711259841919,,
eot,tsne,1,277,slot_35__rabbit__r02__c082,"Beside a sunlit garden path, compact meadow forager reveals a grassy meadow dotted with hidden burrow openings; soft light preserves surface detail.",rabbit,3,rabbit,True,-18.77708625793457,-2.744743824005127,,
eot,tsne,1,278,slot_35__deer__r03__c163,"An autumn ridge beneath scattered oak trees distinguishes long-legged herd grazer near a shaded woodland edge, where the posture remains natural.",deer,0,deer,True,-5.587822914123535,-12.117201805114746,,
eot,tsne,1,279,slot_35__horse__r02__c082,"Against a calm farmyard, a fenced pasture beside a wooden stable defines saddle-trained trail companion; the background preserves its outline.",horse,5,horse,True,-12.814955711364746,16.684343338012695,,
eot,tsne,1,280,slot_36__cat__r01__c001,Gentle brushing while remaining loosely curled identifies a soft-pawed indoor hunter.,cat,7,cat,True,20.437347412109375,-8.643818855285645,,
eot,tsne,1,281,slot_36__dog__r01__c001,A broad-pawed walking partner reveals a walking partner by matching their pace.,dog,1,dog,True,6.6073808670043945,18.830326080322266,,
eot,tsne,1,282,slot_36__fox__r01__c002,An amber-eyed meadow prowler reveals a distant observer before retreating into brush.,fox,3,rabbit,False,3.151146411895752,-15.991358757019043,,
eot,tsne,1,283,slot_36__bear__r01__c002,A distant hiker before turning toward cover marks a thick-furred woodland giant.,bear,2,bear,True,-3.054025411605835,-2.139864444732666,,
eot,tsne,1,284,slot_36__wolf__r01__c001,Careful sniffing around an abandoned sled track defines a long-legged wilderness hunter.,wolf,4,wolf,True,19.132064819335938,11.382261276245117,,
eot,tsne,1,285,slot_36__rabbit__r01__c002,Gentle sniffing of a hand holding leafy greens defines a short-tailed garden visitor.,rabbit,3,rabbit,True,-21.87467384338379,6.972343444824219,,
eot,tsne,1,286,slot_36__deer__r03__c161,Alert watching of a distant roadside vehicle defines a pale-rumped grazer.,deer,5,horse,False,-14.79236125946045,9.141012191772461,,
eot,tsne,1,287,slot_36__horse__r01__c003,An upright-eared pasture grazer has steady response to a rider's rein signal.,horse,5,horse,True,-12.386064529418945,12.77349853515625,,
eot,tsne,1,288,slot_37__cat__r01__c001,A whiskered lap companion has nearby footsteps before following between rooms.,cat,7,cat,True,17.480356216430664,-10.338125228881836,,
eot,tsne,1,289,slot_37__dog__r01__c002,A wagging yard guardian has a handler's gesture before sitting attentively.,dog,1,dog,True,2.4438040256500244,16.116317749023438,,
eot,tsne,1,290,slot_37__fox__r05__c322,A distant observer before retreating into brush marks a russet snowline hunter.,fox,3,rabbit,False,0.8719033598899841,-22.304183959960938,,
eot,tsne,1,291,slot_37__bear__r01__c001,An empty trail after detecting approaching voices identifies a massive shaggy forager.,bear,2,bear,True,-0.304422527551651,-2.192936420440674,,
eot,tsne,1,292,slot_37__wolf__r07__c485,A wild gray pack hunter shows careful sniffing around an abandoned sled track.,wolf,4,wolf,True,18.06917953491211,10.243535995483398,,
eot,tsne,1,293,slot_37__rabbit__r08__c564,A relaxed long-eared grazer displays curious inspection of a cardboard tunnel.,rabbit,3,rabbit,True,-11.426680564880371,-2.337008476257324,,
eot,tsne,1,294,slot_37__deer__r01__c002,Careful approach toward a salt block marks a white-tailed meadow grazer.,deer,3,rabbit,False,-21.60178565979004,-4.422658920288086,,
eot,tsne,1,295,slot_37__horse__r01__c001,Careful stepping into a waiting trailer defines a long-maned pasture runner.,horse,5,horse,True,-13.979248046875,13.990459442138672,,
eot,tsne,1,296,slot_38__cat__r01__c001,"Beside soft morning light, purring room-explorer reveals an offered hand before rubbing its cheek.",cat,7,cat,True,22.144983291625977,-15.201626777648926,,
eot,tsne,1,297,slot_38__dog__r02__c082,A walking partner by matching their pace distinguishes broad-pawed gate-watcher near low evening light.,dog,1,dog,True,5.429176330566406,18.195056915283203,,
eot,tsne,1,298,slot_38__fox__r01__c002,Sharp-eared field-stalker carries a roadside light with a brief cautious pause across a calm farmyard.,fox,2,bear,False,-9.963737487792969,-4.91027307510376,,
eot,tsne,1,299,slot_38__bear__r04__c244,Long-clawed wilderness-resident carries an empty trail after detecting approaching voices across a rocky meadow.,bear,2,bear,True,0.6766522526741028,-3.8853328227996826,,
eot,tsne,1,300,slot_38__wolf__r04__c242,"Within a quiet fence line, pale-muzzled forest pack hunter demonstrates cautious inspection of a distant trail camera.",wolf,4,wolf,True,16.09735107421875,2.4054670333862305,,
eot,tsne,1,301,slot_38__rabbit__r05__c322,"Beside a shallow stream bank, small hopping burrow forager reveals quick retreat beneath a low garden bench.",rabbit,3,rabbit,True,-17.808305740356445,-5.244920253753662,,
eot,tsne,1,302,slot_38__deer__r04__c243,Brown woodland browser with branching antlers displays a sudden retreat from boots on the trail beside soft morning light.,deer,0,deer,True,-11.084484100341797,-14.555615425109863,,
eot,tsne,1,303,slot_38__horse__r01__c002,A clear view shows powerful paddock runner with steady response to a rider's rein signal near a broad dirt trail.,horse,5,horse,True,-10.920150756835938,18.19685935974121,,
eot,tsne,1,304,slot_39__cat__r01__c002,"Within a broad dirt trail, striped hearthside-prowler demonstrates gentle brushing while remaining loosely curled, where the pose shows balanced proportions.",cat,6,fox,False,11.853479385375977,-19.522510528564453,,
eot,tsne,1,305,slot_39__dog__r03__c162,"A returning person with vigorous tail sweeps distinguishes tongue-out family-companion near a narrow riverside path, where the posture remains natural.",dog,1,dog,True,2.643458843231201,21.86968231201172,,
eot,tsne,1,306,slot_39__fox__r01__c002,"A clear view shows bushy-tailed den-visitor with discarded food while remaining ready to flee, as the head and torso remain visible.",fox,3,rabbit,False,7.387035369873047,2.625919818878174,,
eot,tsne,1,307,slot_39__bear__r01__c002,"Short-tailed mountain-roamer becomes recognizable through a roadside vehicle while remaining beyond the barrier, while the moment appears unstaged.",bear,2,bear,True,5.274307727813721,4.5193352699279785,,
eot,tsne,1,308,slot_39__wolf__r04__c243,"Beside a narrow riverside path, wild gray pack predator reveals careful sniffing around an abandoned sled track; the setting supports the behavior.",wolf,4,wolf,True,16.858633041381836,10.150599479675293,,
eot,tsne,1,309,slot_39__rabbit__r02__c082,"Within a patch of dense brush, short-tailed garden browser demonstrates soft pawing at the edge of a woven enclosure, where the viewpoint remains level.",rabbit,3,rabbit,True,-17.875244140625,4.128046989440918,,
eot,tsne,1,310,slot_39__deer__r03__c162,"Beside a rocky meadow, branch-antlered woodland traveler reveals alert watching of a distant roadside vehicle; ground contact stays clear.",deer,0,deer,True,-10.706624031066895,-12.17159652709961,,
eot,tsne,1,311,slot_39__horse__r01__c002,"Patient standing beside a grooming brush distinguishes muscular farmyard traveler near a shaded woodland edge, where the setting supports the behavior.",horse,5,horse,True,-3.7941014766693115,5.722586154937744,,
eot,tsne,1,312,slot_40__cat__r07__c483,"Against a misty hillside, a familiar voice with an upright tail defines striped hearthside-prowler; its full body stays visible.",cat,6,fox,False,9.89728832244873,-18.612741470336914,,
eot,tsne,1,313,slot_40__dog__r03__c162,"Beside scattered autumn leaves, wet-nosed trail-helper reveals a handler's gesture before sitting attentively; ground contact stays clear.",dog,1,dog,True,-1.3891435861587524,8.54088020324707,,
eot,tsne,1,314,slot_40__fox__r01__c001,"Within soft morning light, amber-eyed meadow-prowler demonstrates a roadside light with a brief cautious pause, where nearby tracks indicate scale.",fox,6,fox,True,3.6291720867156982,-13.69522762298584,,
eot,tsne,1,315,slot_40__bear__r01__c001,"Long-clawed wilderness-resident displays a ranger's observation from across the river beside a quiet fence line, while the viewpoint remains level.",bear,2,bear,True,0.17210595309734344,-7.285831451416016,,
eot,tsne,1,316,slot_40__wolf__r04__c245,"Careful sniffing around an abandoned sled track distinguishes bushy-tailed mountain pack tracker near an open grassy clearing, where ground contact stays clear.",wolf,4,wolf,True,18.698871612548828,11.297279357910156,,
eot,tsne,1,317,slot_40__rabbit__r03__c163,"Quiet resting beside a ceramic food dish distinguishes white-tailed garden visitor near a sunlit garden path, where the posture remains natural.",rabbit,3,rabbit,True,-10.50205135345459,4.180667877197266,,
eot,tsne,1,318,slot_40__deer__r01__c001,"Beside a broad dirt trail, branch-antlered woodland traveler reveals a sudden retreat from boots on the trail; its full body stays visible.",deer,0,deer,True,-10.971957206726074,-11.607833862304688,,
eot,tsne,1,319,slot_40__horse__r02__c082,"Calm acceptance of a saddle and bridle distinguishes broad-chested stable resident near a shallow stream bank, where the pose shows balanced proportions.",horse,5,horse,True,-7.887342929840088,12.927152633666992,,
eot,tsne,1,320,slot_41__cat__r01__c002,Focused watching of birds beyond a closed window identifies a slit-eyed room hunter.,cat,7,cat,True,19.1523380279541,-13.48034954071045,,
eot,tsne,1,321,slot_41__dog__r02__c082,Careful sniffing during a new animal greeting defines a collared gate watcher.,dog,1,dog,True,7.124853134155273,16.153608322143555,,
eot,tsne,1,322,slot_41__fox__r03__c162,Brief nose contact near a shared den identifies a russet snowline hunter.,fox,3,rabbit,False,1.5523823499679565,-22.84495735168457,,
eot,tsne,1,323,slot_41__bear__r01__c003,Wide avoidance of another massive forest forager marks a long-clawed cave sleeper.,bear,2,bear,True,-1.4812668561935425,-3.24888014793396,,
eot,tsne,1,324,slot_41__wolf__r07__c485,A forest pack sentinel carries nose-to-muzzle greeting within the family group.,wolf,4,wolf,True,13.425677299499512,2.384549379348755,,
eot,tsne,1,325,slot_41__rabbit__r01__c001,Close huddling with smaller meadow companions is visible on a white-tailed garden browser.,rabbit,3,rabbit,True,-19.272180557250977,5.584163188934326,,
eot,tsne,1,326,slot_41__deer__r02__c082,A forest herd grazer reveals an antler display toward a competing male.,deer,0,deer,True,-14.859766960144043,-12.44797420501709,,
eot,tsne,1,327,slot_41__horse__r01__c001,Close following behind the herd leader identifies a flowing-tailed field grazer.,horse,5,horse,True,-15.935523986816406,11.658732414245605,,
eot,tsne,1,328,slot_42__cat__r06__c402,A cautious nose greeting with a familiar room companion defines a purring house prowler.,cat,7,cat,True,19.548187255859375,-11.006346702575684,,
eot,tsne,1,329,slot_42__dog__r01__c001,A floppy-eared home guardian shows quiet resting against another household companion.,dog,7,cat,False,4.3296942710876465,10.384912490844727,,
eot,tsne,1,330,slot_42__fox__r01__c001,Defensive circling around younger den residents identifies a russet snowline hunter.,fox,3,rabbit,False,1.2113832235336304,-23.766746520996094,,
eot,tsne,1,331,slot_42__bear__r01__c003,A bulky streamside fisher shows careful watching of grazing animals across the slope.,bear,2,bear,True,3.3043582439422607,-0.40815335512161255,,
eot,tsne,1,332,slot_42__wolf__r04__c244,Protective positioning near younger pack members identifies a howling snow hunter.,wolf,4,wolf,True,21.598665237426758,5.766819000244141,,
eot,tsne,1,333,slot_42__rabbit__r01__c002,A warning foot thump near feeding companions marks a round-eyed clover browser.,rabbit,3,rabbit,True,-24.33492660522461,2.295599937438965,,
eot,tsne,1,334,slot_42__deer__r01__c002,An alert brown woodland browser carries an antler display toward a competing male.,deer,0,deer,True,-15.379420280456543,-13.699896812438965,,
eot,tsne,1,335,slot_42__horse__r02__c082,A farm runner shows ear-pinned warning toward a newcomer at feed.,horse,5,horse,True,-9.702999114990234,20.95940589904785,,
eot,tsne,1,336,slot_43__cat__r01__c002,"Beside soft morning light, curled-tail home-companion reveals silent stalking of a tiny moving insect.",cat,7,cat,True,22.25881576538086,-14.436148643493652,,
eot,tsne,1,337,slot_43__dog__r01__c004,Collar-wearing yard-guardian becomes recognizable through careful sniffing during a new animal greeting near a shaded woodland edge.,dog,1,dog,True,0.19292867183685303,10.699546813964844,,
eot,tsne,1,338,slot_43__fox__r01__c002,"Against a shallow stream bank, brief nose contact near a shared den defines amber-eyed meadow-prowler.",fox,3,rabbit,False,4.596437454223633,-15.96615982055664,,
eot,tsne,1,339,slot_43__bear__r02__c083,Round-eared timberland-giant displays patient waiting near fish moving through shallows beside soft morning light.,bear,2,bear,True,-1.8955445289611816,0.3429051637649536,,
eot,tsne,1,340,slot_43__wolf__r07__c485,A tense boundary display toward a rival group distinguishes thick-coated howling sentinel near a shaded woodland edge.,wolf,4,wolf,True,12.921405792236328,-2.536210298538208,,
eot,tsne,1,341,slot_43__rabbit__r01__c001,A clear view shows short-tailed garden browser with nose touching with another long-eared grazer near a misty hillside.,rabbit,3,rabbit,True,-15.4127197265625,-0.9540071487426758,,
eot,tsne,1,342,slot_43__deer__r02__c081,"Against a patch of dense brush, an antler display toward a competing male defines branch-antlered woodland traveler.",deer,0,deer,True,-13.589822769165039,-12.158995628356934,,
eot,tsne,1,343,slot_43__horse__r01__c001,"Beside a rocky meadow, upright-eared pasture grazer reveals parallel grazing beside several herd companions.",horse,5,horse,True,-13.484254837036133,11.630119323730469,,
eot,tsne,1,344,slot_44__cat__r03__c162,"Focused watching of birds beyond a closed window distinguishes retractable-clawed climber near a pale winter field, where the posture remains natural.",cat,6,fox,False,17.401430130004883,-15.559075355529785,,
eot,tsne,1,345,slot_44__dog__r01__c004,"Within a shallow stream bank, panting ball-chaser demonstrates coordinated running beside a familiar walking partner, where its full body stays visible.",dog,1,dog,True,4.188983917236328,22.813861846923828,,
eot,tsne,1,346,slot_44__fox__r04__c242,"Beside a patch of dense brush, russet snowline-hunter reveals cautious distance from larger woodland predators; the moment appears unstaged.",fox,2,bear,False,-0.03029855340719223,-20.778888702392578,,
eot,tsne,1,347,slot_44__bear__r04__c245,"A clear view shows bulky streamside-fisher with wide avoidance of another massive forest forager, as the posture remains natural.",bear,2,bear,True,2.686134099960327,-0.48969927430152893,,
eot,tsne,1,348,slot_44__wolf__r03__c161,"Beside low evening light, amber-eyed pack sentinel reveals protective positioning near younger pack members; the head and torso remain visible.",wolf,4,wolf,True,11.905147552490234,7.1913652420043945,,
eot,tsne,1,349,slot_44__rabbit__r07__c484,"Against an open grassy clearing, close huddling with smaller meadow companions defines small long-eared burrow grazer; the pose shows balanced proportions.",rabbit,3,rabbit,True,-14.48763656616211,1.2775415182113647,,
eot,tsne,1,350,slot_44__deer__r01__c001,"Within soft morning light, slender-legged forest grazer demonstrates an antler display toward a competing male, where nearby tracks indicate scale.",deer,0,deer,True,-9.241436004638672,-10.247735977172852,,
eot,tsne,1,351,slot_44__horse__r01__c001,"Broad-chested stable resident displays mutual neck grooming with a familiar partner beside a quiet fence line, while the viewpoint remains level.",horse,5,horse,True,-6.678335666656494,13.680438041687012,,
eot,tsne,1,352,slot_45__cat__r08__c570,"During a clearly visible group moment, whiskered house-prowler becomes recognizable through silent stalking of a tiny moving insect, while ground contact stays clear.",cat,6,fox,False,11.239625930786133,-15.430608749389648,,
eot,tsne,1,353,slot_45__dog__r01__c002,"Quiet resting against another household companion distinguishes broad-pawed gate-watcher near a calm farmyard, where the setting supports the behavior.",dog,1,dog,True,0.8123759031295776,14.047710418701172,,
eot,tsne,1,354,slot_45__fox__r04__c243,"Within a sunlit garden path, amber-eyed meadow-prowler demonstrates defensive circling around younger den residents, where the background preserves its outline.",fox,6,fox,True,2.953948736190796,-13.669031143188477,,
eot,tsne,1,355,slot_45__bear__r08__c580,"During a clearly visible group moment, wide avoidance of another massive forest forager distinguishes massive shaggy-forager; meanwhile, the moment appears unstaged.",bear,2,bear,True,0.3259946405887604,-1.8058538436889648,,
eot,tsne,1,356,slot_45__wolf__r04__c245,"Within a patch of dense brush, wild gray pack predator demonstrates protective positioning near younger pack members, where the setting supports the behavior.",wolf,4,wolf,True,14.499475479125977,9.110919952392578,,
eot,tsne,1,357,slot_45__rabbit__r01__c001,"Beside an open grassy clearing, round-eyed grassland nibbler reveals parallel grazing beside several burrow residents; its full body stays visible.",rabbit,3,rabbit,True,-15.793728828430176,1.9757858514785767,,
eot,tsne,1,358,slot_45__deer__r01__c006,"Within a misty hillside, branch-antlered woodland traveler demonstrates protective standing near a spotted youngster, where the pose shows balanced proportions.",deer,0,deer,True,-9.187007904052734,-12.325216293334961,,
eot,tsne,1,359,slot_45__horse__r04__c243,"Long-maned stable grazer with powerful legs carries playful running beside a younger pasture companion across a shallow stream bank; meanwhile, nearby tracks indicate scale.",horse,5,horse,True,-9.430643081665039,13.406453132629395,,
eot,tsne,1,360,slot_46__cat__r01__c001,Soft chirping notes while watching distant birds marks a soft-pawed indoor hunter.,cat,7,cat,True,19.349205017089844,-13.085114479064941,,
eot,tsne,1,361,slot_46__dog__r01__c003,A tail-wagging family companion reveals a low rumble when unfamiliar movement approaches.,dog,1,dog,True,9.369745254516602,14.820573806762695,,
eot,tsne,1,362,slot_46__fox__r01__c002,An amber-eyed meadow prowler carries a brief high call across evening woodland.,fox,6,fox,True,2.1681926250457764,-15.612881660461426,,
eot,tsne,1,363,slot_46__bear__r01__c002,A deep warning rumble in dense woodland defines a thick-furred woodland giant.,bear,2,bear,True,-4.214720249176025,-2.9326834678649902,,
eot,tsne,1,364,slot_46__wolf__r04__c242,Upright ears locating distant movement under snow is visible on a howling snow hunter.,wolf,4,wolf,True,20.803953170776367,4.450922012329102,,
eot,tsne,1,365,slot_46__rabbit__r03__c161,A burrow resident has a sharp hind-foot thump warning the colony.,rabbit,3,rabbit,True,-22.808069229125977,-1.0852153301239014,,
eot,tsne,1,366,slot_46__deer__r01__c001,Careful scent testing of the moving air identifies a long-legged clearing grazer.,deer,3,rabbit,False,-15.731107711791992,8.179353713989258,,
eot,tsne,1,367,slot_46__horse__r01__c002,A clear neigh carrying beyond the stable identifies a swift-maned field traveler.,horse,5,horse,True,-10.389365196228027,16.983015060424805,,
eot,tsne,1,368,slot_47__cat__r01__c001,A whiskered lap companion shows a rising trill during a familiar greeting.,cat,7,cat,True,16.93037223815918,-9.577733039855957,,
eot,tsne,1,369,slot_47__dog__r01__c001,Quick breathy whines beside a closed door identifies a leash-wearing companion.,dog,1,dog,True,8.280424118041992,16.660396575927734,,
eot,tsne,1,370,slot_47__fox__r05__c324,Short warning barks from dense cover marks an orange-chested hedge stalker.,fox,3,rabbit,False,-4.733638763427734,-22.08846664428711,,
eot,tsne,1,371,slot_47__bear__r02__c081,A round-eared forest giant has a deep warning rumble in dense woodland.,bear,2,bear,True,-5.620439052581787,-2.2064409255981445,,
eot,tsne,1,372,slot_47__wolf__r01__c001,A gray pack hunter carries a deep warning growl beneath raised neck fur.,wolf,4,wolf,True,15.459214210510254,6.8076958656311035,,
eot,tsne,1,373,slot_47__rabbit__r01__c001,Wide ears detecting movement beyond the hedge defines a long-eared meadow grazer.,rabbit,3,rabbit,True,-13.771310806274414,-2.3083338737487793,,
eot,tsne,1,374,slot_47__deer__r01__c002,Large ears turning toward a broken twig defines a white-tailed meadow grazer.,deer,3,rabbit,False,-14.450014114379883,-5.062493801116943,,
eot,tsne,1,375,slot_47__horse__r04__c241,A stable grazer shows rhythmic hoofbeats approaching across firm ground.,horse,5,horse,True,-11.995158195495605,12.052045822143555,,
eot,tsne,1,376,slot_48__cat__r01__c001,"Against an open grassy clearing, a steady vibration during relaxed contact defines purring room-explorer.",cat,7,cat,True,21.389142990112305,-16.957975387573242,,
eot,tsne,1,377,slot_48__dog__r01__c002,"Against a broad dirt trail, a low rumble when unfamiliar movement approaches defines panting ball-chaser.",dog,1,dog,True,5.242414474487305,22.953392028808594,,
eot,tsne,1,378,slot_48__fox__r02__c083,Slender nighttime-forager displays a brief high call across evening woodland beside a shallow stream bank.,fox,2,bear,False,0.3542015254497528,-15.053275108337402,,
eot,tsne,1,379,slot_48__bear__r01__c001,Heavy-pawed backcountry-wanderer displays a deep warning rumble in dense woodland beside a patch of dense brush.,bear,2,bear,True,-1.0629596710205078,-4.910205364227295,,
eot,tsne,1,380,slot_48__wolf__r01__c001,A clear view shows amber-eyed pack sentinel with a long resonant howl answered across the valley near a rocky meadow.,wolf,4,wolf,True,14.561104774475098,-1.0224801301956177,,
eot,tsne,1,381,slot_48__rabbit__r01__c003,Quick-footed burrow resident displays wide ears detecting movement beyond the hedge beside a narrow riverside path.,rabbit,3,rabbit,True,-17.188823699951172,-0.7678635716438293,,
eot,tsne,1,382,slot_48__deer__r04__c245,Antlered split-hoofed woodland browser displays large ears turning toward a broken twig beside soft morning light.,deer,0,deer,True,-12.429376602172852,-13.368544578552246,,
eot,tsne,1,383,slot_48__horse__r04__c246,Saddle-wearing flowing-tailed riding companion displays mobile ears following a distant handler's voice beside low evening light.,horse,5,horse,True,-6.058456897735596,10.418659210205078,,
eot,tsne,1,384,slot_49__cat__r02__c081,"Against a sunlit garden path, a sharp warning hiss with flattened ears defines striped hearthside-prowler; the background preserves its outline.",cat,6,fox,False,10.33829402923584,-18.063312530517578,,
eot,tsne,1,385,slot_49__dog__r01__c002,"Keen-nosed scent-follower becomes recognizable through a drawn-out lonely call across the yard, while the moment appears unstaged.",dog,6,fox,False,10.696000099182129,-12.689687728881836,,
eot,tsne,1,386,slot_49__fox__r04__c241,"Against a calm farmyard, short warning barks from dense cover defines amber-eyed meadow-prowler; the posture remains natural.",fox,6,fox,True,5.627708911895752,-14.09375,,
eot,tsne,1,387,slot_49__bear__r02__c082,"Within a sunlit garden path, bulky streamside-fisher demonstrates soft bawling notes from a smaller youngster, where the viewpoint remains level.",bear,2,bear,True,-8.54517936706543,4.0666913986206055,,
eot,tsne,1,388,slot_49__wolf__r01__c003,"Social mountain hunter carries a long resonant howl answered across the valley across a shaded woodland edge; meanwhile, soft light preserves surface detail.",wolf,2,bear,False,10.201348304748535,-4.594783782958984,,
eot,tsne,1,389,slot_49__rabbit__r04__c245,"Soft-coated long-eared burrow resident carries fine whiskers testing the narrow tunnel across an open grassy clearing; meanwhile, nearby tracks indicate scale.",rabbit,3,rabbit,True,-15.393749237060547,0.6471598148345947,,
eot,tsne,1,390,slot_49__deer__r03__c162,"Against soft morning light, a sharp alarm snort followed by raised tails defines branch-antlered woodland traveler; its full body stays visible.",deer,0,deer,True,-10.8907470703125,-13.315093040466309,,
eot,tsne,1,391,slot_49__horse__r01__c003,"Within low evening light, upright-eared pasture grazer demonstrates a clear neigh carrying beyond the stable, where the pose shows balanced proportions.",horse,5,horse,True,-10.442527770996094,11.97147274017334,,
eot,tsne,1,392,slot_50__cat__r01__c001,"Within a broad dirt trail, curled-tail home-companion demonstrates a sharp warning hiss with flattened ears, where nearby tracks indicate scale.",cat,6,fox,False,2.158120632171631,6.797675132751465,,
eot,tsne,1,393,slot_50__dog__r01__c002,"Within a shallow stream bank, wagging household-companion demonstrates quick breathy whines beside a closed door, where its full body stays visible.",dog,1,dog,True,4.3023457527160645,20.482799530029297,,
eot,tsne,1,394,slot_50__fox__r04__c245,"Quiet yapping sounds during distant contact distinguishes slender nighttime-forager near a rocky meadow, where ground contact stays clear.",fox,6,fox,True,4.8260321617126465,-11.72325611114502,,
eot,tsne,1,395,slot_50__bear__r07__c486,"Within a misty hillside, massive shaggy-forager demonstrates a loud roar across an open riverbank, where surrounding plants provide scale.",bear,2,bear,True,0.4039960205554962,-0.4223625659942627,,
eot,tsne,1,396,slot_50__wolf__r04__c243,"Long-legged snow pack hunter becomes recognizable through a deep warning growl beneath raised neck fur, while the head and torso remain visible.",wolf,4,wolf,True,20.02580451965332,3.9515860080718994,,
eot,tsne,1,397,slot_50__rabbit__r05__c326,"Beside a rocky meadow, small hopping burrow forager reveals near-silent chewing beneath constantly turning ears; the pose shows balanced proportions.",rabbit,3,rabbit,True,-13.472123146057129,2.807333469390869,,
eot,tsne,1,398,slot_50__deer__r01__c003,"Beside a broad dirt trail, slender-legged forest grazer reveals large ears turning toward a broken twig; nearby tracks indicate scale.",deer,0,deer,True,-8.752835273742676,-9.169098854064941,,
eot,tsne,1,399,slot_50__horse__r04__c244,"Muscular maned farmyard traveler carries soft breath moving through wide nostrils across a shallow stream bank; meanwhile, its full body stays visible.",horse,2,bear,False,-9.064292907714844,15.093878746032715,,
eot,tsne,42,0,slot_01__cat__r01__c001,A retractable-clawed mouser reveals a warm orange coat with white patches.,cat,7,cat,True,-21.23095703125,1.2146259546279907,,
eot,tsne,42,1,slot_01__dog__r01__c002,A panting ball retriever reveals a short golden coat with a pale chest.,dog,1,dog,True,8.55336856842041,-17.605789184570312,,
eot,tsne,42,2,slot_01__fox__r02__c083,Warm russet fur beneath a pale throat defines a russet snowline hunter.,fox,3,rabbit,False,4.481646537780762,-23.53424644470215,,
eot,tsne,42,3,slot_01__bear__r04__c242,Shaggy dark fur suited to cold woodland defines a towering honey seeker.,bear,2,bear,True,10.587597846984863,20.77665138244629,,
eot,tsne,42,4,slot_01__wolf__r01__c002,A layered gray coat with pale guard hairs defines a sharp-eared snow tracker.,wolf,4,wolf,True,-2.336951494216919,-16.388683319091797,,
eot,tsne,42,5,slot_01__rabbit__r12__c881,A softly lit meadow grazer shows a warm chestnut coat blending into meadow soil.,rabbit,3,rabbit,True,-12.588067054748535,3.8756909370422363,,
eot,tsne,42,6,slot_01__deer__r07__c483,An antlered browser shows a spotted chestnut coat blending with leaf litter.,deer,0,deer,True,16.303775787353516,14.146751403808594,,
eot,tsne,42,7,slot_01__horse__r01__c002,A saddle-trained trail companion shows a glossy chestnut coat beneath a dark mane.,horse,5,horse,True,13.5750732421875,-6.498928070068359,,
eot,tsne,42,8,slot_02__cat__r01__c002,A long-whiskered home companion has a smooth black coat reflecting window light.,cat,7,cat,True,-20.252029418945312,-7.731985092163086,,
eot,tsne,42,9,slot_02__dog__r01__c001,A floppy-eared home guardian shows white spotted hair across a sturdy back.,dog,7,cat,False,6.473216533660889,-5.505675792694092,,
eot,tsne,42,10,slot_02__fox__r01__c005,Dense copper hair blending into autumn leaves defines a slender twilight forager.,fox,3,rabbit,False,-2.7474827766418457,-5.2063679695129395,,
eot,tsne,42,11,slot_02__bear__r01__c002,A heavy black coat covering broad shoulders identifies a towering honey seeker.,bear,2,bear,True,10.92703914642334,21.433135986328125,,
eot,tsne,42,12,slot_02__wolf__r01__c002,A pale-muzzled pack sentinel reveals dense silver-brown fur suited to winter.,wolf,4,wolf,True,-4.915104866027832,-20.282102584838867,,
eot,tsne,42,13,slot_02__rabbit__r12__c882,A finely detailed garden nibbler shows smooth tan hair above a pale belly.,rabbit,3,rabbit,True,-10.805059432983398,13.505863189697266,,
eot,tsne,42,14,slot_02__deer__r02__c081,A branch-antlered visitor shows a smooth reddish-brown summer coat.,deer,0,deer,True,12.125886917114258,14.076591491699219,,
eot,tsne,42,15,slot_02__horse__r01__c002,Smooth black hair with a white facial blaze defines a bridled stable companion.,horse,5,horse,True,22.28268051147461,-7.512959957122803,,
eot,tsne,42,16,slot_03__cat__r05__c322,"Within a misty hillside, purring room-explorer demonstrates a smooth black coat reflecting window light.",cat,7,cat,True,-27.06434440612793,-4.196323394775391,,
eot,tsne,42,17,slot_03__dog__r02__c082,"Within a patch of dense brush, wagging household-companion demonstrates a shaggy gray coat around the shoulders.",dog,7,cat,False,1.5690228939056396,-14.863482475280762,,
eot,tsne,42,18,slot_03__fox__r02__c082,Red-coated woodland-hunter displays warm russet fur beneath a pale throat beside a rocky meadow.,fox,2,bear,False,-0.9159233570098877,16.929656982421875,,
eot,tsne,42,19,slot_03__bear__r01__c002,Thick cinnamon-colored hair across the torso distinguishes long-clawed wilderness-resident near a shaded woodland edge.,bear,2,bear,True,2.8334763050079346,17.82039451599121,,
eot,tsne,42,20,slot_03__wolf__r04__c242,Broad-pawed northern pack tracker displays a layered gray coat with pale guard hairs beside scattered autumn leaves.,wolf,4,wolf,True,-0.7325971722602844,-14.185770988464355,,
eot,tsne,42,21,slot_03__rabbit__r02__c082,"Beside a sunlit garden path, long-eared meadow grazer reveals velvety gray fur around a bright white tail.",rabbit,3,rabbit,True,-3.9909520149230957,9.420809745788574,,
eot,tsne,42,22,slot_03__deer__r01__c003,Antlered woodland browser displays dark brown hair along a lighter throat patch beside a shaded woodland edge.,deer,0,deer,True,15.569596290588379,13.275341033935547,,
eot,tsne,42,23,slot_03__horse__r01__c004,Broad-chested stable resident displays smooth black hair with a white facial blaze beside a patch of dense brush.,horse,5,horse,True,22.727087020874023,-7.634775638580322,,
eot,tsne,42,24,slot_04__cat__r02__c082,"Beside a calm farmyard, purring room-explorer reveals dense velvet-like fur across the back; the viewpoint remains level.",cat,7,cat,True,-26.36376190185547,-2.423380136489868,,
eot,tsne,42,25,slot_04__dog__r01__c002,"A clear view shows wet-nosed trail-helper with a shaggy gray coat around the shoulders, as ground contact stays clear.",dog,7,cat,False,1.80624258518219,-14.767297744750977,,
eot,tsne,42,26,slot_04__fox__r01__c002,"Narrow-muzzled dusk-prowler becomes recognizable through warm russet fur beneath a pale throat, while the setting supports the behavior.",fox,6,fox,True,-13.589217185974121,-4.286228656768799,,
eot,tsne,42,27,slot_04__bear__r01__c001,"Round-eared timberland-giant carries a heavy black coat covering broad shoulders across a narrow riverside path; meanwhile, the viewpoint remains level.",bear,2,bear,True,6.77845573425293,17.776506423950195,,
eot,tsne,42,28,slot_04__wolf__r01__c001,"Against an open grassy clearing, dense silver-brown fur suited to winter defines long-legged forest tracker; ground contact stays clear.",wolf,0,deer,False,1.8317805528640747,-0.11390495300292969,,
eot,tsne,42,29,slot_04__rabbit__r04__c245,"Beside a shaded woodland edge, small hopping burrow forager reveals smooth tan hair above a pale belly; the setting supports the behavior.",rabbit,3,rabbit,True,-4.449377536773682,0.08766943216323853,,
eot,tsne,42,30,slot_04__deer__r01__c001,"Within a misty hillside, slender-legged forest grazer demonstrates coarse gray winter hair above a pale rump, where its full body stays visible.",deer,0,deer,True,9.363588333129883,-0.49554306268692017,,
eot,tsne,42,31,slot_04__horse__r03__c161,"Warm bay coloring above dark lower legs distinguishes single-hoofed riding companion near a patch of dense brush, where soft light preserves surface detail.",horse,5,horse,True,13.223655700683594,-4.293923377990723,,
eot,tsne,42,32,slot_05__cat__r01__c001,"Short gray hair patterned by faint bands distinguishes retractable-clawed climber near a patch of dense brush, where the setting supports the behavior.",cat,3,rabbit,False,-16.757593154907227,-13.699761390686035,,
eot,tsne,42,33,slot_05__dog__r01__c002,"White spotted hair across a sturdy back distinguishes broad-pawed gate-watcher near a pale winter field, where the background preserves its outline.",dog,6,fox,False,4.943347454071045,-5.650910377502441,,
eot,tsne,42,34,slot_05__fox__r02__c083,"A clear view shows bushy-tailed den-visitor with dense copper hair blending into autumn leaves, as the moment appears unstaged.",fox,3,rabbit,False,-3.04606556892395,-5.534885883331299,,
eot,tsne,42,35,slot_05__bear__r01__c001,"A clear view shows thick-furred cave-sleeper with thick cinnamon-colored hair across the torso, as surrounding plants provide scale.",bear,2,bear,True,2.3187015056610107,18.181840896606445,,
eot,tsne,42,36,slot_05__wolf__r02__c082,"Deep-chested roaming predator carries a layered gray coat with pale guard hairs across a rocky meadow; meanwhile, the head and torso remain visible.",wolf,4,wolf,True,-0.5067880749702454,-7.025449275970459,,
eot,tsne,42,37,slot_05__rabbit__r04__c243,"Long-eared grassland nibbler becomes recognizable through a warm chestnut coat blending into meadow soil, while ground contact stays clear.",rabbit,3,rabbit,True,-3.21632981300354,6.705681800842285,,
eot,tsne,42,38,slot_05__deer__r04__c244,"Antlered split-hoofed woodland browser becomes recognizable through coarse gray winter hair above a pale rump, while surrounding plants provide scale.",deer,0,deer,True,16.66263771057129,10.180767059326172,,
eot,tsne,42,39,slot_05__horse__r01__c002,"Tall long-faced grazer carries a pale golden coat beside a flowing cream mane across a sunlit garden path; meanwhile, the viewpoint remains level.",horse,5,horse,True,12.603840827941895,-0.5425078868865967,,
eot,tsne,42,40,slot_06__cat__r01__c002,A striped household mouser reveals pointed ears above bright slit-shaped eyes.,cat,7,cat,True,-21.385168075561523,-2.9474799633026123,,
eot,tsne,42,41,slot_06__dog__r01__c002,A wet dark nose beneath gently folded ears marks a playful backyard digger.,dog,7,cat,False,13.516658782958984,-12.339181900024414,,
eot,tsne,42,42,slot_06__fox__r15__c1123,A sharp-eared orange hunter shows white cheeks and a long narrow snout.,fox,7,cat,False,-2.4809560775756836,13.2246675491333,,
eot,tsne,42,43,slot_06__bear__r04__c242,A round-eared forest giant has a wide pale muzzle beneath round listening ears.,bear,7,cat,False,1.7718898057937622,14.05537223815918,,
eot,tsne,42,44,slot_06__wolf__r01__c002,A social mountain predator has upright triangular ears above an elongated muzzle.,wolf,7,cat,False,0.7902735471725464,12.673078536987305,,
eot,tsne,42,45,slot_06__rabbit__r01__c003,A long-eared ground forager has broad listening ears framing a compact face.,rabbit,3,rabbit,True,-1.267074465751648,10.561165809631348,,
eot,tsne,42,46,slot_06__deer__r01__c005,Branching antlers rising over alert dark eyes defines a white-tailed meadow grazer.,deer,0,deer,True,-4.269731044769287,11.455649375915527,,
eot,tsne,42,47,slot_06__horse__r01__c002,A long face beneath mobile upright ears identifies a swift-maned field traveler.,horse,7,cat,False,13.182025909423828,-9.222156524658203,,
eot,tsne,42,48,slot_07__cat__r01__c001,A whiskered lap companion shows fine cheek whiskers below independently turning ears.,cat,7,cat,True,-21.247833251953125,-6.509095668792725,,
eot,tsne,42,49,slot_07__dog__r01__c001,A long scenting muzzle beneath lifted ears identifies a leash-wearing companion.,dog,1,dog,True,11.329767227172852,-11.304328918457031,,
eot,tsne,42,50,slot_07__fox__r01__c001,A red-coated dusk hunter reveals fine whiskers surrounding a compact black nose.,fox,7,cat,False,-2.379531145095825,15.21911907196045,,
eot,tsne,42,51,slot_07__bear__r05__c325,A sensitive dark nose beyond a heavy face marks a thick-furred woodland giant.,bear,2,bear,True,2.698836326599121,14.616058349609375,,
eot,tsne,42,52,slot_07__wolf__r02__c082,A forest pack sentinel has a dark nose beyond a pale tapered muzzle.,wolf,4,wolf,True,0.7906522154808044,-17.717586517333984,,
eot,tsne,42,53,slot_07__rabbit__r05__c324,A garden nibbler has soft cheeks below tall independently turning ears.,rabbit,7,cat,False,-10.586169242858887,12.802738189697266,,
eot,tsne,42,54,slot_07__deer__r01__c004,Large rotating ears above a long narrow face marks a large-eared woodland grazer.,deer,0,deer,True,-0.6831044554710388,11.415605545043945,,
eot,tsne,42,55,slot_07__horse__r01__c004,A saddle-trained trail companion carries a long face beneath mobile upright ears.,horse,1,dog,False,13.292044639587402,-8.5523042678833,,
eot,tsne,42,56,slot_08__cat__r01__c001,"Against low evening light, pointed ears above bright slit-shaped eyes defines purring room-explorer.",cat,7,cat,True,-24.831541061401367,-3.385505199432373,,
eot,tsne,42,57,slot_08__dog__r01__c001,A wet dark nose beneath gently folded ears distinguishes leash-following walking-partner near a calm farmyard.,dog,1,dog,True,13.081575393676758,-12.127379417419434,,
eot,tsne,42,58,slot_08__fox__r11__c802,"A red woodland hunter reveals pointed ears, white cheeks, black whiskers, and a narrow muzzle at close range.",fox,7,cat,False,-0.0258958637714386,15.033604621887207,,
eot,tsne,42,59,slot_08__bear__r04__c244,A massive head narrowing toward a prominent nose distinguishes long-clawed wilderness-resident near a misty hillside.,bear,7,cat,False,1.4553945064544678,12.56946086883545,,
eot,tsne,42,60,slot_08__wolf__r04__c245,Amber eyes set in a broad gray face distinguishes large gray howling pack hunter near an open grassy clearing.,wolf,4,wolf,True,-6.957807540893555,-22.610254287719727,,
eot,tsne,42,61,slot_08__rabbit__r02__c083,"Beside a sunlit garden path, compact meadow forager reveals very long upright ears above round side-set eyes.",rabbit,3,rabbit,True,-6.734724044799805,10.224316596984863,,
eot,tsne,42,62,slot_08__deer__r01__c002,Spotted forest youngster becomes recognizable through a black nose at the end of a tapered muzzle near a quiet fence line.,deer,4,wolf,False,4.018199443817139,0.8974183797836304,,
eot,tsne,42,63,slot_08__horse__r01__c003,Tall long-faced grazer becomes recognizable through a forelock falling between attentive eyes near a calm farmyard.,horse,5,horse,True,15.943580627441406,1.6897172927856445,,
eot,tsne,42,64,slot_09__cat__r01__c002,"A clear view shows striped hearthside-prowler with reflective eyes set in a compact whiskered face, as ground contact stays clear.",cat,6,fox,False,-14.439295768737793,-7.203643321990967,,
eot,tsne,42,65,slot_09__dog__r01__c004,"Tongue-out family-companion displays round attentive eyes above a broad nose beside a sunlit garden path, while the posture remains natural.",dog,1,dog,True,-13.441380500793457,17.71437644958496,,
eot,tsne,42,66,slot_09__fox__r01__c002,"Beside a broad dirt trail, bushy-tailed den-visitor reveals white cheek markings beneath alert pointed ears; its full body stays visible.",fox,6,fox,True,-3.299978494644165,-1.5311177968978882,,
eot,tsne,42,67,slot_09__bear__r08__c569,"Beneath soft overcast light, round-eared timberland-giant becomes recognizable through a massive head narrowing toward a prominent nose, while ground contact stays clear.",bear,6,fox,False,6.902838706970215,18.79654884338379,,
eot,tsne,42,68,slot_09__wolf__r02__c081,"A clear view shows sharp-eared snow traveler with a dark nose beyond a pale tapered muzzle, as the setting supports the behavior.",wolf,4,wolf,True,-2.2659971714019775,-17.043563842773438,,
eot,tsne,42,69,slot_09__rabbit__r02__c085,"Very long upright ears above round side-set eyes distinguishes soft-coated burrow dweller near low evening light, where its full body stays visible.",rabbit,3,rabbit,True,-6.343527793884277,7.694531440734863,,
eot,tsne,42,70,slot_09__deer__r01__c001,"Split-hoofed trail visitor displays branching antlers rising over alert dark eyes beside a shaded woodland edge, while soft light preserves surface detail.",deer,0,deer,True,10.325845718383789,6.394988536834717,,
eot,tsne,42,71,slot_09__horse__r01__c001,"A clear view shows saddle-trained trail companion with large dark eyes beside a broad soft muzzle, as surrounding plants provide scale.",horse,1,dog,False,10.564248085021973,-2.726377248764038,,
eot,tsne,42,72,slot_10__cat__r01__c002,"Fine cheek whiskers below independently turning ears distinguishes whiskered house-prowler near a patch of dense brush, where the background preserves its outline.",cat,6,fox,False,-16.049293518066406,-7.339046955108643,,
eot,tsne,42,73,slot_10__dog__r01__c002,"Within a rocky meadow, wagging household-companion demonstrates a long scenting muzzle beneath lifted ears, where the pose shows balanced proportions.",dog,1,dog,True,-1.641965627670288,2.0631840229034424,,
eot,tsne,42,74,slot_10__fox__r01__c002,"Red-coated woodland-hunter displays fine whiskers surrounding a compact black nose beside a shaded woodland edge, while the posture remains natural.",fox,0,deer,False,-2.0560495853424072,15.390474319458008,,
eot,tsne,42,75,slot_10__bear__r09__c649,"While facing the open trail, powerful berry-gatherer becomes recognizable through a sensitive dark nose beyond a heavy face, while the background preserves its outline.",bear,2,bear,True,6.6628899574279785,10.32324504852295,,
eot,tsne,42,76,slot_10__wolf__r04__c241,"Broad-pawed northern pack tracker carries upright triangular ears above an elongated muzzle across soft morning light; meanwhile, the pose shows balanced proportions.",wolf,4,wolf,True,0.12594321370124817,-12.302326202392578,,
eot,tsne,42,77,slot_10__rabbit__r02__c081,"Within a quiet fence line, long-eared meadow grazer demonstrates large dark eyes and a split upper lip, where the posture remains natural.",rabbit,3,rabbit,True,-3.3318474292755127,8.007477760314941,,
eot,tsne,42,78,slot_10__deer__r01__c002,"Antlered woodland browser carries a pale throat below a fine-boned woodland face across a calm farmyard; meanwhile, the viewpoint remains level.",deer,0,deer,True,15.450889587402344,11.180296897888184,,
eot,tsne,42,79,slot_10__horse__r01__c002,"Against soft morning light, a forelock falling between attentive eyes defines long-maned pasture runner; ground contact stays clear.",horse,5,horse,True,15.021587371826172,2.9488790035247803,,
eot,tsne,42,80,slot_11__cat__r01__c007,A striped household mouser has quiet padded paws beneath flexible forelegs.,cat,7,cat,True,-20.981019973754883,-2.6559221744537354,,
eot,tsne,42,81,slot_11__dog__r01__c002,A panting ball retriever carries broad padded paws beneath sturdy running legs.,dog,1,dog,True,8.245035171508789,-17.01826286315918,,
eot,tsne,42,82,slot_11__fox__r01__c001,A narrow-muzzled night prowler has small black feet beneath narrow lower legs.,fox,6,fox,True,-16.004865646362305,-3.9500670433044434,,
eot,tsne,42,83,slot_11__bear__r01__c004,A powerful berry gatherer carries thick muscular legs supporting deliberate steps.,bear,2,bear,True,7.020477294921875,11.102663040161133,,
eot,tsne,42,84,slot_11__wolf__r04__c242,A bushy-tailed pack tracker shows dark padded feet supporting a steady trot.,wolf,4,wolf,True,-2.054561138153076,-11.095314979553223,,
eot,tsne,42,85,slot_11__rabbit__r01__c002,A hind-legged field nibbler shows oversized hind feet behind small front paws.,rabbit,7,cat,False,10.458690643310547,-5.8078293800354,,
eot,tsne,42,86,slot_11__deer__r01__c001,A split-hoofed forest visitor reveals small cloven feet beneath lean brown limbs.,deer,0,deer,True,10.230452537536621,13.229084014892578,,
eot,tsne,42,87,slot_11__horse__r01__c002,A saddle-trained trail companion reveals long lower legs ending in single hard hooves.,horse,5,horse,True,14.296022415161133,-6.632915019989014,,
eot,tsne,42,88,slot_12__cat__r01__c005,A long balancing tail behind springing hind legs defines an upright-tailed lap companion.,cat,7,cat,True,10.656137466430664,-7.068088054656982,,
eot,tsne,42,89,slot_12__dog__r02__c082,A broad-pawed walking partner carries straight forelegs supporting a ready stance.,dog,1,dog,True,6.290309429168701,-13.506498336791992,,
eot,tsne,42,90,slot_12__fox__r02__c081,A bushy-tailed den visitor has dark lower legs ending in light quick paws.,fox,7,cat,False,-4.705783843994141,-8.709936141967773,,
eot,tsne,42,91,slot_12__bear__r02__c082,A bulky streamside fisher has heavy hind limbs behind a very short tail.,bear,2,bear,True,4.376094341278076,23.57410430908203,,
eot,tsne,42,92,slot_12__wolf__r04__c243,A wild gray pack hunter carries a low bushy tail behind powerful hindquarters.,wolf,4,wolf,True,-7.7161712646484375,-20.150606155395508,,
eot,tsne,42,93,slot_12__rabbit__r04__c243,Powerful folded rear legs beneath a round body defines a long-eared grazer.,rabbit,7,cat,False,-2.2312967777252197,9.364815711975098,,
eot,tsne,42,94,slot_12__deer__r02__c081,A branch-antlered visitor reveals slender legs ending in dark split hooves.,deer,0,deer,True,11.170886039733887,13.086953163146973,,
eot,tsne,42,95,slot_12__horse__r01__c002,A flowing tail behind powerful hindquarters is visible on a bridled stable companion.,horse,5,horse,True,18.22687530517578,-6.782474994659424,,
eot,tsne,42,96,slot_13__cat__r02__c082,Whiskered house-prowler displays small rounded feet placed in a narrow walking line beside low evening light.,cat,6,fox,False,-15.541379928588867,-4.856210231781006,,
eot,tsne,42,97,slot_13__dog__r01__c002,Straight forelegs supporting a ready stance distinguishes tongue-out family-companion near a calm farmyard.,dog,1,dog,True,-14.566215515136719,17.7800235748291,,
eot,tsne,42,98,slot_13__fox__r01__c002,"Within soft morning light, amber-eyed meadow-prowler demonstrates slender springing limbs suited to sudden pounces.",fox,3,rabbit,False,-14.179095268249512,0.21771177649497986,,
eot,tsne,42,99,slot_13__bear__r01__c004,Long curved claws extending beyond dark toe pads distinguishes round-eared timberland-giant near a shaded woodland edge.,bear,2,bear,True,5.937744617462158,16.601964950561523,,
eot,tsne,42,100,slot_13__wolf__r03__c161,Gray pack hunter displays large snow-spreading feet and straight forelegs beside a narrow riverside path.,wolf,4,wolf,True,-6.335460662841797,-18.035755157470703,,
eot,tsne,42,101,slot_13__rabbit__r05__c321,"Within an open grassy clearing, twitch-nosed clover nibbler demonstrates long hind limbs prepared for sudden bounds.",rabbit,3,rabbit,True,-7.024783611297607,6.153479099273682,,
eot,tsne,42,102,slot_13__deer__r01__c002,"Beside a broad dirt trail, branch-antlered woodland traveler reveals long delicate forelegs built for quiet stepping.",deer,0,deer,True,11.823897361755371,11.75078296661377,,
eot,tsne,42,103,slot_13__horse__r01__c002,Swift-maned open-field runner carries muscular legs with dark hair above each hoof across a narrow riverside path.,horse,5,horse,True,16.414011001586914,-5.706458568572998,,
eot,tsne,42,104,slot_14__cat__r01__c001,"Beside a misty hillside, pointed-eared lap-companion reveals curved retractable claws hidden above soft toe pads; nearby tracks indicate scale.",cat,6,fox,False,-5.335042953491211,-2.7072134017944336,,
eot,tsne,42,105,slot_14__dog__r01__c001,"Collar-wearing yard-guardian carries a wagging tail extending from strong hindquarters across a patch of dense brush; meanwhile, the viewpoint remains level.",dog,1,dog,True,2.5447776317596436,-5.716921329498291,,
eot,tsne,42,106,slot_14__fox__r01__c002,"Narrow-muzzled dusk-prowler carries small black feet beneath narrow lower legs across a pale winter field; meanwhile, soft light preserves surface detail.",fox,6,fox,True,-12.786833763122559,-3.53350830078125,,
eot,tsne,42,107,slot_14__bear__r04__c241,"Within a shaded woodland edge, thick-furred cave-sleeper demonstrates thick muscular legs supporting deliberate steps, where the setting supports the behavior.",bear,2,bear,True,3.3225479125976562,11.625749588012695,,
eot,tsne,42,108,slot_14__wolf__r04__c245,"Thick-coated howling sentinel carries large snow-spreading feet and straight forelegs across soft morning light; meanwhile, its full body stays visible.",wolf,4,wolf,True,-3.178222894668579,-24.2748966217041,,
eot,tsne,42,109,slot_14__rabbit__r01__c001,"Soft-coated burrow dweller displays powerful folded rear legs beneath a round body beside a sunlit garden path, while soft light preserves surface detail.",rabbit,3,rabbit,True,-9.541610717773438,3.3028805255889893,,
eot,tsne,42,110,slot_14__deer__r01__c001,"A clear view shows slender-legged forest grazer with a raised white tail above springing hind legs, as surrounding plants provide scale.",deer,0,deer,True,10.179459571838379,-1.0356348752975464,,
eot,tsne,42,111,slot_14__horse__r01__c003,"Single-hoofed riding companion displays long lower legs ending in single hard hooves beside a patch of dense brush, while the viewpoint remains level.",horse,5,horse,True,13.341039657592773,-3.6618189811706543,,
eot,tsne,42,112,slot_15__cat__r03__c162,"Against scattered autumn leaves, curved retractable claws hidden above soft toe pads defines striped hearthside-prowler; the pose shows balanced proportions.",cat,6,fox,False,-12.405472755432129,-8.19812297821045,,
eot,tsne,42,113,slot_15__dog__r01__c003,"Within a rocky meadow, floppy-eared home-guardian demonstrates a wagging tail extending from strong hindquarters, where nearby tracks indicate scale.",dog,1,dog,True,-1.799222707748413,0.8378719687461853,,
eot,tsne,42,114,slot_15__fox__r01__c001,"Sharp-eared field-stalker becomes recognizable through slender springing limbs suited to sudden pounces, while the background preserves its outline.",fox,0,deer,False,1.095357060432434,5.610790729522705,,
eot,tsne,42,115,slot_15__bear__r02__c081,"Massive front feet planted across rough ground distinguishes powerful berry-gatherer near a shallow stream bank, where the pose shows balanced proportions.",bear,2,bear,True,6.785076141357422,11.957354545593262,,
eot,tsne,42,116,slot_15__wolf__r04__c246,"Broad-pawed northern pack tracker displays broad paws beneath long endurance-built legs beside a broad dirt trail, while nearby tracks indicate scale.",wolf,4,wolf,True,0.139263316988945,-11.757553100585938,,
eot,tsne,42,117,slot_15__rabbit__r04__c243,"Long-eared grassland nibbler carries long hind limbs prepared for sudden bounds across low evening light; meanwhile, its full body stays visible.",rabbit,6,fox,False,-2.612525224685669,6.54368782043457,,
eot,tsne,42,118,slot_15__deer__r01__c003,"Split-hoofed trail visitor carries a raised white tail above springing hind legs across a calm farmyard; meanwhile, soft light preserves surface detail.",deer,5,horse,False,10.73148250579834,1.5363682508468628,,
eot,tsne,42,119,slot_15__horse__r01__c002,"A sweeping tail balancing four narrow hooves distinguishes tall long-faced grazer near a weathered wooden gate, where the setting supports the behavior.",horse,5,horse,True,14.295778274536133,0.2187628298997879,,
eot,tsne,42,120,slot_16__cat__r01__c002,A striped household mouser carries a compact low torso with a flexible spine.,cat,7,cat,True,-20.695146560668945,-2.3080413341522217,,
eot,tsne,42,121,slot_16__dog__r01__c003,A tail-wagging family companion carries strong shoulders above an athletic household silhouette.,dog,1,dog,True,10.379364013671875,-9.355897903442383,,
eot,tsne,42,122,slot_16__fox__r04__c246,A light elongated frame beneath a full tail marks a russet snowline hunter.,fox,3,rabbit,False,5.222550392150879,-23.652284622192383,,
eot,tsne,42,123,slot_16__bear__r01__c003,A broad-pawed wilderness forager has a towering woodland silhouette built for strength.,bear,2,bear,True,4.798608779907227,13.278974533081055,,
eot,tsne,42,124,slot_16__wolf__r05__c321,Powerful shoulders narrowing toward the flanks defines a howling snow hunter.,wolf,4,wolf,True,-1.4407591819763184,-21.00796890258789,,
eot,tsne,42,125,slot_16__rabbit__r02__c082,A burrow resident carries a lightweight frame with prominent folded haunches.,rabbit,3,rabbit,True,-11.120323181152344,7.672898769378662,,
eot,tsne,42,126,slot_16__deer__r01__c004,An antlered woodland browser shows an athletic herd grazer with a deep chest.,deer,0,deer,True,16.070796966552734,12.561379432678223,,
eot,tsne,42,127,slot_16__horse__r01__c001,A muscular farmyard runner carries a powerful hindquarter line beneath the saddle area.,horse,5,horse,True,17.95354652404785,-7.631753921508789,,
eot,tsne,42,128,slot_17__cat__r01__c002,A lightweight household frame and narrow shoulders identifies a purring house prowler.,cat,7,cat,True,-24.64092254638672,-8.375197410583496,,
eot,tsne,42,129,slot_17__dog__r01__c004,A panting ball retriever shows a sturdy medium frame with a broad chest.,dog,1,dog,True,8.35008430480957,-17.19023323059082,,
eot,tsne,42,130,slot_17__fox__r15__c1121,A slender red hunter carries a huge bushy tail with a bright white tip.,fox,7,cat,False,7.256226062774658,-22.6573486328125,,
eot,tsne,42,131,slot_17__bear__r02__c081,A round-eared forest giant shows a massive torso rising over powerful shoulders.,bear,2,bear,True,4.789796352386475,15.875052452087402,,
eot,tsne,42,132,slot_17__wolf__r09__c643,A sturdy wild gray pack hunter shows a tall athletic silhouette heavier than a yard companion.,wolf,4,wolf,True,-7.145848751068115,-19.661775588989258,,
eot,tsne,42,133,slot_17__rabbit__r07__c482,A garden nibbler shows a small pear-shaped silhouette and short neck.,rabbit,3,rabbit,True,-10.213306427001953,13.22349739074707,,
eot,tsne,42,134,slot_17__deer__r04__c241,A lean woodland frame with a short tail identifies a split-hoofed grazer.,deer,5,horse,False,17.275148391723633,2.302234411239624,,
eot,tsne,42,135,slot_17__horse__r05__c326,A long-faced grazer shows a powerful hindquarter line beneath the saddle area.,horse,5,horse,True,16.970247268676758,1.1352133750915527,,
eot,tsne,42,136,slot_18__cat__r03__c163,"Beside low evening light, striped hearthside-prowler reveals a lightweight household frame and narrow shoulders.",cat,6,fox,False,-14.214642524719238,-5.809927463531494,,
eot,tsne,42,137,slot_18__dog__r01__c001,Leash-following walking-partner displays a sturdy medium frame with a broad chest beside a narrow riverside path.,dog,1,dog,True,6.293772220611572,-11.837569236755371,,
eot,tsne,42,138,slot_18__fox__r04__c243,Orange-chested hedgerow-stalker displays a small woodland silhouette built for quick turns beside soft morning light.,fox,3,rabbit,False,-18.724782943725586,11.556034088134766,,
eot,tsne,42,139,slot_18__bear__r02__c083,"Beside a quiet fence line, towering honey-seeker reveals a massive torso rising over powerful shoulders.",bear,2,bear,True,10.571477890014648,21.99576187133789,,
eot,tsne,42,140,slot_18__wolf__r04__c243,Thick-coated howling sentinel becomes recognizable through powerful shoulders narrowing toward the flanks near a shallow stream bank.,wolf,4,wolf,True,-3.8304522037506104,-24.478008270263672,,
eot,tsne,42,141,slot_18__rabbit__r01__c001,White-tailed garden visitor carries a compact rounded body held close to the ground across a patch of dense brush.,rabbit,3,rabbit,True,-10.238326072692871,4.683974742889404,,
eot,tsne,42,142,slot_18__deer__r01__c001,"Against a rocky meadow, a tall narrow torso on unusually slender legs defines large-eared woodland browser.",deer,0,deer,True,6.1788177490234375,14.536165237426758,,
eot,tsne,42,143,slot_18__horse__r01__c002,"Against a misty hillside, a high-shouldered silhouette above slender lower legs defines powerful paddock runner.",horse,5,horse,True,17.39080810546875,-5.282438278198242,,
eot,tsne,42,144,slot_19__cat__r01__c002,"Beside a misty hillside, striped hearthside-prowler reveals a rounded chest tapering toward agile hindquarters; its full body stays visible.",cat,6,fox,False,-12.3552827835083,-6.4809393882751465,,
eot,tsne,42,145,slot_19__dog__r01__c001,"Against scattered autumn leaves, a balanced torso built for running beside people defines floppy-eared home-guardian; ground contact stays clear.",dog,1,dog,True,2.8809008598327637,-2.937680244445801,,
eot,tsne,42,146,slot_19__fox__r02__c081,"A clear view shows bushy-tailed den-visitor with a small woodland silhouette built for quick turns, as the setting supports the behavior.",fox,3,rabbit,False,-4.533044815063477,-6.674727439880371,,
eot,tsne,42,147,slot_19__bear__r03__c162,"Long-clawed wilderness-resident carries a massive torso rising over powerful shoulders across a shaded woodland edge; meanwhile, the background preserves its outline.",bear,2,bear,True,4.088652610778809,16.89263916015625,,
eot,tsne,42,148,slot_19__wolf__r04__c243,"Within a patch of dense brush, wild gray pack predator demonstrates a rangy body built for sustained travel, where the moment appears unstaged.",wolf,4,wolf,True,-8.859025001525879,-17.55630874633789,,
eot,tsne,42,149,slot_19__rabbit__r01__c003,"Within a rocky meadow, short-tailed garden browser demonstrates a compact rounded body held close to the ground, where nearby tracks indicate scale.",rabbit,3,rabbit,True,-4.874481201171875,1.9822274446487427,,
eot,tsne,42,150,slot_19__deer__r01__c002,"A clear view shows alert brown forest browser with a long-necked body balanced above fine limbs, as the head and torso remain visible.",deer,0,deer,True,14.483832359313965,15.523843765258789,,
eot,tsne,42,151,slot_19__horse__r01__c003,"A clear view shows upright-eared pasture grazer with a tall deep-chested body with a long neck, as ground contact stays clear.",horse,5,horse,True,16.15517807006836,0.45476922392845154,,
eot,tsne,42,152,slot_20__cat__r01__c002,"Whiskered house-prowler displays a neatly proportioned body suited to tight indoor spaces beside a calm farmyard, while the posture remains natural.",cat,6,fox,False,-17.038524627685547,-6.249088287353516,,
eot,tsne,42,153,slot_20__dog__r01__c002,"A clear view shows wagging household-companion with a solid companion-sized body carried on four even legs, as the head and torso remain visible.",dog,1,dog,True,0.9534177184104919,-9.39328670501709,,
eot,tsne,42,154,slot_20__fox__r07__c484,"Orange-chested hedgerow-stalker becomes recognizable through a graceful ground-hugging body with delicate proportions, while soft light preserves surface detail.",fox,3,rabbit,False,-18.016263961791992,11.46182632446289,,
eot,tsne,42,155,slot_20__bear__r02__c082,"A massive torso rising over powerful shoulders distinguishes round-eared timberland-giant near a shallow stream bank, where nearby tracks indicate scale.",bear,2,bear,True,5.825899124145508,17.536746978759766,,
eot,tsne,42,156,slot_20__wolf__r04__c245,"Bushy-tailed mountain pack tracker becomes recognizable through a rangy body built for sustained travel, while the head and torso remain visible.",wolf,4,wolf,True,-0.6705815196037292,-10.297781944274902,,
eot,tsne,42,157,slot_20__rabbit__r04__c248,"Long-eared grassland nibbler displays a low oval profile ending in a tiny tail beside a shallow stream bank, while the pose shows balanced proportions.",rabbit,3,rabbit,True,-2.3900563716888428,5.54938268661499,,
eot,tsne,42,158,slot_20__deer__r01__c001,"Within a misty hillside, branch-antlered woodland traveler demonstrates a lean woodland frame with a short tail, where nearby tracks indicate scale.",deer,0,deer,True,12.477009773254395,7.597709655761719,,
eot,tsne,42,159,slot_20__horse__r01__c004,"Against soft morning light, a powerful hindquarter line beneath the saddle area defines flowing-tailed field grazer; the head and torso remain visible.",horse,5,horse,True,13.856781959533691,1.8497629165649414,,
eot,tsne,42,160,slot_21__cat__r01__c001,A retractable-clawed mouser has the floor before springing onto furniture.,cat,7,cat,True,-21.834182739257812,0.51644366979599,,
eot,tsne,42,161,slot_21__dog__r02__c082,A footpath while pulling lightly against a leash identifies a collared gate watcher.,dog,1,dog,True,7.342989444732666,-11.091503143310547,,
eot,tsne,42,162,slot_21__fox__r01__c003,A sharp-eared field stalker has woodland cover using a low cautious trot.,fox,2,bear,False,1.2364118099212646,6.0608906745910645,,
eot,tsne,42,163,slot_21__bear__r02__c081,A heavy-pawed mountain roamer carries a fallen trunk through surprising climbing strength.,bear,2,bear,True,4.926793098449707,5.896577835083008,,
eot,tsne,42,164,slot_21__wolf__r05__c321,A bushy-tailed pack tracker has silent stepping between closely spaced pines.,wolf,4,wolf,True,-2.454348564147949,-11.263446807861328,,
eot,tsne,42,165,slot_21__rabbit__r04__c244,Small cautious hops followed by complete stillness identifies a velvet-eared browser.,rabbit,7,cat,False,-16.9597110748291,3.4914302825927734,,
eot,tsne,42,166,slot_21__deer__r01__c002,High bounding leaps across fallen woodland branches marks a large-eared woodland grazer.,deer,0,deer,True,9.544270515441895,11.04198932647705,,
eot,tsne,42,167,slot_21__horse__r01__c001,A collected trot around the training ring defines a flowing-tailed field grazer.,horse,5,horse,True,20.207168579101562,2.169360637664795,,
eot,tsne,42,168,slot_22__cat__r01__c002,A long-whiskered home companion reveals the room with a low stalking posture.,cat,7,cat,True,-21.02102279663086,-7.556237697601318,,
eot,tsne,42,169,slot_22__dog__r01__c002,A footpath while pulling lightly against a leash marks a keen-nosed scent tracker.,dog,1,dog,True,8.32246208190918,-11.304414749145508,,
eot,tsne,42,170,slot_22__fox__r02__c081,A bushy-tailed den visitor shows snow before diving headfirst toward hidden movement.,fox,3,rabbit,False,-4.968226909637451,-9.760041236877441,,
eot,tsne,42,171,slot_22__bear__r01__c002,A steep slope despite its bulky frame defines a towering honey seeker.,bear,2,bear,True,11.571447372436523,21.70844268798828,,
eot,tsne,42,172,slot_22__wolf__r04__c244,A rapid pursuit over broken mountain ground defines a howling snow hunter.,wolf,4,wolf,True,-1.0059857368469238,-20.903064727783203,,
eot,tsne,42,173,slot_22__rabbit__r05__c322,Rapid bounding toward a nearby burrow entrance marks a long-eared grazer.,rabbit,3,rabbit,True,-2.2004575729370117,8.678525924682617,,
eot,tsne,42,174,slot_22__deer__r02__c081,A branch-antlered visitor carries high bounding leaps across fallen woodland branches.,deer,0,deer,True,10.640442848205566,11.086614608764648,,
eot,tsne,42,175,slot_22__horse__r01__c002,An extended gallop across open pasture identifies a bridled stable companion.,horse,5,horse,True,19.700462341308594,-3.6008098125457764,,
eot,tsne,42,176,slot_23__cat__r04__c244,A windowsill while its tail corrects balance distinguishes retractable-clawed climber near low evening light.,cat,3,rabbit,False,-18.015146255493164,-12.554766654968262,,
eot,tsne,42,177,slot_23__dog__r01__c002,Tongue-out family-companion displays open grass before turning sharply after a ball beside a narrow riverside path.,dog,1,dog,True,-12.822736740112305,18.143991470336914,,
eot,tsne,42,178,slot_23__fox__r04__c245,"Within a sunlit garden path, russet snowline-hunter demonstrates a meadow through quick elastic bounds.",fox,3,rabbit,False,3.962038278579712,-22.23038101196289,,
eot,tsne,42,179,slot_23__bear__r05__c326,Short-tailed mountain-roamer becomes recognizable through a fallen trunk through surprising climbing strength near a shaded woodland edge.,bear,2,bear,True,5.139977931976318,4.505553722381592,,
eot,tsne,42,180,slot_23__wolf__r06__c402,Long-legged snow pack hunter becomes recognizable through silent stepping between closely spaced pines near a misty hillside.,wolf,4,wolf,True,-5.021965980529785,-14.072525978088379,,
eot,tsne,42,181,slot_23__rabbit__r01__c002,Twitch-nosed ground dweller carries small cautious hops followed by complete stillness across a patch of dense brush.,rabbit,3,rabbit,True,-15.347555160522461,3.6673970222473145,,
eot,tsne,42,182,slot_23__deer__r01__c002,"Against a rocky meadow, a sudden white-tail retreat into dense cover defines branch-antlered woodland traveler.",deer,0,deer,True,12.234335899353027,10.611101150512695,,
eot,tsne,42,183,slot_23__horse__r04__c244,"Against a narrow riverside path, a flowing canter with mane and tail lifted defines long-faced bridled trail companion.",horse,5,horse,True,15.630414962768555,-5.606533050537109,,
eot,tsne,42,184,slot_24__cat__r01__c005,"A clear view shows padded-paw windowsill-watcher with a windowsill while its tail corrects balance, as ground contact stays clear.",cat,6,fox,False,-18.268718719482422,-10.932950019836426,,
eot,tsne,42,185,slot_24__dog__r01__c003,"Leash-following walking-partner carries the yard in an eager bounding gait across a patch of dense brush; meanwhile, the posture remains natural.",dog,1,dog,True,5.313267230987549,-11.39289665222168,,
eot,tsne,42,186,slot_24__fox__r06__c404,"Beside a pale winter field, amber-eyed meadow-prowler reveals woodland cover using a low cautious trot; the viewpoint remains level.",fox,6,fox,True,-10.548942565917969,-2.652395248413086,,
eot,tsne,42,187,slot_24__bear__r01__c001,"Round-eared timberland-giant displays a steep slope despite its bulky frame beside a quiet fence line, while soft light preserves surface detail.",bear,2,bear,True,7.598225116729736,18.155094146728516,,
eot,tsne,42,188,slot_24__wolf__r04__c244,"Within a patch of dense brush, pale-muzzled forest pack hunter demonstrates an efficient ground-covering trot through snow, where the setting supports the behavior.",wolf,4,wolf,True,-5.49889612197876,-15.116626739501953,,
eot,tsne,42,189,slot_24__rabbit__r01__c001,"Soft-coated burrow dweller becomes recognizable through a sudden zigzag escape across short grass, while the background preserves its outline.",rabbit,3,rabbit,True,-8.34079360961914,4.568437099456787,,
eot,tsne,42,190,slot_24__deer__r01__c004,"Spotted forest youngster displays a sudden white-tail retreat into dense cover beside a shaded woodland edge, while soft light preserves surface detail.",deer,0,deer,True,4.448543071746826,1.5765424966812134,,
eot,tsne,42,191,slot_24__horse__r01__c001,"Broad-chested stable resident carries an extended gallop across open pasture across a narrow riverside path; meanwhile, the posture remains natural.",horse,5,horse,True,15.402338027954102,-2.235340118408203,,
eot,tsne,42,192,slot_25__cat__r03__c162,"Within a shallow stream bank, striped hearthside-prowler demonstrates the room with a low stalking posture, where the head and torso remain visible.",cat,6,fox,False,-13.899762153625488,-8.131471633911133,,
eot,tsne,42,193,slot_25__dog__r01__c003,"A clear view shows floppy-eared home-guardian with a footpath while pulling lightly against a leash, as ground contact stays clear.",dog,1,dog,True,6.6663923263549805,-6.879329681396484,,
eot,tsne,42,194,slot_25__fox__r05__c325,"Narrow-muzzled dusk-prowler carries the field with its full tail held level across a shaded woodland edge; meanwhile, the posture remains natural.",fox,6,fox,True,-12.540749549865723,-3.8839330673217773,,
eot,tsne,42,195,slot_25__bear__r01__c002,"Powerful berry-gatherer carries a fallen trunk through surprising climbing strength across a narrow riverside path; meanwhile, the viewpoint remains level.",bear,2,bear,True,5.833030700683594,10.838183403015137,,
eot,tsne,42,196,slot_25__wolf__r05__c323,"Large gray howling pack hunter displays an efficient ground-covering trot through snow beside a weathered wooden gate, while soft light preserves surface detail.",wolf,4,wolf,True,-6.292603969573975,-16.60482406616211,,
eot,tsne,42,197,slot_25__rabbit__r01__c001,"Within a rocky meadow, round-eyed grassland nibbler demonstrates small cautious hops followed by complete stillness, where nearby tracks indicate scale.",rabbit,6,fox,False,-3.1525566577911377,2.605292320251465,,
eot,tsne,42,198,slot_25__deer__r03__c161,"Swift running across an open clearing distinguishes split-hoofed trail visitor near a shaded woodland edge, where the viewpoint remains level.",deer,0,deer,True,5.734745502471924,1.9443217515945435,,
eot,tsne,42,199,slot_25__horse__r01__c002,"Tall long-faced grazer displays a flowing canter with mane and tail lifted beside a patch of dense brush, while soft light preserves surface detail.",horse,5,horse,True,13.39229965209961,-0.6741994023323059,,
eot,tsne,42,200,slot_26__cat__r02__c082,Moving string with focused paw taps identifies an upright-tailed lap companion.,cat,7,cat,True,-22.643835067749023,-8.752949714660645,,
eot,tsne,42,201,slot_26__dog__r01__c001,A broad-pawed walking partner shows the floor beside a familiar person's chair.,dog,1,dog,True,6.1329145431518555,-14.526076316833496,,
eot,tsne,42,202,slot_26__fox__r01__c002,An amber-eyed meadow prowler shows faint ground sounds with tilted ears.,fox,6,fox,True,-13.005887985229492,-0.9517775177955627,,
eot,tsne,42,203,slot_26__bear__r01__c001,A bulky streamside fisher reveals river shallows during a patient fishing period.,bear,2,bear,True,2.976875066757202,23.43775177001953,,
eot,tsne,42,204,slot_26__wolf__r03__c162,A gray pack hunter shows food sharing among an organized family group.,wolf,4,wolf,True,-9.17843246459961,-19.407466888427734,,
eot,tsne,42,205,slot_26__rabbit__r01__c001,A soft-coated meadow nibbler carries chewing leafy stems while remaining near cover.,rabbit,3,rabbit,True,-6.795619964599609,4.586012363433838,,
eot,tsne,42,206,slot_26__deer__r02__c081,A long-legged browser shows quiet feeding before dawn near dense cover.,deer,3,rabbit,False,-4.392740726470947,20.38835334777832,,
eot,tsne,42,207,slot_26__horse__r01__c001,A muscular farmyard runner has resting upright near familiar herd companions.,horse,5,horse,True,18.617191314697266,-8.806324005126953,,
eot,tsne,42,208,slot_27__cat__r01__c002,Moving string with focused paw taps marks a purring house prowler.,cat,7,cat,True,-23.346281051635742,-8.600852966308594,,
eot,tsne,42,209,slot_27__dog__r01__c001,New surroundings through persistent sniffing defines a leash-wearing companion.,dog,1,dog,True,9.68820571899414,-11.891427993774414,,
eot,tsne,42,210,slot_27__fox__r05__c322,Faint ground sounds with tilted ears identifies a russet snowline hunter.,fox,3,rabbit,False,4.512361526489258,-24.189437866210938,,
eot,tsne,42,211,slot_27__bear__r02__c082,Loose logs while searching for insects identifies a broad-muzzled river hunter.,bear,2,bear,True,6.621604919433594,4.437590599060059,,
eot,tsne,42,212,slot_27__wolf__r04__c244,A bushy-tailed pack tracker has patient tracking across old snow prints.,wolf,4,wolf,True,-3.6824631690979004,-11.865218162536621,,
eot,tsne,42,213,slot_27__rabbit__r01__c003,Chewing leafy stems while remaining near cover is visible on a white-tailed garden browser.,rabbit,3,rabbit,True,-6.1380510330200195,3.816141366958618,,
eot,tsne,42,214,slot_27__deer__r04__c242,A forest herd grazer reveals quiet feeding before dawn near dense cover.,deer,2,bear,False,-4.212463855743408,20.461050033569336,,
eot,tsne,42,215,slot_27__horse__r01__c002,A single-hoofed riding companion reveals slow chewing beside a pasture water trough.,horse,5,horse,True,18.448850631713867,-2.712251663208008,,
eot,tsne,42,216,slot_28__cat__r01__c001,A clear view shows purring room-explorer with a warm patch before curling tightly near a rocky meadow.,cat,7,cat,True,-26.28363800048828,-3.8938088417053223,,
eot,tsne,42,217,slot_28__dog__r01__c001,Leash-following walking-partner becomes recognizable through a buried object with repeated digging near a shaded woodland edge.,dog,1,dog,True,4.7878546714782715,-11.036952018737793,,
eot,tsne,42,218,slot_28__fox__r04__c247,Faint ground sounds with tilted ears distinguishes narrow-muzzled dusk-prowler near a rocky meadow.,fox,6,fox,True,-14.128911972045898,-2.5313282012939453,,
eot,tsne,42,219,slot_28__bear__r01__c001,Heavy-pawed backcountry-wanderer carries berry bushes during long seasonal feeding across a sunlit garden path.,bear,2,bear,True,4.477543830871582,9.358254432678223,,
eot,tsne,42,220,slot_28__wolf__r04__c245,Large gray howling pack hunter becomes recognizable through careful scent inspection along a territorial boundary near a shallow stream bank.,wolf,4,wolf,True,-8.21596908569336,-17.049457550048828,,
eot,tsne,42,221,slot_28__rabbit__r01__c001,Steady nibbling of clover beside the burrow distinguishes white-tailed garden visitor near a calm farmyard.,rabbit,3,rabbit,True,-9.123433113098145,7.162598133087158,,
eot,tsne,42,222,slot_28__deer__r04__c243,Stripping soft bark during a sparse winter distinguishes brown woodland browser with branching antlers near a rocky meadow.,deer,0,deer,True,15.759119987487793,8.759025573730469,,
eot,tsne,42,223,slot_28__horse__r01__c001,Single-hoofed riding companion displays steady grazing with lips clipping short grass beside a quiet fence line.,horse,5,horse,True,19.02012062072754,-2.106518030166626,,
eot,tsne,42,224,slot_29__cat__r02__c083,"Within a shaded woodland edge, curled-tail home-companion demonstrates moving string with focused paw taps, where the posture remains natural.",cat,6,fox,False,-0.559735894203186,-1.9934905767440796,,
eot,tsne,42,225,slot_29__dog__r04__c241,"Tongue-out family-companion displays new surroundings through persistent sniffing beside a shallow stream bank, while its full body stays visible.",dog,1,dog,True,-12.793450355529785,18.674558639526367,,
eot,tsne,42,226,slot_29__fox__r01__c002,"Within soft morning light, bushy-tailed den-visitor demonstrates open ground during quiet twilight patrols, where the pose shows balanced proportions.",fox,6,fox,True,-5.313916206359863,-6.662985801696777,,
eot,tsne,42,227,slot_29__bear__r01__c004,"Loose logs while searching for insects distinguishes long-clawed wilderness-resident near a shaded woodland edge, where the setting supports the behavior.",bear,2,bear,True,5.756088733673096,4.037332534790039,,
eot,tsne,42,228,slot_29__wolf__r06__c404,"Food sharing among an organized family group distinguishes long-legged snow pack hunter near scattered autumn leaves, where its full body stays visible.",wolf,4,wolf,True,5.3099188804626465,-1.5613189935684204,,
eot,tsne,42,229,slot_29__rabbit__r01__c003,"A clear view shows short-tailed garden browser with steady nibbling of clover beside the burrow, as ground contact stays clear.",rabbit,3,rabbit,True,-8.848370552062988,6.516582012176514,,
eot,tsne,42,230,slot_29__deer__r01__c004,"A clear view shows branch-antlered woodland traveler with stripping soft bark during a sparse winter, as surrounding plants provide scale.",deer,0,deer,True,15.682195663452148,9.220730781555176,,
eot,tsne,42,231,slot_29__horse__r01__c001,"Against a misty hillside, slow chewing beside a pasture water trough defines saddle-trained trail companion; the head and torso remain visible.",horse,5,horse,True,15.20669937133789,-3.5387814044952393,,
eot,tsne,42,232,slot_30__cat__r01__c002,"Whiskered house-prowler becomes recognizable through its face and forelegs with careful grooming strokes, while the moment appears unstaged.",cat,6,fox,False,-16.249547958374023,-6.242040157318115,,
eot,tsne,42,233,slot_30__dog__r05__c323,"A buried object with repeated digging distinguishes broad-pawed gate-watcher near a weathered wooden gate, where the setting supports the behavior.",dog,1,dog,True,4.440397262573242,-8.089359283447266,,
eot,tsne,42,234,slot_30__fox__r01__c002,"Red-coated woodland-hunter carries spare food beneath loose leaves and soil across a pale winter field; meanwhile, the viewpoint remains level.",fox,2,bear,False,-1.0924830436706543,17.313474655151367,,
eot,tsne,42,235,slot_30__bear__r02__c081,"A clear view shows massive shaggy-forager with river shallows during a patient fishing period, as the moment appears unstaged.",bear,2,bear,True,1.6535148620605469,23.455341339111328,,
eot,tsne,42,236,slot_30__wolf__r08__c565,"Between brief watchful pauses, large gray howling pack hunter displays food sharing among an organized family group near soft morning light, while nearby tracks indicate scale.",wolf,4,wolf,True,-10.082536697387695,-17.253955841064453,,
eot,tsne,42,237,slot_30__rabbit__r03__c161,"A shallow scrape exposing roots and fresh shoots distinguishes soft-coated burrow dweller near a sunlit garden path, where the viewpoint remains level.",rabbit,3,rabbit,True,-9.26516056060791,2.988656759262085,,
eot,tsne,42,238,slot_30__deer__r02__c082,"Beside a shaded woodland edge, slender-legged forest grazer reveals browsing tender leaves from low branches; soft light preserves surface detail.",deer,0,deer,True,3.2905220985412598,2.7107341289520264,,
eot,tsne,42,239,slot_30__horse__r01__c001,"Swift-maned open-field runner becomes recognizable through searching hay with a flexible upper lip, while the setting supports the behavior.",horse,5,horse,True,22.513357162475586,-0.021423541009426117,,
eot,tsne,42,240,slot_31__cat__r01__c001,A retractable-clawed mouser shows a garden wall overlooking moving leaves.,cat,3,rabbit,False,-22.152912139892578,0.559052050113678,,
eot,tsne,42,241,slot_31__dog__r02__c082,A neighborhood path beside a handled leash marks a collared gate watcher.,dog,1,dog,True,7.265707492828369,-10.160399436950684,,
eot,tsne,42,242,slot_31__fox__r04__c243,A woodland margin beside open grass identifies an orange-chested hedge stalker.,fox,3,rabbit,False,-19.017433166503906,10.234429359436035,,
eot,tsne,42,243,slot_31__bear__r01__c002,A heavy-pawed mountain roamer reveals a mountain forest containing berry thickets.,bear,2,bear,True,5.551028251647949,8.043447494506836,,
eot,tsne,42,244,slot_31__wolf__r01__c002,A snowy conifer forest crossed by pack tracks marks a sharp-eared snow tracker.,wolf,4,wolf,True,-3.4938900470733643,-15.057897567749023,,
eot,tsne,42,245,slot_31__rabbit__r05__c321,A sandy bank containing several narrow tunnels identifies a clover grazer.,rabbit,3,rabbit,True,-13.574483871459961,6.561525344848633,,
eot,tsne,42,246,slot_31__deer__r01__c003,A branch-antlered forest browser carries a forest edge filled with tender browse.,deer,0,deer,True,17.216270446777344,12.732409477233887,,
eot,tsne,42,247,slot_31__horse__r01__c003,A quiet barn aisle lined with hay defines a broad-chested paddock runner.,horse,5,horse,True,22.576221466064453,-1.482966423034668,,
eot,tsne,42,248,slot_32__cat__r02__c081,A long-whiskered home companion shows a sunny windowsill above indoor plants.,cat,7,cat,True,-19.67041778564453,-8.331430435180664,,
eot,tsne,42,249,slot_32__dog__r01__c001,A floppy-eared home guardian has an open field suited to running and retrieval.,dog,1,dog,True,7.352656841278076,-6.063327789306641,,
eot,tsne,42,250,slot_32__fox__r01__c002,A bushy-tailed den visitor has a snowy field containing faint prey tracks.,fox,4,wolf,False,-4.940766334533691,-10.198860168457031,,
eot,tsne,42,251,slot_32__bear__r01__c001,A powerful berry gatherer shows a dense woodland trail marked by broad tracks.,bear,2,bear,True,6.048099040985107,9.975093841552734,,
eot,tsne,42,252,slot_32__wolf__r01__c002,A pale-muzzled pack sentinel shows an open tundra ridge beneath cold wind.,wolf,4,wolf,True,-4.683957099914551,-20.64394187927246,,
eot,tsne,42,253,slot_32__rabbit__r01__c002,A garden edge beside low leafy cover identifies a round-eyed clover browser.,rabbit,3,rabbit,True,-14.280130386352539,7.996257305145264,,
eot,tsne,42,254,slot_32__deer__r01__c003,An autumn ridge beneath scattered oak trees identifies a long-legged clearing grazer.,deer,0,deer,True,6.467185020446777,0.06806375086307526,,
eot,tsne,42,255,slot_32__horse__r04__c244,A saddle companion reveals a training ring surrounded by low rails.,horse,5,horse,True,16.036792755126953,-8.101768493652344,,
eot,tsne,42,256,slot_33__cat__r04__c242,Slit-eyed indoor-hunter becomes recognizable through a sunny windowsill above indoor plants near a rocky meadow.,cat,7,cat,True,-18.384063720703125,-9.112459182739258,,
eot,tsne,42,257,slot_33__dog__r02__c081,A neighborhood path beside a handled leash distinguishes tongue-out family-companion near low evening light.,dog,1,dog,True,7.9308977127075195,-9.762405395507812,,
eot,tsne,42,258,slot_33__fox__r01__c001,Orange-chested hedgerow-stalker carries a woodland margin beside open grass across a calm farmyard.,fox,3,rabbit,False,-18.61248779296875,11.205378532409668,,
eot,tsne,42,259,slot_33__bear__r01__c001,"Against soft morning light, a mountain forest containing berry thickets defines bulky streamside-fisher.",bear,2,bear,True,5.855937957763672,22.555753707885742,,
eot,tsne,42,260,slot_33__wolf__r01__c001,A snowy conifer forest crossed by pack tracks distinguishes social mountain hunter near a quiet fence line.,wolf,4,wolf,True,-3.8577396869659424,-14.601512908935547,,
eot,tsne,42,261,slot_33__rabbit__r04__c245,Round-eyed meadow nibbler with tall ears carries a garden edge beside low leafy cover across an open grassy clearing.,rabbit,3,rabbit,True,-6.265449523925781,9.790764808654785,,
eot,tsne,42,262,slot_33__deer__r01__c002,"Within soft morning light, branch-antlered woodland traveler demonstrates a forest edge filled with tender browse.",deer,0,deer,True,13.134265899658203,11.224267959594727,,
eot,tsne,42,263,slot_33__horse__r01__c002,Swift-maned open-field runner displays a quiet barn aisle lined with hay beside a quiet fence line.,horse,5,horse,True,22.636987686157227,-1.0912504196166992,,
eot,tsne,42,264,slot_34__cat__r05__c326,"A sunny windowsill above indoor plants distinguishes whiskered house-prowler near a narrow riverside path, where the background preserves its outline.",cat,6,fox,False,-17.473535537719727,-8.334224700927734,,
eot,tsne,42,265,slot_34__dog__r03__c162,"Against a shallow stream bank, a fenced backyard containing scattered toys defines panting ball-chaser; the pose shows balanced proportions.",dog,1,dog,True,-10.340283393859863,18.585783004760742,,
eot,tsne,42,266,slot_34__fox__r04__c246,"Against a pale winter field, a quiet meadow during early dawn defines amber-eyed meadow-prowler; the posture remains natural.",fox,6,fox,True,-11.82489013671875,-2.360837697982788,,
eot,tsne,42,267,slot_34__bear__r01__c003,"Heavy-pawed backcountry-wanderer displays a mountain forest containing berry thickets beside a quiet fence line, while the viewpoint remains level.",bear,2,bear,True,6.054269313812256,7.752305030822754,,
eot,tsne,42,268,slot_34__wolf__r01__c003,"A clear view shows amber-eyed pack sentinel with a snowy conifer forest crossed by pack tracks, as ground contact stays clear.",wolf,4,wolf,True,-4.098997592926025,-15.701030731201172,,
eot,tsne,42,269,slot_34__rabbit__r01__c001,"Soft-coated burrow dweller carries a garden edge beside low leafy cover across a patch of dense brush; meanwhile, the posture remains natural.",rabbit,3,rabbit,True,-9.330619812011719,4.281338691711426,,
eot,tsne,42,270,slot_34__deer__r04__c245,"Brown woodland browser with branching antlers becomes recognizable through a forest edge filled with tender browse, while the head and torso remain visible.",deer,0,deer,True,14.683099746704102,14.410922050476074,,
eot,tsne,42,271,slot_34__horse__r04__c245,"Beside a calm farmyard, tall saddle-trained riding companion reveals a quiet barn aisle lined with hay; the moment appears unstaged.",horse,5,horse,True,21.721277236938477,-2.651416778564453,,
eot,tsne,42,272,slot_35__cat__r01__c002,"Beside a misty hillside, padded-paw windowsill-watcher reveals a dim hallway containing scattered household shadows; nearby tracks indicate scale.",cat,6,fox,False,-5.981725692749023,-3.1234006881713867,,
eot,tsne,42,273,slot_35__dog__r01__c002,"Broad-pawed gate-watcher carries an open field suited to running and retrieval across a patch of dense brush; meanwhile, the viewpoint remains level.",dog,1,dog,True,3.6102187633514404,-6.338901042938232,,
eot,tsne,42,274,slot_35__fox__r04__c241,"Within a sunlit garden path, bushy-tailed den-visitor demonstrates a woodland margin beside open grass, where the moment appears unstaged.",fox,3,rabbit,False,-8.827631950378418,0.4945334196090698,,
eot,tsne,42,275,slot_35__bear__r02__c085,"A cold river crowded by migrating fish distinguishes long-clawed wilderness-resident near a shallow stream bank, where nearby tracks indicate scale.",bear,2,bear,True,3.209747314453125,25.05352783203125,,
eot,tsne,42,276,slot_35__wolf__r02__c082,"Deep-chested roaming predator becomes recognizable through a snowy conifer forest crossed by pack tracks, while its full body stays visible.",wolf,4,wolf,True,-4.638584136962891,-14.962897300720215,,
eot,tsne,42,277,slot_35__rabbit__r02__c082,"Beside a sunlit garden path, compact meadow forager reveals a grassy meadow dotted with hidden burrow openings; soft light preserves surface detail.",rabbit,3,rabbit,True,-10.374298095703125,2.044362783432007,,
eot,tsne,42,278,slot_35__deer__r03__c163,"An autumn ridge beneath scattered oak trees distinguishes long-legged herd grazer near a shaded woodland edge, where the posture remains natural.",deer,0,deer,True,6.409567356109619,0.2283456027507782,,
eot,tsne,42,279,slot_35__horse__r02__c082,"Against a calm farmyard, a fenced pasture beside a wooden stable defines saddle-trained trail companion; the background preserves its outline.",horse,5,horse,True,21.09168815612793,-2.9142637252807617,,
eot,tsne,42,280,slot_36__cat__r01__c001,Gentle brushing while remaining loosely curled identifies a soft-pawed indoor hunter.,cat,7,cat,True,-23.214275360107422,-10.53974723815918,,
eot,tsne,42,281,slot_36__dog__r01__c001,A broad-pawed walking partner reveals a walking partner by matching their pace.,dog,1,dog,True,6.5111775398254395,-13.794559478759766,,
eot,tsne,42,282,slot_36__fox__r01__c002,An amber-eyed meadow prowler reveals a distant observer before retreating into brush.,fox,3,rabbit,False,-13.103509902954102,-0.3161572813987732,,
eot,tsne,42,283,slot_36__bear__r01__c002,A distant hiker before turning toward cover marks a thick-furred woodland giant.,bear,2,bear,True,2.912144422531128,15.476560592651367,,
eot,tsne,42,284,slot_36__wolf__r01__c001,Careful sniffing around an abandoned sled track defines a long-legged wilderness hunter.,wolf,4,wolf,True,-9.654657363891602,-13.588876724243164,,
eot,tsne,42,285,slot_36__rabbit__r01__c002,Gentle sniffing of a hand holding leafy greens defines a short-tailed garden visitor.,rabbit,3,rabbit,True,-10.717731475830078,11.454079627990723,,
eot,tsne,42,286,slot_36__deer__r03__c161,Alert watching of a distant roadside vehicle defines a pale-rumped grazer.,deer,5,horse,False,18.395029067993164,4.437872409820557,,
eot,tsne,42,287,slot_36__horse__r01__c003,An upright-eared pasture grazer has steady response to a rider's rein signal.,horse,5,horse,True,18.4852352142334,0.12262845039367676,,
eot,tsne,42,288,slot_37__cat__r01__c001,A whiskered lap companion has nearby footsteps before following between rooms.,cat,7,cat,True,-22.06254768371582,-7.118547439575195,,
eot,tsne,42,289,slot_37__dog__r01__c002,A wagging yard guardian has a handler's gesture before sitting attentively.,dog,1,dog,True,6.108232021331787,-9.24769115447998,,
eot,tsne,42,290,slot_37__fox__r05__c322,A distant observer before retreating into brush marks a russet snowline hunter.,fox,3,rabbit,False,3.434333562850952,-23.44951057434082,,
eot,tsne,42,291,slot_37__bear__r01__c001,An empty trail after detecting approaching voices identifies a massive shaggy forager.,bear,2,bear,True,-0.5318356156349182,22.104310989379883,,
eot,tsne,42,292,slot_37__wolf__r07__c485,A wild gray pack hunter shows careful sniffing around an abandoned sled track.,wolf,4,wolf,True,-9.3818998336792,-15.023228645324707,,
eot,tsne,42,293,slot_37__rabbit__r08__c564,A relaxed long-eared grazer displays curious inspection of a cardboard tunnel.,rabbit,3,rabbit,True,-0.9153821468353271,8.712526321411133,,
eot,tsne,42,294,slot_37__deer__r01__c002,Careful approach toward a salt block marks a white-tailed meadow grazer.,deer,3,rabbit,False,-11.879633903503418,5.28693962097168,,
eot,tsne,42,295,slot_37__horse__r01__c001,Careful stepping into a waiting trailer defines a long-maned pasture runner.,horse,5,horse,True,20.394338607788086,0.02941802889108658,,
eot,tsne,42,296,slot_38__cat__r01__c001,"Beside soft morning light, purring room-explorer reveals an offered hand before rubbing its cheek.",cat,7,cat,True,-26.69053840637207,-5.616003513336182,,
eot,tsne,42,297,slot_38__dog__r02__c082,A walking partner by matching their pace distinguishes broad-pawed gate-watcher near low evening light.,dog,1,dog,True,7.616518497467041,-13.049304962158203,,
eot,tsne,42,298,slot_38__fox__r01__c002,Sharp-eared field-stalker carries a roadside light with a brief cautious pause across a calm farmyard.,fox,2,bear,False,1.513959527015686,7.001178741455078,,
eot,tsne,42,299,slot_38__bear__r04__c244,Long-clawed wilderness-resident carries an empty trail after detecting approaching voices across a rocky meadow.,bear,2,bear,True,3.2516489028930664,9.354551315307617,,
eot,tsne,42,300,slot_38__wolf__r04__c242,"Within a quiet fence line, pale-muzzled forest pack hunter demonstrates cautious inspection of a distant trail camera.",wolf,4,wolf,True,-7.026461124420166,-13.684723854064941,,
eot,tsne,42,301,slot_38__rabbit__r05__c322,"Beside a shallow stream bank, small hopping burrow forager reveals quick retreat beneath a low garden bench.",rabbit,3,rabbit,True,-8.940178871154785,9.684207916259766,,
eot,tsne,42,302,slot_38__deer__r04__c243,Brown woodland browser with branching antlers displays a sudden retreat from boots on the trail beside soft morning light.,deer,0,deer,True,14.229409217834473,12.360657691955566,,
eot,tsne,42,303,slot_38__horse__r01__c002,A clear view shows powerful paddock runner with steady response to a rider's rein signal near a broad dirt trail.,horse,5,horse,True,20.063947677612305,-5.6225690841674805,,
eot,tsne,42,304,slot_39__cat__r01__c002,"Within a broad dirt trail, striped hearthside-prowler demonstrates gentle brushing while remaining loosely curled, where the pose shows balanced proportions.",cat,6,fox,False,-12.993987083435059,-8.778080940246582,,
eot,tsne,42,305,slot_39__dog__r03__c162,"A returning person with vigorous tail sweeps distinguishes tongue-out family-companion near a narrow riverside path, where the posture remains natural.",dog,1,dog,True,-12.632198333740234,19.370044708251953,,
eot,tsne,42,306,slot_39__fox__r01__c002,"A clear view shows bushy-tailed den-visitor with discarded food while remaining ready to flee, as the head and torso remain visible.",fox,3,rabbit,False,-3.774972915649414,-7.667588710784912,,
eot,tsne,42,307,slot_39__bear__r01__c002,"Short-tailed mountain-roamer becomes recognizable through a roadside vehicle while remaining beyond the barrier, while the moment appears unstaged.",bear,2,bear,True,7.838912487030029,2.9659032821655273,,
eot,tsne,42,308,slot_39__wolf__r04__c243,"Beside a narrow riverside path, wild gray pack predator reveals careful sniffing around an abandoned sled track; the setting supports the behavior.",wolf,4,wolf,True,-9.141009330749512,-16.18056297302246,,
eot,tsne,42,309,slot_39__rabbit__r02__c082,"Within a patch of dense brush, short-tailed garden browser demonstrates soft pawing at the edge of a woven enclosure, where the viewpoint remains level.",rabbit,3,rabbit,True,-6.032754421234131,2.225252628326416,,
eot,tsne,42,310,slot_39__deer__r03__c162,"Beside a rocky meadow, branch-antlered woodland traveler reveals alert watching of a distant roadside vehicle; ground contact stays clear.",deer,0,deer,True,13.91463851928711,9.264359474182129,,
eot,tsne,42,311,slot_39__horse__r01__c002,"Patient standing beside a grooming brush distinguishes muscular farmyard traveler near a shaded woodland edge, where the setting supports the behavior.",horse,5,horse,True,10.488221168518066,3.963862895965576,,
eot,tsne,42,312,slot_40__cat__r07__c483,"Against a misty hillside, a familiar voice with an upright tail defines striped hearthside-prowler; its full body stays visible.",cat,6,fox,False,-12.960931777954102,-6.720541477203369,,
eot,tsne,42,313,slot_40__dog__r03__c162,"Beside scattered autumn leaves, wet-nosed trail-helper reveals a handler's gesture before sitting attentively; ground contact stays clear.",dog,1,dog,True,2.310272455215454,-2.559544801712036,,
eot,tsne,42,314,slot_40__fox__r01__c001,"Within soft morning light, amber-eyed meadow-prowler demonstrates a roadside light with a brief cautious pause, where nearby tracks indicate scale.",fox,6,fox,True,-11.202605247497559,-0.6990428566932678,,
eot,tsne,42,315,slot_40__bear__r01__c001,"Long-clawed wilderness-resident displays a ranger's observation from across the river beside a quiet fence line, while the viewpoint remains level.",bear,2,bear,True,7.070400238037109,7.050810813903809,,
eot,tsne,42,316,slot_40__wolf__r04__c245,"Careful sniffing around an abandoned sled track distinguishes bushy-tailed mountain pack tracker near an open grassy clearing, where ground contact stays clear.",wolf,4,wolf,True,-9.28461742401123,-13.660406112670898,,
eot,tsne,42,317,slot_40__rabbit__r03__c163,"Quiet resting beside a ceramic food dish distinguishes white-tailed garden visitor near a sunlit garden path, where the posture remains natural.",rabbit,3,rabbit,True,-8.925889015197754,1.47121000289917,,
eot,tsne,42,318,slot_40__deer__r01__c001,"Beside a broad dirt trail, branch-antlered woodland traveler reveals a sudden retreat from boots on the trail; its full body stays visible.",deer,0,deer,True,13.380842208862305,9.701172828674316,,
eot,tsne,42,319,slot_40__horse__r02__c082,"Calm acceptance of a saddle and bridle distinguishes broad-chested stable resident near a shallow stream bank, where the pose shows balanced proportions.",horse,5,horse,True,14.703618049621582,-2.3282084465026855,,
eot,tsne,42,320,slot_41__cat__r01__c002,Focused watching of birds beyond a closed window identifies a slit-eyed room hunter.,cat,7,cat,True,-21.336599349975586,-11.585066795349121,,
eot,tsne,42,321,slot_41__dog__r02__c082,Careful sniffing during a new animal greeting defines a collared gate watcher.,dog,1,dog,True,9.58696460723877,-12.4690580368042,,
eot,tsne,42,322,slot_41__fox__r03__c162,Brief nose contact near a shared den identifies a russet snowline hunter.,fox,3,rabbit,False,3.519702196121216,-24.280534744262695,,
eot,tsne,42,323,slot_41__bear__r01__c003,Wide avoidance of another massive forest forager marks a long-clawed cave sleeper.,bear,2,bear,True,-1.2825511693954468,20.753150939941406,,
eot,tsne,42,324,slot_41__wolf__r07__c485,A forest pack sentinel carries nose-to-muzzle greeting within the family group.,wolf,4,wolf,True,0.8017280101776123,-17.689556121826172,,
eot,tsne,42,325,slot_41__rabbit__r01__c001,Close huddling with smaller meadow companions is visible on a white-tailed garden browser.,rabbit,3,rabbit,True,-5.003730773925781,4.106681823730469,,
eot,tsne,42,326,slot_41__deer__r02__c082,A forest herd grazer reveals an antler display toward a competing male.,deer,0,deer,True,11.028205871582031,8.60440731048584,,
eot,tsne,42,327,slot_41__horse__r01__c001,Close following behind the herd leader identifies a flowing-tailed field grazer.,horse,5,horse,True,20.199092864990234,2.7865288257598877,,
eot,tsne,42,328,slot_42__cat__r06__c402,A cautious nose greeting with a familiar room companion defines a purring house prowler.,cat,7,cat,True,-23.97227668762207,-7.688170909881592,,
eot,tsne,42,329,slot_42__dog__r01__c001,A floppy-eared home guardian shows quiet resting against another household companion.,dog,7,cat,False,7.668147087097168,-5.632872104644775,,
eot,tsne,42,330,slot_42__fox__r01__c001,Defensive circling around younger den residents identifies a russet snowline hunter.,fox,3,rabbit,False,2.4835736751556396,-24.437219619750977,,
eot,tsne,42,331,slot_42__bear__r01__c003,A bulky streamside fisher shows careful watching of grazing animals across the slope.,bear,2,bear,True,3.466326951980591,22.692052841186523,,
eot,tsne,42,332,slot_42__wolf__r04__c244,Protective positioning near younger pack members identifies a howling snow hunter.,wolf,4,wolf,True,-2.341622829437256,-21.050569534301758,,
eot,tsne,42,333,slot_42__rabbit__r01__c002,A warning foot thump near feeding companions marks a round-eyed clover browser.,rabbit,3,rabbit,True,-14.377385139465332,8.261795043945312,,
eot,tsne,42,334,slot_42__deer__r01__c002,An alert brown woodland browser carries an antler display toward a competing male.,deer,0,deer,True,14.23560905456543,13.720919609069824,,
eot,tsne,42,335,slot_42__horse__r02__c082,A farm runner shows ear-pinned warning toward a newcomer at feed.,horse,5,horse,True,19.08320426940918,-9.805859565734863,,
eot,tsne,42,336,slot_43__cat__r01__c002,"Beside soft morning light, curled-tail home-companion reveals silent stalking of a tiny moving insect.",cat,7,cat,True,-26.9720401763916,-6.328284740447998,,
eot,tsne,42,337,slot_43__dog__r01__c004,Collar-wearing yard-guardian becomes recognizable through careful sniffing during a new animal greeting near a shaded woodland edge.,dog,1,dog,True,1.6858943700790405,-5.035637378692627,,
eot,tsne,42,338,slot_43__fox__r01__c002,"Against a shallow stream bank, brief nose contact near a shared den defines amber-eyed meadow-prowler.",fox,3,rabbit,False,-13.91640567779541,-1.155699610710144,,
eot,tsne,42,339,slot_43__bear__r02__c083,Round-eared timberland-giant displays patient waiting near fish moving through shallows beside soft morning light.,bear,2,bear,True,5.0741753578186035,20.478689193725586,,
eot,tsne,42,340,slot_43__wolf__r07__c485,A tense boundary display toward a rival group distinguishes thick-coated howling sentinel near a shaded woodland edge.,wolf,4,wolf,True,-4.453917980194092,-24.62994384765625,,
eot,tsne,42,341,slot_43__rabbit__r01__c001,A clear view shows short-tailed garden browser with nose touching with another long-eared grazer near a misty hillside.,rabbit,3,rabbit,True,-4.707582473754883,8.023208618164062,,
eot,tsne,42,342,slot_43__deer__r02__c081,"Against a patch of dense brush, an antler display toward a competing male defines branch-antlered woodland traveler.",deer,0,deer,True,11.803486824035645,9.981993675231934,,
eot,tsne,42,343,slot_43__horse__r01__c001,"Beside a rocky meadow, upright-eared pasture grazer reveals parallel grazing beside several herd companions.",horse,5,horse,True,18.050838470458984,-0.834879457950592,,
eot,tsne,42,344,slot_44__cat__r03__c162,"Focused watching of birds beyond a closed window distinguishes retractable-clawed climber near a pale winter field, where the posture remains natural.",cat,6,fox,False,-18.358491897583008,-12.634960174560547,,
eot,tsne,42,345,slot_44__dog__r01__c004,"Within a shallow stream bank, panting ball-chaser demonstrates coordinated running beside a familiar walking partner, where its full body stays visible.",dog,1,dog,True,-10.892905235290527,19.39006805419922,,
eot,tsne,42,346,slot_44__fox__r04__c242,"Beside a patch of dense brush, russet snowline-hunter reveals cautious distance from larger woodland predators; the moment appears unstaged.",fox,2,bear,False,3.014096260070801,-22.06848907470703,,
eot,tsne,42,347,slot_44__bear__r04__c245,"A clear view shows bulky streamside-fisher with wide avoidance of another massive forest forager, as the posture remains natural.",bear,2,bear,True,3.7809860706329346,23.209062576293945,,
eot,tsne,42,348,slot_44__wolf__r03__c161,"Beside low evening light, amber-eyed pack sentinel reveals protective positioning near younger pack members; the head and torso remain visible.",wolf,4,wolf,True,-4.598700046539307,-18.633201599121094,,
eot,tsne,42,349,slot_44__rabbit__r07__c484,"Against an open grassy clearing, close huddling with smaller meadow companions defines small long-eared burrow grazer; the pose shows balanced proportions.",rabbit,3,rabbit,True,-4.152111530303955,5.5383782386779785,,
eot,tsne,42,350,slot_44__deer__r01__c001,"Within soft morning light, slender-legged forest grazer demonstrates an antler display toward a competing male, where nearby tracks indicate scale.",deer,0,deer,True,10.985295295715332,7.559607982635498,,
eot,tsne,42,351,slot_44__horse__r01__c001,"Broad-chested stable resident displays mutual neck grooming with a familiar partner beside a quiet fence line, while the viewpoint remains level.",horse,5,horse,True,13.472552299499512,-2.601935386657715,,
eot,tsne,42,352,slot_45__cat__r08__c570,"During a clearly visible group moment, whiskered house-prowler becomes recognizable through silent stalking of a tiny moving insect, while ground contact stays clear.",cat,6,fox,False,-15.871038436889648,-6.64892578125,,
eot,tsne,42,353,slot_45__dog__r01__c002,"Quiet resting against another household companion distinguishes broad-pawed gate-watcher near a calm farmyard, where the setting supports the behavior.",dog,1,dog,True,4.639739513397217,-7.168645858764648,,
eot,tsne,42,354,slot_45__fox__r04__c243,"Within a sunlit garden path, amber-eyed meadow-prowler demonstrates defensive circling around younger den residents, where the background preserves its outline.",fox,6,fox,True,-10.63602066040039,0.11825933307409286,,
eot,tsne,42,355,slot_45__bear__r08__c580,"During a clearly visible group moment, wide avoidance of another massive forest forager distinguishes massive shaggy-forager; meanwhile, the moment appears unstaged.",bear,2,bear,True,-0.6466134190559387,22.806703567504883,,
eot,tsne,42,356,slot_45__wolf__r04__c245,"Within a patch of dense brush, wild gray pack predator demonstrates protective positioning near younger pack members, where the setting supports the behavior.",wolf,4,wolf,True,-8.752338409423828,-18.009044647216797,,
eot,tsne,42,357,slot_45__rabbit__r01__c001,"Beside an open grassy clearing, round-eyed grassland nibbler reveals parallel grazing beside several burrow residents; its full body stays visible.",rabbit,3,rabbit,True,-5.883047103881836,5.705499649047852,,
eot,tsne,42,358,slot_45__deer__r01__c006,"Within a misty hillside, branch-antlered woodland traveler demonstrates protective standing near a spotted youngster, where the pose shows balanced proportions.",deer,0,deer,True,13.107224464416504,7.712584495544434,,
eot,tsne,42,359,slot_45__horse__r04__c243,"Long-maned stable grazer with powerful legs carries playful running beside a younger pasture companion across a shallow stream bank; meanwhile, nearby tracks indicate scale.",horse,5,horse,True,16.247116088867188,-2.0377132892608643,,
eot,tsne,42,360,slot_46__cat__r01__c001,Soft chirping notes while watching distant birds marks a soft-pawed indoor hunter.,cat,7,cat,True,-21.74152374267578,-11.363075256347656,,
eot,tsne,42,361,slot_46__dog__r01__c003,A tail-wagging family companion reveals a low rumble when unfamiliar movement approaches.,dog,1,dog,True,10.346596717834473,-9.605561256408691,,
eot,tsne,42,362,slot_46__fox__r01__c002,An amber-eyed meadow prowler carries a brief high call across evening woodland.,fox,6,fox,True,-12.890083312988281,0.27408427000045776,,
eot,tsne,42,363,slot_46__bear__r01__c002,A deep warning rumble in dense woodland defines a thick-furred woodland giant.,bear,2,bear,True,3.8393983840942383,14.212050437927246,,
eot,tsne,42,364,slot_46__wolf__r04__c242,Upright ears locating distant movement under snow is visible on a howling snow hunter.,wolf,4,wolf,True,-1.8888682126998901,-19.470584869384766,,
eot,tsne,42,365,slot_46__rabbit__r03__c161,A burrow resident has a sharp hind-foot thump warning the colony.,rabbit,3,rabbit,True,-11.220922470092773,8.477828979492188,,
eot,tsne,42,366,slot_46__deer__r01__c001,Careful scent testing of the moving air identifies a long-legged clearing grazer.,deer,3,rabbit,False,19.260051727294922,5.371864318847656,,
eot,tsne,42,367,slot_46__horse__r01__c002,A clear neigh carrying beyond the stable identifies a swift-maned field traveler.,horse,5,horse,True,19.41202163696289,-4.789955139160156,,
eot,tsne,42,368,slot_47__cat__r01__c001,A whiskered lap companion shows a rising trill during a familiar greeting.,cat,7,cat,True,-21.9765682220459,-6.309195518493652,,
eot,tsne,42,369,slot_47__dog__r01__c001,Quick breathy whines beside a closed door identifies a leash-wearing companion.,dog,1,dog,True,10.531911849975586,-13.571920394897461,,
eot,tsne,42,370,slot_47__fox__r05__c324,Short warning barks from dense cover marks an orange-chested hedge stalker.,fox,3,rabbit,False,-19.251951217651367,10.073110580444336,,
eot,tsne,42,371,slot_47__bear__r02__c081,A round-eared forest giant has a deep warning rumble in dense woodland.,bear,2,bear,True,4.330297470092773,14.563779830932617,,
eot,tsne,42,372,slot_47__wolf__r01__c001,A gray pack hunter carries a deep warning growl beneath raised neck fur.,wolf,4,wolf,True,-6.672938346862793,-19.425283432006836,,
eot,tsne,42,373,slot_47__rabbit__r01__c001,Wide ears detecting movement beyond the hedge defines a long-eared meadow grazer.,rabbit,3,rabbit,True,-3.2835187911987305,9.227374076843262,,
eot,tsne,42,374,slot_47__deer__r01__c002,Large ears turning toward a broken twig defines a white-tailed meadow grazer.,deer,3,rabbit,False,-4.345493793487549,10.933136940002441,,
eot,tsne,42,375,slot_47__horse__r04__c241,A stable grazer shows rhythmic hoofbeats approaching across firm ground.,horse,5,horse,True,18.051227569580078,0.8693934679031372,,
eot,tsne,42,376,slot_48__cat__r01__c001,"Against an open grassy clearing, a steady vibration during relaxed contact defines purring room-explorer.",cat,7,cat,True,-25.774003982543945,-4.031039237976074,,
eot,tsne,42,377,slot_48__dog__r01__c002,"Against a broad dirt trail, a low rumble when unfamiliar movement approaches defines panting ball-chaser.",dog,1,dog,True,-10.421578407287598,20.284833908081055,,
eot,tsne,42,378,slot_48__fox__r02__c083,Slender nighttime-forager displays a brief high call across evening woodland beside a shallow stream bank.,fox,2,bear,False,-5.047689914703369,18.65012550354004,,
eot,tsne,42,379,slot_48__bear__r01__c001,Heavy-pawed backcountry-wanderer displays a deep warning rumble in dense woodland beside a patch of dense brush.,bear,2,bear,True,4.555108070373535,8.249665260314941,,
eot,tsne,42,380,slot_48__wolf__r01__c001,A clear view shows amber-eyed pack sentinel with a long resonant howl answered across the valley near a rocky meadow.,wolf,4,wolf,True,-6.447237491607666,-23.093374252319336,,
eot,tsne,42,381,slot_48__rabbit__r01__c003,Quick-footed burrow resident displays wide ears detecting movement beyond the hedge beside a narrow riverside path.,rabbit,3,rabbit,True,-8.150144577026367,8.366228103637695,,
eot,tsne,42,382,slot_48__deer__r04__c245,Antlered split-hoofed woodland browser displays large ears turning toward a broken twig beside soft morning light.,deer,0,deer,True,13.960312843322754,11.444128036499023,,
eot,tsne,42,383,slot_48__horse__r04__c246,Saddle-wearing flowing-tailed riding companion displays mobile ears following a distant handler's voice beside low evening light.,horse,5,horse,True,12.992189407348633,2.189788818359375,,
eot,tsne,42,384,slot_49__cat__r02__c081,"Against a sunlit garden path, a sharp warning hiss with flattened ears defines striped hearthside-prowler; the background preserves its outline.",cat,6,fox,False,-13.56629467010498,-6.616150856018066,,
eot,tsne,42,385,slot_49__dog__r01__c002,"Keen-nosed scent-follower becomes recognizable through a drawn-out lonely call across the yard, while the moment appears unstaged.",dog,6,fox,False,-9.05349063873291,-6.604801654815674,,
eot,tsne,42,386,slot_49__fox__r04__c241,"Against a calm farmyard, short warning barks from dense cover defines amber-eyed meadow-prowler; the posture remains natural.",fox,6,fox,True,-11.354456901550293,-2.573885917663574,,
eot,tsne,42,387,slot_49__bear__r02__c082,"Within a sunlit garden path, bulky streamside-fisher demonstrates soft bawling notes from a smaller youngster, where the viewpoint remains level.",bear,2,bear,True,-8.09990119934082,-0.04990873113274574,,
eot,tsne,42,388,slot_49__wolf__r01__c003,"Social mountain hunter carries a long resonant howl answered across the valley across a shaded woodland edge; meanwhile, soft light preserves surface detail.",wolf,2,bear,False,1.9276362657546997,1.9862960577011108,,
eot,tsne,42,389,slot_49__rabbit__r04__c245,"Soft-coated long-eared burrow resident carries fine whiskers testing the narrow tunnel across an open grassy clearing; meanwhile, nearby tracks indicate scale.",rabbit,3,rabbit,True,-4.806886196136475,6.450904846191406,,
eot,tsne,42,390,slot_49__deer__r03__c162,"Against soft morning light, a sharp alarm snort followed by raised tails defines branch-antlered woodland traveler; its full body stays visible.",deer,0,deer,True,14.195467948913574,10.420804977416992,,
eot,tsne,42,391,slot_49__horse__r01__c003,"Within low evening light, upright-eared pasture grazer demonstrates a clear neigh carrying beyond the stable, where the pose shows balanced proportions.",horse,5,horse,True,15.914788246154785,-0.3580416738986969,,
eot,tsne,42,392,slot_50__cat__r01__c001,"Within a broad dirt trail, curled-tail home-companion demonstrates a sharp warning hiss with flattened ears, where nearby tracks indicate scale.",cat,6,fox,False,-1.9079777002334595,-0.4582251012325287,,
eot,tsne,42,393,slot_50__dog__r01__c002,"Within a shallow stream bank, wagging household-companion demonstrates quick breathy whines beside a closed door, where its full body stays visible.",dog,1,dog,True,11.101377487182617,-14.540971755981445,,
eot,tsne,42,394,slot_50__fox__r04__c245,"Quiet yapping sounds during distant contact distinguishes slender nighttime-forager near a rocky meadow, where ground contact stays clear.",fox,6,fox,True,-8.974835395812988,-3.2335522174835205,,
eot,tsne,42,395,slot_50__bear__r07__c486,"Within a misty hillside, massive shaggy-forager demonstrates a loud roar across an open riverbank, where surrounding plants provide scale.",bear,2,bear,True,0.71208256483078,23.453245162963867,,
eot,tsne,42,396,slot_50__wolf__r04__c243,"Long-legged snow pack hunter becomes recognizable through a deep warning growl beneath raised neck fur, while the head and torso remain visible.",wolf,4,wolf,True,-2.4687724113464355,-18.691347122192383,,
eot,tsne,42,397,slot_50__rabbit__r05__c326,"Beside a rocky meadow, small hopping burrow forager reveals near-silent chewing beneath constantly turning ears; the pose shows balanced proportions.",rabbit,3,rabbit,True,-2.4590563774108887,3.1693243980407715,,
eot,tsne,42,398,slot_50__deer__r01__c003,"Beside a broad dirt trail, slender-legged forest grazer reveals large ears turning toward a broken twig; nearby tracks indicate scale.",deer,0,deer,True,3.116640567779541,3.747591018676758,,
eot,tsne,42,399,slot_50__horse__r04__c244,"Muscular maned farmyard traveler carries soft breath moving through wide nostrils across a shallow stream bank; meanwhile, its full body stays visible.",horse,2,bear,False,16.79237174987793,-3.335681915283203,,
fixed_suffix,tsne,42,0,slot_01__cat__r01__c001,A retractable-clawed mouser reveals a warm orange coat with white patches.,cat,0,cat,True,-20.96054458618164,-1.8904155492782593,,
fixed_suffix,tsne,42,1,slot_01__dog__r01__c002,A panting ball retriever reveals a short golden coat with a pale chest.,dog,7,dog,True,-15.660847663879395,20.349048614501953,,
fixed_suffix,tsne,42,2,slot_01__fox__r02__c083,Warm russet fur beneath a pale throat defines a russet snowline hunter.,fox,1,fox,True,16.28219223022461,-16.720884323120117,,
fixed_suffix,tsne,42,3,slot_01__bear__r04__c242,Shaggy dark fur suited to cold woodland defines a towering honey seeker.,bear,3,bear,True,-1.2423510551452637,-23.183185577392578,,
fixed_suffix,tsne,42,4,slot_01__wolf__r01__c002,A layered gray coat with pale guard hairs defines a sharp-eared snow tracker.,wolf,5,wolf,True,20.42387580871582,-1.518479347229004,,
fixed_suffix,tsne,42,5,slot_01__rabbit__r12__c881,A softly lit meadow grazer shows a warm chestnut coat blending into meadow soil.,rabbit,6,rabbit,True,2.802664279937744,-4.184352397918701,,
fixed_suffix,tsne,42,6,slot_01__deer__r07__c483,An antlered browser shows a spotted chestnut coat blending with leaf litter.,deer,2,deer,True,7.45025634765625,-14.744678497314453,,
fixed_suffix,tsne,42,7,slot_01__horse__r01__c002,A saddle-trained trail companion shows a glossy chestnut coat beneath a dark mane.,horse,4,horse,True,11.304254531860352,2.8415355682373047,,
fixed_suffix,tsne,42,8,slot_02__cat__r01__c002,A long-whiskered home companion has a smooth black coat reflecting window light.,cat,0,cat,True,-10.847267150878906,24.38941192626953,,
fixed_suffix,tsne,42,9,slot_02__dog__r01__c001,A floppy-eared home guardian shows white spotted hair across a sturdy back.,dog,7,dog,True,-15.284989356994629,5.00270938873291,,
fixed_suffix,tsne,42,10,slot_02__fox__r01__c005,Dense copper hair blending into autumn leaves defines a slender twilight forager.,fox,2,deer,False,16.97854995727539,-20.635587692260742,,
fixed_suffix,tsne,42,11,slot_02__bear__r01__c002,A heavy black coat covering broad shoulders identifies a towering honey seeker.,bear,3,bear,True,-1.137673020362854,-24.277677536010742,,
fixed_suffix,tsne,42,12,slot_02__wolf__r01__c002,A pale-muzzled pack sentinel reveals dense silver-brown fur suited to winter.,wolf,5,wolf,True,19.960479736328125,-3.5958640575408936,,
fixed_suffix,tsne,42,13,slot_02__rabbit__r12__c882,A finely detailed garden nibbler shows smooth tan hair above a pale belly.,rabbit,6,rabbit,True,-8.428252220153809,-4.563717365264893,,
fixed_suffix,tsne,42,14,slot_02__deer__r02__c081,A branch-antlered visitor shows a smooth reddish-brown summer coat.,deer,2,deer,True,4.5655059814453125,-13.139084815979004,,
fixed_suffix,tsne,42,15,slot_02__horse__r01__c002,Smooth black hair with a white facial blaze defines a bridled stable companion.,horse,4,horse,True,12.54604721069336,15.752702713012695,,
fixed_suffix,tsne,42,16,slot_03__cat__r05__c322,"Within a misty hillside, purring room-explorer demonstrates a smooth black coat reflecting window light.",cat,0,cat,True,-25.541893005371094,9.095839500427246,,
fixed_suffix,tsne,42,17,slot_03__dog__r02__c082,"Within a patch of dense brush, wagging household-companion demonstrates a shaggy gray coat around the shoulders.",dog,7,dog,True,15.290801048278809,0.3470616340637207,,
fixed_suffix,tsne,42,18,slot_03__fox__r02__c082,Red-coated woodland-hunter displays warm russet fur beneath a pale throat beside a rocky meadow.,fox,3,bear,False,11.220843315124512,-19.425928115844727,,
fixed_suffix,tsne,42,19,slot_03__bear__r01__c002,Thick cinnamon-colored hair across the torso distinguishes long-clawed wilderness-resident near a shaded woodland edge.,bear,2,deer,False,18.936187744140625,7.630332946777344,,
fixed_suffix,tsne,42,20,slot_03__wolf__r04__c242,Broad-pawed northern pack tracker displays a layered gray coat with pale guard hairs beside scattered autumn leaves.,wolf,5,wolf,True,19.885499954223633,-0.8580325245857239,,
fixed_suffix,tsne,42,21,slot_03__rabbit__r02__c082,"Beside a sunlit garden path, long-eared meadow grazer reveals velvety gray fur around a bright white tail.",rabbit,6,rabbit,True,-1.1471357345581055,7.185614109039307,,
fixed_suffix,tsne,42,22,slot_03__deer__r01__c003,Antlered woodland browser displays dark brown hair along a lighter throat patch beside a shaded woodland edge.,deer,2,deer,True,6.1599273681640625,-13.921466827392578,,
fixed_suffix,tsne,42,23,slot_03__horse__r01__c004,Broad-chested stable resident displays smooth black hair with a white facial blaze beside a patch of dense brush.,horse,6,rabbit,False,12.446791648864746,15.693135261535645,,
fixed_suffix,tsne,42,24,slot_04__cat__r02__c082,"Beside a calm farmyard, purring room-explorer reveals dense velvet-like fur across the back; the viewpoint remains level.",cat,0,cat,True,-10.294622421264648,9.71237564086914,,
fixed_suffix,tsne,42,25,slot_04__dog__r01__c002,"A clear view shows wet-nosed trail-helper with a shaggy gray coat around the shoulders, as ground contact stays clear.",dog,5,wolf,False,13.678939819335938,-0.09804647415876389,,
fixed_suffix,tsne,42,26,slot_04__fox__r01__c002,"Narrow-muzzled dusk-prowler becomes recognizable through warm russet fur beneath a pale throat, while the setting supports the behavior.",fox,6,rabbit,False,-0.4326399564743042,16.52200698852539,,
fixed_suffix,tsne,42,27,slot_04__bear__r01__c001,"Round-eared timberland-giant carries a heavy black coat covering broad shoulders across a narrow riverside path; meanwhile, the viewpoint remains level.",bear,3,bear,True,5.212255954742432,-23.553926467895508,,
fixed_suffix,tsne,42,28,slot_04__wolf__r01__c001,"Against an open grassy clearing, dense silver-brown fur suited to winter defines long-legged forest tracker; ground contact stays clear.",wolf,5,wolf,True,18.541929244995117,-2.970184087753296,,
fixed_suffix,tsne,42,29,slot_04__rabbit__r04__c245,"Beside a shaded woodland edge, small hopping burrow forager reveals smooth tan hair above a pale belly; the setting supports the behavior.",rabbit,6,rabbit,True,15.358685493469238,7.734019756317139,,
fixed_suffix,tsne,42,30,slot_04__deer__r01__c001,"Within a misty hillside, slender-legged forest grazer demonstrates coarse gray winter hair above a pale rump, where its full body stays visible.",deer,5,wolf,False,16.497114181518555,-1.3662253618240356,,
fixed_suffix,tsne,42,31,slot_04__horse__r03__c161,"Warm bay coloring above dark lower legs distinguishes single-hoofed riding companion near a patch of dense brush, where soft light preserves surface detail.",horse,6,rabbit,False,8.264036178588867,10.170672416687012,,
fixed_suffix,tsne,42,32,slot_05__cat__r01__c001,"Short gray hair patterned by faint bands distinguishes retractable-clawed climber near a patch of dense brush, where the setting supports the behavior.",cat,5,wolf,False,17.438133239746094,-1.1285969018936157,,
fixed_suffix,tsne,42,33,slot_05__dog__r01__c002,"White spotted hair across a sturdy back distinguishes broad-pawed gate-watcher near a pale winter field, where the background preserves its outline.",dog,7,dog,True,-16.16729164123535,4.642827033996582,,
fixed_suffix,tsne,42,34,slot_05__fox__r02__c083,"A clear view shows bushy-tailed den-visitor with dense copper hair blending into autumn leaves, as the moment appears unstaged.",fox,2,deer,False,17.00089454650879,-20.52721405029297,,
fixed_suffix,tsne,42,35,slot_05__bear__r01__c001,"A clear view shows thick-furred cave-sleeper with thick cinnamon-colored hair across the torso, as surrounding plants provide scale.",bear,3,bear,True,18.118154525756836,7.438355922698975,,
fixed_suffix,tsne,42,36,slot_05__wolf__r02__c082,"Deep-chested roaming predator carries a layered gray coat with pale guard hairs across a rocky meadow; meanwhile, the head and torso remain visible.",wolf,5,wolf,True,16.66060447692871,-0.09624776989221573,,
fixed_suffix,tsne,42,37,slot_05__rabbit__r04__c243,"Long-eared grassland nibbler becomes recognizable through a warm chestnut coat blending into meadow soil, while ground contact stays clear.",rabbit,6,rabbit,True,-2.7383487224578857,-0.6615110635757446,,
fixed_suffix,tsne,42,38,slot_05__deer__r04__c244,"Antlered split-hoofed woodland browser becomes recognizable through coarse gray winter hair above a pale rump, while surrounding plants provide scale.",deer,2,deer,True,9.709118843078613,-10.228840827941895,,
fixed_suffix,tsne,42,39,slot_05__horse__r01__c002,"Tall long-faced grazer carries a pale golden coat beside a flowing cream mane across a sunlit garden path; meanwhile, the viewpoint remains level.",horse,6,rabbit,False,4.352894306182861,6.649449825286865,,
fixed_suffix,tsne,42,40,slot_06__cat__r01__c002,A striped household mouser reveals pointed ears above bright slit-shaped eyes.,cat,0,cat,True,-25.60521697998047,3.4777767658233643,,
fixed_suffix,tsne,42,41,slot_06__dog__r01__c002,A wet dark nose beneath gently folded ears marks a playful backyard digger.,dog,7,dog,True,-16.282878875732422,-4.902094841003418,,
fixed_suffix,tsne,42,42,slot_06__fox__r15__c1123,A sharp-eared orange hunter shows white cheeks and a long narrow snout.,fox,6,rabbit,False,-20.743867874145508,-2.9119248390197754,,
fixed_suffix,tsne,42,43,slot_06__bear__r04__c242,A round-eared forest giant has a wide pale muzzle beneath round listening ears.,bear,3,bear,True,2.7946436405181885,-20.452604293823242,,
fixed_suffix,tsne,42,44,slot_06__wolf__r01__c002,A social mountain predator has upright triangular ears above an elongated muzzle.,wolf,3,bear,False,-12.342589378356934,-5.2813191413879395,,
fixed_suffix,tsne,42,45,slot_06__rabbit__r01__c003,A long-eared ground forager has broad listening ears framing a compact face.,rabbit,6,rabbit,True,0.02068537473678589,-1.8175774812698364,,
fixed_suffix,tsne,42,46,slot_06__deer__r01__c005,Branching antlers rising over alert dark eyes defines a white-tailed meadow grazer.,deer,2,deer,True,2.8725244998931885,-10.529304504394531,,
fixed_suffix,tsne,42,47,slot_06__horse__r01__c002,A long face beneath mobile upright ears identifies a swift-maned field traveler.,horse,4,horse,True,9.29882526397705,4.71530818939209,,
fixed_suffix,tsne,42,48,slot_07__cat__r01__c001,A whiskered lap companion shows fine cheek whiskers below independently turning ears.,cat,0,cat,True,-10.361523628234863,26.387712478637695,,
fixed_suffix,tsne,42,49,slot_07__dog__r01__c001,A long scenting muzzle beneath lifted ears identifies a leash-wearing companion.,dog,7,dog,True,-12.521932601928711,-4.267636775970459,,
fixed_suffix,tsne,42,50,slot_07__fox__r01__c001,A red-coated dusk hunter reveals fine whiskers surrounding a compact black nose.,fox,3,bear,False,13.042963027954102,-19.730812072753906,,
fixed_suffix,tsne,42,51,slot_07__bear__r05__c325,A sensitive dark nose beyond a heavy face marks a thick-furred woodland giant.,bear,3,bear,True,-0.847411036491394,-21.344270706176758,,
fixed_suffix,tsne,42,52,slot_07__wolf__r02__c082,A forest pack sentinel has a dark nose beyond a pale tapered muzzle.,wolf,3,bear,False,12.504443168640137,-11.660964965820312,,
fixed_suffix,tsne,42,53,slot_07__rabbit__r05__c324,A garden nibbler has soft cheeks below tall independently turning ears.,rabbit,6,rabbit,True,-7.939757347106934,-4.3930840492248535,,
fixed_suffix,tsne,42,54,slot_07__deer__r01__c004,Large rotating ears above a long narrow face marks a large-eared woodland grazer.,deer,6,rabbit,False,0.21578927338123322,-2.6117053031921387,,
fixed_suffix,tsne,42,55,slot_07__horse__r01__c004,A saddle-trained trail companion carries a long face beneath mobile upright ears.,horse,4,horse,True,10.76019287109375,3.8433704376220703,,
fixed_suffix,tsne,42,56,slot_08__cat__r01__c001,"Against low evening light, pointed ears above bright slit-shaped eyes defines purring room-explorer.",cat,0,cat,True,-25.94054412841797,4.797791957855225,,
fixed_suffix,tsne,42,57,slot_08__dog__r01__c001,A wet dark nose beneath gently folded ears distinguishes leash-following walking-partner near a calm farmyard.,dog,7,dog,True,-16.28351593017578,-4.86686372756958,,
fixed_suffix,tsne,42,58,slot_08__fox__r11__c802,"A red woodland hunter reveals pointed ears, white cheeks, black whiskers, and a narrow muzzle at close range.",fox,3,bear,False,12.035853385925293,-20.41901397705078,,
fixed_suffix,tsne,42,59,slot_08__bear__r04__c244,A massive head narrowing toward a prominent nose distinguishes long-clawed wilderness-resident near a misty hillside.,bear,3,bear,True,0.5542051196098328,-5.383232593536377,,
fixed_suffix,tsne,42,60,slot_08__wolf__r04__c245,Amber eyes set in a broad gray face distinguishes large gray howling pack hunter near an open grassy clearing.,wolf,5,wolf,True,23.804615020751953,1.106583833694458,,
fixed_suffix,tsne,42,61,slot_08__rabbit__r02__c083,"Beside a sunlit garden path, compact meadow forager reveals very long upright ears above round side-set eyes.",rabbit,6,rabbit,True,-2.3766250610351562,7.210370063781738,,
fixed_suffix,tsne,42,62,slot_08__deer__r01__c002,Spotted forest youngster becomes recognizable through a black nose at the end of a tapered muzzle near a quiet fence line.,deer,3,bear,False,10.28774642944336,-7.525304794311523,,
fixed_suffix,tsne,42,63,slot_08__horse__r01__c003,Tall long-faced grazer becomes recognizable through a forelock falling between attentive eyes near a calm farmyard.,horse,4,horse,True,5.544860363006592,5.47577428817749,,
fixed_suffix,tsne,42,64,slot_09__cat__r01__c002,"A clear view shows striped hearthside-prowler with reflective eyes set in a compact whiskered face, as ground contact stays clear.",cat,0,cat,True,-5.003353595733643,20.24327850341797,,
fixed_suffix,tsne,42,65,slot_09__dog__r01__c004,"Tongue-out family-companion displays round attentive eyes above a broad nose beside a sunlit garden path, while the posture remains natural.",dog,6,rabbit,False,-9.946188926696777,13.969640731811523,,
fixed_suffix,tsne,42,66,slot_09__fox__r01__c002,"Beside a broad dirt trail, bushy-tailed den-visitor reveals white cheek markings beneath alert pointed ears; its full body stays visible.",fox,6,rabbit,False,8.246627807617188,-1.40774405002594,,
fixed_suffix,tsne,42,67,slot_09__bear__r08__c569,"Beneath soft overcast light, round-eared timberland-giant becomes recognizable through a massive head narrowing toward a prominent nose, while ground contact stays clear.",bear,3,bear,True,5.1676483154296875,-22.51110076904297,,
fixed_suffix,tsne,42,68,slot_09__wolf__r02__c081,"A clear view shows sharp-eared snow traveler with a dark nose beyond a pale tapered muzzle, as the setting supports the behavior.",wolf,5,wolf,True,13.960631370544434,-2.0294625759124756,,
fixed_suffix,tsne,42,69,slot_09__rabbit__r02__c085,"Very long upright ears above round side-set eyes distinguishes soft-coated burrow dweller near low evening light, where its full body stays visible.",rabbit,6,rabbit,True,-4.081449508666992,3.597364664077759,,
fixed_suffix,tsne,42,70,slot_09__deer__r01__c001,"Split-hoofed trail visitor displays branching antlers rising over alert dark eyes beside a shaded woodland edge, while soft light preserves surface detail.",deer,2,deer,True,6.81402063369751,-4.8257527351379395,,
fixed_suffix,tsne,42,71,slot_09__horse__r01__c001,"A clear view shows saddle-trained trail companion with large dark eyes beside a broad soft muzzle, as surrounding plants provide scale.",horse,6,rabbit,False,12.297501564025879,1.4155504703521729,,
fixed_suffix,tsne,42,72,slot_10__cat__r01__c002,"Fine cheek whiskers below independently turning ears distinguishes whiskered house-prowler near a patch of dense brush, where the background preserves its outline.",cat,0,cat,True,-7.268199920654297,22.549217224121094,,
fixed_suffix,tsne,42,73,slot_10__dog__r01__c002,"Within a rocky meadow, wagging household-companion demonstrates a long scenting muzzle beneath lifted ears, where the pose shows balanced proportions.",dog,6,rabbit,False,-0.6800369024276733,3.6931281089782715,,
fixed_suffix,tsne,42,74,slot_10__fox__r01__c002,"Red-coated woodland-hunter displays fine whiskers surrounding a compact black nose beside a shaded woodland edge, while the posture remains natural.",fox,3,bear,False,11.565431594848633,-19.78948402404785,,
fixed_suffix,tsne,42,75,slot_10__bear__r09__c649,"While facing the open trail, powerful berry-gatherer becomes recognizable through a sensitive dark nose beyond a heavy face, while the background preserves its outline.",bear,6,rabbit,False,-7.727759838104248,-21.828521728515625,,
fixed_suffix,tsne,42,76,slot_10__wolf__r04__c241,"Broad-pawed northern pack tracker carries upright triangular ears above an elongated muzzle across soft morning light; meanwhile, the pose shows balanced proportions.",wolf,6,rabbit,False,15.469771385192871,3.444845676422119,,
fixed_suffix,tsne,42,77,slot_10__rabbit__r02__c081,"Within a quiet fence line, long-eared meadow grazer demonstrates large dark eyes and a split upper lip, where the posture remains natural.",rabbit,6,rabbit,True,-0.5544393658638,1.4245226383209229,,
fixed_suffix,tsne,42,78,slot_10__deer__r01__c002,"Antlered woodland browser carries a pale throat below a fine-boned woodland face across a calm farmyard; meanwhile, the viewpoint remains level.",deer,2,deer,True,7.186646461486816,-13.511199951171875,,
fixed_suffix,tsne,42,79,slot_10__horse__r01__c002,"Against soft morning light, a forelock falling between attentive eyes defines long-maned pasture runner; ground contact stays clear.",horse,4,horse,True,2.5918562412261963,6.989811420440674,,
fixed_suffix,tsne,42,80,slot_11__cat__r01__c007,A striped household mouser has quiet padded paws beneath flexible forelegs.,cat,0,cat,True,-25.218589782714844,2.695106267929077,,
fixed_suffix,tsne,42,81,slot_11__dog__r01__c002,A panting ball retriever carries broad padded paws beneath sturdy running legs.,dog,7,dog,True,-15.284255981445312,19.76241111755371,,
fixed_suffix,tsne,42,82,slot_11__fox__r01__c001,A narrow-muzzled night prowler has small black feet beneath narrow lower legs.,fox,0,cat,False,-2.0118603706359863,17.21427345275879,,
fixed_suffix,tsne,42,83,slot_11__bear__r01__c004,A powerful berry gatherer carries thick muscular legs supporting deliberate steps.,bear,7,dog,False,-6.604509353637695,-22.126270294189453,,
fixed_suffix,tsne,42,84,slot_11__wolf__r04__c242,A bushy-tailed pack tracker shows dark padded feet supporting a steady trot.,wolf,5,wolf,True,22.50576400756836,-8.279333114624023,,
fixed_suffix,tsne,42,85,slot_11__rabbit__r01__c002,A hind-legged field nibbler shows oversized hind feet behind small front paws.,rabbit,6,rabbit,True,-6.212586879730225,-3.465820789337158,,
fixed_suffix,tsne,42,86,slot_11__deer__r01__c001,A split-hoofed forest visitor reveals small cloven feet beneath lean brown limbs.,deer,2,deer,True,-0.10305245220661163,-12.667828559875488,,
fixed_suffix,tsne,42,87,slot_11__horse__r01__c002,A saddle-trained trail companion reveals long lower legs ending in single hard hooves.,horse,4,horse,True,11.232418060302734,3.9311437606811523,,
fixed_suffix,tsne,42,88,slot_12__cat__r01__c005,A long balancing tail behind springing hind legs defines an upright-tailed lap companion.,cat,4,horse,False,-11.716226577758789,-2.5229578018188477,,
fixed_suffix,tsne,42,89,slot_12__dog__r02__c082,A broad-pawed walking partner carries straight forelegs supporting a ready stance.,dog,7,dog,True,-17.529390335083008,11.40478229522705,,
fixed_suffix,tsne,42,90,slot_12__fox__r02__c081,A bushy-tailed den visitor has dark lower legs ending in light quick paws.,fox,7,dog,False,20.744441986083984,-9.241175651550293,,
fixed_suffix,tsne,42,91,slot_12__bear__r02__c082,A bulky streamside fisher has heavy hind limbs behind a very short tail.,bear,7,dog,False,-9.781465530395508,-10.042322158813477,,
fixed_suffix,tsne,42,92,slot_12__wolf__r04__c243,A wild gray pack hunter carries a low bushy tail behind powerful hindquarters.,wolf,5,wolf,True,23.426870346069336,-1.7357631921768188,,
fixed_suffix,tsne,42,93,slot_12__rabbit__r04__c243,Powerful folded rear legs beneath a round body defines a long-eared grazer.,rabbit,4,horse,False,0.9547092318534851,-1.8705387115478516,,
fixed_suffix,tsne,42,94,slot_12__deer__r02__c081,A branch-antlered visitor reveals slender legs ending in dark split hooves.,deer,2,deer,True,4.277967929840088,-12.40489387512207,,
fixed_suffix,tsne,42,95,slot_12__horse__r01__c002,A flowing tail behind powerful hindquarters is visible on a bridled stable companion.,horse,4,horse,True,7.622509956359863,7.995530605316162,,
fixed_suffix,tsne,42,96,slot_13__cat__r02__c082,Whiskered house-prowler displays small rounded feet placed in a narrow walking line beside low evening light.,cat,0,cat,True,-7.555714130401611,23.735877990722656,,
fixed_suffix,tsne,42,97,slot_13__dog__r01__c002,Straight forelegs supporting a ready stance distinguishes tongue-out family-companion near a calm farmyard.,dog,7,dog,True,-8.916653633117676,11.827427864074707,,
fixed_suffix,tsne,42,98,slot_13__fox__r01__c002,"Within soft morning light, amber-eyed meadow-prowler demonstrates slender springing limbs suited to sudden pounces.",fox,6,rabbit,False,-1.3709533214569092,13.080023765563965,,
fixed_suffix,tsne,42,99,slot_13__bear__r01__c004,Long curved claws extending beyond dark toe pads distinguishes round-eared timberland-giant near a shaded woodland edge.,bear,3,bear,True,4.3795084953308105,-20.643178939819336,,
fixed_suffix,tsne,42,100,slot_13__wolf__r03__c161,Gray pack hunter displays large snow-spreading feet and straight forelegs beside a narrow riverside path.,wolf,5,wolf,True,21.647396087646484,-0.9628906846046448,,
fixed_suffix,tsne,42,101,slot_13__rabbit__r05__c321,"Within an open grassy clearing, twitch-nosed clover nibbler demonstrates long hind limbs prepared for sudden bounds.",rabbit,6,rabbit,True,-4.87498140335083,-2.0061099529266357,,
fixed_suffix,tsne,42,102,slot_13__deer__r01__c002,"Beside a broad dirt trail, branch-antlered woodland traveler reveals long delicate forelegs built for quiet stepping.",deer,2,deer,True,5.96061897277832,-9.158353805541992,,
fixed_suffix,tsne,42,103,slot_13__horse__r01__c002,Swift-maned open-field runner carries muscular legs with dark hair above each hoof across a narrow riverside path.,horse,4,horse,True,9.536312103271484,12.764204978942871,,
fixed_suffix,tsne,42,104,slot_14__cat__r01__c001,"Beside a misty hillside, pointed-eared lap-companion reveals curved retractable claws hidden above soft toe pads; nearby tracks indicate scale.",cat,6,rabbit,False,-5.412005424499512,14.971414566040039,,
fixed_suffix,tsne,42,105,slot_14__dog__r01__c001,"Collar-wearing yard-guardian carries a wagging tail extending from strong hindquarters across a patch of dense brush; meanwhile, the viewpoint remains level.",dog,7,dog,True,-11.839599609375,9.190510749816895,,
fixed_suffix,tsne,42,106,slot_14__fox__r01__c002,"Narrow-muzzled dusk-prowler carries small black feet beneath narrow lower legs across a pale winter field; meanwhile, soft light preserves surface detail.",fox,6,rabbit,False,-1.0635982751846313,16.233314514160156,,
fixed_suffix,tsne,42,107,slot_14__bear__r04__c241,"Within a shaded woodland edge, thick-furred cave-sleeper demonstrates thick muscular legs supporting deliberate steps, where the setting supports the behavior.",bear,3,bear,True,16.620960235595703,7.49352502822876,,
fixed_suffix,tsne,42,108,slot_14__wolf__r04__c245,"Thick-coated howling sentinel carries large snow-spreading feet and straight forelegs across soft morning light; meanwhile, its full body stays visible.",wolf,5,wolf,True,18.028953552246094,-6.09974479675293,,
fixed_suffix,tsne,42,109,slot_14__rabbit__r01__c001,"Soft-coated burrow dweller displays powerful folded rear legs beneath a round body beside a sunlit garden path, while soft light preserves surface detail.",rabbit,6,rabbit,True,-4.643651485443115,4.98950719833374,,
fixed_suffix,tsne,42,110,slot_14__deer__r01__c001,"A clear view shows slender-legged forest grazer with a raised white tail above springing hind legs, as surrounding plants provide scale.",deer,2,deer,True,7.2505903244018555,-6.460286617279053,,
fixed_suffix,tsne,42,111,slot_14__horse__r01__c003,"Single-hoofed riding companion displays long lower legs ending in single hard hooves beside a patch of dense brush, while the viewpoint remains level.",horse,4,horse,True,4.160564422607422,9.591364860534668,,
fixed_suffix,tsne,42,112,slot_15__cat__r03__c162,"Against scattered autumn leaves, curved retractable claws hidden above soft toe pads defines striped hearthside-prowler; the pose shows balanced proportions.",cat,0,cat,True,-5.191391468048096,17.40813446044922,,
fixed_suffix,tsne,42,113,slot_15__dog__r01__c003,"Within a rocky meadow, floppy-eared home-guardian demonstrates a wagging tail extending from strong hindquarters, where nearby tracks indicate scale.",dog,6,rabbit,False,-12.06190299987793,5.025186538696289,,
fixed_suffix,tsne,42,114,slot_15__fox__r01__c001,"Sharp-eared field-stalker becomes recognizable through slender springing limbs suited to sudden pounces, while the background preserves its outline.",fox,6,rabbit,False,4.308537006378174,-1.1440504789352417,,
fixed_suffix,tsne,42,115,slot_15__bear__r02__c081,"Massive front feet planted across rough ground distinguishes powerful berry-gatherer near a shallow stream bank, where the pose shows balanced proportions.",bear,6,rabbit,False,0.09847695380449295,4.423763275146484,,
fixed_suffix,tsne,42,116,slot_15__wolf__r04__c246,"Broad-pawed northern pack tracker displays broad paws beneath long endurance-built legs beside a broad dirt trail, while nearby tracks indicate scale.",wolf,5,wolf,True,16.16364860534668,3.209136724472046,,
fixed_suffix,tsne,42,117,slot_15__rabbit__r04__c243,"Long-eared grassland nibbler carries long hind limbs prepared for sudden bounds across low evening light; meanwhile, its full body stays visible.",rabbit,6,rabbit,True,-2.8294310569763184,-0.20897415280342102,,
fixed_suffix,tsne,42,118,slot_15__deer__r01__c003,"Split-hoofed trail visitor carries a raised white tail above springing hind legs across a calm farmyard; meanwhile, soft light preserves surface detail.",deer,6,rabbit,False,6.823578357696533,-4.088311195373535,,
fixed_suffix,tsne,42,119,slot_15__horse__r01__c002,"A sweeping tail balancing four narrow hooves distinguishes tall long-faced grazer near a weathered wooden gate, where the setting supports the behavior.",horse,4,horse,True,5.72117280960083,6.54277229309082,,
fixed_suffix,tsne,42,120,slot_16__cat__r01__c002,A striped household mouser carries a compact low torso with a flexible spine.,cat,0,cat,True,-25.234891891479492,2.251530408859253,,
fixed_suffix,tsne,42,121,slot_16__dog__r01__c003,A tail-wagging family companion carries strong shoulders above an athletic household silhouette.,dog,7,dog,True,-15.265359878540039,13.515605926513672,,
fixed_suffix,tsne,42,122,slot_16__fox__r04__c246,A light elongated frame beneath a full tail marks a russet snowline hunter.,fox,1,fox,True,15.702228546142578,-15.332260131835938,,
fixed_suffix,tsne,42,123,slot_16__bear__r01__c003,A broad-pawed wilderness forager has a towering woodland silhouette built for strength.,bear,3,bear,True,-4.551987648010254,-16.296815872192383,,
fixed_suffix,tsne,42,124,slot_16__wolf__r05__c321,Powerful shoulders narrowing toward the flanks defines a howling snow hunter.,wolf,1,fox,False,21.536518096923828,-14.815556526184082,,
fixed_suffix,tsne,42,125,slot_16__rabbit__r02__c082,A burrow resident carries a lightweight frame with prominent folded haunches.,rabbit,7,dog,False,-15.026171684265137,-0.15672524273395538,,
fixed_suffix,tsne,42,126,slot_16__deer__r01__c004,An antlered woodland browser shows an athletic herd grazer with a deep chest.,deer,2,deer,True,8.168169975280762,-13.876762390136719,,
fixed_suffix,tsne,42,127,slot_16__horse__r01__c001,A muscular farmyard runner carries a powerful hindquarter line beneath the saddle area.,horse,4,horse,True,6.399834632873535,17.24172019958496,,
fixed_suffix,tsne,42,128,slot_17__cat__r01__c002,A lightweight household frame and narrow shoulders identifies a purring house prowler.,cat,0,cat,True,-21.867002487182617,9.562549591064453,,
fixed_suffix,tsne,42,129,slot_17__dog__r01__c004,A panting ball retriever shows a sturdy medium frame with a broad chest.,dog,7,dog,True,-15.488489151000977,19.99608039855957,,
fixed_suffix,tsne,42,130,slot_17__fox__r15__c1121,A slender red hunter carries a huge bushy tail with a bright white tip.,fox,3,bear,False,13.398859977722168,-18.763675689697266,,
fixed_suffix,tsne,42,131,slot_17__bear__r02__c081,A round-eared forest giant shows a massive torso rising over powerful shoulders.,bear,3,bear,True,2.7387726306915283,-21.352754592895508,,
fixed_suffix,tsne,42,132,slot_17__wolf__r09__c643,A sturdy wild gray pack hunter shows a tall athletic silhouette heavier than a yard companion.,wolf,5,wolf,True,24.252601623535156,-1.8789286613464355,,
fixed_suffix,tsne,42,133,slot_17__rabbit__r07__c482,A garden nibbler shows a small pear-shaped silhouette and short neck.,rabbit,6,rabbit,True,-8.065096855163574,-3.838564395904541,,
fixed_suffix,tsne,42,134,slot_17__deer__r04__c241,A lean woodland frame with a short tail identifies a split-hoofed grazer.,deer,2,deer,True,-0.25394296646118164,-12.249457359313965,,
fixed_suffix,tsne,42,135,slot_17__horse__r05__c326,A long-faced grazer shows a powerful hindquarter line beneath the saddle area.,horse,4,horse,True,6.368917465209961,5.134529113769531,,
fixed_suffix,tsne,42,136,slot_18__cat__r03__c163,"Beside low evening light, striped hearthside-prowler reveals a lightweight household frame and narrow shoulders.",cat,0,cat,True,-5.063387870788574,19.653392791748047,,
fixed_suffix,tsne,42,137,slot_18__dog__r01__c001,Leash-following walking-partner displays a sturdy medium frame with a broad chest beside a narrow riverside path.,dog,7,dog,True,-20.259544372558594,17.181676864624023,,
fixed_suffix,tsne,42,138,slot_18__fox__r04__c243,Orange-chested hedgerow-stalker displays a small woodland silhouette built for quick turns beside soft morning light.,fox,2,deer,False,17.933378219604492,12.727975845336914,,
fixed_suffix,tsne,42,139,slot_18__bear__r02__c083,"Beside a quiet fence line, towering honey-seeker reveals a massive torso rising over powerful shoulders.",bear,7,dog,False,1.939706802368164,-25.393857955932617,,
fixed_suffix,tsne,42,140,slot_18__wolf__r04__c243,Thick-coated howling sentinel becomes recognizable through powerful shoulders narrowing toward the flanks near a shallow stream bank.,wolf,1,fox,False,18.118309020996094,-6.90589714050293,,
fixed_suffix,tsne,42,141,slot_18__rabbit__r01__c001,White-tailed garden visitor carries a compact rounded body held close to the ground across a patch of dense brush.,rabbit,6,rabbit,True,-7.114768981933594,7.407917022705078,,
fixed_suffix,tsne,42,142,slot_18__deer__r01__c001,"Against a rocky meadow, a tall narrow torso on unusually slender legs defines large-eared woodland browser.",deer,6,rabbit,False,1.1980284452438354,1.9411160945892334,,
fixed_suffix,tsne,42,143,slot_18__horse__r01__c002,"Against a misty hillside, a high-shouldered silhouette above slender lower legs defines powerful paddock runner.",horse,7,dog,False,2.876960039138794,12.90766716003418,,
fixed_suffix,tsne,42,144,slot_19__cat__r01__c002,"Beside a misty hillside, striped hearthside-prowler reveals a rounded chest tapering toward agile hindquarters; its full body stays visible.",cat,0,cat,True,-4.654752254486084,18.5322208404541,,
fixed_suffix,tsne,42,145,slot_19__dog__r01__c001,"Against scattered autumn leaves, a balanced torso built for running beside people defines floppy-eared home-guardian; ground contact stays clear.",dog,6,rabbit,False,-12.979846954345703,3.6381800174713135,,
fixed_suffix,tsne,42,146,slot_19__fox__r02__c081,"A clear view shows bushy-tailed den-visitor with a small woodland silhouette built for quick turns, as the setting supports the behavior.",fox,2,deer,False,10.381911277770996,-3.1307268142700195,,
fixed_suffix,tsne,42,147,slot_19__bear__r03__c162,"Long-clawed wilderness-resident carries a massive torso rising over powerful shoulders across a shaded woodland edge; meanwhile, the background preserves its outline.",bear,3,bear,True,-10.566709518432617,-15.751978874206543,,
fixed_suffix,tsne,42,148,slot_19__wolf__r04__c243,"Within a patch of dense brush, wild gray pack predator demonstrates a rangy body built for sustained travel, where the moment appears unstaged.",wolf,5,wolf,True,18.362850189208984,0.9990563988685608,,
fixed_suffix,tsne,42,149,slot_19__rabbit__r01__c003,"Within a rocky meadow, short-tailed garden browser demonstrates a compact rounded body held close to the ground, where nearby tracks indicate scale.",rabbit,6,rabbit,True,-5.671233654022217,1.5106614828109741,,
fixed_suffix,tsne,42,150,slot_19__deer__r01__c002,"A clear view shows alert brown forest browser with a long-necked body balanced above fine limbs, as the head and torso remain visible.",deer,2,deer,True,5.766575336456299,-16.913387298583984,,
fixed_suffix,tsne,42,151,slot_19__horse__r01__c003,"A clear view shows upright-eared pasture grazer with a tall deep-chested body with a long neck, as ground contact stays clear.",horse,4,horse,True,4.615071773529053,4.068460464477539,,
fixed_suffix,tsne,42,152,slot_20__cat__r01__c002,"Whiskered house-prowler displays a neatly proportioned body suited to tight indoor spaces beside a calm farmyard, while the posture remains natural.",cat,0,cat,True,-7.070772171020508,24.202550888061523,,
fixed_suffix,tsne,42,153,slot_20__dog__r01__c002,"A clear view shows wagging household-companion with a solid companion-sized body carried on four even legs, as the head and torso remain visible.",dog,7,dog,True,-13.05378246307373,13.687104225158691,,
fixed_suffix,tsne,42,154,slot_20__fox__r07__c484,"Orange-chested hedgerow-stalker becomes recognizable through a graceful ground-hugging body with delicate proportions, while soft light preserves surface detail.",fox,6,rabbit,False,18.18728256225586,13.169926643371582,,
fixed_suffix,tsne,42,155,slot_20__bear__r02__c082,"A massive torso rising over powerful shoulders distinguishes round-eared timberland-giant near a shallow stream bank, where nearby tracks indicate scale.",bear,3,bear,True,4.130431652069092,-22.913982391357422,,
fixed_suffix,tsne,42,156,slot_20__wolf__r04__c245,"Bushy-tailed mountain pack tracker becomes recognizable through a rangy body built for sustained travel, while the head and torso remain visible.",wolf,5,wolf,True,22.904888153076172,-7.561885356903076,,
fixed_suffix,tsne,42,157,slot_20__rabbit__r04__c248,"Long-eared grassland nibbler displays a low oval profile ending in a tiny tail beside a shallow stream bank, while the pose shows balanced proportions.",rabbit,6,rabbit,True,-2.6431474685668945,0.2774137556552887,,
fixed_suffix,tsne,42,158,slot_20__deer__r01__c001,"Within a misty hillside, branch-antlered woodland traveler demonstrates a lean woodland frame with a short tail, where nearby tracks indicate scale.",deer,2,deer,True,6.811618328094482,-10.043386459350586,,
fixed_suffix,tsne,42,159,slot_20__horse__r01__c004,"Against soft morning light, a powerful hindquarter line beneath the saddle area defines flowing-tailed field grazer; the head and torso remain visible.",horse,4,horse,True,2.909630060195923,7.499575138092041,,
fixed_suffix,tsne,42,160,slot_21__cat__r01__c001,A retractable-clawed mouser has the floor before springing onto furniture.,cat,0,cat,True,-21.111093521118164,-0.8855557441711426,,
fixed_suffix,tsne,42,161,slot_21__dog__r02__c082,A footpath while pulling lightly against a leash identifies a collared gate watcher.,dog,7,dog,True,-19.570011138916016,14.512557029724121,,
fixed_suffix,tsne,42,162,slot_21__fox__r01__c003,A sharp-eared field stalker has woodland cover using a low cautious trot.,fox,3,bear,False,3.806727409362793,-1.1641161441802979,,
fixed_suffix,tsne,42,163,slot_21__bear__r02__c081,A heavy-pawed mountain roamer carries a fallen trunk through surprising climbing strength.,bear,3,bear,True,-1.885006308555603,-17.734363555908203,,
fixed_suffix,tsne,42,164,slot_21__wolf__r05__c321,A bushy-tailed pack tracker has silent stepping between closely spaced pines.,wolf,5,wolf,True,23.146652221679688,-8.360641479492188,,
fixed_suffix,tsne,42,165,slot_21__rabbit__r04__c244,Small cautious hops followed by complete stillness identifies a velvet-eared browser.,rabbit,7,dog,False,-9.797398567199707,4.103047847747803,,
fixed_suffix,tsne,42,166,slot_21__deer__r01__c002,High bounding leaps across fallen woodland branches marks a large-eared woodland grazer.,deer,2,deer,True,1.4735912084579468,-12.015722274780273,,
fixed_suffix,tsne,42,167,slot_21__horse__r01__c001,A collected trot around the training ring defines a flowing-tailed field grazer.,horse,4,horse,True,8.979750633239746,7.560645580291748,,
fixed_suffix,tsne,42,168,slot_22__cat__r01__c002,A long-whiskered home companion reveals the room with a low stalking posture.,cat,0,cat,True,-10.949331283569336,25.03578758239746,,
fixed_suffix,tsne,42,169,slot_22__dog__r01__c002,A footpath while pulling lightly against a leash marks a keen-nosed scent tracker.,dog,7,dog,True,-19.108875274658203,14.821341514587402,,
fixed_suffix,tsne,42,170,slot_22__fox__r02__c081,A bushy-tailed den visitor shows snow before diving headfirst toward hidden movement.,fox,1,fox,True,20.7337589263916,-10.338155746459961,,
fixed_suffix,tsne,42,171,slot_22__bear__r01__c002,A steep slope despite its bulky frame defines a towering honey seeker.,bear,7,dog,False,1.6612416505813599,-25.731142044067383,,
fixed_suffix,tsne,42,172,slot_22__wolf__r04__c244,A rapid pursuit over broken mountain ground defines a howling snow hunter.,wolf,1,fox,False,20.424564361572266,-14.821958541870117,,
fixed_suffix,tsne,42,173,slot_22__rabbit__r05__c322,Rapid bounding toward a nearby burrow entrance marks a long-eared grazer.,rabbit,6,rabbit,True,-0.2943378984928131,-0.37599536776542664,,
fixed_suffix,tsne,42,174,slot_22__deer__r02__c081,A branch-antlered visitor carries high bounding leaps across fallen woodland branches.,deer,2,deer,True,3.686951160430908,-12.029182434082031,,
fixed_suffix,tsne,42,175,slot_22__horse__r01__c002,An extended gallop across open pasture identifies a bridled stable companion.,horse,4,horse,True,6.588441371917725,9.642047882080078,,
fixed_suffix,tsne,42,176,slot_23__cat__r04__c244,A windowsill while its tail corrects balance distinguishes retractable-clawed climber near low evening light.,cat,0,cat,True,-18.959339141845703,2.1640937328338623,,
fixed_suffix,tsne,42,177,slot_23__dog__r01__c002,Tongue-out family-companion displays open grass before turning sharply after a ball beside a narrow riverside path.,dog,6,rabbit,False,-9.074806213378906,13.869696617126465,,
fixed_suffix,tsne,42,178,slot_23__fox__r04__c245,"Within a sunlit garden path, russet snowline-hunter demonstrates a meadow through quick elastic bounds.",fox,6,rabbit,False,-3.2024784088134766,8.482582092285156,,
fixed_suffix,tsne,42,179,slot_23__bear__r05__c326,Short-tailed mountain-roamer becomes recognizable through a fallen trunk through surprising climbing strength near a shaded woodland edge.,bear,3,bear,True,-0.13981430232524872,-16.117136001586914,,
fixed_suffix,tsne,42,180,slot_23__wolf__r06__c402,Long-legged snow pack hunter becomes recognizable through silent stepping between closely spaced pines near a misty hillside.,wolf,3,bear,False,13.510354042053223,-6.730806827545166,,
fixed_suffix,tsne,42,181,slot_23__rabbit__r01__c002,Twitch-nosed ground dweller carries small cautious hops followed by complete stillness across a patch of dense brush.,rabbit,6,rabbit,True,-8.421137809753418,3.855804920196533,,
fixed_suffix,tsne,42,182,slot_23__deer__r01__c002,"Against a rocky meadow, a sudden white-tail retreat into dense cover defines branch-antlered woodland traveler.",deer,2,deer,True,4.659219264984131,-9.83112621307373,,
fixed_suffix,tsne,42,183,slot_23__horse__r04__c244,"Against a narrow riverside path, a flowing canter with mane and tail lifted defines long-faced bridled trail companion.",horse,4,horse,True,6.831888675689697,8.006271362304688,,
fixed_suffix,tsne,42,184,slot_24__cat__r01__c005,"A clear view shows padded-paw windowsill-watcher with a windowsill while its tail corrects balance, as ground contact stays clear.",cat,0,cat,True,-18.348134994506836,2.0801212787628174,,
fixed_suffix,tsne,42,185,slot_24__dog__r01__c003,"Leash-following walking-partner carries the yard in an eager bounding gait across a patch of dense brush; meanwhile, the posture remains natural.",dog,7,dog,True,-19.71105194091797,17.591506958007812,,
fixed_suffix,tsne,42,186,slot_24__fox__r06__c404,"Beside a pale winter field, amber-eyed meadow-prowler reveals woodland cover using a low cautious trot; the viewpoint remains level.",fox,6,rabbit,False,-1.710695505142212,11.78244686126709,,
fixed_suffix,tsne,42,187,slot_24__bear__r01__c001,"Round-eared timberland-giant displays a steep slope despite its bulky frame beside a quiet fence line, while soft light preserves surface detail.",bear,3,bear,True,5.474399089813232,-22.979455947875977,,
fixed_suffix,tsne,42,188,slot_24__wolf__r04__c244,"Within a patch of dense brush, pale-muzzled forest pack hunter demonstrates an efficient ground-covering trot through snow, where the setting supports the behavior.",wolf,3,bear,False,15.18411922454834,-11.002150535583496,,
fixed_suffix,tsne,42,189,slot_24__rabbit__r01__c001,"Soft-coated burrow dweller becomes recognizable through a sudden zigzag escape across short grass, while the background preserves its outline.",rabbit,6,rabbit,True,-5.237928867340088,4.254115104675293,,
fixed_suffix,tsne,42,190,slot_24__deer__r01__c004,"Spotted forest youngster displays a sudden white-tail retreat into dense cover beside a shaded woodland edge, while soft light preserves surface detail.",deer,2,deer,True,9.396413803100586,-6.999348163604736,,
fixed_suffix,tsne,42,191,slot_24__horse__r01__c001,"Broad-chested stable resident carries an extended gallop across open pasture across a narrow riverside path; meanwhile, the posture remains natural.",horse,4,horse,True,5.3884663581848145,11.2202787399292,,
fixed_suffix,tsne,42,192,slot_25__cat__r03__c162,"Within a shallow stream bank, striped hearthside-prowler demonstrates the room with a low stalking posture, where the head and torso remain visible.",cat,0,cat,True,-6.089951038360596,19.557422637939453,,
fixed_suffix,tsne,42,193,slot_25__dog__r01__c003,"A clear view shows floppy-eared home-guardian with a footpath while pulling lightly against a leash, as ground contact stays clear.",dog,7,dog,True,-13.047408103942871,4.840368270874023,,
fixed_suffix,tsne,42,194,slot_25__fox__r05__c325,"Narrow-muzzled dusk-prowler carries the field with its full tail held level across a shaded woodland edge; meanwhile, the posture remains natural.",fox,6,rabbit,False,-0.9573319554328918,16.753896713256836,,
fixed_suffix,tsne,42,195,slot_25__bear__r01__c002,"Powerful berry-gatherer carries a fallen trunk through surprising climbing strength across a narrow riverside path; meanwhile, the viewpoint remains level.",bear,3,bear,True,-6.957015037536621,-21.48300552368164,,
fixed_suffix,tsne,42,196,slot_25__wolf__r05__c323,"Large gray howling pack hunter displays an efficient ground-covering trot through snow beside a weathered wooden gate, while soft light preserves surface detail.",wolf,5,wolf,True,21.77214813232422,0.6508409380912781,,
fixed_suffix,tsne,42,197,slot_25__rabbit__r01__c001,"Within a rocky meadow, round-eyed grassland nibbler demonstrates small cautious hops followed by complete stillness, where nearby tracks indicate scale.",rabbit,6,rabbit,True,-4.803769588470459,-0.10453744232654572,,
fixed_suffix,tsne,42,198,slot_25__deer__r03__c161,"Swift running across an open clearing distinguishes split-hoofed trail visitor near a shaded woodland edge, where the viewpoint remains level.",deer,2,deer,True,-2.7750492095947266,-10.792699813842773,,
fixed_suffix,tsne,42,199,slot_25__horse__r01__c002,"Tall long-faced grazer displays a flowing canter with mane and tail lifted beside a patch of dense brush, while soft light preserves surface detail.",horse,4,horse,True,4.478968620300293,6.469996929168701,,
fixed_suffix,tsne,42,200,slot_26__cat__r02__c082,Moving string with focused paw taps identifies an upright-tailed lap companion.,cat,7,dog,False,-19.789583206176758,9.1103515625,,
fixed_suffix,tsne,42,201,slot_26__dog__r01__c001,A broad-pawed walking partner shows the floor beside a familiar person's chair.,dog,7,dog,True,-17.381946563720703,10.87393569946289,,
fixed_suffix,tsne,42,202,slot_26__fox__r01__c002,An amber-eyed meadow prowler shows faint ground sounds with tilted ears.,fox,6,rabbit,False,-0.5231224298477173,12.44477653503418,,
fixed_suffix,tsne,42,203,slot_26__bear__r01__c001,A bulky streamside fisher reveals river shallows during a patient fishing period.,bear,3,bear,True,-9.72772216796875,-11.358602523803711,,
fixed_suffix,tsne,42,204,slot_26__wolf__r03__c162,A gray pack hunter shows food sharing among an organized family group.,wolf,5,wolf,True,24.38043975830078,-0.9102029204368591,,
fixed_suffix,tsne,42,205,slot_26__rabbit__r01__c001,A soft-coated meadow nibbler carries chewing leafy stems while remaining near cover.,rabbit,6,rabbit,True,-6.7226152420043945,-2.4319324493408203,,
fixed_suffix,tsne,42,206,slot_26__deer__r02__c081,A long-legged browser shows quiet feeding before dawn near dense cover.,deer,6,rabbit,False,-1.1706229448318481,-9.511385917663574,,
fixed_suffix,tsne,42,207,slot_26__horse__r01__c001,A muscular farmyard runner has resting upright near familiar herd companions.,horse,7,dog,False,6.640206813812256,17.756155014038086,,
fixed_suffix,tsne,42,208,slot_27__cat__r01__c002,Moving string with focused paw taps marks a purring house prowler.,cat,0,cat,True,-21.475770950317383,9.293519020080566,,
fixed_suffix,tsne,42,209,slot_27__dog__r01__c001,New surroundings through persistent sniffing defines a leash-wearing companion.,dog,7,dog,True,-18.861040115356445,15.873676300048828,,
fixed_suffix,tsne,42,210,slot_27__fox__r05__c322,Faint ground sounds with tilted ears identifies a russet snowline hunter.,fox,1,fox,True,1.3757989406585693,19.107398986816406,,
fixed_suffix,tsne,42,211,slot_27__bear__r02__c082,Loose logs while searching for insects identifies a broad-muzzled river hunter.,bear,3,bear,True,-8.48965835571289,-17.132423400878906,,
fixed_suffix,tsne,42,212,slot_27__wolf__r04__c244,A bushy-tailed pack tracker has patient tracking across old snow prints.,wolf,5,wolf,True,23.19632339477539,-9.124398231506348,,
fixed_suffix,tsne,42,213,slot_27__rabbit__r01__c003,Chewing leafy stems while remaining near cover is visible on a white-tailed garden browser.,rabbit,6,rabbit,True,-9.973004341125488,0.311733216047287,,
fixed_suffix,tsne,42,214,slot_27__deer__r04__c242,A forest herd grazer reveals quiet feeding before dawn near dense cover.,deer,2,deer,True,-0.5090461373329163,-10.35753345489502,,
fixed_suffix,tsne,42,215,slot_27__horse__r01__c002,A single-hoofed riding companion reveals slow chewing beside a pasture water trough.,horse,4,horse,True,5.43757438659668,9.206178665161133,,
fixed_suffix,tsne,42,216,slot_28__cat__r01__c001,A clear view shows purring room-explorer with a warm patch before curling tightly near a rocky meadow.,cat,0,cat,True,-25.2250919342041,7.663340091705322,,
fixed_suffix,tsne,42,217,slot_28__dog__r01__c001,Leash-following walking-partner becomes recognizable through a buried object with repeated digging near a shaded woodland edge.,dog,7,dog,True,-20.4371337890625,17.50659942626953,,
fixed_suffix,tsne,42,218,slot_28__fox__r04__c247,Faint ground sounds with tilted ears distinguishes narrow-muzzled dusk-prowler near a rocky meadow.,fox,6,rabbit,False,0.757341206073761,18.551403045654297,,
fixed_suffix,tsne,42,219,slot_28__bear__r01__c001,Heavy-pawed backcountry-wanderer carries berry bushes during long seasonal feeding across a sunlit garden path.,bear,3,bear,True,-4.302285671234131,-18.67494773864746,,
fixed_suffix,tsne,42,220,slot_28__wolf__r04__c245,Large gray howling pack hunter becomes recognizable through careful scent inspection along a territorial boundary near a shallow stream bank.,wolf,5,wolf,True,22.314899444580078,0.11135128885507584,,
fixed_suffix,tsne,42,221,slot_28__rabbit__r01__c001,Steady nibbling of clover beside the burrow distinguishes white-tailed garden visitor near a calm farmyard.,rabbit,6,rabbit,True,-6.74257755279541,-1.0151060819625854,,
fixed_suffix,tsne,42,222,slot_28__deer__r04__c243,Stripping soft bark during a sparse winter distinguishes brown woodland browser with branching antlers near a rocky meadow.,deer,2,deer,True,4.003499507904053,-14.934728622436523,,
fixed_suffix,tsne,42,223,slot_28__horse__r01__c001,Single-hoofed riding companion displays steady grazing with lips clipping short grass beside a quiet fence line.,horse,4,horse,True,4.432244300842285,9.629440307617188,,
fixed_suffix,tsne,42,224,slot_29__cat__r02__c083,"Within a shaded woodland edge, curled-tail home-companion demonstrates moving string with focused paw taps, where the posture remains natural.",cat,2,deer,False,-19.1200008392334,8.860793113708496,,
fixed_suffix,tsne,42,225,slot_29__dog__r04__c241,"Tongue-out family-companion displays new surroundings through persistent sniffing beside a shallow stream bank, while its full body stays visible.",dog,6,rabbit,False,-9.959739685058594,14.144230842590332,,
fixed_suffix,tsne,42,226,slot_29__fox__r01__c002,"Within soft morning light, bushy-tailed den-visitor demonstrates open ground during quiet twilight patrols, where the pose shows balanced proportions.",fox,6,rabbit,False,-5.595219612121582,9.92641544342041,,
fixed_suffix,tsne,42,227,slot_29__bear__r01__c004,"Loose logs while searching for insects distinguishes long-clawed wilderness-resident near a shaded woodland edge, where the setting supports the behavior.",bear,2,deer,False,-8.63499927520752,-17.057945251464844,,
fixed_suffix,tsne,42,228,slot_29__wolf__r06__c404,"Food sharing among an organized family group distinguishes long-legged snow pack hunter near scattered autumn leaves, where its full body stays visible.",wolf,2,deer,False,2.095093250274658,-7.720548152923584,,
fixed_suffix,tsne,42,229,slot_29__rabbit__r01__c003,"A clear view shows short-tailed garden browser with steady nibbling of clover beside the burrow, as ground contact stays clear.",rabbit,6,rabbit,True,-6.646783351898193,1.096496343612671,,
fixed_suffix,tsne,42,230,slot_29__deer__r01__c004,"A clear view shows branch-antlered woodland traveler with stripping soft bark during a sparse winter, as surrounding plants provide scale.",deer,2,deer,True,5.9957451820373535,-11.720698356628418,,
fixed_suffix,tsne,42,231,slot_29__horse__r01__c001,"Against a misty hillside, slow chewing beside a pasture water trough defines saddle-trained trail companion; the head and torso remain visible.",horse,4,horse,True,4.1905131340026855,12.689828872680664,,
fixed_suffix,tsne,42,232,slot_30__cat__r01__c002,"Whiskered house-prowler becomes recognizable through its face and forelegs with careful grooming strokes, while the moment appears unstaged.",cat,0,cat,True,-6.535377502441406,23.802635192871094,,
fixed_suffix,tsne,42,233,slot_30__dog__r05__c323,"A buried object with repeated digging distinguishes broad-pawed gate-watcher near a weathered wooden gate, where the setting supports the behavior.",dog,7,dog,True,-13.181572914123535,10.975749015808105,,
fixed_suffix,tsne,42,234,slot_30__fox__r01__c002,"Red-coated woodland-hunter carries spare food beneath loose leaves and soil across a pale winter field; meanwhile, the viewpoint remains level.",fox,3,bear,False,10.6300630569458,-19.583110809326172,,
fixed_suffix,tsne,42,235,slot_30__bear__r02__c081,"A clear view shows massive shaggy-forager with river shallows during a patient fishing period, as the moment appears unstaged.",bear,3,bear,True,-7.489502429962158,-12.31292724609375,,
fixed_suffix,tsne,42,236,slot_30__wolf__r08__c565,"Between brief watchful pauses, large gray howling pack hunter displays food sharing among an organized family group near soft morning light, while nearby tracks indicate scale.",wolf,5,wolf,True,22.242839813232422,1.0946168899536133,,
fixed_suffix,tsne,42,237,slot_30__rabbit__r03__c161,"A shallow scrape exposing roots and fresh shoots distinguishes soft-coated burrow dweller near a sunlit garden path, where the viewpoint remains level.",rabbit,6,rabbit,True,-4.808338642120361,6.104301452636719,,
fixed_suffix,tsne,42,238,slot_30__deer__r02__c082,"Beside a shaded woodland edge, slender-legged forest grazer reveals browsing tender leaves from low branches; soft light preserves surface detail.",deer,2,deer,True,8.265997886657715,-6.727366924285889,,
fixed_suffix,tsne,42,239,slot_30__horse__r01__c001,"Swift-maned open-field runner becomes recognizable through searching hay with a flexible upper lip, while the setting supports the behavior.",horse,4,horse,True,9.452787399291992,12.922408103942871,,
fixed_suffix,tsne,42,240,slot_31__cat__r01__c001,A retractable-clawed mouser shows a garden wall overlooking moving leaves.,cat,0,cat,True,-20.896549224853516,-0.5715301036834717,,
fixed_suffix,tsne,42,241,slot_31__dog__r02__c082,A neighborhood path beside a handled leash marks a collared gate watcher.,dog,7,dog,True,-21.577829360961914,14.300145149230957,,
fixed_suffix,tsne,42,242,slot_31__fox__r04__c243,A woodland margin beside open grass identifies an orange-chested hedge stalker.,fox,2,deer,False,-4.730737686157227,-8.487133026123047,,
fixed_suffix,tsne,42,243,slot_31__bear__r01__c002,A heavy-pawed mountain roamer reveals a mountain forest containing berry thickets.,bear,3,bear,True,-2.816296339035034,-17.427364349365234,,
fixed_suffix,tsne,42,244,slot_31__wolf__r01__c002,A snowy conifer forest crossed by pack tracks marks a sharp-eared snow tracker.,wolf,3,bear,False,14.83995532989502,-8.361944198608398,,
fixed_suffix,tsne,42,245,slot_31__rabbit__r05__c321,A sandy bank containing several narrow tunnels identifies a clover grazer.,rabbit,6,rabbit,True,11.600651741027832,8.9422025680542,,
fixed_suffix,tsne,42,246,slot_31__deer__r01__c003,A branch-antlered forest browser carries a forest edge filled with tender browse.,deer,2,deer,True,7.768261909484863,-12.624730110168457,,
fixed_suffix,tsne,42,247,slot_31__horse__r01__c003,A quiet barn aisle lined with hay defines a broad-chested paddock runner.,horse,4,horse,True,7.791105270385742,14.529874801635742,,
fixed_suffix,tsne,42,248,slot_32__cat__r02__c081,A long-whiskered home companion shows a sunny windowsill above indoor plants.,cat,0,cat,True,-10.425740242004395,23.68353843688965,,
fixed_suffix,tsne,42,249,slot_32__dog__r01__c001,A floppy-eared home guardian has an open field suited to running and retrieval.,dog,7,dog,True,-14.026445388793945,5.581151008605957,,
fixed_suffix,tsne,42,250,slot_32__fox__r01__c002,A bushy-tailed den visitor has a snowy field containing faint prey tracks.,fox,1,fox,True,20.891359329223633,-10.53013801574707,,
fixed_suffix,tsne,42,251,slot_32__bear__r01__c001,A powerful berry gatherer shows a dense woodland trail marked by broad tracks.,bear,3,bear,True,-6.02166748046875,-21.216434478759766,,
fixed_suffix,tsne,42,252,slot_32__wolf__r01__c002,A pale-muzzled pack sentinel shows an open tundra ridge beneath cold wind.,wolf,1,fox,False,20.012493133544922,-4.611477851867676,,
fixed_suffix,tsne,42,253,slot_32__rabbit__r01__c002,A garden edge beside low leafy cover identifies a round-eyed clover browser.,rabbit,6,rabbit,True,-11.236919403076172,0.46918320655822754,,
fixed_suffix,tsne,42,254,slot_32__deer__r01__c003,An autumn ridge beneath scattered oak trees identifies a long-legged clearing grazer.,deer,2,deer,True,0.9907433986663818,-8.607468605041504,,
fixed_suffix,tsne,42,255,slot_32__horse__r04__c244,A saddle companion reveals a training ring surrounded by low rails.,horse,4,horse,True,11.839672088623047,5.024498462677002,,
fixed_suffix,tsne,42,256,slot_33__cat__r04__c242,Slit-eyed indoor-hunter becomes recognizable through a sunny windowsill above indoor plants near a rocky meadow.,cat,6,rabbit,False,-10.417668342590332,21.89658546447754,,
fixed_suffix,tsne,42,257,slot_33__dog__r02__c081,A neighborhood path beside a handled leash distinguishes tongue-out family-companion near low evening light.,dog,7,dog,True,-21.87985610961914,14.396336555480957,,
fixed_suffix,tsne,42,258,slot_33__fox__r01__c001,Orange-chested hedgerow-stalker carries a woodland margin beside open grass across a calm farmyard.,fox,6,rabbit,False,17.582469940185547,12.74657154083252,,
fixed_suffix,tsne,42,259,slot_33__bear__r01__c001,"Against soft morning light, a mountain forest containing berry thickets defines bulky streamside-fisher.",bear,3,bear,True,-2.5933430194854736,-15.980408668518066,,
fixed_suffix,tsne,42,260,slot_33__wolf__r01__c001,A snowy conifer forest crossed by pack tracks distinguishes social mountain hunter near a quiet fence line.,wolf,3,bear,False,14.409926414489746,-8.437201499938965,,
fixed_suffix,tsne,42,261,slot_33__rabbit__r04__c245,Round-eyed meadow nibbler with tall ears carries a garden edge beside low leafy cover across an open grassy clearing.,rabbit,6,rabbit,True,-5.987763404846191,-2.1921160221099854,,
fixed_suffix,tsne,42,262,slot_33__deer__r01__c002,"Within soft morning light, branch-antlered woodland traveler demonstrates a forest edge filled with tender browse.",deer,2,deer,True,7.643741130828857,-11.162073135375977,,
fixed_suffix,tsne,42,263,slot_33__horse__r01__c002,Swift-maned open-field runner displays a quiet barn aisle lined with hay beside a quiet fence line.,horse,4,horse,True,8.568401336669922,13.803568840026855,,
fixed_suffix,tsne,42,264,slot_34__cat__r05__c326,"A sunny windowsill above indoor plants distinguishes whiskered house-prowler near a narrow riverside path, where the background preserves its outline.",cat,0,cat,True,-9.352009773254395,22.529430389404297,,
fixed_suffix,tsne,42,265,slot_34__dog__r03__c162,"Against a shallow stream bank, a fenced backyard containing scattered toys defines panting ball-chaser; the pose shows balanced proportions.",dog,7,dog,True,-12.513641357421875,17.311840057373047,,
fixed_suffix,tsne,42,266,slot_34__fox__r04__c246,"Against a pale winter field, a quiet meadow during early dawn defines amber-eyed meadow-prowler; the posture remains natural.",fox,6,rabbit,False,-2.0685856342315674,12.397873878479004,,
fixed_suffix,tsne,42,267,slot_34__bear__r01__c003,"Heavy-pawed backcountry-wanderer displays a mountain forest containing berry thickets beside a quiet fence line, while the viewpoint remains level.",bear,3,bear,True,-3.7894983291625977,-17.96780776977539,,
fixed_suffix,tsne,42,268,slot_34__wolf__r01__c003,"A clear view shows amber-eyed pack sentinel with a snowy conifer forest crossed by pack tracks, as ground contact stays clear.",wolf,3,bear,False,15.55798053741455,-6.362128257751465,,
fixed_suffix,tsne,42,269,slot_34__rabbit__r01__c001,"Soft-coated burrow dweller carries a garden edge beside low leafy cover across a patch of dense brush; meanwhile, the posture remains natural.",rabbit,6,rabbit,True,-5.300480842590332,5.036860942840576,,
fixed_suffix,tsne,42,270,slot_34__deer__r04__c245,"Brown woodland browser with branching antlers becomes recognizable through a forest edge filled with tender browse, while the head and torso remain visible.",deer,2,deer,True,5.713397979736328,-15.680190086364746,,
fixed_suffix,tsne,42,271,slot_34__horse__r04__c245,"Beside a calm farmyard, tall saddle-trained riding companion reveals a quiet barn aisle lined with hay; the moment appears unstaged.",horse,4,horse,True,6.894469738006592,14.337087631225586,,
fixed_suffix,tsne,42,272,slot_35__cat__r01__c002,"Beside a misty hillside, padded-paw windowsill-watcher reveals a dim hallway containing scattered household shadows; nearby tracks indicate scale.",cat,0,cat,True,-5.994495868682861,14.928264617919922,,
fixed_suffix,tsne,42,273,slot_35__dog__r01__c002,"Broad-pawed gate-watcher carries an open field suited to running and retrieval across a patch of dense brush; meanwhile, the viewpoint remains level.",dog,7,dog,True,-12.394245147705078,10.139787673950195,,
fixed_suffix,tsne,42,274,slot_35__fox__r04__c241,"Within a sunlit garden path, bushy-tailed den-visitor demonstrates a woodland margin beside open grass, where the moment appears unstaged.",fox,6,rabbit,False,-4.0310378074646,9.033646583557129,,
fixed_suffix,tsne,42,275,slot_35__bear__r02__c085,"A cold river crowded by migrating fish distinguishes long-clawed wilderness-resident near a shallow stream bank, where nearby tracks indicate scale.",bear,3,bear,True,-10.532069206237793,-12.78168773651123,,
fixed_suffix,tsne,42,276,slot_35__wolf__r02__c082,"Deep-chested roaming predator becomes recognizable through a snowy conifer forest crossed by pack tracks, while its full body stays visible.",wolf,3,bear,False,14.442684173583984,-7.738907337188721,,
fixed_suffix,tsne,42,277,slot_35__rabbit__r02__c082,"Beside a sunlit garden path, compact meadow forager reveals a grassy meadow dotted with hidden burrow openings; soft light preserves surface detail.",rabbit,6,rabbit,True,-2.7142066955566406,6.866023063659668,,
fixed_suffix,tsne,42,278,slot_35__deer__r03__c163,"An autumn ridge beneath scattered oak trees distinguishes long-legged herd grazer near a shaded woodland edge, where the posture remains natural.",deer,2,deer,True,1.2001665830612183,-8.678458213806152,,
fixed_suffix,tsne,42,279,slot_35__horse__r02__c082,"Against a calm farmyard, a fenced pasture beside a wooden stable defines saddle-trained trail companion; the background preserves its outline.",horse,4,horse,True,5.98757791519165,14.036123275756836,,
fixed_suffix,tsne,42,280,slot_36__cat__r01__c001,Gentle brushing while remaining loosely curled identifies a soft-pawed indoor hunter.,cat,7,dog,False,-19.538969039916992,6.334812641143799,,
fixed_suffix,tsne,42,281,slot_36__dog__r01__c001,A broad-pawed walking partner reveals a walking partner by matching their pace.,dog,7,dog,True,-17.011079788208008,11.315043449401855,,
fixed_suffix,tsne,42,282,slot_36__fox__r01__c002,An amber-eyed meadow prowler reveals a distant observer before retreating into brush.,fox,6,rabbit,False,-0.9746167063713074,11.360721588134766,,
fixed_suffix,tsne,42,283,slot_36__bear__r01__c002,A distant hiker before turning toward cover marks a thick-furred woodland giant.,bear,3,bear,True,-0.7243460416793823,-20.810840606689453,,
fixed_suffix,tsne,42,284,slot_36__wolf__r01__c001,Careful sniffing around an abandoned sled track defines a long-legged wilderness hunter.,wolf,3,bear,False,23.798864364624023,-4.926909446716309,,
fixed_suffix,tsne,42,285,slot_36__rabbit__r01__c002,Gentle sniffing of a hand holding leafy greens defines a short-tailed garden visitor.,rabbit,6,rabbit,True,-9.649114608764648,1.736009955406189,,
fixed_suffix,tsne,42,286,slot_36__deer__r03__c161,Alert watching of a distant roadside vehicle defines a pale-rumped grazer.,deer,7,dog,False,-2.615475654602051,-5.666871547698975,,
fixed_suffix,tsne,42,287,slot_36__horse__r01__c003,An upright-eared pasture grazer has steady response to a rider's rein signal.,horse,4,horse,True,5.336178302764893,3.136190891265869,,
fixed_suffix,tsne,42,288,slot_37__cat__r01__c001,A whiskered lap companion has nearby footsteps before following between rooms.,cat,0,cat,True,-10.998945236206055,26.197431564331055,,
fixed_suffix,tsne,42,289,slot_37__dog__r01__c002,A wagging yard guardian has a handler's gesture before sitting attentively.,dog,7,dog,True,-15.37198543548584,8.446178436279297,,
fixed_suffix,tsne,42,290,slot_37__fox__r05__c322,A distant observer before retreating into brush marks a russet snowline hunter.,fox,1,fox,True,16.51687240600586,-14.750129699707031,,
fixed_suffix,tsne,42,291,slot_37__bear__r01__c001,An empty trail after detecting approaching voices identifies a massive shaggy forager.,bear,7,dog,False,-7.043951988220215,-13.355664253234863,,
fixed_suffix,tsne,42,292,slot_37__wolf__r07__c485,A wild gray pack hunter shows careful sniffing around an abandoned sled track.,wolf,5,wolf,True,23.589405059814453,-2.7554514408111572,,
fixed_suffix,tsne,42,293,slot_37__rabbit__r08__c564,A relaxed long-eared grazer displays curious inspection of a cardboard tunnel.,rabbit,6,rabbit,True,0.9916144609451294,-0.4177190065383911,,
fixed_suffix,tsne,42,294,slot_37__deer__r01__c002,Careful approach toward a salt block marks a white-tailed meadow grazer.,deer,7,dog,False,-9.44073486328125,-1.5663032531738281,,
fixed_suffix,tsne,42,295,slot_37__horse__r01__c001,Careful stepping into a waiting trailer defines a long-maned pasture runner.,horse,4,horse,True,-9.605477333068848,6.8340373039245605,,
fixed_suffix,tsne,42,296,slot_38__cat__r01__c001,"Beside soft morning light, purring room-explorer reveals an offered hand before rubbing its cheek.",cat,0,cat,True,-24.7132511138916,7.60786247253418,,
fixed_suffix,tsne,42,297,slot_38__dog__r02__c082,A walking partner by matching their pace distinguishes broad-pawed gate-watcher near low evening light.,dog,7,dog,True,-16.143278121948242,11.026756286621094,,
fixed_suffix,tsne,42,298,slot_38__fox__r01__c002,Sharp-eared field-stalker carries a roadside light with a brief cautious pause across a calm farmyard.,fox,6,rabbit,False,3.8468894958496094,-0.4568065404891968,,
fixed_suffix,tsne,42,299,slot_38__bear__r04__c244,Long-clawed wilderness-resident carries an empty trail after detecting approaching voices across a rocky meadow.,bear,3,bear,True,-11.021065711975098,-15.31762981414795,,
fixed_suffix,tsne,42,300,slot_38__wolf__r04__c242,"Within a quiet fence line, pale-muzzled forest pack hunter demonstrates cautious inspection of a distant trail camera.",wolf,3,bear,False,15.379134178161621,-10.767026901245117,,
fixed_suffix,tsne,42,301,slot_38__rabbit__r05__c322,"Beside a shallow stream bank, small hopping burrow forager reveals quick retreat beneath a low garden bench.",rabbit,6,rabbit,True,-2.8666579723358154,5.342498779296875,,
fixed_suffix,tsne,42,302,slot_38__deer__r04__c243,Brown woodland browser with branching antlers displays a sudden retreat from boots on the trail beside soft morning light.,deer,2,deer,True,5.242934226989746,-15.06220817565918,,
fixed_suffix,tsne,42,303,slot_38__horse__r01__c002,A clear view shows powerful paddock runner with steady response to a rider's rein signal near a broad dirt trail.,horse,7,dog,False,7.02671480178833,1.975501298904419,,
fixed_suffix,tsne,42,304,slot_39__cat__r01__c002,"Within a broad dirt trail, striped hearthside-prowler demonstrates gentle brushing while remaining loosely curled, where the pose shows balanced proportions.",cat,0,cat,True,-5.861329555511475,18.427583694458008,,
fixed_suffix,tsne,42,305,slot_39__dog__r03__c162,"A returning person with vigorous tail sweeps distinguishes tongue-out family-companion near a narrow riverside path, where the posture remains natural.",dog,7,dog,True,-11.329462051391602,14.6685209274292,,
fixed_suffix,tsne,42,306,slot_39__fox__r01__c002,"A clear view shows bushy-tailed den-visitor with discarded food while remaining ready to flee, as the head and torso remain visible.",fox,7,dog,False,10.900121688842773,-3.1321396827697754,,
fixed_suffix,tsne,42,307,slot_39__bear__r01__c002,"Short-tailed mountain-roamer becomes recognizable through a roadside vehicle while remaining beyond the barrier, while the moment appears unstaged.",bear,3,bear,True,0.14282646775245667,-15.977909088134766,,
fixed_suffix,tsne,42,308,slot_39__wolf__r04__c243,"Beside a narrow riverside path, wild gray pack predator reveals careful sniffing around an abandoned sled track; the setting supports the behavior.",wolf,5,wolf,True,19.529220581054688,1.1450003385543823,,
fixed_suffix,tsne,42,309,slot_39__rabbit__r02__c082,"Within a patch of dense brush, short-tailed garden browser demonstrates soft pawing at the edge of a woven enclosure, where the viewpoint remains level.",rabbit,6,rabbit,True,-7.38893461227417,5.774986267089844,,
fixed_suffix,tsne,42,310,slot_39__deer__r03__c162,"Beside a rocky meadow, branch-antlered woodland traveler reveals alert watching of a distant roadside vehicle; ground contact stays clear.",deer,2,deer,True,4.848682403564453,-8.591836929321289,,
fixed_suffix,tsne,42,311,slot_39__horse__r01__c002,"Patient standing beside a grooming brush distinguishes muscular farmyard traveler near a shaded woodland edge, where the setting supports the behavior.",horse,2,deer,False,3.79445481300354,16.244070053100586,,
fixed_suffix,tsne,42,312,slot_40__cat__r07__c483,"Against a misty hillside, a familiar voice with an upright tail defines striped hearthside-prowler; its full body stays visible.",cat,0,cat,True,-4.633273124694824,18.911527633666992,,
fixed_suffix,tsne,42,313,slot_40__dog__r03__c162,"Beside scattered autumn leaves, wet-nosed trail-helper reveals a handler's gesture before sitting attentively; ground contact stays clear.",dog,6,rabbit,False,11.755537986755371,-0.5214638710021973,,
fixed_suffix,tsne,42,314,slot_40__fox__r01__c001,"Within soft morning light, amber-eyed meadow-prowler demonstrates a roadside light with a brief cautious pause, where nearby tracks indicate scale.",fox,6,rabbit,False,-0.8109701871871948,13.614760398864746,,
fixed_suffix,tsne,42,315,slot_40__bear__r01__c001,"Long-clawed wilderness-resident displays a ranger's observation from across the river beside a quiet fence line, while the viewpoint remains level.",bear,3,bear,True,-10.673246383666992,-14.94411849975586,,
fixed_suffix,tsne,42,316,slot_40__wolf__r04__c245,"Careful sniffing around an abandoned sled track distinguishes bushy-tailed mountain pack tracker near an open grassy clearing, where ground contact stays clear.",wolf,3,bear,False,23.594833374023438,-5.723348617553711,,
fixed_suffix,tsne,42,317,slot_40__rabbit__r03__c163,"Quiet resting beside a ceramic food dish distinguishes white-tailed garden visitor near a sunlit garden path, where the posture remains natural.",rabbit,6,rabbit,True,-6.873666763305664,7.9512763023376465,,
fixed_suffix,tsne,42,318,slot_40__deer__r01__c001,"Beside a broad dirt trail, branch-antlered woodland traveler reveals a sudden retreat from boots on the trail; its full body stays visible.",deer,2,deer,True,6.028417110443115,-8.625520706176758,,
fixed_suffix,tsne,42,319,slot_40__horse__r02__c082,"Calm acceptance of a saddle and bridle distinguishes broad-chested stable resident near a shallow stream bank, where the pose shows balanced proportions.",horse,4,horse,True,5.756194591522217,11.767483711242676,,
fixed_suffix,tsne,42,320,slot_41__cat__r01__c002,Focused watching of birds beyond a closed window identifies a slit-eyed room hunter.,cat,0,cat,True,-19.986068725585938,3.3808646202087402,,
fixed_suffix,tsne,42,321,slot_41__dog__r02__c082,Careful sniffing during a new animal greeting defines a collared gate watcher.,dog,7,dog,True,-13.492258071899414,8.133039474487305,,
fixed_suffix,tsne,42,322,slot_41__fox__r03__c162,Brief nose contact near a shared den identifies a russet snowline hunter.,fox,1,fox,True,17.419342041015625,-14.598705291748047,,
fixed_suffix,tsne,42,323,slot_41__bear__r01__c003,Wide avoidance of another massive forest forager marks a long-clawed cave sleeper.,bear,3,bear,True,-4.736172676086426,-14.847357749938965,,
fixed_suffix,tsne,42,324,slot_41__wolf__r07__c485,A forest pack sentinel carries nose-to-muzzle greeting within the family group.,wolf,3,bear,False,12.470271110534668,-11.708869934082031,,
fixed_suffix,tsne,42,325,slot_41__rabbit__r01__c001,Close huddling with smaller meadow companions is visible on a white-tailed garden browser.,rabbit,6,rabbit,True,-8.575555801391602,-0.054567646235227585,,
fixed_suffix,tsne,42,326,slot_41__deer__r02__c082,A forest herd grazer reveals an antler display toward a competing male.,deer,2,deer,True,9.295989990234375,-13.642751693725586,,
fixed_suffix,tsne,42,327,slot_41__horse__r01__c001,Close following behind the herd leader identifies a flowing-tailed field grazer.,horse,4,horse,True,9.621399879455566,7.626179218292236,,
fixed_suffix,tsne,42,328,slot_42__cat__r06__c402,A cautious nose greeting with a familiar room companion defines a purring house prowler.,cat,0,cat,True,-22.577682495117188,9.03331470489502,,
fixed_suffix,tsne,42,329,slot_42__dog__r01__c001,A floppy-eared home guardian shows quiet resting against another household companion.,dog,7,dog,True,-14.546966552734375,5.703300952911377,,
fixed_suffix,tsne,42,330,slot_42__fox__r01__c001,Defensive circling around younger den residents identifies a russet snowline hunter.,fox,1,fox,True,17.63443946838379,-14.990013122558594,,
fixed_suffix,tsne,42,331,slot_42__bear__r01__c003,A bulky streamside fisher shows careful watching of grazing animals across the slope.,bear,6,rabbit,False,-9.406660079956055,-10.235809326171875,,
fixed_suffix,tsne,42,332,slot_42__wolf__r04__c244,Protective positioning near younger pack members identifies a howling snow hunter.,wolf,1,fox,False,19.996562957763672,-14.41217041015625,,
fixed_suffix,tsne,42,333,slot_42__rabbit__r01__c002,A warning foot thump near feeding companions marks a round-eyed clover browser.,rabbit,7,dog,False,-12.01881217956543,0.7714183330535889,,
fixed_suffix,tsne,42,334,slot_42__deer__r01__c002,An alert brown woodland browser carries an antler display toward a competing male.,deer,2,deer,True,9.045207977294922,-15.154866218566895,,
fixed_suffix,tsne,42,335,slot_42__horse__r02__c082,A farm runner shows ear-pinned warning toward a newcomer at feed.,horse,7,dog,False,7.320056915283203,18.939546585083008,,
fixed_suffix,tsne,42,336,slot_43__cat__r01__c002,"Beside soft morning light, curled-tail home-companion reveals silent stalking of a tiny moving insect.",cat,6,rabbit,False,-6.561151027679443,10.078353881835938,,
fixed_suffix,tsne,42,337,slot_43__dog__r01__c004,Collar-wearing yard-guardian becomes recognizable through careful sniffing during a new animal greeting near a shaded woodland edge.,dog,7,dog,True,-12.520161628723145,8.341817855834961,,
fixed_suffix,tsne,42,338,slot_43__fox__r01__c002,"Against a shallow stream bank, brief nose contact near a shared den defines amber-eyed meadow-prowler.",fox,6,rabbit,False,-2.886471748352051,11.578609466552734,,
fixed_suffix,tsne,42,339,slot_43__bear__r02__c083,Round-eared timberland-giant displays patient waiting near fish moving through shallows beside soft morning light.,bear,3,bear,True,6.363300800323486,-22.9456844329834,,
fixed_suffix,tsne,42,340,slot_43__wolf__r07__c485,A tense boundary display toward a rival group distinguishes thick-coated howling sentinel near a shaded woodland edge.,wolf,1,fox,False,18.113771438598633,-7.494549751281738,,
fixed_suffix,tsne,42,341,slot_43__rabbit__r01__c001,A clear view shows short-tailed garden browser with nose touching with another long-eared grazer near a misty hillside.,rabbit,6,rabbit,True,-7.083505630493164,1.0344949960708618,,
fixed_suffix,tsne,42,342,slot_43__deer__r02__c081,"Against a patch of dense brush, an antler display toward a competing male defines branch-antlered woodland traveler.",deer,2,deer,True,5.265955924987793,-11.04642105102539,,
fixed_suffix,tsne,42,343,slot_43__horse__r01__c001,"Beside a rocky meadow, upright-eared pasture grazer reveals parallel grazing beside several herd companions.",horse,4,horse,True,3.810580015182495,2.6278579235076904,,
fixed_suffix,tsne,42,344,slot_44__cat__r03__c162,"Focused watching of birds beyond a closed window distinguishes retractable-clawed climber near a pale winter field, where the posture remains natural.",cat,0,cat,True,-19.646209716796875,2.8211472034454346,,
fixed_suffix,tsne,42,345,slot_44__dog__r01__c004,"Within a shallow stream bank, panting ball-chaser demonstrates coordinated running beside a familiar walking partner, where its full body stays visible.",dog,7,dog,True,-13.346532821655273,16.535320281982422,,
fixed_suffix,tsne,42,346,slot_44__fox__r04__c242,"Beside a patch of dense brush, russet snowline-hunter reveals cautious distance from larger woodland predators; the moment appears unstaged.",fox,3,bear,False,15.39250659942627,-12.782007217407227,,
fixed_suffix,tsne,42,347,slot_44__bear__r04__c245,"A clear view shows bulky streamside-fisher with wide avoidance of another massive forest forager, as the posture remains natural.",bear,3,bear,True,-8.762201309204102,-10.6685152053833,,
fixed_suffix,tsne,42,348,slot_44__wolf__r03__c161,"Beside low evening light, amber-eyed pack sentinel reveals protective positioning near younger pack members; the head and torso remain visible.",wolf,6,rabbit,False,15.656599998474121,-4.945959568023682,,
fixed_suffix,tsne,42,349,slot_44__rabbit__r07__c484,"Against an open grassy clearing, close huddling with smaller meadow companions defines small long-eared burrow grazer; the pose shows balanced proportions.",rabbit,6,rabbit,True,-1.3911446332931519,1.7152671813964844,,
fixed_suffix,tsne,42,350,slot_44__deer__r01__c001,"Within soft morning light, slender-legged forest grazer demonstrates an antler display toward a competing male, where nearby tracks indicate scale.",deer,2,deer,True,8.672812461853027,-11.479240417480469,,
fixed_suffix,tsne,42,351,slot_44__horse__r01__c001,"Broad-chested stable resident displays mutual neck grooming with a familiar partner beside a quiet fence line, while the viewpoint remains level.",horse,4,horse,True,4.727868556976318,11.027915954589844,,
fixed_suffix,tsne,42,352,slot_45__cat__r08__c570,"During a clearly visible group moment, whiskered house-prowler becomes recognizable through silent stalking of a tiny moving insect, while ground contact stays clear.",cat,0,cat,True,-6.71213960647583,22.993471145629883,,
fixed_suffix,tsne,42,353,slot_45__dog__r01__c002,"Quiet resting against another household companion distinguishes broad-pawed gate-watcher near a calm farmyard, where the setting supports the behavior.",dog,7,dog,True,-13.762575149536133,10.175005912780762,,
fixed_suffix,tsne,42,354,slot_45__fox__r04__c243,"Within a sunlit garden path, amber-eyed meadow-prowler demonstrates defensive circling around younger den residents, where the background preserves its outline.",fox,6,rabbit,False,-2.8239848613739014,10.471688270568848,,
fixed_suffix,tsne,42,355,slot_45__bear__r08__c580,"During a clearly visible group moment, wide avoidance of another massive forest forager distinguishes massive shaggy-forager; meanwhile, the moment appears unstaged.",bear,3,bear,True,-5.478005886077881,-14.042773246765137,,
fixed_suffix,tsne,42,356,slot_45__wolf__r04__c245,"Within a patch of dense brush, wild gray pack predator demonstrates protective positioning near younger pack members, where the setting supports the behavior.",wolf,5,wolf,True,18.610002517700195,1.1800512075424194,,
fixed_suffix,tsne,42,357,slot_45__rabbit__r01__c001,"Beside an open grassy clearing, round-eyed grassland nibbler reveals parallel grazing beside several burrow residents; its full body stays visible.",rabbit,6,rabbit,True,-4.5009636878967285,-0.9004893898963928,,
fixed_suffix,tsne,42,358,slot_45__deer__r01__c006,"Within a misty hillside, branch-antlered woodland traveler demonstrates protective standing near a spotted youngster, where the pose shows balanced proportions.",deer,2,deer,True,6.401808738708496,-10.308634757995605,,
fixed_suffix,tsne,42,359,slot_45__horse__r04__c243,"Long-maned stable grazer with powerful legs carries playful running beside a younger pasture companion across a shallow stream bank; meanwhile, nearby tracks indicate scale.",horse,4,horse,True,3.5019617080688477,5.453983783721924,,
fixed_suffix,tsne,42,360,slot_46__cat__r01__c001,Soft chirping notes while watching distant birds marks a soft-pawed indoor hunter.,cat,7,dog,False,-19.620431900024414,6.135812282562256,,
fixed_suffix,tsne,42,361,slot_46__dog__r01__c003,A tail-wagging family companion reveals a low rumble when unfamiliar movement approaches.,dog,7,dog,True,-15.245402336120605,13.559850692749023,,
fixed_suffix,tsne,42,362,slot_46__fox__r01__c002,An amber-eyed meadow prowler carries a brief high call across evening woodland.,fox,6,rabbit,False,-0.581967830657959,11.771197319030762,,
fixed_suffix,tsne,42,363,slot_46__bear__r01__c002,A deep warning rumble in dense woodland defines a thick-furred woodland giant.,bear,3,bear,True,0.2443399578332901,-20.650943756103516,,
fixed_suffix,tsne,42,364,slot_46__wolf__r04__c242,Upright ears locating distant movement under snow is visible on a howling snow hunter.,wolf,1,fox,False,20.483551025390625,-14.057881355285645,,
fixed_suffix,tsne,42,365,slot_46__rabbit__r03__c161,A burrow resident has a sharp hind-foot thump warning the colony.,rabbit,7,dog,False,-14.871801376342773,-0.09331018477678299,,
fixed_suffix,tsne,42,366,slot_46__deer__r01__c001,Careful scent testing of the moving air identifies a long-legged clearing grazer.,deer,7,dog,False,-0.8579665422439575,-7.011850357055664,,
fixed_suffix,tsne,42,367,slot_46__horse__r01__c002,A clear neigh carrying beyond the stable identifies a swift-maned field traveler.,horse,4,horse,True,8.888001441955566,5.680747985839844,,
fixed_suffix,tsne,42,368,slot_47__cat__r01__c001,A whiskered lap companion shows a rising trill during a familiar greeting.,cat,0,cat,True,-10.861895561218262,26.91318702697754,,
fixed_suffix,tsne,42,369,slot_47__dog__r01__c001,Quick breathy whines beside a closed door identifies a leash-wearing companion.,dog,7,dog,True,-17.820301055908203,14.252052307128906,,
fixed_suffix,tsne,42,370,slot_47__fox__r05__c324,Short warning barks from dense cover marks an orange-chested hedge stalker.,fox,7,dog,False,-5.189289569854736,-8.169857025146484,,
fixed_suffix,tsne,42,371,slot_47__bear__r02__c081,A round-eared forest giant has a deep warning rumble in dense woodland.,bear,3,bear,True,2.09477162361145,-20.510129928588867,,
fixed_suffix,tsne,42,372,slot_47__wolf__r01__c001,A gray pack hunter carries a deep warning growl beneath raised neck fur.,wolf,5,wolf,True,23.002811431884766,-1.3964818716049194,,
fixed_suffix,tsne,42,373,slot_47__rabbit__r01__c001,Wide ears detecting movement beyond the hedge defines a long-eared meadow grazer.,rabbit,6,rabbit,True,-1.1632683277130127,-2.158088207244873,,
fixed_suffix,tsne,42,374,slot_47__deer__r01__c002,Large ears turning toward a broken twig defines a white-tailed meadow grazer.,deer,2,deer,True,-1.1779592037200928,-3.445991277694702,,
fixed_suffix,tsne,42,375,slot_47__horse__r04__c241,A stable grazer shows rhythmic hoofbeats approaching across firm ground.,horse,4,horse,True,7.135005950927734,4.747427940368652,,
fixed_suffix,tsne,42,376,slot_48__cat__r01__c001,"Against an open grassy clearing, a steady vibration during relaxed contact defines purring room-explorer.",cat,0,cat,True,-25.543922424316406,7.104058742523193,,
fixed_suffix,tsne,42,377,slot_48__dog__r01__c002,"Against a broad dirt trail, a low rumble when unfamiliar movement approaches defines panting ball-chaser.",dog,7,dog,True,-13.787919998168945,16.976266860961914,,
fixed_suffix,tsne,42,378,slot_48__fox__r02__c083,Slender nighttime-forager displays a brief high call across evening woodland beside a shallow stream bank.,fox,2,deer,False,-4.128235816955566,-10.937417030334473,,
fixed_suffix,tsne,42,379,slot_48__bear__r01__c001,Heavy-pawed backcountry-wanderer displays a deep warning rumble in dense woodland beside a patch of dense brush.,bear,3,bear,True,-4.003647804260254,-17.984195709228516,,
fixed_suffix,tsne,42,380,slot_48__wolf__r01__c001,A clear view shows amber-eyed pack sentinel with a long resonant howl answered across the valley near a rocky meadow.,wolf,3,bear,False,15.873085975646973,-5.645567417144775,,
fixed_suffix,tsne,42,381,slot_48__rabbit__r01__c003,Quick-footed burrow resident displays wide ears detecting movement beyond the hedge beside a narrow riverside path.,rabbit,6,rabbit,True,-2.9418039321899414,4.105513095855713,,
fixed_suffix,tsne,42,382,slot_48__deer__r04__c245,Antlered split-hoofed woodland browser displays large ears turning toward a broken twig beside soft morning light.,deer,2,deer,True,6.599750995635986,-12.692647933959961,,
fixed_suffix,tsne,42,383,slot_48__horse__r04__c246,Saddle-wearing flowing-tailed riding companion displays mobile ears following a distant handler's voice beside low evening light.,horse,4,horse,True,2.4566712379455566,8.99780559539795,,
fixed_suffix,tsne,42,384,slot_49__cat__r02__c081,"Against a sunlit garden path, a sharp warning hiss with flattened ears defines striped hearthside-prowler; the background preserves its outline.",cat,0,cat,True,-7.2283477783203125,18.858333587646484,,
fixed_suffix,tsne,42,385,slot_49__dog__r01__c002,"Keen-nosed scent-follower becomes recognizable through a drawn-out lonely call across the yard, while the moment appears unstaged.",dog,7,dog,True,-17.011991500854492,16.150375366210938,,
fixed_suffix,tsne,42,386,slot_49__fox__r04__c241,"Against a calm farmyard, short warning barks from dense cover defines amber-eyed meadow-prowler; the posture remains natural.",fox,6,rabbit,False,-2.819884777069092,12.710675239562988,,
fixed_suffix,tsne,42,387,slot_49__bear__r02__c082,"Within a sunlit garden path, bulky streamside-fisher demonstrates soft bawling notes from a smaller youngster, where the viewpoint remains level.",bear,6,rabbit,False,-4.288270473480225,8.011937141418457,,
fixed_suffix,tsne,42,388,slot_49__wolf__r01__c003,"Social mountain hunter carries a long resonant howl answered across the valley across a shaded woodland edge; meanwhile, soft light preserves surface detail.",wolf,3,bear,False,10.839004516601562,-5.658325672149658,,
fixed_suffix,tsne,42,389,slot_49__rabbit__r04__c245,"Soft-coated long-eared burrow resident carries fine whiskers testing the narrow tunnel across an open grassy clearing; meanwhile, nearby tracks indicate scale.",rabbit,6,rabbit,True,-3.167973756790161,1.8824750185012817,,
fixed_suffix,tsne,42,390,slot_49__deer__r03__c162,"Against soft morning light, a sharp alarm snort followed by raised tails defines branch-antlered woodland traveler; its full body stays visible.",deer,2,deer,True,8.100128173828125,-9.225883483886719,,
fixed_suffix,tsne,42,391,slot_49__horse__r01__c003,"Within low evening light, upright-eared pasture grazer demonstrates a clear neigh carrying beyond the stable, where the pose shows balanced proportions.",horse,4,horse,True,5.194416522979736,3.9344520568847656,,
fixed_suffix,tsne,42,392,slot_50__cat__r01__c001,"Within a broad dirt trail, curled-tail home-companion demonstrates a sharp warning hiss with flattened ears, where nearby tracks indicate scale.",cat,6,rabbit,False,-8.033976554870605,17.463298797607422,,
fixed_suffix,tsne,42,393,slot_50__dog__r01__c002,"Within a shallow stream bank, wagging household-companion demonstrates quick breathy whines beside a closed door, where its full body stays visible.",dog,7,dog,True,-13.442715644836426,14.909809112548828,,
fixed_suffix,tsne,42,394,slot_50__fox__r04__c245,"Quiet yapping sounds during distant contact distinguishes slender nighttime-forager near a rocky meadow, where ground contact stays clear.",fox,6,rabbit,False,-7.841552734375,3.6516499519348145,,
fixed_suffix,tsne,42,395,slot_50__bear__r07__c486,"Within a misty hillside, massive shaggy-forager demonstrates a loud roar across an open riverbank, where surrounding plants provide scale.",bear,3,bear,True,-7.111445426940918,-12.051806449890137,,
fixed_suffix,tsne,42,396,slot_50__wolf__r04__c243,"Long-legged snow pack hunter becomes recognizable through a deep warning growl beneath raised neck fur, while the head and torso remain visible.",wolf,3,bear,False,14.241225242614746,-3.8688790798187256,,
fixed_suffix,tsne,42,397,slot_50__rabbit__r05__c326,"Beside a rocky meadow, small hopping burrow forager reveals near-silent chewing beneath constantly turning ears; the pose shows balanced proportions.",rabbit,6,rabbit,True,-1.0054975748062134,3.231865882873535,,
fixed_suffix,tsne,42,398,slot_50__deer__r01__c003,"Beside a broad dirt trail, slender-legged forest grazer reveals large ears turning toward a broken twig; nearby tracks indicate scale.",deer,2,deer,True,6.643125534057617,-7.093006610870361,,
fixed_suffix,tsne,42,399,slot_50__horse__r04__c244,"Muscular maned farmyard traveler carries soft breath moving through wide nostrils across a shallow stream bank; meanwhile, its full body stays visible.",horse,4,horse,True,5.5472187995910645,16.6739501953125,,
