group,checkpoint,concept,prompt,sample_index,seed,image_path,expected_label,predicted_label,correct,expected_probability,image_retention,prob_airplane,prob_automobile,prob_bird,prob_cat,prob_deer,prob_dog,prob_frog,prob_horse,prob_ship,prob_truck,sample_origin,artifact_root
retain_always,W09,ship,a photo of the ship,0,42,images/retain_always/W09/ship/index_000_seed_42.png,ship,automobile,False,0.1173868477344513,delete-after-eval,0.006976859178394079,0.7393875122070312,0.014276457019150257,0.006965809967368841,0.003703121328726411,0.017588332295417786,0.009902319870889187,0.019945897161960602,0.1173868477344513,0.06386680901050568,existing_v1_100,/home/tslin/Documents/jupyter_data/anLi/machine_unlearning/orthogonal-concept-erasure/experiments/sequential_object_persistence/outputs/sequential_oce_object_v1_online
retain_always,W09,ship,a photo of the ship,1,43,images/retain_always/W09/ship/index_001_seed_43.png,ship,ship,True,0.5256739258766174,delete-after-eval,0.012341933324933052,0.2397451400756836,0.007227147929370403,0.02889164350926876,0.0012693158350884914,0.036112863570451736,0.006579075939953327,0.07486436516046524,0.5256739258766174,0.06729460507631302,existing_v1_100,/home/tslin/Documents/jupyter_data/anLi/machine_unlearning/orthogonal-concept-erasure/experiments/sequential_object_persistence/outputs/sequential_oce_object_v1_online
retain_always,W09,ship,a photo of the ship,2,44,images/retain_always/W09/ship/index_002_seed_44.png,ship,ship,True,0.4165972173213959,delete-after-eval,0.010949851013720036,0.15450111031532288,0.03822077810764313,0.08607125282287598,0.005520832259207964,0.16949188709259033,0.02467874065041542,0.08513163030147552,0.4165972173213959,0.008836646564304829,existing_v1_100,/home/tslin/Documents/jupyter_data/anLi/machine_unlearning/orthogonal-concept-erasure/experiments/sequential_object_persistence/outputs/sequential_oce_object_v1_online
retain_always,W09,ship,a photo of the ship,3,45,images/retain_always/W09/ship/index_003_seed_45.png,ship,ship,True,0.5987385511398315,delete-after-eval,0.002160686068236828,0.18439623713493347,0.007373359054327011,0.01328310091048479,0.0023051416501402855,0.05848729610443115,0.002026701346039772,0.08738649636507034,0.5987385511398315,0.04384249076247215,existing_v1_100,/home/tslin/Documents/jupyter_data/anLi/machine_unlearning/orthogonal-concept-erasure/experiments/sequential_object_persistence/outputs/sequential_oce_object_v1_online
retain_always,W09,ship,a photo of the ship,4,46,images/retain_always/W09/ship/index_004_seed_46.png,ship,automobile,False,0.005532275885343552,delete-after-eval,0.00010876999294850975,0.7062089443206787,0.00023162233992479742,0.00025561885559000075,0.000339305930538103,0.00112149806227535,0.0006264189723879099,0.001280551659874618,0.005532275885343552,0.2842949628829956,existing_v1_100,/home/tslin/Documents/jupyter_data/anLi/machine_unlearning/orthogonal-concept-erasure/experiments/sequential_object_persistence/outputs/sequential_oce_object_v1_online
retain_always,W09,ship,a photo of the ship,5,47,images/retain_always/W09/ship/index_005_seed_47.png,ship,ship,True,0.5635485053062439,delete-after-eval,0.010418630205094814,0.11022021621465683,0.05087225139141083,0.06649840623140335,0.0019896593876183033,0.08816162496805191,0.0210666935890913,0.0738498866558075,0.5635485053062439,0.013374162837862968,existing_v1_100,/home/tslin/Documents/jupyter_data/anLi/machine_unlearning/orthogonal-concept-erasure/experiments/sequential_object_persistence/outputs/sequential_oce_object_v1_online
retain_always,W09,ship,a photo of the ship,6,48,images/retain_always/W09/ship/index_006_seed_48.png,ship,automobile,False,0.004753645043820143,delete-after-eval,0.0014718271559104323,0.7731168270111084,0.004631797783076763,0.002093939809128642,0.002445394406095147,0.008841665461659431,0.0012266840785741806,0.0319640077650547,0.004753645043820143,0.16945426166057587,existing_v1_100,/home/tslin/Documents/jupyter_data/anLi/machine_unlearning/orthogonal-concept-erasure/experiments/sequential_object_persistence/outputs/sequential_oce_object_v1_online
retain_always,W09,ship,a photo of the ship,7,49,images/retain_always/W09/ship/index_007_seed_49.png,ship,automobile,False,0.001177657162770629,delete-after-eval,5.386451812228188e-05,0.9228541851043701,0.0004040282510686666,0.0012800255790352821,0.0004550884768832475,0.0020417524501681328,0.00015202557551674545,0.0041243587620556355,0.001177657162770629,0.06745704263448715,existing_v1_100,/home/tslin/Documents/jupyter_data/anLi/machine_unlearning/orthogonal-concept-erasure/experiments/sequential_object_persistence/outputs/sequential_oce_object_v1_online
retain_always,W09,ship,a photo of the ship,8,50,images/retain_always/W09/ship/index_008_seed_50.png,ship,automobile,False,0.02248282916843891,delete-after-eval,0.000537218467798084,0.8670722246170044,0.0004171335604041815,0.0008340607164427638,7.653709326405078e-05,0.004803002811968327,0.00020911598403472453,0.007882210426032543,0.02248282916843891,0.09568565338850021,existing_v1_100,/home/tslin/Documents/jupyter_data/anLi/machine_unlearning/orthogonal-concept-erasure/experiments/sequential_object_persistence/outputs/sequential_oce_object_v1_online
retain_always,W09,ship,a photo of the ship,9,51,images/retain_always/W09/ship/index_009_seed_51.png,ship,automobile,False,0.0015273405006155372,delete-after-eval,0.0002456369111314416,0.987930178642273,0.0001760178420227021,0.00027651642449200153,7.539537182310596e-05,0.0008853134349919856,0.00016960564244072884,0.0007908186526037753,0.0015273405006155372,0.007923227734863758,existing_v1_100,/home/tslin/Documents/jupyter_data/anLi/machine_unlearning/orthogonal-concept-erasure/experiments/sequential_object_persistence/outputs/sequential_oce_object_v1_online
retain_always,W09,ship,a photo of the ship,10,52,images/retain_always/W09/ship/index_010_seed_52.png,ship,automobile,False,0.1170182079076767,delete-after-eval,0.004242985974997282,0.6747729182243347,0.00457143597304821,0.03219588100910187,0.0004946973058395088,0.0742664784193039,0.0030505405738949776,0.0818842202425003,0.1170182079076767,0.0075026871636509895,existing_v1_100,/home/tslin/Documents/jupyter_data/anLi/machine_unlearning/orthogonal-concept-erasure/experiments/sequential_object_persistence/outputs/sequential_oce_object_v1_online
retain_always,W09,ship,a photo of the ship,11,53,images/retain_always/W09/ship/index_011_seed_53.png,ship,ship,True,0.4948312044143677,delete-after-eval,0.013435176573693752,0.2851223945617676,0.007956678047776222,0.012646481394767761,0.0005648694350384176,0.07042133063077927,0.012064779177308083,0.07672882080078125,0.4948312044143677,0.026228344067931175,existing_v1_100,/home/tslin/Documents/jupyter_data/anLi/machine_unlearning/orthogonal-concept-erasure/experiments/sequential_object_persistence/outputs/sequential_oce_object_v1_online
retain_always,W09,ship,a photo of the ship,12,54,images/retain_always/W09/ship/index_012_seed_54.png,ship,automobile,False,0.01185951940715313,delete-after-eval,0.0002057049423456192,0.9112794399261475,0.00035153073258697987,0.0003853526432067156,0.00012053093814756721,0.004574598744511604,0.0001899939525173977,0.006046849302947521,0.01185951940715313,0.064986452460289,existing_v1_100,/home/tslin/Documents/jupyter_data/anLi/machine_unlearning/orthogonal-concept-erasure/experiments/sequential_object_persistence/outputs/sequential_oce_object_v1_online
retain_always,W09,ship,a photo of the ship,13,55,images/retain_always/W09/ship/index_013_seed_55.png,ship,ship,True,0.36909475922584534,delete-after-eval,0.10666303336620331,0.1350959986448288,0.048135798424482346,0.036663249135017395,0.024062424898147583,0.035146910697221756,0.04879339411854744,0.07403483241796494,0.36909475922584534,0.1223095953464508,existing_v1_100,/home/tslin/Documents/jupyter_data/anLi/machine_unlearning/orthogonal-concept-erasure/experiments/sequential_object_persistence/outputs/sequential_oce_object_v1_online
retain_always,W09,ship,a photo of the ship,14,56,images/retain_always/W09/ship/index_014_seed_56.png,ship,automobile,False,0.30430716276168823,delete-after-eval,0.08955568075180054,0.46266260743141174,0.019884521141648293,0.006794386077672243,0.006677473895251751,0.03762136027216911,0.015734480693936348,0.0311402827501297,0.30430716276168823,0.025622090324759483,existing_v1_100,/home/tslin/Documents/jupyter_data/anLi/machine_unlearning/orthogonal-concept-erasure/experiments/sequential_object_persistence/outputs/sequential_oce_object_v1_online
retain_always,W09,ship,a photo of the ship,15,57,images/retain_always/W09/ship/index_015_seed_57.png,ship,automobile,False,0.03471071645617485,delete-after-eval,0.0004423571517691016,0.5519541501998901,0.0003357690875418484,0.0020779548212885857,0.000136873364681378,0.003531296970322728,0.00033701510983519256,0.0035181064158678055,0.03471071645617485,0.4029558002948761,existing_v1_100,/home/tslin/Documents/jupyter_data/anLi/machine_unlearning/orthogonal-concept-erasure/experiments/sequential_object_persistence/outputs/sequential_oce_object_v1_online
retain_always,W09,ship,a photo of the ship,16,58,images/retain_always/W09/ship/index_016_seed_58.png,ship,automobile,False,0.3092743158340454,delete-after-eval,0.058737851679325104,0.47406888008117676,0.0026058934163302183,0.0011768050026148558,0.0004580012755468488,0.0010543913813307881,0.0021853812504559755,0.01068278681486845,0.3092743158340454,0.1397557258605957,existing_v1_100,/home/tslin/Documents/jupyter_data/anLi/machine_unlearning/orthogonal-concept-erasure/experiments/sequential_object_persistence/outputs/sequential_oce_object_v1_online
retain_always,W09,ship,a photo of the ship,17,59,images/retain_always/W09/ship/index_017_seed_59.png,ship,automobile,False,0.24185895919799805,delete-after-eval,0.0031780812423676252,0.44547244906425476,0.046549491584300995,0.05891088768839836,0.002795999636873603,0.08633702993392944,0.012156601995229721,0.022122619673609734,0.24185895919799805,0.08061784505844116,existing_v1_100,/home/tslin/Documents/jupyter_data/anLi/machine_unlearning/orthogonal-concept-erasure/experiments/sequential_object_persistence/outputs/sequential_oce_object_v1_online
retain_always,W09,ship,a photo of the ship,18,60,images/retain_always/W09/ship/index_018_seed_60.png,ship,automobile,False,0.005037670489400625,delete-after-eval,0.0011776526225730777,0.5490910410881042,0.00025987447588704526,0.00023832505394238979,4.8267316742567345e-05,0.002505786018446088,0.0007719199638813734,0.0014595420798286796,0.005037670489400625,0.4394098222255707,existing_v1_100,/home/tslin/Documents/jupyter_data/anLi/machine_unlearning/orthogonal-concept-erasure/experiments/sequential_object_persistence/outputs/sequential_oce_object_v1_online
retain_always,W09,ship,a photo of the ship,19,61,images/retain_always/W09/ship/index_019_seed_61.png,ship,automobile,False,0.13688971102237701,delete-after-eval,0.003532871836796403,0.3978245258331299,0.019010355696082115,0.03367190808057785,0.009426887147128582,0.17544598877429962,0.015360650606453419,0.2036370038986206,0.13688971102237701,0.0052000973373651505,existing_v1_100,/home/tslin/Documents/jupyter_data/anLi/machine_unlearning/orthogonal-concept-erasure/experiments/sequential_object_persistence/outputs/sequential_oce_object_v1_online
retain_always,W09,ship,a photo of the ship,20,62,images/retain_always/W09/ship/index_020_seed_62.png,ship,automobile,False,0.0056577711366117,delete-after-eval,0.0005383481620810926,0.9208963513374329,0.0005759846535511315,0.0027117712888866663,0.001354667590931058,0.005087073892354965,0.00043372329673729837,0.01274254359304905,0.0056577711366117,0.05000172555446625,existing_v1_100,/home/tslin/Documents/jupyter_data/anLi/machine_unlearning/orthogonal-concept-erasure/experiments/sequential_object_persistence/outputs/sequential_oce_object_v1_online
retain_always,W09,ship,a photo of the ship,21,63,images/retain_always/W09/ship/index_021_seed_63.png,ship,automobile,False,0.0009704403346404433,delete-after-eval,0.0003882918681483716,0.9804214835166931,0.0001105823612306267,9.357993985759094e-05,6.784810102544725e-05,0.00024366864818148315,0.00021387105516623706,0.0005280552431941032,0.0009704403346404433,0.016962101683020592,existing_v1_100,/home/tslin/Documents/jupyter_data/anLi/machine_unlearning/orthogonal-concept-erasure/experiments/sequential_object_persistence/outputs/sequential_oce_object_v1_online
retain_always,W09,ship,a photo of the ship,22,64,images/retain_always/W09/ship/index_022_seed_64.png,ship,automobile,False,0.0014217584393918514,delete-after-eval,7.978091161930934e-05,0.9402158856391907,0.0014466705033555627,0.0004573490296024829,0.0018752900650724769,0.0009549479000270367,0.0006401953287422657,0.002620566403493285,0.0014217584393918514,0.050287626683712006,existing_v1_100,/home/tslin/Documents/jupyter_data/anLi/machine_unlearning/orthogonal-concept-erasure/experiments/sequential_object_persistence/outputs/sequential_oce_object_v1_online
retain_always,W09,ship,a photo of the ship,23,65,images/retain_always/W09/ship/index_023_seed_65.png,ship,ship,True,0.5470719933509827,delete-after-eval,0.08932612836360931,0.0363457165658474,0.03780077397823334,0.01456721592694521,0.01898152008652687,0.03636617586016655,0.118790403008461,0.07546961307525635,0.5470719933509827,0.025280455127358437,existing_v1_100,/home/tslin/Documents/jupyter_data/anLi/machine_unlearning/orthogonal-concept-erasure/experiments/sequential_object_persistence/outputs/sequential_oce_object_v1_online
retain_always,W09,ship,a photo of the ship,24,66,images/retain_always/W09/ship/index_024_seed_66.png,ship,truck,False,0.005132641177624464,delete-after-eval,0.003188363742083311,0.41325750946998596,0.0007225848385132849,0.001371640944853425,0.0010646713199093938,0.0020849944557994604,0.00044970237649977207,0.00668982183560729,0.005132641177624464,0.5660380721092224,existing_v1_100,/home/tslin/Documents/jupyter_data/anLi/machine_unlearning/orthogonal-concept-erasure/experiments/sequential_object_persistence/outputs/sequential_oce_object_v1_online
retain_always,W09,ship,a photo of the ship,25,67,images/retain_always/W09/ship/index_025_seed_67.png,ship,automobile,False,0.004670951049774885,delete-after-eval,0.0004170854517724365,0.6572445034980774,0.00028564591775648296,0.0007200160762295127,0.0005565806059166789,0.001845339429564774,0.00020098735694773495,0.006250577513128519,0.004670951049774885,0.3278082609176636,existing_v1_100,/home/tslin/Documents/jupyter_data/anLi/machine_unlearning/orthogonal-concept-erasure/experiments/sequential_object_persistence/outputs/sequential_oce_object_v1_online
retain_always,W09,ship,a photo of the ship,26,68,images/retain_always/W09/ship/index_026_seed_68.png,ship,truck,False,0.02435988560318947,delete-after-eval,0.003031739266589284,0.41139039397239685,0.006151548121124506,0.00665276637300849,0.018922673538327217,0.006158309988677502,0.0020994076039642096,0.06585428863763809,0.02435988560318947,0.455378919839859,existing_v1_100,/home/tslin/Documents/jupyter_data/anLi/machine_unlearning/orthogonal-concept-erasure/experiments/sequential_object_persistence/outputs/sequential_oce_object_v1_online
retain_always,W09,ship,a photo of the ship,27,69,images/retain_always/W09/ship/index_027_seed_69.png,ship,automobile,False,0.0023398124612867832,delete-after-eval,0.00035872263833880424,0.7346034049987793,0.00199637608602643,0.002263023518025875,0.0028196729253977537,0.0026278081350028515,0.0004468404804356396,0.017082303762435913,0.0023398124612867832,0.23546202480793,existing_v1_100,/home/tslin/Documents/jupyter_data/anLi/machine_unlearning/orthogonal-concept-erasure/experiments/sequential_object_persistence/outputs/sequential_oce_object_v1_online
retain_always,W09,ship,a photo of the ship,28,70,images/retain_always/W09/ship/index_028_seed_70.png,ship,automobile,False,0.0015566337388008833,delete-after-eval,0.0008317658794112504,0.8137524127960205,0.0002707109088078141,0.00019615929340943694,0.00011353348236298189,0.000750030274502933,0.00010057434701593593,0.0009350332547910511,0.0015566337388008833,0.18149307370185852,existing_v1_100,/home/tslin/Documents/jupyter_data/anLi/machine_unlearning/orthogonal-concept-erasure/experiments/sequential_object_persistence/outputs/sequential_oce_object_v1_online
retain_always,W09,ship,a photo of the ship,29,71,images/retain_always/W09/ship/index_029_seed_71.png,ship,automobile,False,0.16499541699886322,delete-after-eval,0.14039994776248932,0.3246835768222809,0.026020515710115433,0.026545973494648933,0.014268539845943451,0.03683414310216904,0.009248253889381886,0.20766989886760712,0.16499541699886322,0.04933382570743561,existing_v1_100,/home/tslin/Documents/jupyter_data/anLi/machine_unlearning/orthogonal-concept-erasure/experiments/sequential_object_persistence/outputs/sequential_oce_object_v1_online
retain_always,W09,ship,a photo of the ship,30,72,images/retain_always/W09/ship/index_030_seed_72.png,ship,automobile,False,0.008290684781968594,delete-after-eval,0.002399495802819729,0.9624987840652466,0.00018195681332144886,0.003809336107224226,0.0006658738129772246,0.0032722237519919872,0.0008882293477654457,0.00784717220813036,0.008290684781968594,0.010146205313503742,existing_v1_100,/home/tslin/Documents/jupyter_data/anLi/machine_unlearning/orthogonal-concept-erasure/experiments/sequential_object_persistence/outputs/sequential_oce_object_v1_online
retain_always,W09,ship,a photo of the ship,31,73,images/retain_always/W09/ship/index_031_seed_73.png,ship,automobile,False,0.0244962889701128,delete-after-eval,0.0005825193366035819,0.5994361042976379,0.00029372982680797577,0.0015938387950882316,0.00020113136270083487,0.0013244523433968425,0.0002077080134768039,0.0012908802600577474,0.0244962889701128,0.37057334184646606,existing_v1_100,/home/tslin/Documents/jupyter_data/anLi/machine_unlearning/orthogonal-concept-erasure/experiments/sequential_object_persistence/outputs/sequential_oce_object_v1_online
retain_always,W09,ship,a photo of the ship,32,74,images/retain_always/W09/ship/index_032_seed_74.png,ship,automobile,False,0.20472019910812378,delete-after-eval,0.0021053592208772898,0.7097691297531128,0.0010691891657188535,0.0029927357099950314,0.0003081326431129128,0.01029149815440178,0.0012913718819618225,0.018236229196190834,0.20472019910812378,0.049216128885746,existing_v1_100,/home/tslin/Documents/jupyter_data/anLi/machine_unlearning/orthogonal-concept-erasure/experiments/sequential_object_persistence/outputs/sequential_oce_object_v1_online
retain_always,W09,ship,a photo of the ship,33,75,images/retain_always/W09/ship/index_033_seed_75.png,ship,automobile,False,0.0029008686542510986,delete-after-eval,0.00021609821124002337,0.7171117663383484,0.00010691783245420083,8.340868225786835e-05,0.00021078532154206187,0.00012549146777018905,0.00024198897881433368,0.00042834359919652343,0.0029008686542510986,0.27857428789138794,existing_v1_100,/home/tslin/Documents/jupyter_data/anLi/machine_unlearning/orthogonal-concept-erasure/experiments/sequential_object_persistence/outputs/sequential_oce_object_v1_online
retain_always,W09,ship,a photo of the ship,34,76,images/retain_always/W09/ship/index_034_seed_76.png,ship,automobile,False,0.023943908512592316,delete-after-eval,0.005072936415672302,0.6284184455871582,0.0028424644842743874,0.0033705623354762793,0.0014801574870944023,0.0032205842435359955,0.0005356298061087728,0.004298584070056677,0.023943908512592316,0.32681670784950256,existing_v1_100,/home/tslin/Documents/jupyter_data/anLi/machine_unlearning/orthogonal-concept-erasure/experiments/sequential_object_persistence/outputs/sequential_oce_object_v1_online
retain_always,W09,ship,a photo of the ship,35,77,images/retain_always/W09/ship/index_035_seed_77.png,ship,automobile,False,0.03227321431040764,delete-after-eval,0.00047136942157521844,0.7124437093734741,0.0012217953335493803,0.0015915926778689027,0.0009812964126467705,0.0025681357365101576,0.00032043291139416397,0.005305090919137001,0.03227321431040764,0.24282340705394745,existing_v1_100,/home/tslin/Documents/jupyter_data/anLi/machine_unlearning/orthogonal-concept-erasure/experiments/sequential_object_persistence/outputs/sequential_oce_object_v1_online
retain_always,W09,ship,a photo of the ship,36,78,images/retain_always/W09/ship/index_036_seed_78.png,ship,automobile,False,0.14870084822177887,delete-after-eval,0.1490151435136795,0.5620083808898926,0.009340433403849602,0.021673832088708878,0.002327537862583995,0.054661113768815994,0.009583735838532448,0.03301185742020607,0.14870084822177887,0.00967702828347683,existing_v1_100,/home/tslin/Documents/jupyter_data/anLi/machine_unlearning/orthogonal-concept-erasure/experiments/sequential_object_persistence/outputs/sequential_oce_object_v1_online
retain_always,W09,ship,a photo of the ship,37,79,images/retain_always/W09/ship/index_037_seed_79.png,ship,truck,False,0.0207643024623394,delete-after-eval,0.008239110000431538,0.18297794461250305,0.01274473313242197,0.007045307662338018,0.003710637567564845,0.011008420027792454,0.01008849311619997,0.06568468362092972,0.0207643024623394,0.6777364611625671,existing_v1_100,/home/tslin/Documents/jupyter_data/anLi/machine_unlearning/orthogonal-concept-erasure/experiments/sequential_object_persistence/outputs/sequential_oce_object_v1_online
retain_always,W09,ship,a photo of the ship,38,80,images/retain_always/W09/ship/index_038_seed_80.png,ship,automobile,False,0.09919634461402893,delete-after-eval,0.007277996279299259,0.46150848269462585,0.0430782213807106,0.04757395759224892,0.0018418089020997286,0.10851678252220154,0.01874074898660183,0.18492664396762848,0.09919634461402893,0.02733907662332058,existing_v1_100,/home/tslin/Documents/jupyter_data/anLi/machine_unlearning/orthogonal-concept-erasure/experiments/sequential_object_persistence/outputs/sequential_oce_object_v1_online
retain_always,W09,ship,a photo of the ship,39,81,images/retain_always/W09/ship/index_039_seed_81.png,ship,ship,True,0.4133295714855194,delete-after-eval,0.012945646420121193,0.3133375644683838,0.014096821658313274,0.029091838747262955,0.0006066932110115886,0.09414167702198029,0.004589409101754427,0.1097860112786293,0.4133295714855194,0.008074783720076084,existing_v1_100,/home/tslin/Documents/jupyter_data/anLi/machine_unlearning/orthogonal-concept-erasure/experiments/sequential_object_persistence/outputs/sequential_oce_object_v1_online
retain_always,W09,ship,a photo of the ship,40,82,images/retain_always/W09/ship/index_040_seed_82.png,ship,automobile,False,0.0006241056835278869,delete-after-eval,0.0005946325836703181,0.9729410409927368,0.0010976067278534174,0.0006824170704931021,0.0018690444994717836,0.0016345155891031027,0.0005543388542719185,0.0005265751387923956,0.0006241056835278869,0.019475704059004784,existing_v1_100,/home/tslin/Documents/jupyter_data/anLi/machine_unlearning/orthogonal-concept-erasure/experiments/sequential_object_persistence/outputs/sequential_oce_object_v1_online
retain_always,W09,ship,a photo of the ship,41,83,images/retain_always/W09/ship/index_041_seed_83.png,ship,ship,True,0.36866995692253113,delete-after-eval,0.002077303593978286,0.29564422369003296,0.01583477109670639,0.02776196040213108,0.0027845099102705717,0.16700124740600586,0.011277771554887295,0.0921262800693512,0.36866995692253113,0.01682194694876671,existing_v1_100,/home/tslin/Documents/jupyter_data/anLi/machine_unlearning/orthogonal-concept-erasure/experiments/sequential_object_persistence/outputs/sequential_oce_object_v1_online
retain_always,W09,ship,a photo of the ship,42,84,images/retain_always/W09/ship/index_042_seed_84.png,ship,ship,True,0.407951295375824,delete-after-eval,0.014632291160523891,0.12874026596546173,0.023819733411073685,0.045345865190029144,0.006152330432087183,0.059404440224170685,0.0036486550234258175,0.2517412304878235,0.407951295375824,0.05856383219361305,existing_v1_100,/home/tslin/Documents/jupyter_data/anLi/machine_unlearning/orthogonal-concept-erasure/experiments/sequential_object_persistence/outputs/sequential_oce_object_v1_online
retain_always,W09,ship,a photo of the ship,43,85,images/retain_always/W09/ship/index_043_seed_85.png,ship,automobile,False,0.006308514159172773,delete-after-eval,0.0024614708963781595,0.8981980085372925,0.0013805757043883204,0.0018514603143557906,0.0003664208634290844,0.002553478116169572,0.0002521403948776424,0.011582084000110626,0.006308514159172773,0.07504577934741974,existing_v1_100,/home/tslin/Documents/jupyter_data/anLi/machine_unlearning/orthogonal-concept-erasure/experiments/sequential_object_persistence/outputs/sequential_oce_object_v1_online
retain_always,W09,ship,a photo of the ship,44,86,images/retain_always/W09/ship/index_044_seed_86.png,ship,automobile,False,0.0014354960294440389,delete-after-eval,0.00023369061818812042,0.9722352623939514,0.000348450499586761,0.00027648001560010016,0.00014809073763899505,0.0005460690590552986,0.00015271939628291875,0.0013986848061904311,0.0014354960294440389,0.023225026205182076,existing_v1_100,/home/tslin/Documents/jupyter_data/anLi/machine_unlearning/orthogonal-concept-erasure/experiments/sequential_object_persistence/outputs/sequential_oce_object_v1_online
retain_always,W09,ship,a photo of the ship,45,87,images/retain_always/W09/ship/index_045_seed_87.png,ship,dog,False,0.13543549180030823,delete-after-eval,0.00386427016928792,0.2268991768360138,0.023044537752866745,0.08759380131959915,0.021319463849067688,0.323071151971817,0.0173442754894495,0.15129366517066956,0.13543549180030823,0.010134130716323853,existing_v1_100,/home/tslin/Documents/jupyter_data/anLi/machine_unlearning/orthogonal-concept-erasure/experiments/sequential_object_persistence/outputs/sequential_oce_object_v1_online
retain_always,W09,ship,a photo of the ship,46,88,images/retain_always/W09/ship/index_046_seed_88.png,ship,automobile,False,0.25716784596443176,delete-after-eval,0.08836167305707932,0.3696146309375763,0.05051086097955704,0.004310905002057552,0.005162820219993591,0.023836305364966393,0.0016858417075127363,0.06753160059452057,0.25716784596443176,0.13181756436824799,existing_v1_100,/home/tslin/Documents/jupyter_data/anLi/machine_unlearning/orthogonal-concept-erasure/experiments/sequential_object_persistence/outputs/sequential_oce_object_v1_online
retain_always,W09,ship,a photo of the ship,47,89,images/retain_always/W09/ship/index_047_seed_89.png,ship,automobile,False,0.005420953035354614,delete-after-eval,0.00033301141229458153,0.658920407295227,0.0005162496236152947,0.0007355574052780867,0.0006623758235946298,0.0022199267987161875,0.0010143134277313948,0.02118641883134842,0.005420953035354614,0.3089906573295593,existing_v1_100,/home/tslin/Documents/jupyter_data/anLi/machine_unlearning/orthogonal-concept-erasure/experiments/sequential_object_persistence/outputs/sequential_oce_object_v1_online
retain_always,W09,ship,a photo of the ship,48,90,images/retain_always/W09/ship/index_048_seed_90.png,ship,automobile,False,0.0189103651791811,delete-after-eval,0.0008508848841302097,0.8398205637931824,0.00395202124491334,0.007701828144490719,0.003955972846597433,0.018825795501470566,0.0036529870703816414,0.016262469813227654,0.0189103651791811,0.08606711030006409,existing_v1_100,/home/tslin/Documents/jupyter_data/anLi/machine_unlearning/orthogonal-concept-erasure/experiments/sequential_object_persistence/outputs/sequential_oce_object_v1_online
retain_always,W09,ship,a photo of the ship,49,91,images/retain_always/W09/ship/index_049_seed_91.png,ship,automobile,False,0.06660473346710205,delete-after-eval,0.003924362827092409,0.5103142261505127,0.018322817981243134,0.03477345034480095,0.006636325269937515,0.1919274777173996,0.004707196727395058,0.1483757048845291,0.06660473346710205,0.014413682743906975,existing_v1_100,/home/tslin/Documents/jupyter_data/anLi/machine_unlearning/orthogonal-concept-erasure/experiments/sequential_object_persistence/outputs/sequential_oce_object_v1_online
retain_always,W09,ship,a photo of the ship,50,92,images/retain_always/W09/ship/index_050_seed_92.png,ship,automobile,False,0.2204076498746872,delete-after-eval,0.005598846357315779,0.2652859389781952,0.021634861826896667,0.048364341259002686,0.0037394938990473747,0.24375879764556885,0.01630430296063423,0.17042572796344757,0.2204076498746872,0.004480046220123768,existing_v1_100,/home/tslin/Documents/jupyter_data/anLi/machine_unlearning/orthogonal-concept-erasure/experiments/sequential_object_persistence/outputs/sequential_oce_object_v1_online
retain_always,W09,ship,a photo of the ship,51,93,images/retain_always/W09/ship/index_051_seed_93.png,ship,automobile,False,0.002358020516112447,delete-after-eval,8.411224553128704e-05,0.9879648685455322,4.402333797770552e-05,9.427692566532642e-05,2.596576996438671e-05,0.00021645954984705895,6.497150752693415e-05,0.0001792244875105098,0.002358020516112447,0.008968017064034939,existing_v1_100,/home/tslin/Documents/jupyter_data/anLi/machine_unlearning/orthogonal-concept-erasure/experiments/sequential_object_persistence/outputs/sequential_oce_object_v1_online
retain_always,W09,ship,a photo of the ship,52,94,images/retain_always/W09/ship/index_052_seed_94.png,ship,automobile,False,0.021048810333013535,delete-after-eval,0.0021397732198238373,0.7902019023895264,0.0013933759182691574,0.0026536614168435335,0.001601140247657895,0.012425942346453667,0.0011095725931227207,0.029739515855908394,0.021048810333013535,0.13768628239631653,existing_v1_100,/home/tslin/Documents/jupyter_data/anLi/machine_unlearning/orthogonal-concept-erasure/experiments/sequential_object_persistence/outputs/sequential_oce_object_v1_online
retain_always,W09,ship,a photo of the ship,53,95,images/retain_always/W09/ship/index_053_seed_95.png,ship,truck,False,0.005695512983947992,delete-after-eval,0.00120922876521945,0.24753978848457336,0.001316511887125671,0.0010007149539887905,0.0032002299558371305,0.0015738321235403419,0.0013766670599579811,0.0029633892700076103,0.005695512983947992,0.7341240644454956,existing_v1_100,/home/tslin/Documents/jupyter_data/anLi/machine_unlearning/orthogonal-concept-erasure/experiments/sequential_object_persistence/outputs/sequential_oce_object_v1_online
retain_always,W09,ship,a photo of the ship,54,96,images/retain_always/W09/ship/index_054_seed_96.png,ship,automobile,False,0.003084086813032627,delete-after-eval,0.0004289520438760519,0.9461817741394043,0.0009673499735072255,0.0025309219490736723,0.0005202569882385433,0.0028196158818900585,0.00013821270840708166,0.0026791126001626253,0.003084086813032627,0.04064967855811119,existing_v1_100,/home/tslin/Documents/jupyter_data/anLi/machine_unlearning/orthogonal-concept-erasure/experiments/sequential_object_persistence/outputs/sequential_oce_object_v1_online
retain_always,W09,ship,a photo of the ship,55,97,images/retain_always/W09/ship/index_055_seed_97.png,ship,automobile,False,0.11976490169763565,delete-after-eval,0.08035498112440109,0.14327147603034973,0.1375982016324997,0.12285316735506058,0.05861150100827217,0.11504746228456497,0.028746971860527992,0.062450673431158066,0.11976490169763565,0.13130062818527222,existing_v1_100,/home/tslin/Documents/jupyter_data/anLi/machine_unlearning/orthogonal-concept-erasure/experiments/sequential_object_persistence/outputs/sequential_oce_object_v1_online
retain_always,W09,ship,a photo of the ship,56,98,images/retain_always/W09/ship/index_056_seed_98.png,ship,automobile,False,0.00169543141964823,delete-after-eval,9.420433343620971e-05,0.6172947883605957,0.0005930582992732525,0.0005919745308347046,0.001356478314846754,0.0010292337974533439,0.0003437429550103843,0.0028019235469400883,0.00169543141964823,0.3741990625858307,existing_v1_100,/home/tslin/Documents/jupyter_data/anLi/machine_unlearning/orthogonal-concept-erasure/experiments/sequential_object_persistence/outputs/sequential_oce_object_v1_online
retain_always,W09,ship,a photo of the ship,57,99,images/retain_always/W09/ship/index_057_seed_99.png,ship,ship,True,0.6477957963943481,delete-after-eval,0.0030718562193214893,0.23594170808792114,0.0084948455914855,0.012703695334494114,0.0007990163285285234,0.03544342517852783,0.005006622057408094,0.045750558376312256,0.6477957963943481,0.004992490168660879,existing_v1_100,/home/tslin/Documents/jupyter_data/anLi/machine_unlearning/orthogonal-concept-erasure/experiments/sequential_object_persistence/outputs/sequential_oce_object_v1_online
retain_always,W09,ship,a photo of the ship,58,100,images/retain_always/W09/ship/index_058_seed_100.png,ship,automobile,False,0.0002557917032390833,delete-after-eval,2.5264811483793892e-05,0.9883435964584351,8.991952199721709e-05,0.00016189482994377613,7.52831983845681e-05,0.0005104870651848614,4.174967762082815e-05,0.0008360541542060673,0.0002557917032390833,0.009659874252974987,existing_v1_100,/home/tslin/Documents/jupyter_data/anLi/machine_unlearning/orthogonal-concept-erasure/experiments/sequential_object_persistence/outputs/sequential_oce_object_v1_online
retain_always,W09,ship,a photo of the ship,59,101,images/retain_always/W09/ship/index_059_seed_101.png,ship,automobile,False,0.07499776780605316,delete-after-eval,0.022882802411913872,0.4633895754814148,0.0029652093071490526,0.1350264996290207,0.0017323348438367248,0.0060719032771885395,0.0008515355875715613,0.004070011433213949,0.07499776780605316,0.28801229596138,existing_v1_100,/home/tslin/Documents/jupyter_data/anLi/machine_unlearning/orthogonal-concept-erasure/experiments/sequential_object_persistence/outputs/sequential_oce_object_v1_online
retain_always,W09,ship,a photo of the ship,60,102,images/retain_always/W09/ship/index_060_seed_102.png,ship,automobile,False,0.19447551667690277,delete-after-eval,0.03318743407726288,0.7204229831695557,0.0016484142979606986,0.004012316465377808,0.00040777696995064616,0.007771294564008713,0.0005913337809033692,0.008175857365131378,0.19447551667690277,0.029307032003998756,existing_v1_100,/home/tslin/Documents/jupyter_data/anLi/machine_unlearning/orthogonal-concept-erasure/experiments/sequential_object_persistence/outputs/sequential_oce_object_v1_online
retain_always,W09,ship,a photo of the ship,61,103,images/retain_always/W09/ship/index_061_seed_103.png,ship,automobile,False,0.0006624688394367695,delete-after-eval,5.6141849199775606e-05,0.908259928226471,0.0006624183151870966,0.0004599749809131026,0.00029470137087628245,0.0008894825587049127,0.00027895538369193673,0.0008975023520179093,0.0006624688394367695,0.08753842860460281,existing_v1_100,/home/tslin/Documents/jupyter_data/anLi/machine_unlearning/orthogonal-concept-erasure/experiments/sequential_object_persistence/outputs/sequential_oce_object_v1_online
retain_always,W09,ship,a photo of the ship,62,104,images/retain_always/W09/ship/index_062_seed_104.png,ship,automobile,False,0.0004959381185472012,delete-after-eval,0.0005486059817485511,0.5015829801559448,0.00012383385910652578,0.00021552176622208208,0.0006253505707718432,0.0006856757099740207,0.00033004669239744544,0.0019526006653904915,0.0004959381185472012,0.4934394359588623,existing_v1_100,/home/tslin/Documents/jupyter_data/anLi/machine_unlearning/orthogonal-concept-erasure/experiments/sequential_object_persistence/outputs/sequential_oce_object_v1_online
retain_always,W09,ship,a photo of the ship,63,105,images/retain_always/W09/ship/index_063_seed_105.png,ship,automobile,False,0.050788916647434235,delete-after-eval,0.0008782929508015513,0.8203781843185425,0.0010097470367327332,0.0010286848992109299,0.0013726679608225822,0.0029052728787064552,0.0007518085767515004,0.003573471447452903,0.050788916647434235,0.11731303483247757,existing_v1_100,/home/tslin/Documents/jupyter_data/anLi/machine_unlearning/orthogonal-concept-erasure/experiments/sequential_object_persistence/outputs/sequential_oce_object_v1_online
retain_always,W09,ship,a photo of the ship,64,106,images/retain_always/W09/ship/index_064_seed_106.png,ship,automobile,False,0.0007054154411889613,delete-after-eval,0.0001408709358656779,0.9843254089355469,0.00043973687570542097,0.0003556956653483212,0.0004528147110249847,0.002567180898040533,0.0007635497022420168,0.00024386457516811788,0.0007054154411889613,0.010005367919802666,existing_v1_100,/home/tslin/Documents/jupyter_data/anLi/machine_unlearning/orthogonal-concept-erasure/experiments/sequential_object_persistence/outputs/sequential_oce_object_v1_online
retain_always,W09,ship,a photo of the ship,65,107,images/retain_always/W09/ship/index_065_seed_107.png,ship,ship,True,0.31394416093826294,delete-after-eval,0.0017768081743270159,0.19803345203399658,0.014781712554395199,0.03835035860538483,0.005057206843048334,0.3099997043609619,0.0371619313955307,0.07540697604417801,0.31394416093826294,0.0054876720532774925,existing_v1_100,/home/tslin/Documents/jupyter_data/anLi/machine_unlearning/orthogonal-concept-erasure/experiments/sequential_object_persistence/outputs/sequential_oce_object_v1_online
retain_always,W09,ship,a photo of the ship,66,108,images/retain_always/W09/ship/index_066_seed_108.png,ship,truck,False,0.115719273686409,delete-after-eval,0.01644880510866642,0.380418062210083,0.01206470187753439,0.014250711537897587,0.0026337592862546444,0.026223620399832726,0.00207105022855103,0.03014557436108589,0.115719273686409,0.4000244140625,existing_v1_100,/home/tslin/Documents/jupyter_data/anLi/machine_unlearning/orthogonal-concept-erasure/experiments/sequential_object_persistence/outputs/sequential_oce_object_v1_online
retain_always,W09,ship,a photo of the ship,67,109,images/retain_always/W09/ship/index_067_seed_109.png,ship,automobile,False,0.0042900932021439075,delete-after-eval,1.8962446119985543e-05,0.9562798142433167,9.301893442170694e-05,0.0003062114992644638,6.585256778635085e-05,0.0010491992579773068,8.25182578410022e-05,0.0019886165391653776,0.0042900932021439075,0.03582561016082764,existing_v1_100,/home/tslin/Documents/jupyter_data/anLi/machine_unlearning/orthogonal-concept-erasure/experiments/sequential_object_persistence/outputs/sequential_oce_object_v1_online
retain_always,W09,ship,a photo of the ship,68,110,images/retain_always/W09/ship/index_068_seed_110.png,ship,automobile,False,0.00861151423305273,delete-after-eval,0.11479917168617249,0.5351086854934692,0.008517066016793251,0.0029616481624543667,0.0066618537530303,0.010119475424289703,0.04637456312775612,0.013476167805492878,0.00861151423305273,0.25336983799934387,existing_v1_100,/home/tslin/Documents/jupyter_data/anLi/machine_unlearning/orthogonal-concept-erasure/experiments/sequential_object_persistence/outputs/sequential_oce_object_v1_online
retain_always,W09,ship,a photo of the ship,69,111,images/retain_always/W09/ship/index_069_seed_111.png,ship,automobile,False,0.005842704325914383,delete-after-eval,0.0001450092240702361,0.6906846165657043,0.00012095931742805988,0.0003961015318054706,0.0001598884555278346,0.000903348729480058,0.00011364962119841948,0.0011966765159741044,0.005842704325914383,0.3004370629787445,existing_v1_100,/home/tslin/Documents/jupyter_data/anLi/machine_unlearning/orthogonal-concept-erasure/experiments/sequential_object_persistence/outputs/sequential_oce_object_v1_online
retain_always,W09,ship,a photo of the ship,70,112,images/retain_always/W09/ship/index_070_seed_112.png,ship,ship,True,0.36140215396881104,delete-after-eval,0.01144244521856308,0.279771089553833,0.031502023339271545,0.015387073159217834,0.0032407401595264673,0.05630160868167877,0.006180924829095602,0.029223548248410225,0.36140215396881104,0.20554834604263306,existing_v1_100,/home/tslin/Documents/jupyter_data/anLi/machine_unlearning/orthogonal-concept-erasure/experiments/sequential_object_persistence/outputs/sequential_oce_object_v1_online
retain_always,W09,ship,a photo of the ship,71,113,images/retain_always/W09/ship/index_071_seed_113.png,ship,horse,False,0.3063894808292389,delete-after-eval,0.008075528778135777,0.04189091548323631,0.11583828926086426,0.030627304688096046,0.05103278160095215,0.015066741965711117,0.05038755387067795,0.3228023648262024,0.3063894808292389,0.057889070361852646,existing_v1_100,/home/tslin/Documents/jupyter_data/anLi/machine_unlearning/orthogonal-concept-erasure/experiments/sequential_object_persistence/outputs/sequential_oce_object_v1_online
retain_always,W09,ship,a photo of the ship,72,114,images/retain_always/W09/ship/index_072_seed_114.png,ship,automobile,False,0.005153336096554995,delete-after-eval,0.0008765564416535199,0.8396044373512268,0.004313500598073006,0.0059777009300887585,0.0024137222208082676,0.004551829770207405,0.0005847695865668356,0.01338273286819458,0.005153336096554995,0.12314139306545258,existing_v1_100,/home/tslin/Documents/jupyter_data/anLi/machine_unlearning/orthogonal-concept-erasure/experiments/sequential_object_persistence/outputs/sequential_oce_object_v1_online
retain_always,W09,ship,a photo of the ship,73,115,images/retain_always/W09/ship/index_073_seed_115.png,ship,automobile,False,0.05096025392413139,delete-after-eval,0.005167563445866108,0.7926571369171143,0.00345041137188673,0.0015573595883324742,0.001877169357612729,0.009531617164611816,0.0011765818344429135,0.03773345425724983,0.05096025392413139,0.0958884134888649,existing_v1_100,/home/tslin/Documents/jupyter_data/anLi/machine_unlearning/orthogonal-concept-erasure/experiments/sequential_object_persistence/outputs/sequential_oce_object_v1_online
retain_always,W09,ship,a photo of the ship,74,116,images/retain_always/W09/ship/index_074_seed_116.png,ship,automobile,False,0.319967657327652,delete-after-eval,0.012648776173591614,0.45917075872421265,0.007671196945011616,0.03267204388976097,0.0025060283951461315,0.06654173135757446,0.0093839718028903,0.07367773354053497,0.319967657327652,0.01576010137796402,existing_v1_100,/home/tslin/Documents/jupyter_data/anLi/machine_unlearning/orthogonal-concept-erasure/experiments/sequential_object_persistence/outputs/sequential_oce_object_v1_online
retain_always,W09,ship,a photo of the ship,75,117,images/retain_always/W09/ship/index_075_seed_117.png,ship,truck,False,0.024022603407502174,delete-after-eval,0.003018088871613145,0.16829416155815125,0.004287491552531719,0.0013578213984146714,0.010659498162567616,0.006534776650369167,0.005861212033778429,0.014830301515758038,0.024022603407502174,0.7611340880393982,existing_v1_100,/home/tslin/Documents/jupyter_data/anLi/machine_unlearning/orthogonal-concept-erasure/experiments/sequential_object_persistence/outputs/sequential_oce_object_v1_online
retain_always,W09,ship,a photo of the ship,76,118,images/retain_always/W09/ship/index_076_seed_118.png,ship,automobile,False,0.024784903973340988,delete-after-eval,0.0018666521646082401,0.8560640215873718,0.005209635943174362,0.003175869584083557,0.001309951301664114,0.0069359298795461655,0.0013627992011606693,0.015719454735517502,0.024784903973340988,0.08357082307338715,existing_v1_100,/home/tslin/Documents/jupyter_data/anLi/machine_unlearning/orthogonal-concept-erasure/experiments/sequential_object_persistence/outputs/sequential_oce_object_v1_online
retain_always,W09,ship,a photo of the ship,77,119,images/retain_always/W09/ship/index_077_seed_119.png,ship,dog,False,0.21122348308563232,delete-after-eval,0.00202172645367682,0.19110462069511414,0.022490017116069794,0.038049113005399704,0.004357577301561832,0.3205592632293701,0.01578499749302864,0.19138839840888977,0.21122348308563232,0.00302086491137743,existing_v1_100,/home/tslin/Documents/jupyter_data/anLi/machine_unlearning/orthogonal-concept-erasure/experiments/sequential_object_persistence/outputs/sequential_oce_object_v1_online
retain_always,W09,ship,a photo of the ship,78,120,images/retain_always/W09/ship/index_078_seed_120.png,ship,automobile,False,0.00044277828419581056,delete-after-eval,0.00019035265722777694,0.9935845732688904,5.393140236265026e-05,5.5124281061580405e-05,1.2700959814537782e-05,0.00019000806787516922,0.00010156403732253239,6.3311294070445e-05,0.00044277828419581056,0.005305767059326172,existing_v1_100,/home/tslin/Documents/jupyter_data/anLi/machine_unlearning/orthogonal-concept-erasure/experiments/sequential_object_persistence/outputs/sequential_oce_object_v1_online
retain_always,W09,ship,a photo of the ship,79,121,images/retain_always/W09/ship/index_079_seed_121.png,ship,automobile,False,0.011558407917618752,delete-after-eval,0.00017415729234926403,0.521259069442749,0.0003410712524782866,0.0006260196096263826,0.001582956057973206,0.0016481248894706368,0.0006630750722251832,0.021671518683433533,0.011558407917618752,0.44047558307647705,existing_v1_100,/home/tslin/Documents/jupyter_data/anLi/machine_unlearning/orthogonal-concept-erasure/experiments/sequential_object_persistence/outputs/sequential_oce_object_v1_online
retain_always,W09,ship,a photo of the ship,80,122,images/retain_always/W09/ship/index_080_seed_122.png,ship,automobile,False,0.18817545473575592,delete-after-eval,0.006109660491347313,0.5398131608963013,0.01394019927829504,0.00995254423469305,0.0014699336607009172,0.04153447970747948,0.024438805878162384,0.15049457550048828,0.18817545473575592,0.024071164429187775,existing_v1_100,/home/tslin/Documents/jupyter_data/anLi/machine_unlearning/orthogonal-concept-erasure/experiments/sequential_object_persistence/outputs/sequential_oce_object_v1_online
retain_always,W09,ship,a photo of the ship,81,123,images/retain_always/W09/ship/index_081_seed_123.png,ship,automobile,False,0.0018827036255970597,delete-after-eval,0.000278528401395306,0.9662309288978577,0.0010140048107132316,0.0008510290645062923,0.0010688189649954438,0.0006691587041132152,0.000314999429974705,0.0028871933463960886,0.0018827036255970597,0.024802783504128456,existing_v1_100,/home/tslin/Documents/jupyter_data/anLi/machine_unlearning/orthogonal-concept-erasure/experiments/sequential_object_persistence/outputs/sequential_oce_object_v1_online
retain_always,W09,ship,a photo of the ship,82,124,images/retain_always/W09/ship/index_082_seed_124.png,ship,automobile,False,0.16352765262126923,delete-after-eval,0.003702593967318535,0.292540580034256,0.038708992302417755,0.06545253098011017,0.0027311372105032206,0.16627971827983856,0.008304865099489689,0.2129051387310028,0.16352765262126923,0.045846786350011826,existing_v1_100,/home/tslin/Documents/jupyter_data/anLi/machine_unlearning/orthogonal-concept-erasure/experiments/sequential_object_persistence/outputs/sequential_oce_object_v1_online
retain_always,W09,ship,a photo of the ship,83,125,images/retain_always/W09/ship/index_083_seed_125.png,ship,ship,True,0.34430521726608276,delete-after-eval,0.008994334377348423,0.19766318798065186,0.045251570641994476,0.03381573036313057,0.023209957405924797,0.08559374511241913,0.010043248534202576,0.2418062686920166,0.34430521726608276,0.00931675173342228,existing_v1_100,/home/tslin/Documents/jupyter_data/anLi/machine_unlearning/orthogonal-concept-erasure/experiments/sequential_object_persistence/outputs/sequential_oce_object_v1_online
retain_always,W09,ship,a photo of the ship,84,126,images/retain_always/W09/ship/index_084_seed_126.png,ship,automobile,False,0.0003231665468774736,delete-after-eval,2.7952466552960686e-05,0.9577725529670715,0.00014760211342945695,9.780553227756172e-05,4.107950735487975e-05,0.00022496806923300028,2.9277791327331215e-05,0.00041242511360906065,0.0003231665468774736,0.040923167020082474,existing_v1_100,/home/tslin/Documents/jupyter_data/anLi/machine_unlearning/orthogonal-concept-erasure/experiments/sequential_object_persistence/outputs/sequential_oce_object_v1_online
retain_always,W09,ship,a photo of the ship,85,127,images/retain_always/W09/ship/index_085_seed_127.png,ship,ship,True,0.42615988850593567,delete-after-eval,0.003997499588876963,0.1631896197795868,0.02528039924800396,0.04069012030959129,0.006447894498705864,0.20589476823806763,0.01932269148528576,0.10484552383422852,0.42615988850593567,0.004171546548604965,existing_v1_100,/home/tslin/Documents/jupyter_data/anLi/machine_unlearning/orthogonal-concept-erasure/experiments/sequential_object_persistence/outputs/sequential_oce_object_v1_online
retain_always,W09,ship,a photo of the ship,86,128,images/retain_always/W09/ship/index_086_seed_128.png,ship,automobile,False,0.013093680143356323,delete-after-eval,0.00033277555485256016,0.6921191215515137,0.0023348587565124035,0.0005618826253339648,0.0007603895501233637,0.0008204116602428257,0.0020884794648736715,0.006165381986647844,0.013093680143356323,0.28172287344932556,existing_v1_100,/home/tslin/Documents/jupyter_data/anLi/machine_unlearning/orthogonal-concept-erasure/experiments/sequential_object_persistence/outputs/sequential_oce_object_v1_online
retain_always,W09,ship,a photo of the ship,87,129,images/retain_always/W09/ship/index_087_seed_129.png,ship,automobile,False,0.05408293008804321,delete-after-eval,0.005873107351362705,0.808918297290802,0.0006466505583375692,0.0037487295921891928,0.00038133581983856857,0.006318544037640095,0.000641299004200846,0.020645717158913612,0.05408293008804321,0.0987434983253479,existing_v1_100,/home/tslin/Documents/jupyter_data/anLi/machine_unlearning/orthogonal-concept-erasure/experiments/sequential_object_persistence/outputs/sequential_oce_object_v1_online
retain_always,W09,ship,a photo of the ship,88,130,images/retain_always/W09/ship/index_088_seed_130.png,ship,ship,True,0.4341742992401123,delete-after-eval,0.006006686016917229,0.17970667779445648,0.017407331615686417,0.04639148712158203,0.001605433993972838,0.16261859238147736,0.008667976595461369,0.1289873570203781,0.4341742992401123,0.014434129931032658,existing_v1_100,/home/tslin/Documents/jupyter_data/anLi/machine_unlearning/orthogonal-concept-erasure/experiments/sequential_object_persistence/outputs/sequential_oce_object_v1_online
retain_always,W09,ship,a photo of the ship,89,131,images/retain_always/W09/ship/index_089_seed_131.png,ship,automobile,False,0.12507811188697815,delete-after-eval,0.007459426764398813,0.3882679343223572,0.01815340481698513,0.0158437080681324,0.001630919985473156,0.05186348780989647,0.02100929245352745,0.3395005762577057,0.12507811188697815,0.031193191185593605,existing_v1_100,/home/tslin/Documents/jupyter_data/anLi/machine_unlearning/orthogonal-concept-erasure/experiments/sequential_object_persistence/outputs/sequential_oce_object_v1_online
retain_always,W09,ship,a photo of the ship,90,132,images/retain_always/W09/ship/index_090_seed_132.png,ship,ship,True,0.7285134792327881,delete-after-eval,0.0366191528737545,0.16577298939228058,0.005853485316038132,0.003014846472069621,0.0009716791100800037,0.004678078927099705,0.001179572893306613,0.014043145813047886,0.7285134792327881,0.039353590458631516,existing_v1_100,/home/tslin/Documents/jupyter_data/anLi/machine_unlearning/orthogonal-concept-erasure/experiments/sequential_object_persistence/outputs/sequential_oce_object_v1_online
retain_always,W09,ship,a photo of the ship,91,133,images/retain_always/W09/ship/index_091_seed_133.png,ship,automobile,False,0.007812918163836002,delete-after-eval,0.0005172389792278409,0.5637151002883911,0.0009562545455992222,0.00035051917075179517,0.0031695973593741655,0.002576456405222416,0.00025136678596027195,0.010458848439157009,0.007812918163836002,0.4101916253566742,existing_v1_100,/home/tslin/Documents/jupyter_data/anLi/machine_unlearning/orthogonal-concept-erasure/experiments/sequential_object_persistence/outputs/sequential_oce_object_v1_online
retain_always,W09,ship,a photo of the ship,92,134,images/retain_always/W09/ship/index_092_seed_134.png,ship,ship,True,0.5042485594749451,delete-after-eval,0.0032254240941256285,0.28678053617477417,0.011733872815966606,0.01259117666631937,0.002185674151405692,0.08577486127614975,0.015854138880968094,0.06742724031209946,0.5042485594749451,0.010178497061133385,existing_v1_100,/home/tslin/Documents/jupyter_data/anLi/machine_unlearning/orthogonal-concept-erasure/experiments/sequential_object_persistence/outputs/sequential_oce_object_v1_online
retain_always,W09,ship,a photo of the ship,93,135,images/retain_always/W09/ship/index_093_seed_135.png,ship,truck,False,0.022871050983667374,delete-after-eval,0.0018751262687146664,0.3269324004650116,0.00361051457002759,0.03173423558473587,0.008028984069824219,0.005591754335910082,0.0013017066521570086,0.013998937793076038,0.022871050983667374,0.5840553045272827,existing_v1_100,/home/tslin/Documents/jupyter_data/anLi/machine_unlearning/orthogonal-concept-erasure/experiments/sequential_object_persistence/outputs/sequential_oce_object_v1_online
retain_always,W09,ship,a photo of the ship,94,136,images/retain_always/W09/ship/index_094_seed_136.png,ship,ship,True,0.9169999361038208,delete-after-eval,0.010315113700926304,0.014101427048444748,0.0019023242639377713,0.0008065217407420278,0.0019063542131334543,0.0010691782226786017,0.0016273908549919724,0.010166044346988201,0.9169999361038208,0.04110582545399666,existing_v1_100,/home/tslin/Documents/jupyter_data/anLi/machine_unlearning/orthogonal-concept-erasure/experiments/sequential_object_persistence/outputs/sequential_oce_object_v1_online
retain_always,W09,ship,a photo of the ship,95,137,images/retain_always/W09/ship/index_095_seed_137.png,ship,automobile,False,0.1466585099697113,delete-after-eval,0.006870833225548267,0.333920419216156,0.03952948749065399,0.035006627440452576,0.012740692123770714,0.13111701607704163,0.015767380595207214,0.2633810341358185,0.1466585099697113,0.01500796526670456,existing_v1_100,/home/tslin/Documents/jupyter_data/anLi/machine_unlearning/orthogonal-concept-erasure/experiments/sequential_object_persistence/outputs/sequential_oce_object_v1_online
retain_always,W09,ship,a photo of the ship,96,138,images/retain_always/W09/ship/index_096_seed_138.png,ship,automobile,False,0.12004595249891281,delete-after-eval,0.004673903342336416,0.5199779868125916,0.0037057772278785706,0.005226112902164459,0.005242036189883947,0.007583600003272295,0.0006078789592720568,0.10182221978902817,0.12004595249891281,0.23111455142498016,existing_v1_100,/home/tslin/Documents/jupyter_data/anLi/machine_unlearning/orthogonal-concept-erasure/experiments/sequential_object_persistence/outputs/sequential_oce_object_v1_online
retain_always,W09,ship,a photo of the ship,97,139,images/retain_always/W09/ship/index_097_seed_139.png,ship,automobile,False,0.014723318628966808,delete-after-eval,0.011104442179203033,0.7212780117988586,0.0006612600991502404,0.0006042804452590644,0.0015107406070455909,0.0005223001935519278,0.0021236049942672253,0.0010085992980748415,0.014723318628966808,0.24646353721618652,existing_v1_100,/home/tslin/Documents/jupyter_data/anLi/machine_unlearning/orthogonal-concept-erasure/experiments/sequential_object_persistence/outputs/sequential_oce_object_v1_online
retain_always,W09,ship,a photo of the ship,98,140,images/retain_always/W09/ship/index_098_seed_140.png,ship,ship,True,0.45878225564956665,delete-after-eval,0.008666402660310268,0.21985004842281342,0.019082939252257347,0.0638030618429184,0.01255197636783123,0.13988733291625977,0.023508979007601738,0.03913944959640503,0.45878225564956665,0.014727517031133175,existing_v1_100,/home/tslin/Documents/jupyter_data/anLi/machine_unlearning/orthogonal-concept-erasure/experiments/sequential_object_persistence/outputs/sequential_oce_object_v1_online
retain_always,W09,ship,a photo of the ship,99,141,images/retain_always/W09/ship/index_099_seed_141.png,ship,truck,False,0.04755796492099762,delete-after-eval,0.00819928664714098,0.05997904762625694,0.000379045435693115,3.242757884436287e-05,9.159106411971152e-05,0.00022155368060339242,0.0002688465465325862,0.006731298286467791,0.04755796492099762,0.8765389919281006,existing_v1_100,/home/tslin/Documents/jupyter_data/anLi/machine_unlearning/orthogonal-concept-erasure/experiments/sequential_object_persistence/outputs/sequential_oce_object_v1_online
retain_always,W09,ship,a photo of the ship,100,142,images/experiment1_sequential_own_step/retain_always/W09/ship/index_100_seed_142.png,ship,truck,False,0.02397216483950615,delete-after-eval,0.011319329962134361,0.3071402907371521,0.03986586257815361,0.007716212421655655,0.00519860303029418,0.036292050033807755,0.022874705493450165,0.1488296091556549,0.02397216483950615,0.39679113030433655,new_followup_supplement,/home/tslin/Documents/jupyter_data/anLi/machine_unlearning/orthogonal-concept-erasure/experiments/sequential_object_followup/outputs/sequential_oce_object_followup_v1
retain_always,W09,ship,a photo of the ship,101,143,images/experiment1_sequential_own_step/retain_always/W09/ship/index_101_seed_143.png,ship,automobile,False,0.2817803919315338,delete-after-eval,0.004661665763705969,0.3630741238594055,0.019936898723244667,0.062063854187726974,0.010022875852882862,0.17141249775886536,0.004233515355736017,0.06637164950370789,0.2817803919315338,0.016442492604255676,new_followup_supplement,/home/tslin/Documents/jupyter_data/anLi/machine_unlearning/orthogonal-concept-erasure/experiments/sequential_object_followup/outputs/sequential_oce_object_followup_v1
retain_always,W09,ship,a photo of the ship,102,144,images/experiment1_sequential_own_step/retain_always/W09/ship/index_102_seed_144.png,ship,ship,True,0.5996360778808594,delete-after-eval,0.012124110944569111,0.18833760917186737,0.027458352968096733,0.03684903308749199,0.005965564865618944,0.06234226003289223,0.006050523836165667,0.055091097950935364,0.5996360778808594,0.00614545401185751,new_followup_supplement,/home/tslin/Documents/jupyter_data/anLi/machine_unlearning/orthogonal-concept-erasure/experiments/sequential_object_followup/outputs/sequential_oce_object_followup_v1
retain_always,W09,ship,a photo of the ship,103,145,images/experiment1_sequential_own_step/retain_always/W09/ship/index_103_seed_145.png,ship,ship,True,0.2862239480018616,delete-after-eval,0.01654628850519657,0.23570246994495392,0.030949410051107407,0.11398086696863174,0.004658370744436979,0.13180944323539734,0.02341380901634693,0.12063419818878174,0.2862239480018616,0.036081187427043915,new_followup_supplement,/home/tslin/Documents/jupyter_data/anLi/machine_unlearning/orthogonal-concept-erasure/experiments/sequential_object_followup/outputs/sequential_oce_object_followup_v1
retain_always,W09,ship,a photo of the ship,104,146,images/experiment1_sequential_own_step/retain_always/W09/ship/index_104_seed_146.png,ship,automobile,False,0.20642004907131195,delete-after-eval,0.0024063794407993555,0.3165398836135864,0.029718123376369476,0.0943208634853363,0.008563636802136898,0.20122802257537842,0.01858854480087757,0.10350865125656128,0.20642004907131195,0.01870584301650524,new_followup_supplement,/home/tslin/Documents/jupyter_data/anLi/machine_unlearning/orthogonal-concept-erasure/experiments/sequential_object_followup/outputs/sequential_oce_object_followup_v1
retain_always,W09,ship,a photo of the ship,105,147,images/experiment1_sequential_own_step/retain_always/W09/ship/index_105_seed_147.png,ship,automobile,False,0.24978573620319366,delete-after-eval,0.0011296810116618872,0.34395790100097656,0.016085529699921608,0.06439497321844101,0.004086865112185478,0.17286518216133118,0.01931353658437729,0.11919105798006058,0.24978573620319366,0.009189625270664692,new_followup_supplement,/home/tslin/Documents/jupyter_data/anLi/machine_unlearning/orthogonal-concept-erasure/experiments/sequential_object_followup/outputs/sequential_oce_object_followup_v1
retain_always,W09,ship,a photo of the ship,106,148,images/experiment1_sequential_own_step/retain_always/W09/ship/index_106_seed_148.png,ship,ship,True,0.2434161752462387,delete-after-eval,0.01581987924873829,0.22868143022060394,0.0568963848054409,0.029598524793982506,0.007766936905682087,0.12234948575496674,0.09618041664361954,0.18631675839424133,0.2434161752462387,0.012973944656550884,new_followup_supplement,/home/tslin/Documents/jupyter_data/anLi/machine_unlearning/orthogonal-concept-erasure/experiments/sequential_object_followup/outputs/sequential_oce_object_followup_v1
retain_always,W09,ship,a photo of the ship,107,149,images/experiment1_sequential_own_step/retain_always/W09/ship/index_107_seed_149.png,ship,truck,False,0.016492152586579323,delete-after-eval,0.0013974800240248442,0.35353028774261475,0.0001219265759573318,0.000885357556398958,0.00018481240840628743,0.0006761845434084535,5.788389898953028e-05,0.011976061388850212,0.016492152586579323,0.6146778464317322,new_followup_supplement,/home/tslin/Documents/jupyter_data/anLi/machine_unlearning/orthogonal-concept-erasure/experiments/sequential_object_followup/outputs/sequential_oce_object_followup_v1
retain_always,W09,ship,a photo of the ship,108,150,images/experiment1_sequential_own_step/retain_always/W09/ship/index_108_seed_150.png,ship,automobile,False,0.0028804074972867966,delete-after-eval,0.001428194111213088,0.8696286082267761,0.0004059870261698961,0.00014629936777055264,8.242292096838355e-05,0.0006394056836143136,0.0006172393914312124,0.001596703426912427,0.0028804074972867966,0.12257479876279831,new_followup_supplement,/home/tslin/Documents/jupyter_data/anLi/machine_unlearning/orthogonal-concept-erasure/experiments/sequential_object_followup/outputs/sequential_oce_object_followup_v1
retain_always,W09,ship,a photo of the ship,109,151,images/experiment1_sequential_own_step/retain_always/W09/ship/index_109_seed_151.png,ship,automobile,False,0.045565806329250336,delete-after-eval,0.05772342532873154,0.6561466455459595,0.003767800284549594,0.0014726576628163457,0.0036084228195250034,0.0014717001467943192,0.0018120011081919074,0.0004982504178769886,0.045565806329250336,0.22793333232402802,new_followup_supplement,/home/tslin/Documents/jupyter_data/anLi/machine_unlearning/orthogonal-concept-erasure/experiments/sequential_object_followup/outputs/sequential_oce_object_followup_v1
retain_always,W09,ship,a photo of the ship,110,152,images/experiment1_sequential_own_step/retain_always/W09/ship/index_110_seed_152.png,ship,cat,False,0.1877526044845581,delete-after-eval,0.009799132123589516,0.11402658373117447,0.02413973957300186,0.2787773907184601,0.015725834295153618,0.1414015144109726,0.07141674309968948,0.10640110075473785,0.1877526044845581,0.05055933818221092,new_followup_supplement,/home/tslin/Documents/jupyter_data/anLi/machine_unlearning/orthogonal-concept-erasure/experiments/sequential_object_followup/outputs/sequential_oce_object_followup_v1
retain_always,W09,ship,a photo of the ship,111,153,images/experiment1_sequential_own_step/retain_always/W09/ship/index_111_seed_153.png,ship,ship,True,0.4348960518836975,delete-after-eval,0.1288287192583084,0.07041990756988525,0.02879594825208187,0.010000381618738174,0.04047710448503494,0.021104486659169197,0.061889730393886566,0.15582063794136047,0.4348960518836975,0.04776705801486969,new_followup_supplement,/home/tslin/Documents/jupyter_data/anLi/machine_unlearning/orthogonal-concept-erasure/experiments/sequential_object_followup/outputs/sequential_oce_object_followup_v1
retain_always,W09,ship,a photo of the ship,112,154,images/experiment1_sequential_own_step/retain_always/W09/ship/index_112_seed_154.png,ship,automobile,False,0.018463561311364174,delete-after-eval,0.0020235860720276833,0.7880401015281677,0.004249507561326027,0.002394018927589059,0.00426507368683815,0.004316649865359068,0.0019018533639609814,0.016144338995218277,0.018463561311364174,0.15820133686065674,new_followup_supplement,/home/tslin/Documents/jupyter_data/anLi/machine_unlearning/orthogonal-concept-erasure/experiments/sequential_object_followup/outputs/sequential_oce_object_followup_v1
retain_always,W09,ship,a photo of the ship,113,155,images/experiment1_sequential_own_step/retain_always/W09/ship/index_113_seed_155.png,ship,automobile,False,0.002999265678226948,delete-after-eval,0.00010794684931170195,0.7400204539299011,0.0004592308832798153,0.00024950955412350595,6.848725024610758e-05,0.0017028945730999112,0.0005142700974829495,0.0007214265060611069,0.002999265678226948,0.25315648317337036,new_followup_supplement,/home/tslin/Documents/jupyter_data/anLi/machine_unlearning/orthogonal-concept-erasure/experiments/sequential_object_followup/outputs/sequential_oce_object_followup_v1
retain_always,W09,ship,a photo of the ship,114,156,images/experiment1_sequential_own_step/retain_always/W09/ship/index_114_seed_156.png,ship,dog,False,0.08094891905784607,delete-after-eval,0.02904563583433628,0.05357667803764343,0.14964430034160614,0.024888206273317337,0.01717139594256878,0.373671293258667,0.014032323844730854,0.1093241348862648,0.08094891905784607,0.1476970762014389,new_followup_supplement,/home/tslin/Documents/jupyter_data/anLi/machine_unlearning/orthogonal-concept-erasure/experiments/sequential_object_followup/outputs/sequential_oce_object_followup_v1
retain_always,W09,ship,a photo of the ship,115,157,images/experiment1_sequential_own_step/retain_always/W09/ship/index_115_seed_157.png,ship,truck,False,0.09674780815839767,delete-after-eval,0.06751483678817749,0.15115664899349213,0.016314955428242683,0.016972897574305534,0.006872060243040323,0.06879670172929764,0.0007501344080083072,0.03231985121965408,0.09674780815839767,0.5425541996955872,new_followup_supplement,/home/tslin/Documents/jupyter_data/anLi/machine_unlearning/orthogonal-concept-erasure/experiments/sequential_object_followup/outputs/sequential_oce_object_followup_v1
retain_always,W09,ship,a photo of the ship,116,158,images/experiment1_sequential_own_step/retain_always/W09/ship/index_116_seed_158.png,ship,horse,False,0.09660337120294571,delete-after-eval,0.006623063702136278,0.17171916365623474,0.07639084756374359,0.03362974897027016,0.009541650302708149,0.09605181217193604,0.022774046286940575,0.3435000777244568,0.09660337120294571,0.1431661993265152,new_followup_supplement,/home/tslin/Documents/jupyter_data/anLi/machine_unlearning/orthogonal-concept-erasure/experiments/sequential_object_followup/outputs/sequential_oce_object_followup_v1
retain_always,W09,ship,a photo of the ship,117,159,images/experiment1_sequential_own_step/retain_always/W09/ship/index_117_seed_159.png,ship,automobile,False,0.024578003212809563,delete-after-eval,0.005680897738784552,0.6990869641304016,0.0003154845617245883,0.0007981862872838974,4.432340574567206e-05,0.002367811743170023,0.00017512001795694232,0.029325321316719055,0.024578003212809563,0.23762789368629456,new_followup_supplement,/home/tslin/Documents/jupyter_data/anLi/machine_unlearning/orthogonal-concept-erasure/experiments/sequential_object_followup/outputs/sequential_oce_object_followup_v1
retain_always,W09,ship,a photo of the ship,118,160,images/experiment1_sequential_own_step/retain_always/W09/ship/index_118_seed_160.png,ship,truck,False,0.008714013732969761,delete-after-eval,0.0009954425040632486,0.294321745634079,0.0013075139140710235,0.003342708805575967,0.007135976105928421,0.003369478974491358,0.0023146674502640963,0.019216014072299004,0.008714013732969761,0.6592824459075928,new_followup_supplement,/home/tslin/Documents/jupyter_data/anLi/machine_unlearning/orthogonal-concept-erasure/experiments/sequential_object_followup/outputs/sequential_oce_object_followup_v1
retain_always,W09,ship,a photo of the ship,119,161,images/experiment1_sequential_own_step/retain_always/W09/ship/index_119_seed_161.png,ship,automobile,False,0.03197573870420456,delete-after-eval,0.0060383109375834465,0.7503721714019775,0.004035684745758772,0.005013437010347843,0.0017576443497091532,0.01737668551504612,0.001007191720418632,0.029488515108823776,0.03197573870420456,0.15293458104133606,new_followup_supplement,/home/tslin/Documents/jupyter_data/anLi/machine_unlearning/orthogonal-concept-erasure/experiments/sequential_object_followup/outputs/sequential_oce_object_followup_v1
retain_always,W09,ship,a photo of the ship,120,162,images/experiment1_sequential_own_step/retain_always/W09/ship/index_120_seed_162.png,ship,automobile,False,0.011674788780510426,delete-after-eval,0.00045845721615478396,0.9215309023857117,0.0009104424389079213,0.0012534771813079715,0.0017451769672334194,0.004489567596465349,0.0003961891634389758,0.012419951148331165,0.011674788780510426,0.045121047645807266,new_followup_supplement,/home/tslin/Documents/jupyter_data/anLi/machine_unlearning/orthogonal-concept-erasure/experiments/sequential_object_followup/outputs/sequential_oce_object_followup_v1
retain_always,W09,ship,a photo of the ship,121,163,images/experiment1_sequential_own_step/retain_always/W09/ship/index_121_seed_163.png,ship,ship,True,0.5235202312469482,delete-after-eval,0.0826847180724144,0.28339576721191406,0.003773720934987068,0.0032700281590223312,0.00123413756955415,0.007308653090149164,0.0032297191210091114,0.00860851164907217,0.5235202312469482,0.08297445625066757,new_followup_supplement,/home/tslin/Documents/jupyter_data/anLi/machine_unlearning/orthogonal-concept-erasure/experiments/sequential_object_followup/outputs/sequential_oce_object_followup_v1
retain_always,W09,ship,a photo of the ship,122,164,images/experiment1_sequential_own_step/retain_always/W09/ship/index_122_seed_164.png,ship,automobile,False,0.0497405007481575,delete-after-eval,0.0018449437338858843,0.8369705677032471,0.004017984960228205,0.018693361431360245,0.004740551579743624,0.03780003637075424,0.006639096885919571,0.020531581714749336,0.0497405007481575,0.019021304324269295,new_followup_supplement,/home/tslin/Documents/jupyter_data/anLi/machine_unlearning/orthogonal-concept-erasure/experiments/sequential_object_followup/outputs/sequential_oce_object_followup_v1
retain_always,W09,ship,a photo of the ship,123,165,images/experiment1_sequential_own_step/retain_always/W09/ship/index_123_seed_165.png,ship,ship,True,0.5957476496696472,delete-after-eval,0.23069757223129272,0.1099725142121315,0.01200221385806799,0.009061889722943306,0.0023825210519135,0.017594914883375168,0.003586882958188653,0.013709102757275105,0.5957476496696472,0.0052447691559791565,new_followup_supplement,/home/tslin/Documents/jupyter_data/anLi/machine_unlearning/orthogonal-concept-erasure/experiments/sequential_object_followup/outputs/sequential_oce_object_followup_v1
retain_always,W09,ship,a photo of the ship,124,166,images/experiment1_sequential_own_step/retain_always/W09/ship/index_124_seed_166.png,ship,automobile,False,0.011611513793468475,delete-after-eval,0.009209128096699715,0.63214510679245,0.002052914584055543,0.0009760354878380895,0.00026865050313062966,0.003737082937732339,0.0003215076867491007,0.009759262204170227,0.011611513793468475,0.32991883158683777,new_followup_supplement,/home/tslin/Documents/jupyter_data/anLi/machine_unlearning/orthogonal-concept-erasure/experiments/sequential_object_followup/outputs/sequential_oce_object_followup_v1
retain_always,W09,ship,a photo of the ship,125,167,images/experiment1_sequential_own_step/retain_always/W09/ship/index_125_seed_167.png,ship,ship,True,0.4348917603492737,delete-after-eval,0.015081568621098995,0.20266899466514587,0.05583829805254936,0.030641600489616394,0.009503230452537537,0.05812325328588486,0.02931760624051094,0.1588735580444336,0.4348917603492737,0.005060101859271526,new_followup_supplement,/home/tslin/Documents/jupyter_data/anLi/machine_unlearning/orthogonal-concept-erasure/experiments/sequential_object_followup/outputs/sequential_oce_object_followup_v1
retain_always,W09,ship,a photo of the ship,126,168,images/experiment1_sequential_own_step/retain_always/W09/ship/index_126_seed_168.png,ship,truck,False,0.051165055483579636,delete-after-eval,0.18786896765232086,0.3144053518772125,0.011950192041695118,0.004539745859801769,0.003523520426824689,0.0026041436940431595,0.003004293655976653,0.017198827117681503,0.051165055483579636,0.403739869594574,new_followup_supplement,/home/tslin/Documents/jupyter_data/anLi/machine_unlearning/orthogonal-concept-erasure/experiments/sequential_object_followup/outputs/sequential_oce_object_followup_v1
retain_always,W09,ship,a photo of the ship,127,169,images/experiment1_sequential_own_step/retain_always/W09/ship/index_127_seed_169.png,ship,automobile,False,0.004532219376415014,delete-after-eval,0.00037767321919091046,0.7576999664306641,0.0013906448148190975,0.0015746473800390959,0.0035629409831017256,0.0020525131840258837,0.0003630503488238901,0.015742246061563492,0.004532219376415014,0.21270404756069183,new_followup_supplement,/home/tslin/Documents/jupyter_data/anLi/machine_unlearning/orthogonal-concept-erasure/experiments/sequential_object_followup/outputs/sequential_oce_object_followup_v1
retain_always,W09,ship,a photo of the ship,128,170,images/experiment1_sequential_own_step/retain_always/W09/ship/index_128_seed_170.png,ship,truck,False,0.0018807795131579041,delete-after-eval,6.217831833055243e-05,0.31362760066986084,0.0006025359616614878,0.00042443780694156885,0.0014630547957494855,0.002588823204860091,0.001432686927728355,0.0013184992130845785,0.0018807795131579041,0.6765994429588318,new_followup_supplement,/home/tslin/Documents/jupyter_data/anLi/machine_unlearning/orthogonal-concept-erasure/experiments/sequential_object_followup/outputs/sequential_oce_object_followup_v1
retain_always,W09,ship,a photo of the ship,129,171,images/experiment1_sequential_own_step/retain_always/W09/ship/index_129_seed_171.png,ship,automobile,False,0.0332956537604332,delete-after-eval,0.004905922804027796,0.8439770936965942,0.0016493259463459253,0.0008838365320116282,0.0017868091817945242,0.0013373192632570863,0.0011124789016321301,0.0044938032515347,0.0332956537604332,0.10655787587165833,new_followup_supplement,/home/tslin/Documents/jupyter_data/anLi/machine_unlearning/orthogonal-concept-erasure/experiments/sequential_object_followup/outputs/sequential_oce_object_followup_v1
retain_always,W09,ship,a photo of the ship,130,172,images/experiment1_sequential_own_step/retain_always/W09/ship/index_130_seed_172.png,ship,automobile,False,0.019246330484747887,delete-after-eval,0.005467457231134176,0.5711455345153809,0.002881323453038931,0.006929029244929552,0.003186421701684594,0.01979774981737137,0.0024339468218386173,0.01525530219078064,0.019246330484747887,0.35365691781044006,new_followup_supplement,/home/tslin/Documents/jupyter_data/anLi/machine_unlearning/orthogonal-concept-erasure/experiments/sequential_object_followup/outputs/sequential_oce_object_followup_v1
retain_always,W09,ship,a photo of the ship,131,173,images/experiment1_sequential_own_step/retain_always/W09/ship/index_131_seed_173.png,ship,automobile,False,0.28062957525253296,delete-after-eval,0.008692449890077114,0.5516701340675354,0.012079233303666115,0.022259101271629333,0.0007532964809797704,0.07284112274646759,0.002801485126838088,0.025515368208289146,0.28062957525253296,0.022758163511753082,new_followup_supplement,/home/tslin/Documents/jupyter_data/anLi/machine_unlearning/orthogonal-concept-erasure/experiments/sequential_object_followup/outputs/sequential_oce_object_followup_v1
retain_always,W09,ship,a photo of the ship,132,174,images/experiment1_sequential_own_step/retain_always/W09/ship/index_132_seed_174.png,ship,ship,True,0.6087843775749207,delete-after-eval,0.03377366438508034,0.07941994816064835,0.04856288805603981,0.023343568667769432,0.010379906743764877,0.04152615740895271,0.07595133781433105,0.0676373541355133,0.6087843775749207,0.010620749555528164,new_followup_supplement,/home/tslin/Documents/jupyter_data/anLi/machine_unlearning/orthogonal-concept-erasure/experiments/sequential_object_followup/outputs/sequential_oce_object_followup_v1
retain_always,W09,ship,a photo of the ship,133,175,images/experiment1_sequential_own_step/retain_always/W09/ship/index_133_seed_175.png,ship,automobile,False,0.022796250879764557,delete-after-eval,0.0025763472076505423,0.791846513748169,0.0031865749042481184,0.0013570596929639578,0.0019154225010424852,0.002521418035030365,0.0005831122398376465,0.004428528249263763,0.022796250879764557,0.1687888354063034,new_followup_supplement,/home/tslin/Documents/jupyter_data/anLi/machine_unlearning/orthogonal-concept-erasure/experiments/sequential_object_followup/outputs/sequential_oce_object_followup_v1
retain_always,W09,ship,a photo of the ship,134,176,images/experiment1_sequential_own_step/retain_always/W09/ship/index_134_seed_176.png,ship,airplane,False,0.09296748787164688,delete-after-eval,0.2975129783153534,0.11578623205423355,0.1070626974105835,0.02371029183268547,0.0066361804492771626,0.041649144142866135,0.030949007719755173,0.0685819685459137,0.09296748787164688,0.2151440531015396,new_followup_supplement,/home/tslin/Documents/jupyter_data/anLi/machine_unlearning/orthogonal-concept-erasure/experiments/sequential_object_followup/outputs/sequential_oce_object_followup_v1
retain_always,W09,ship,a photo of the ship,135,177,images/experiment1_sequential_own_step/retain_always/W09/ship/index_135_seed_177.png,ship,truck,False,0.007348757237195969,delete-after-eval,0.0012981846230104566,0.30890554189682007,0.0018882061121985316,0.003546056803315878,0.002744276076555252,0.0062003363855183125,0.0007002312922850251,0.006881918292492628,0.007348757237195969,0.6604865193367004,new_followup_supplement,/home/tslin/Documents/jupyter_data/anLi/machine_unlearning/orthogonal-concept-erasure/experiments/sequential_object_followup/outputs/sequential_oce_object_followup_v1
retain_always,W09,ship,a photo of the ship,136,178,images/experiment1_sequential_own_step/retain_always/W09/ship/index_136_seed_178.png,ship,automobile,False,0.02126755379140377,delete-after-eval,0.06075457111001015,0.7755795121192932,0.001228017034009099,0.0035617242101579905,0.002177413087338209,0.003846158040687442,0.0004973442992195487,0.011507765389978886,0.02126755379140377,0.1195799708366394,new_followup_supplement,/home/tslin/Documents/jupyter_data/anLi/machine_unlearning/orthogonal-concept-erasure/experiments/sequential_object_followup/outputs/sequential_oce_object_followup_v1
retain_always,W09,ship,a photo of the ship,137,179,images/experiment1_sequential_own_step/retain_always/W09/ship/index_137_seed_179.png,ship,ship,True,0.470395028591156,delete-after-eval,0.0029188080225139856,0.4262840747833252,0.0022228003945201635,0.011453181505203247,0.0025604923721402884,0.033850327134132385,0.0011453492334112525,0.028507059440016747,0.470395028591156,0.0206628255546093,new_followup_supplement,/home/tslin/Documents/jupyter_data/anLi/machine_unlearning/orthogonal-concept-erasure/experiments/sequential_object_followup/outputs/sequential_oce_object_followup_v1
retain_always,W09,ship,a photo of the ship,138,180,images/experiment1_sequential_own_step/retain_always/W09/ship/index_138_seed_180.png,ship,truck,False,0.0349765345454216,delete-after-eval,0.006649629678577185,0.3205633759498596,0.002246508141979575,0.0013624981511384249,0.002773099346086383,0.008074617944657803,0.000491416547447443,0.007950054481625557,0.0349765345454216,0.6149122714996338,new_followup_supplement,/home/tslin/Documents/jupyter_data/anLi/machine_unlearning/orthogonal-concept-erasure/experiments/sequential_object_followup/outputs/sequential_oce_object_followup_v1
retain_always,W09,ship,a photo of the ship,139,181,images/experiment1_sequential_own_step/retain_always/W09/ship/index_139_seed_181.png,ship,ship,True,0.3662104308605194,delete-after-eval,0.006368187256157398,0.11985170841217041,0.1166883260011673,0.029356641694903374,0.014334573410451412,0.04196987673640251,0.021048182621598244,0.09187351167201996,0.3662104308605194,0.19229848682880402,new_followup_supplement,/home/tslin/Documents/jupyter_data/anLi/machine_unlearning/orthogonal-concept-erasure/experiments/sequential_object_followup/outputs/sequential_oce_object_followup_v1
retain_always,W09,ship,a photo of the ship,140,182,images/experiment1_sequential_own_step/retain_always/W09/ship/index_140_seed_182.png,ship,truck,False,0.0030736271291971207,delete-after-eval,0.0006901544402353466,0.40603119134902954,0.0012591112172231078,0.000972689245827496,0.0007286258623935282,0.007525789085775614,0.0042876070365309715,0.007430169731378555,0.0030736271291971207,0.5680010318756104,new_followup_supplement,/home/tslin/Documents/jupyter_data/anLi/machine_unlearning/orthogonal-concept-erasure/experiments/sequential_object_followup/outputs/sequential_oce_object_followup_v1
retain_always,W09,ship,a photo of the ship,141,183,images/experiment1_sequential_own_step/retain_always/W09/ship/index_141_seed_183.png,ship,airplane,False,0.3091982305049896,delete-after-eval,0.4613301157951355,0.14319664239883423,0.004334832541644573,0.0007032427820377052,0.0019350884249433875,0.0011398320784792304,0.0017778719775378704,0.004040816333144903,0.3091982305049896,0.07234326004981995,new_followup_supplement,/home/tslin/Documents/jupyter_data/anLi/machine_unlearning/orthogonal-concept-erasure/experiments/sequential_object_followup/outputs/sequential_oce_object_followup_v1
retain_always,W09,ship,a photo of the ship,142,184,images/experiment1_sequential_own_step/retain_always/W09/ship/index_142_seed_184.png,ship,automobile,False,0.04516243189573288,delete-after-eval,0.001681632362306118,0.7959556579589844,0.002556486753746867,0.00407566549256444,0.0009956369176506996,0.011285968124866486,0.0012086150236427784,0.024518072605133057,0.04516243189573288,0.11255983263254166,new_followup_supplement,/home/tslin/Documents/jupyter_data/anLi/machine_unlearning/orthogonal-concept-erasure/experiments/sequential_object_followup/outputs/sequential_oce_object_followup_v1
retain_always,W09,ship,a photo of the ship,143,185,images/experiment1_sequential_own_step/retain_always/W09/ship/index_143_seed_185.png,ship,dog,False,0.1264580637216568,delete-after-eval,0.0016668681055307388,0.1072012260556221,0.02110820636153221,0.06508547067642212,0.005121649242937565,0.4141578674316406,0.015913600102066994,0.23662230372428894,0.1264580637216568,0.006664783228188753,new_followup_supplement,/home/tslin/Documents/jupyter_data/anLi/machine_unlearning/orthogonal-concept-erasure/experiments/sequential_object_followup/outputs/sequential_oce_object_followup_v1
retain_always,W09,ship,a photo of the ship,144,186,images/experiment1_sequential_own_step/retain_always/W09/ship/index_144_seed_186.png,ship,automobile,False,0.0387672521173954,delete-after-eval,0.0018390363547950983,0.8056002855300903,0.002994962502270937,0.004976330325007439,0.001437026192434132,0.016581140458583832,0.002361662220209837,0.056934792548418045,0.0387672521173954,0.06850756704807281,new_followup_supplement,/home/tslin/Documents/jupyter_data/anLi/machine_unlearning/orthogonal-concept-erasure/experiments/sequential_object_followup/outputs/sequential_oce_object_followup_v1
retain_always,W09,ship,a photo of the ship,145,187,images/experiment1_sequential_own_step/retain_always/W09/ship/index_145_seed_187.png,ship,automobile,False,0.02386230230331421,delete-after-eval,0.00044620843254961073,0.8476189970970154,0.000574516539927572,0.0035959891974925995,0.0005016224458813667,0.005626583471894264,0.0002524183364585042,0.011327574960887432,0.02386230230331421,0.10619379580020905,new_followup_supplement,/home/tslin/Documents/jupyter_data/anLi/machine_unlearning/orthogonal-concept-erasure/experiments/sequential_object_followup/outputs/sequential_oce_object_followup_v1
retain_always,W09,ship,a photo of the ship,146,188,images/experiment1_sequential_own_step/retain_always/W09/ship/index_146_seed_188.png,ship,truck,False,0.0034194833133369684,delete-after-eval,0.00012062607856933028,0.23967033624649048,0.00018942936731036752,0.00020922096155118197,7.739382272120565e-05,0.0011180954752489924,0.00015266462287399918,0.0034337241668254137,0.0034194833133369684,0.7516090869903564,new_followup_supplement,/home/tslin/Documents/jupyter_data/anLi/machine_unlearning/orthogonal-concept-erasure/experiments/sequential_object_followup/outputs/sequential_oce_object_followup_v1
retain_always,W09,ship,a photo of the ship,147,189,images/experiment1_sequential_own_step/retain_always/W09/ship/index_147_seed_189.png,ship,automobile,False,0.19342033565044403,delete-after-eval,0.01303880661725998,0.5602656006813049,0.020457206293940544,0.010272666811943054,0.006119003519415855,0.038880605250597,0.005305646453052759,0.08055427670478821,0.19342033565044403,0.07168582081794739,new_followup_supplement,/home/tslin/Documents/jupyter_data/anLi/machine_unlearning/orthogonal-concept-erasure/experiments/sequential_object_followup/outputs/sequential_oce_object_followup_v1
retain_always,W09,ship,a photo of the ship,148,190,images/experiment1_sequential_own_step/retain_always/W09/ship/index_148_seed_190.png,ship,automobile,False,0.08716773241758347,delete-after-eval,0.0056363483890891075,0.42020097374916077,0.014123152010142803,0.03221723437309265,0.016514787450432777,0.13540956377983093,0.011374535970389843,0.21952161192893982,0.08716773241758347,0.05783411115407944,new_followup_supplement,/home/tslin/Documents/jupyter_data/anLi/machine_unlearning/orthogonal-concept-erasure/experiments/sequential_object_followup/outputs/sequential_oce_object_followup_v1
retain_always,W09,ship,a photo of the ship,149,191,images/experiment1_sequential_own_step/retain_always/W09/ship/index_149_seed_191.png,ship,truck,False,0.142061248421669,delete-after-eval,0.051533281803131104,0.3209494352340698,0.0017513018101453781,0.0009421041468158364,0.0017806089017540216,0.0018005435122177005,0.0006534196436405182,0.006038446445018053,0.142061248421669,0.4724896252155304,new_followup_supplement,/home/tslin/Documents/jupyter_data/anLi/machine_unlearning/orthogonal-concept-erasure/experiments/sequential_object_followup/outputs/sequential_oce_object_followup_v1
retain_always,W09,ship,a photo of the ship,150,192,images/experiment1_sequential_own_step/retain_always/W09/ship/index_150_seed_192.png,ship,ship,True,0.31376898288726807,delete-after-eval,0.16310037672519684,0.29113465547561646,0.008538639172911644,0.008957723155617714,0.004423126112669706,0.016022931784391403,0.001086635049432516,0.01397651620209217,0.31376898288726807,0.17899033427238464,new_followup_supplement,/home/tslin/Documents/jupyter_data/anLi/machine_unlearning/orthogonal-concept-erasure/experiments/sequential_object_followup/outputs/sequential_oce_object_followup_v1
retain_always,W09,ship,a photo of the ship,151,193,images/experiment1_sequential_own_step/retain_always/W09/ship/index_151_seed_193.png,ship,automobile,False,0.0006686063716188073,delete-after-eval,9.644726378610358e-05,0.8508358001708984,0.0006991008995100856,0.0005031632608734071,0.0006289847078733146,0.0010418003657832742,0.0002627796202432364,0.0027336343191564083,0.0006686063716188073,0.14252969622612,new_followup_supplement,/home/tslin/Documents/jupyter_data/anLi/machine_unlearning/orthogonal-concept-erasure/experiments/sequential_object_followup/outputs/sequential_oce_object_followup_v1
retain_always,W09,ship,a photo of the ship,152,194,images/experiment1_sequential_own_step/retain_always/W09/ship/index_152_seed_194.png,ship,dog,False,0.2247314751148224,delete-after-eval,0.0016976486658677459,0.2751089334487915,0.0216031763702631,0.044828228652477264,0.0017754561267793179,0.29644644260406494,0.018124336376786232,0.10897131264209747,0.2247314751148224,0.006713024340569973,new_followup_supplement,/home/tslin/Documents/jupyter_data/anLi/machine_unlearning/orthogonal-concept-erasure/experiments/sequential_object_followup/outputs/sequential_oce_object_followup_v1
retain_always,W09,ship,a photo of the ship,153,195,images/experiment1_sequential_own_step/retain_always/W09/ship/index_153_seed_195.png,ship,truck,False,0.002622270490974188,delete-after-eval,0.01034003309905529,0.44179701805114746,0.0009089102386496961,0.00017279291932936758,0.0005291604902595282,0.0004478634800761938,0.0008697996963746846,0.001408472890034318,0.002622270490974188,0.540903627872467,new_followup_supplement,/home/tslin/Documents/jupyter_data/anLi/machine_unlearning/orthogonal-concept-erasure/experiments/sequential_object_followup/outputs/sequential_oce_object_followup_v1
retain_always,W09,ship,a photo of the ship,154,196,images/experiment1_sequential_own_step/retain_always/W09/ship/index_154_seed_196.png,ship,truck,False,0.19381818175315857,delete-after-eval,0.003360090544447303,0.3203314244747162,0.007752046454697847,0.0007833733689039946,0.004087925422936678,0.001797175733372569,0.002890469506382942,0.002188517712056637,0.19381818175315857,0.46299079060554504,new_followup_supplement,/home/tslin/Documents/jupyter_data/anLi/machine_unlearning/orthogonal-concept-erasure/experiments/sequential_object_followup/outputs/sequential_oce_object_followup_v1
retain_always,W09,ship,a photo of the ship,155,197,images/experiment1_sequential_own_step/retain_always/W09/ship/index_155_seed_197.png,ship,ship,True,0.42042604088783264,delete-after-eval,0.019811350852251053,0.23348338901996613,0.008740905672311783,0.03185773268342018,0.002086695283651352,0.0596504844725132,0.0007994174957275391,0.20446868240833282,0.42042604088783264,0.01867532916367054,new_followup_supplement,/home/tslin/Documents/jupyter_data/anLi/machine_unlearning/orthogonal-concept-erasure/experiments/sequential_object_followup/outputs/sequential_oce_object_followup_v1
retain_always,W09,ship,a photo of the ship,156,198,images/experiment1_sequential_own_step/retain_always/W09/ship/index_156_seed_198.png,ship,automobile,False,0.2808772921562195,delete-after-eval,0.016990434378385544,0.605163037776947,0.014929426833987236,0.011005120351910591,0.0006970164831727743,0.0164799802005291,0.011799476109445095,0.03422095626592636,0.2808772921562195,0.007837249897420406,new_followup_supplement,/home/tslin/Documents/jupyter_data/anLi/machine_unlearning/orthogonal-concept-erasure/experiments/sequential_object_followup/outputs/sequential_oce_object_followup_v1
retain_always,W09,ship,a photo of the ship,157,199,images/experiment1_sequential_own_step/retain_always/W09/ship/index_157_seed_199.png,ship,automobile,False,0.2213301658630371,delete-after-eval,0.021585065871477127,0.4632234573364258,0.01781037263572216,0.018521729856729507,0.005082407966256142,0.09346591681241989,0.005865009501576424,0.13492634892463684,0.2213301658630371,0.018189523369073868,new_followup_supplement,/home/tslin/Documents/jupyter_data/anLi/machine_unlearning/orthogonal-concept-erasure/experiments/sequential_object_followup/outputs/sequential_oce_object_followup_v1
retain_always,W09,ship,a photo of the ship,158,200,images/experiment1_sequential_own_step/retain_always/W09/ship/index_158_seed_200.png,ship,ship,True,0.2411458045244217,delete-after-eval,0.0035934217739850283,0.2062314748764038,0.05292503535747528,0.10901745408773422,0.003224789397791028,0.16793224215507507,0.07731437683105469,0.10533332824707031,0.2411458045244217,0.033282071352005005,new_followup_supplement,/home/tslin/Documents/jupyter_data/anLi/machine_unlearning/orthogonal-concept-erasure/experiments/sequential_object_followup/outputs/sequential_oce_object_followup_v1
retain_always,W09,ship,a photo of the ship,159,201,images/experiment1_sequential_own_step/retain_always/W09/ship/index_159_seed_201.png,ship,truck,False,0.023912426084280014,delete-after-eval,0.0022459733299911022,0.30182063579559326,0.0016318110283464193,0.002153300680220127,0.0014316687593236566,0.002151921158656478,0.0001580570387886837,0.014068896882236004,0.023912426084280014,0.650425374507904,new_followup_supplement,/home/tslin/Documents/jupyter_data/anLi/machine_unlearning/orthogonal-concept-erasure/experiments/sequential_object_followup/outputs/sequential_oce_object_followup_v1
retain_always,W09,ship,a photo of the ship,160,202,images/experiment1_sequential_own_step/retain_always/W09/ship/index_160_seed_202.png,ship,automobile,False,0.018169313669204712,delete-after-eval,0.0021283235400915146,0.5295560956001282,0.0031168991699814796,0.0064997198060154915,0.005376486573368311,0.02306928113102913,0.000723289093002677,0.08627454191446304,0.018169313669204712,0.3250860273838043,new_followup_supplement,/home/tslin/Documents/jupyter_data/anLi/machine_unlearning/orthogonal-concept-erasure/experiments/sequential_object_followup/outputs/sequential_oce_object_followup_v1
retain_always,W09,ship,a photo of the ship,161,203,images/experiment1_sequential_own_step/retain_always/W09/ship/index_161_seed_203.png,ship,ship,True,0.6097612977027893,delete-after-eval,0.01035978365689516,0.13215011358261108,0.03682985156774521,0.04094022512435913,0.006641246844083071,0.0800589770078659,0.025829937309026718,0.04340643435716629,0.6097612977027893,0.014022162184119225,new_followup_supplement,/home/tslin/Documents/jupyter_data/anLi/machine_unlearning/orthogonal-concept-erasure/experiments/sequential_object_followup/outputs/sequential_oce_object_followup_v1
retain_always,W09,ship,a photo of the ship,162,204,images/experiment1_sequential_own_step/retain_always/W09/ship/index_162_seed_204.png,ship,automobile,False,0.24741770327091217,delete-after-eval,0.0463084913790226,0.2882274389266968,0.043221764266490936,0.05996834859251976,0.023463482037186623,0.08674202859401703,0.11413861066102982,0.08444111794233322,0.24741770327091217,0.006071005016565323,new_followup_supplement,/home/tslin/Documents/jupyter_data/anLi/machine_unlearning/orthogonal-concept-erasure/experiments/sequential_object_followup/outputs/sequential_oce_object_followup_v1
retain_always,W09,ship,a photo of the ship,163,205,images/experiment1_sequential_own_step/retain_always/W09/ship/index_163_seed_205.png,ship,automobile,False,0.0008082929416559637,delete-after-eval,0.0001995056081796065,0.9198529124259949,0.0002476634690538049,0.00040254840860143304,0.000194147985894233,0.0011864594416692853,9.268462599720806e-05,0.0024288168642669916,0.0008082929416559637,0.0745868980884552,new_followup_supplement,/home/tslin/Documents/jupyter_data/anLi/machine_unlearning/orthogonal-concept-erasure/experiments/sequential_object_followup/outputs/sequential_oce_object_followup_v1
retain_always,W09,ship,a photo of the ship,164,206,images/experiment1_sequential_own_step/retain_always/W09/ship/index_164_seed_206.png,ship,automobile,False,0.23114918172359467,delete-after-eval,0.005887022707611322,0.3037077486515045,0.018873250111937523,0.05976517125964165,0.0013964540557935834,0.22153295576572418,0.011572888121008873,0.12839895486831665,0.23114918172359467,0.017716290429234505,new_followup_supplement,/home/tslin/Documents/jupyter_data/anLi/machine_unlearning/orthogonal-concept-erasure/experiments/sequential_object_followup/outputs/sequential_oce_object_followup_v1
retain_always,W09,ship,a photo of the ship,165,207,images/experiment1_sequential_own_step/retain_always/W09/ship/index_165_seed_207.png,ship,cat,False,0.15208619832992554,delete-after-eval,0.012013162486255169,0.07748521864414215,0.10965248197317123,0.2302412986755371,0.021895388141274452,0.17416459321975708,0.04177367687225342,0.11052747815847397,0.15208619832992554,0.07016045600175858,new_followup_supplement,/home/tslin/Documents/jupyter_data/anLi/machine_unlearning/orthogonal-concept-erasure/experiments/sequential_object_followup/outputs/sequential_oce_object_followup_v1
retain_always,W09,ship,a photo of the ship,166,208,images/experiment1_sequential_own_step/retain_always/W09/ship/index_166_seed_208.png,ship,automobile,False,0.007245026063174009,delete-after-eval,0.003193630836904049,0.49557557702064514,0.0039034816436469555,0.0021304991096258163,0.00790230743587017,0.0025440293829888105,0.000631853414233774,0.007659500930458307,0.007245026063174009,0.4692140519618988,new_followup_supplement,/home/tslin/Documents/jupyter_data/anLi/machine_unlearning/orthogonal-concept-erasure/experiments/sequential_object_followup/outputs/sequential_oce_object_followup_v1
retain_always,W09,ship,a photo of the ship,167,209,images/experiment1_sequential_own_step/retain_always/W09/ship/index_167_seed_209.png,ship,automobile,False,0.19085316359996796,delete-after-eval,0.009845057502388954,0.7316051721572876,0.0034163419622927904,0.007253007031977177,0.00045398433576337993,0.020822318270802498,0.0021582215558737516,0.019625894725322723,0.19085316359996796,0.013966943137347698,new_followup_supplement,/home/tslin/Documents/jupyter_data/anLi/machine_unlearning/orthogonal-concept-erasure/experiments/sequential_object_followup/outputs/sequential_oce_object_followup_v1
retain_always,W09,ship,a photo of the ship,168,210,images/experiment1_sequential_own_step/retain_always/W09/ship/index_168_seed_210.png,ship,automobile,False,0.017047060653567314,delete-after-eval,0.0008265000651590526,0.4850907325744629,0.00038610989577136934,0.0008591667283326387,0.0004115555202588439,0.002069368725642562,0.00026545324362814426,0.01940995827317238,0.017047060653567314,0.4736340343952179,new_followup_supplement,/home/tslin/Documents/jupyter_data/anLi/machine_unlearning/orthogonal-concept-erasure/experiments/sequential_object_followup/outputs/sequential_oce_object_followup_v1
retain_always,W09,ship,a photo of the ship,169,211,images/experiment1_sequential_own_step/retain_always/W09/ship/index_169_seed_211.png,ship,horse,False,0.007673827465623617,delete-after-eval,0.000598150014411658,0.11699745059013367,0.0021271684672683477,0.003695415798574686,0.002358817495405674,0.017636332660913467,0.00028783371089957654,0.8224379420280457,0.007673827465623617,0.026187047362327576,new_followup_supplement,/home/tslin/Documents/jupyter_data/anLi/machine_unlearning/orthogonal-concept-erasure/experiments/sequential_object_followup/outputs/sequential_oce_object_followup_v1
retain_always,W09,ship,a photo of the ship,170,212,images/experiment1_sequential_own_step/retain_always/W09/ship/index_170_seed_212.png,ship,ship,True,0.5957195162773132,delete-after-eval,0.035097695887088776,0.06788291037082672,0.008753253147006035,0.002420999575406313,0.01194018218666315,0.002365041058510542,0.0018409547628834844,0.06381621211767197,0.5957195162773132,0.21016325056552887,new_followup_supplement,/home/tslin/Documents/jupyter_data/anLi/machine_unlearning/orthogonal-concept-erasure/experiments/sequential_object_followup/outputs/sequential_oce_object_followup_v1
retain_always,W09,ship,a photo of the ship,171,213,images/experiment1_sequential_own_step/retain_always/W09/ship/index_171_seed_213.png,ship,automobile,False,0.043109066784381866,delete-after-eval,0.008855598047375679,0.6791305541992188,0.002044928725808859,0.001511011621914804,0.003777051344513893,0.005316884256899357,0.0004665502056013793,0.0140752661973238,0.043109066784381866,0.24171309173107147,new_followup_supplement,/home/tslin/Documents/jupyter_data/anLi/machine_unlearning/orthogonal-concept-erasure/experiments/sequential_object_followup/outputs/sequential_oce_object_followup_v1
retain_always,W09,ship,a photo of the ship,172,214,images/experiment1_sequential_own_step/retain_always/W09/ship/index_172_seed_214.png,ship,automobile,False,0.015686102211475372,delete-after-eval,0.0006955512217245996,0.5347896814346313,0.0002688441309146583,0.0022734845988452435,9.408147161593661e-05,0.0055564637295901775,0.0004478302726056427,0.03567735105752945,0.015686102211475372,0.4045105576515198,new_followup_supplement,/home/tslin/Documents/jupyter_data/anLi/machine_unlearning/orthogonal-concept-erasure/experiments/sequential_object_followup/outputs/sequential_oce_object_followup_v1
retain_always,W09,ship,a photo of the ship,173,215,images/experiment1_sequential_own_step/retain_always/W09/ship/index_173_seed_215.png,ship,automobile,False,0.03178193420171738,delete-after-eval,0.022689709439873695,0.6663755774497986,0.004252663813531399,0.001814332907088101,0.0005147851188667119,0.002374311676248908,0.00012642655929084867,0.017213452607393265,0.03178193420171738,0.2528567314147949,new_followup_supplement,/home/tslin/Documents/jupyter_data/anLi/machine_unlearning/orthogonal-concept-erasure/experiments/sequential_object_followup/outputs/sequential_oce_object_followup_v1
retain_always,W09,ship,a photo of the ship,174,216,images/experiment1_sequential_own_step/retain_always/W09/ship/index_174_seed_216.png,ship,automobile,False,0.16805315017700195,delete-after-eval,0.010571496561169624,0.3136916756629944,0.022588493302464485,0.03582250699400902,0.01162283681333065,0.08921848237514496,0.019329071044921875,0.22015342116355896,0.16805315017700195,0.10894892364740372,new_followup_supplement,/home/tslin/Documents/jupyter_data/anLi/machine_unlearning/orthogonal-concept-erasure/experiments/sequential_object_followup/outputs/sequential_oce_object_followup_v1
retain_always,W09,ship,a photo of the ship,175,217,images/experiment1_sequential_own_step/retain_always/W09/ship/index_175_seed_217.png,ship,automobile,False,0.00038718662108294666,delete-after-eval,7.801594620104879e-05,0.984289824962616,6.400804704753682e-05,0.00023802975192666054,1.1166761396452785e-05,0.0001252707588719204,9.399469126947224e-05,0.00016686423623468727,0.00038718662108294666,0.014545653015375137,new_followup_supplement,/home/tslin/Documents/jupyter_data/anLi/machine_unlearning/orthogonal-concept-erasure/experiments/sequential_object_followup/outputs/sequential_oce_object_followup_v1
retain_always,W09,ship,a photo of the ship,176,218,images/experiment1_sequential_own_step/retain_always/W09/ship/index_176_seed_218.png,ship,automobile,False,0.15274131298065186,delete-after-eval,0.0038986490108072758,0.4279056787490845,0.004642591346055269,0.0677151009440422,0.0017563088331371546,0.26004084944725037,0.05971290543675423,0.014353446662425995,0.15274131298065186,0.007233159616589546,new_followup_supplement,/home/tslin/Documents/jupyter_data/anLi/machine_unlearning/orthogonal-concept-erasure/experiments/sequential_object_followup/outputs/sequential_oce_object_followup_v1
retain_always,W09,ship,a photo of the ship,177,219,images/experiment1_sequential_own_step/retain_always/W09/ship/index_177_seed_219.png,ship,automobile,False,0.03280702978372574,delete-after-eval,0.007370591163635254,0.5306797623634338,0.0037006912752985954,0.0031374371610581875,0.0018351890612393618,0.0038067693822085857,0.0008690423564985394,0.006324719171971083,0.03280702978372574,0.4094686806201935,new_followup_supplement,/home/tslin/Documents/jupyter_data/anLi/machine_unlearning/orthogonal-concept-erasure/experiments/sequential_object_followup/outputs/sequential_oce_object_followup_v1
retain_always,W09,ship,a photo of the ship,178,220,images/experiment1_sequential_own_step/retain_always/W09/ship/index_178_seed_220.png,ship,automobile,False,0.22435587644577026,delete-after-eval,0.002259583678096533,0.6910476684570312,0.0008206694037653506,0.0033908982295542955,0.0005269945249892771,0.011932251043617725,0.0002478328824508935,0.009439603425562382,0.22435587644577026,0.055978622287511826,new_followup_supplement,/home/tslin/Documents/jupyter_data/anLi/machine_unlearning/orthogonal-concept-erasure/experiments/sequential_object_followup/outputs/sequential_oce_object_followup_v1
retain_always,W09,ship,a photo of the ship,179,221,images/experiment1_sequential_own_step/retain_always/W09/ship/index_179_seed_221.png,ship,truck,False,0.20267686247825623,delete-after-eval,0.07588215172290802,0.08835991472005844,0.07366964966058731,0.054863184690475464,0.011050494387745857,0.02868325635790825,0.1447990983724594,0.11169590801000595,0.20267686247825623,0.2083195000886917,new_followup_supplement,/home/tslin/Documents/jupyter_data/anLi/machine_unlearning/orthogonal-concept-erasure/experiments/sequential_object_followup/outputs/sequential_oce_object_followup_v1
retain_always,W09,ship,a photo of the ship,180,222,images/experiment1_sequential_own_step/retain_always/W09/ship/index_180_seed_222.png,ship,truck,False,0.0006182521465234458,delete-after-eval,0.000764331198297441,0.4864892363548279,0.0002780156210064888,0.00010722443403210491,0.0006792722851969302,0.0006996553856879473,0.0009153815335594118,0.0011503574205562472,0.0006182521465234458,0.5082982778549194,new_followup_supplement,/home/tslin/Documents/jupyter_data/anLi/machine_unlearning/orthogonal-concept-erasure/experiments/sequential_object_followup/outputs/sequential_oce_object_followup_v1
retain_always,W09,ship,a photo of the ship,181,223,images/experiment1_sequential_own_step/retain_always/W09/ship/index_181_seed_223.png,ship,automobile,False,0.08314671367406845,delete-after-eval,0.0011424629483371973,0.6522082686424255,0.005603335332125425,0.038665562868118286,0.0012809800682589412,0.0847201943397522,0.006563876755535603,0.07307782024145126,0.08314671367406845,0.05359076336026192,new_followup_supplement,/home/tslin/Documents/jupyter_data/anLi/machine_unlearning/orthogonal-concept-erasure/experiments/sequential_object_followup/outputs/sequential_oce_object_followup_v1
retain_always,W09,ship,a photo of the ship,182,224,images/experiment1_sequential_own_step/retain_always/W09/ship/index_182_seed_224.png,ship,automobile,False,0.0008408173453062773,delete-after-eval,0.00025504070799797773,0.8614429235458374,9.310580207966268e-05,0.00011637128045549616,4.123145481571555e-05,0.0003992079000454396,3.838454358628951e-05,0.0018885763129219413,0.0008408173453062773,0.13488438725471497,new_followup_supplement,/home/tslin/Documents/jupyter_data/anLi/machine_unlearning/orthogonal-concept-erasure/experiments/sequential_object_followup/outputs/sequential_oce_object_followup_v1
retain_always,W09,ship,a photo of the ship,183,225,images/experiment1_sequential_own_step/retain_always/W09/ship/index_183_seed_225.png,ship,automobile,False,0.0026590393390506506,delete-after-eval,0.00043992078281007707,0.7839112281799316,0.0019521857611835003,0.0020054723136126995,0.0008871909230947495,0.0017143180593848228,0.0012406079331412911,0.003117091953754425,0.0026590393390506506,0.20207293331623077,new_followup_supplement,/home/tslin/Documents/jupyter_data/anLi/machine_unlearning/orthogonal-concept-erasure/experiments/sequential_object_followup/outputs/sequential_oce_object_followup_v1
retain_always,W09,ship,a photo of the ship,184,226,images/experiment1_sequential_own_step/retain_always/W09/ship/index_184_seed_226.png,ship,automobile,False,0.026593675836920738,delete-after-eval,0.0017957041272893548,0.6720081567764282,0.008511887863278389,0.008882622234523296,0.00520296348258853,0.0031965759117156267,0.0011868358124047518,0.01636321470141411,0.026593675836920738,0.2562583088874817,new_followup_supplement,/home/tslin/Documents/jupyter_data/anLi/machine_unlearning/orthogonal-concept-erasure/experiments/sequential_object_followup/outputs/sequential_oce_object_followup_v1
retain_always,W09,ship,a photo of the ship,185,227,images/experiment1_sequential_own_step/retain_always/W09/ship/index_185_seed_227.png,ship,automobile,False,0.06612836569547653,delete-after-eval,0.01901792734861374,0.4715278148651123,0.0221383199095726,0.013534637168049812,0.004739808384329081,0.05400102585554123,0.007815354503691196,0.09325380623340607,0.06612836569547653,0.2478429526090622,new_followup_supplement,/home/tslin/Documents/jupyter_data/anLi/machine_unlearning/orthogonal-concept-erasure/experiments/sequential_object_followup/outputs/sequential_oce_object_followup_v1
retain_always,W09,ship,a photo of the ship,186,228,images/experiment1_sequential_own_step/retain_always/W09/ship/index_186_seed_228.png,ship,automobile,False,0.014899387024343014,delete-after-eval,0.0011381340445950627,0.7009257078170776,0.000953685725107789,0.0014708616072311997,0.0005445724236778915,0.00670391833409667,0.0005539738340303302,0.0657050758600235,0.014899387024343014,0.20710472762584686,new_followup_supplement,/home/tslin/Documents/jupyter_data/anLi/machine_unlearning/orthogonal-concept-erasure/experiments/sequential_object_followup/outputs/sequential_oce_object_followup_v1
retain_always,W09,ship,a photo of the ship,187,229,images/experiment1_sequential_own_step/retain_always/W09/ship/index_187_seed_229.png,ship,automobile,False,0.001073008170351386,delete-after-eval,0.0007567447028122842,0.7979180812835693,0.0008684232598170638,0.0004775533452630043,0.0004802259791176766,0.0009103654301725328,0.0024821129627525806,0.0014342779759317636,0.001073008170351386,0.19359919428825378,new_followup_supplement,/home/tslin/Documents/jupyter_data/anLi/machine_unlearning/orthogonal-concept-erasure/experiments/sequential_object_followup/outputs/sequential_oce_object_followup_v1
retain_always,W09,ship,a photo of the ship,188,230,images/experiment1_sequential_own_step/retain_always/W09/ship/index_188_seed_230.png,ship,automobile,False,0.00046029160148464143,delete-after-eval,3.082602415815927e-05,0.7788116335868835,0.00013983344251755625,0.00014722245396114886,9.020924335345626e-05,0.00036039570113644004,0.00010565454431343824,0.00041533546755090356,0.00046029160148464143,0.2194385677576065,new_followup_supplement,/home/tslin/Documents/jupyter_data/anLi/machine_unlearning/orthogonal-concept-erasure/experiments/sequential_object_followup/outputs/sequential_oce_object_followup_v1
retain_always,W09,ship,a photo of the ship,189,231,images/experiment1_sequential_own_step/retain_always/W09/ship/index_189_seed_231.png,ship,automobile,False,0.003554009133949876,delete-after-eval,0.0009173614671453834,0.9338250160217285,0.0006329506868496537,0.0004989368026144803,4.392936534713954e-05,0.0012454917887225747,0.0038149100728332996,0.0008692629635334015,0.003554009133949876,0.054598066955804825,new_followup_supplement,/home/tslin/Documents/jupyter_data/anLi/machine_unlearning/orthogonal-concept-erasure/experiments/sequential_object_followup/outputs/sequential_oce_object_followup_v1
retain_always,W09,ship,a photo of the ship,190,232,images/experiment1_sequential_own_step/retain_always/W09/ship/index_190_seed_232.png,ship,automobile,False,0.03142692893743515,delete-after-eval,0.0008826711564324796,0.9240522980690002,0.0016892930725589395,0.0008086832240223885,0.0003565252700354904,0.0037445235066115856,0.0016115441685542464,0.007730861660093069,0.03142692893743515,0.02769668959081173,new_followup_supplement,/home/tslin/Documents/jupyter_data/anLi/machine_unlearning/orthogonal-concept-erasure/experiments/sequential_object_followup/outputs/sequential_oce_object_followup_v1
retain_always,W09,ship,a photo of the ship,191,233,images/experiment1_sequential_own_step/retain_always/W09/ship/index_191_seed_233.png,ship,truck,False,0.211938738822937,delete-after-eval,0.05322560295462608,0.29876238107681274,0.016326509416103363,0.004430010914802551,0.011813453398644924,0.003204748034477234,0.00639628479257226,0.044768840074539185,0.211938738822937,0.3491334319114685,new_followup_supplement,/home/tslin/Documents/jupyter_data/anLi/machine_unlearning/orthogonal-concept-erasure/experiments/sequential_object_followup/outputs/sequential_oce_object_followup_v1
retain_always,W09,ship,a photo of the ship,192,234,images/experiment1_sequential_own_step/retain_always/W09/ship/index_192_seed_234.png,ship,automobile,False,0.04655667394399643,delete-after-eval,0.0015524723567068577,0.8657022714614868,0.0012510730884969234,0.002030785195529461,0.0010332034435123205,0.002787240082398057,0.0003187002148479223,0.006449182517826557,0.04655667394399643,0.072318434715271,new_followup_supplement,/home/tslin/Documents/jupyter_data/anLi/machine_unlearning/orthogonal-concept-erasure/experiments/sequential_object_followup/outputs/sequential_oce_object_followup_v1
retain_always,W09,ship,a photo of the ship,193,235,images/experiment1_sequential_own_step/retain_always/W09/ship/index_193_seed_235.png,ship,automobile,False,0.0010715450625866652,delete-after-eval,0.0016138871433213353,0.9626631140708923,0.0036892739590257406,0.0008345997775904834,0.00204855902120471,0.001605355180799961,0.0005873945774510503,0.003299546428024769,0.0010715450625866652,0.022586660459637642,new_followup_supplement,/home/tslin/Documents/jupyter_data/anLi/machine_unlearning/orthogonal-concept-erasure/experiments/sequential_object_followup/outputs/sequential_oce_object_followup_v1
retain_always,W09,ship,a photo of the ship,194,236,images/experiment1_sequential_own_step/retain_always/W09/ship/index_194_seed_236.png,ship,automobile,False,0.38466301560401917,delete-after-eval,0.02090286649763584,0.4742394983768463,0.001542847603559494,0.0027163273189216852,0.00034082611091434956,0.004337972030043602,0.0014378370251506567,0.011558398604393005,0.38466301560401917,0.09826043993234634,new_followup_supplement,/home/tslin/Documents/jupyter_data/anLi/machine_unlearning/orthogonal-concept-erasure/experiments/sequential_object_followup/outputs/sequential_oce_object_followup_v1
retain_always,W09,ship,a photo of the ship,195,237,images/experiment1_sequential_own_step/retain_always/W09/ship/index_195_seed_237.png,ship,ship,True,0.2434908151626587,delete-after-eval,0.0011156679829582572,0.2011319100856781,0.04809630289673805,0.06626354157924652,0.008735430426895618,0.1925215870141983,0.024477262049913406,0.20442986488342285,0.2434908151626587,0.009737570770084858,new_followup_supplement,/home/tslin/Documents/jupyter_data/anLi/machine_unlearning/orthogonal-concept-erasure/experiments/sequential_object_followup/outputs/sequential_oce_object_followup_v1
retain_always,W09,ship,a photo of the ship,196,238,images/experiment1_sequential_own_step/retain_always/W09/ship/index_196_seed_238.png,ship,dog,False,0.20456090569496155,delete-after-eval,0.0013166407588869333,0.08251257240772247,0.038299303501844406,0.0856727659702301,0.003578830510377884,0.2869066596031189,0.01449991762638092,0.2762034833431244,0.20456090569496155,0.00644893292337656,new_followup_supplement,/home/tslin/Documents/jupyter_data/anLi/machine_unlearning/orthogonal-concept-erasure/experiments/sequential_object_followup/outputs/sequential_oce_object_followup_v1
retain_always,W09,ship,a photo of the ship,197,239,images/experiment1_sequential_own_step/retain_always/W09/ship/index_197_seed_239.png,ship,automobile,False,0.03180275857448578,delete-after-eval,0.00020917410438414663,0.8678245544433594,0.0009746875148266554,0.0005841756355948746,9.982007759390399e-05,0.0015401227865368128,0.0001619424147065729,0.011774711310863495,0.03180275857448578,0.08502811193466187,new_followup_supplement,/home/tslin/Documents/jupyter_data/anLi/machine_unlearning/orthogonal-concept-erasure/experiments/sequential_object_followup/outputs/sequential_oce_object_followup_v1
retain_always,W09,ship,a photo of the ship,198,240,images/experiment1_sequential_own_step/retain_always/W09/ship/index_198_seed_240.png,ship,automobile,False,0.24220357835292816,delete-after-eval,0.0035764616914093494,0.44401299953460693,0.021147290244698524,0.049361929297447205,0.005971458274871111,0.1564490795135498,0.008268156088888645,0.052282679826021194,0.24220357835292816,0.016726361587643623,new_followup_supplement,/home/tslin/Documents/jupyter_data/anLi/machine_unlearning/orthogonal-concept-erasure/experiments/sequential_object_followup/outputs/sequential_oce_object_followup_v1
retain_always,W09,ship,a photo of the ship,199,241,images/experiment1_sequential_own_step/retain_always/W09/ship/index_199_seed_241.png,ship,truck,False,0.02426282875239849,delete-after-eval,0.003375543048605323,0.41968750953674316,0.009810551069676876,0.04943126067519188,0.0006488024373538792,0.013778475113213062,0.0033905133605003357,0.0076781995594501495,0.02426282875239849,0.46793636679649353,new_followup_supplement,/home/tslin/Documents/jupyter_data/anLi/machine_unlearning/orthogonal-concept-erasure/experiments/sequential_object_followup/outputs/sequential_oce_object_followup_v1
