projection,layer_index,target_index,target_concept,raw_cos2_finite,raw_cos2_non_constant,raw_cos2_min,raw_cos2_p01,raw_cos2_median,raw_cos2_mean,raw_cos2_std,raw_cos2_rms,raw_cos2_p95,raw_cos2_p99,raw_cos2_max,raw_cos2_top_1pct_weight_share,raw_cos2_top_5pct_weight_share,v1_alpha_finite,v1_alpha_non_constant,v1_alpha_min,v1_alpha_p01,v1_alpha_median,v1_alpha_mean,v1_alpha_std,v1_alpha_rms,v1_alpha_p95,v1_alpha_p99,v1_alpha_max,v1_alpha_top_1pct_weight_share,v1_alpha_top_5pct_weight_share,official_alpha_finite,official_alpha_non_constant,official_alpha_min,official_alpha_p01,official_alpha_median,official_alpha_mean,official_alpha_std,official_alpha_rms,official_alpha_p95,official_alpha_p99,official_alpha_max,official_alpha_top_1pct_weight_share,official_alpha_top_5pct_weight_share,v1_to_raw_mean_ratio
to_v,0,0,golden retriever,True,True,4.0000511236648606e-10,5.536953148066459e-07,0.00036284005909692496,0.0014450313672158994,0.004663723350374546,0.004875496016321217,0.004147482244297863,0.02689865721389653,0.05924053490161896,0.32259767080155977,0.5257356161094646,True,True,0.0005475468933582306,0.000547998858965002,0.0009298479999415576,0.026838544810198074,0.13025832525295813,0.13279501567238547,0.05499902684241537,0.9953678768873215,1.0,0.4651740513151956,0.8712555418939649,True,True,0.0,0.006674924399703741,0.006674954202026129,0.00661236197774997,0.0006442690427985933,0.006643577077988833,0.006674954202026129,0.006674954202026129,0.006674954202026129,0.01261832425479499,0.05047329701917996,18.572984240409347
to_v,0,1,labrador retriever,True,True,8.13980341463072e-11,2.7314611132922546e-08,0.00035892444429919124,0.0013928088975208933,0.004383720308752128,0.004593132616600019,0.004521072050556542,0.026709010545164367,0.044243890792131424,0.32504534118136186,0.5287197825990422,True,True,0.0005182750173844397,0.0005182976234937086,0.0009065615013241768,0.028258296969579533,0.13464765589251412,0.1373749116918847,0.0850512124598027,0.9954216891527177,0.9999933242797852,0.4421118387281326,0.8623120863314612,True,True,3.004664167205273e-39,3.505330624072968e-29,0.008687560446560383,0.008497537291259506,0.0012727689681162608,0.00859203227108705,0.008687597699463367,0.008687597699463367,0.008687597699463367,0.012779581603600841,0.051118326414403364,20.288710834542638
to_v,0,2,tabby,True,True,2.0016370783082493e-08,2.641924189106248e-07,0.0004146883584326133,0.0015778429862248699,0.004891921632841147,0.005132806415314619,0.004853732371702791,0.02632363542914392,0.05324751138687134,0.3180108134402754,0.5139706718016223,True,True,0.0005011060275137424,0.0005012818239629269,0.0008950030023697764,0.027726979733597546,0.1332011284865562,0.13585242211963078,0.07421612367033965,0.9918190884590149,0.9999980330467224,0.4502520787794708,0.8678358690313589,True,True,0.0,2.4457567347836313e-34,0.008224619552493095,0.008070420857984572,0.0011173433068502896,0.008147161927024117,0.008224647492170334,0.008224647492170334,0.008224647492170334,0.012738876380952883,0.050955505523811534,17.57271159149797
to_v,0,3,tiger cat,True,True,1.0701790564837665e-09,4.9667395565222704e-08,0.00043199292849749327,0.0015727714801218623,0.004773249474186119,0.0050185975083738765,0.004996969550848008,0.027034940887242565,0.05678197741508484,0.3057972045346155,0.4973409855521699,True,True,0.00047720540896989405,0.00047723982424940914,0.000887716916622594,0.027306045556542813,0.13070955796453038,0.13333123444272604,0.08602254427969461,0.9954954916238785,0.9999990463256836,0.4572291799691716,0.8407575993918245,True,True,0.0,3.56360961450007e-37,0.007718841079622507,0.007598250322917011,0.0009587888396330396,0.007658316477600768,0.007718874607235193,0.007718874607235193,0.007718874607235193,0.012698440889665034,0.05079376355866014,17.361737481676023
to_v,0,4,orange,True,True,1.85274373620814e-08,3.205817534990274e-07,0.0004707232001237571,0.0016302260793470192,0.004503172785598693,0.0047825549333684455,0.006004015891812743,0.023481160439550886,0.048564910888671875,0.2765579328115863,0.48427206668029765,True,True,0.0003788589092437178,0.00037904130644164977,0.0007840262842364609,0.03408322774812404,0.14350105234284283,0.14727479999022355,0.1681065760552884,0.9900888985395432,0.9999971389770508,0.3661658928022394,0.8299854134495398,True,True,8.407790785948902e-45,0.0013744013663381334,0.007233730051666498,0.007143289825762622,0.0008049416011915378,0.007188358347484907,0.007233730051666498,0.007233730051666498,0.007233730051666498,0.012658260808587276,0.050633043234349105,20.907055886246127
to_v,0,5,lemon,True,True,8.702611964395146e-10,9.938369110784606e-08,0.0004641204286599532,0.0017163088396354247,0.004778589071586838,0.005070430991874872,0.00673295720480383,0.01889219699427486,0.052481722086668015,0.26995845945325825,0.5003026949929179,True,True,0.000386654632166028,0.00038671161513775587,0.0007602514524478465,0.03731454412818493,0.15504047132898882,0.15923192398727956,0.19962917268276262,0.9524077987670899,0.9999980330467224,0.3315736061461902,0.8523330028366267,True,True,2.5177243854478677e-37,9.717175534188802e-28,0.00916303601115942,0.008933945704484358,0.0014328167599037954,0.009047758518332037,0.00916303601115942,0.00916303601115942,0.00916303601115942,0.012820533494176138,0.05128213397670455,21.741159438479162
to_v,0,6,yawl,True,True,3.3027852675004965e-10,3.877755045778031e-07,0.0005131778598297387,0.0016444794391043197,0.004095915781686595,0.004407767243432078,0.006956460117362441,0.018920582905411723,0.04191732034087181,0.23078651666415675,0.4714552160668183,True,True,0.0002847293217200786,0.00028492633340647443,0.0006904648325871676,0.043828520054466934,0.16685866513765235,0.17226650177130493,0.31181792765855804,0.9805478930473328,0.9999933242797852,0.2837346761107594,0.8111502550716952,True,True,3.993700623325729e-43,4.6171807673038827e-32,0.008716902695596218,0.008526238377089611,0.0012770678432066631,0.008621052520979978,0.008716939948499203,0.008716939948499203,0.008716939948499203,0.01277958045942337,0.05111832183769348,26.65191124453251
to_v,0,7,lifeboat,True,True,3.9799498807724376e-08,8.478095054442746e-08,0.0004958535137120634,0.0017365574484184743,0.004612489593597586,0.004921809368455789,0.005329717486165467,0.027496854821220076,0.048277053982019424,0.27132547030681115,0.47766938650659874,True,True,0.0003414403472561389,0.00034146459453040736,0.000725240504834801,0.03631670763343209,0.1490744319566877,0.15320783941910016,0.10302300155162829,0.9709955430030827,0.999995231628418,0.344068605198125,0.8453806690918867,True,True,3.993700623325729e-43,4.617145502473358e-32,0.00871692132204771,0.008526239075581542,0.0012770679478273986,0.00862105322723933,0.008716939948499203,0.008716939948499203,0.008716939948499203,0.012779579412486525,0.0511183176499461,20.91304705554464
to_v,0,8,soccer ball,True,True,7.181181871374065e-09,1.7194971619005628e-07,0.0005954290099907666,0.0016995933762795068,0.004144778644708082,0.00447371464104817,0.005862044636160138,0.024106819890439512,0.038698017597198486,0.2348550765531549,0.44896812111791057,True,True,0.0002674184797797352,0.0002674962536548264,0.000738332950277254,0.038614524429613085,0.15237998723986465,0.1569655394315865,0.181038407981396,0.9964604437351227,0.999977171421051,0.3232927484324022,0.8123026642966711,True,True,1.1499976692119589e-37,1.000500379961426e-28,0.008693461306393147,0.008503277684212662,0.0012736287694160389,0.008597836498800507,0.008693461306393147,0.008693461306393147,0.008693461306393147,0.012779573990823537,0.05111829596329415,22.71986050813058
to_v,0,9,volleyball,True,True,6.067927937891682e-09,8.032891805953568e-08,0.0006166750972624868,0.0017093174737519493,0.004111110890874461,0.004446367352207251,0.006374759180471303,0.026415514536201966,0.03547478839755058,0.23432206324866478,0.45419800144276173,True,True,0.00025639787781983614,0.00025643213710282,0.0007412261911667883,0.040088173675667346,0.1581014893105632,0.16286506635244602,0.2362305015325548,0.997746656537056,0.9999361038208008,0.31170059248044696,0.8133903552597044,True,True,1.1500165026633194e-37,1.0005039477466632e-28,0.008693461306393147,0.008503302681492641,0.0012736325134983049,0.008597861774052267,0.008693484589457512,0.008693484589457512,0.008693484589457512,0.012779570649029699,0.051118282596118794,23.452737300856036
to_v,1,0,golden retriever,True,True,4.781760054584083e-08,3.885537086034674e-07,0.0003321644035167992,0.000715493510816878,0.0010420154696988615,0.0012626694301620038,0.0026415049447678033,0.004804489966481924,0.00889421347528696,0.10821218767127547,0.2889896047940502,True,True,3.0604773201048374e-05,3.068806003284408e-05,0.0003632811567513272,0.07224798265875734,0.19968753479673684,0.2120619551637076,0.5762627243995667,0.9707581055164337,0.9998922348022461,0.17088537907422513,0.5819595652151918,True,True,0.0,0.006674912758171558,0.006674912758171558,0.006612354359822348,0.0006442683007111356,0.006643569424114383,0.006674954202026129,0.006674954202026129,0.006674954202026129,0.0126183387920499,0.0504733551681996,100.97643314231028
to_v,1,1,labrador retriever,True,True,8.460126821319136e-09,1.9224308800858125e-07,0.00027398241218179464,0.0006481872733676731,0.0010241546887771466,0.0012106864903091473,0.0024538697325624534,0.004234927110373974,0.009037138894200325,0.12208749480875784,0.3134172768611318,True,True,4.759949661092833e-05,4.766899619426113e-05,0.0003699425869854167,0.06662414281341852,0.19523321324101298,0.2059992025092145,0.5379823267459873,0.9474547618627549,0.999934196472168,0.18347304751985177,0.632795392670644,True,True,3.004664167205273e-39,3.5053571056097036e-29,0.008687597699463367,0.008497568589518778,0.0012727736559437076,0.008592063917383602,0.00868762657046318,0.00868762657046318,0.00868762657046318,0.01277957700332485,0.0511183080132994,102.78533002857513
to_v,1,2,tabby,True,True,2.7286040094054442e-09,3.8719751564997295e-08,0.0002730128908297047,0.0005791697968706294,0.0007802962639619073,0.0009707714553894619,0.0022859828895889223,0.003724122925195843,0.004393414128571749,0.08876869014420907,0.27015713337276615,True,True,1.9177698050043546e-05,1.9185216933692574e-05,0.0003043540345970541,0.0813953861182199,0.21643122619627883,0.2309140572110788,0.7088833808898927,0.9750853604078293,0.9926110506057739,0.1514734844195607,0.5376633051573593,True,True,3.693193130668418e-32,3.693218697670548e-32,0.010094691999256611,0.009779247856931761,0.0017591555964039628,0.009935725758387014,0.010094725526869297,0.010094725526869297,0.010094725526869297,0.012903248893157358,0.05161299557262943,140.53803661381428
to_v,1,3,tiger cat,True,True,1.442977293208969e-09,9.330602509294294e-08,0.0003215173346688971,0.0006864283262035198,0.0008999533647622347,0.0011307382181910406,0.0025883298832923177,0.004306368585675956,0.005069343373179436,0.08475856332158549,0.25204804458387187,True,True,1.6104584574350156e-05,1.6118640105560188e-05,0.0002765572862699628,0.08868455521795796,0.2209712855954784,0.2377828230258025,0.682798457145691,0.9714108937978746,0.9924191832542419,0.13875933946167127,0.4849385461695611,True,True,1.1911036946760945e-43,1.818143283762174e-32,0.008205842226743698,0.008051966648781671,0.001114788336411981,0.00812853223804016,0.008205842226743698,0.008205842226743698,0.008205842226743698,0.012738878873748982,0.050955515494995926,129.19710890786257
to_v,1,4,orange,True,True,1.004450411734581e-10,6.481562036242394e-07,0.0005201423773542047,0.0010387191552778537,0.0013272432248177455,0.0016837479445600057,0.0040199313778430225,0.0055482992576435216,0.008179822005331516,0.07644468612893945,0.2437358234370074,True,True,1.3578369362221565e-05,1.3635599780172924e-05,0.0003080140013480559,0.08925576040601584,0.22243342313083617,0.23935037921364336,0.7284139573574067,0.9396234834194184,0.9963352084159851,0.1346612353830226,0.48544302586083216,True,True,0.0,0.0060631935484707355,0.0060631935484707355,0.006025324077927508,0.000478587660550887,0.006044241939537946,0.006063247565180063,0.006063247565180063,0.006063247565180063,0.012578675202283892,0.05031470080913557,85.92867470720729
to_v,1,5,lemon,True,True,7.006963897993046e-08,2.3374002296350225e-07,0.00039973045932129025,0.0010087327554362479,0.001457027332778194,0.001770264462820823,0.003798289236146957,0.006011008811183274,0.011551196686923504,0.09421382572129786,0.2817384149472708,True,True,2.9192367946961895e-05,2.9219708812888713e-05,0.0002523190778447315,0.08195162371044944,0.21196518576910242,0.22694692051662113,0.6047276169061662,0.9422410136461258,0.9997406005859375,0.14741609883336984,0.53159655938568,True,True,0.0,7.774507266753744e-35,0.007705377414822578,0.007584996399236843,0.0009571163869544034,0.007644957778189866,0.007705410942435265,0.007705410942435265,0.007705410942435265,0.012698441991367552,0.05079376796547021,81.2421558324511
to_v,1,6,yawl,True,True,5.031418837120327e-08,3.8724001910850347e-07,0.00046426143671851605,0.0008393091303920853,0.0011116922181212486,0.001391559320682696,0.003047489817254247,0.005056696245446802,0.007375058252364397,0.09308368281079692,0.26154814087947775,True,True,1.7213329556398094e-05,1.725787902614684e-05,0.0004514593747444451,0.0794252311726666,0.2092167393044191,0.22347980885191535,0.6341229945421224,0.9650441974401475,0.9982004165649414,0.1554244983307914,0.5360252734032697,True,True,0.0,0.006035549100488424,0.006035549100488424,0.005997847983962856,0.0004764052516231715,0.006016679578169727,0.006035592872649431,0.006035592872649431,0.006035592872649431,0.012578663398913031,0.050314653595652126,94.63167776521496
to_v,1,7,lifeboat,True,True,5.768583388743309e-09,2.185206592741906e-07,0.00028409206424839795,0.0007662330340159271,0.0011739272190225158,0.0014003255334003805,0.0033096591359935723,0.004826832176186144,0.007662131916731596,0.10573224805201649,0.3073338918778643,True,True,4.0487364458385855e-05,4.054756096593337e-05,0.00026614536182023585,0.07941329027423763,0.21762112395405514,0.231338339955215,0.7015699028968817,0.9446131306886673,0.9981880187988281,0.15473218603852684,0.5605711635486345,True,True,0.0,3.5635815885307835e-37,0.007718841079622507,0.007598215791222174,0.000958784482295572,0.00765828167293146,0.007718841079622507,0.007718841079622507,0.007718841079622507,0.012698443443360225,0.0507937737734409,103.64117278789487
to_v,1,8,soccer ball,True,True,1.089986323421499e-09,3.3699454888846956e-08,0.0004435793525772169,0.0008754443031830685,0.0010834344077260629,0.001391605053421551,0.0029944611946120885,0.004855383527465165,0.006420640740543604,0.07861692235433973,0.23991968656377666,True,True,1.0898772416112479e-05,1.0901625646511093e-05,0.00029081018874421716,0.08727597846097979,0.21289893178140634,0.22978556952108667,0.6215596973896036,0.9588681864738464,0.9946742057800293,0.14001558647219006,0.48833851707563247,True,True,1.1499976692119589e-37,1.000500379961426e-28,0.008693492040038109,0.008503307303180918,0.0012736332057778322,0.008597866447140733,0.008693492040038109,0.008693492040038109,0.008693492040038109,0.012779574655596133,0.05111829862238453,99.69335358474436
to_v,1,9,volleyball,True,True,1.5252050653263155e-13,2.1307669157977215e-07,0.00038848380791023374,0.000925469558742819,0.001293547477823038,0.0015888769707485693,0.0035531845525838446,0.006307521490380169,0.0067963083274662495,0.08952228770799378,0.2816181960517908,True,True,2.4046539692790247e-05,2.407984280580422e-05,0.0002579231950221583,0.08089519092349065,0.2136632309372318,0.2281520233162297,0.6519848078489306,0.9788495993614197,0.987857460975647,0.15222759264211888,0.547632243629557,True,True,1.1911036946760945e-43,1.818143283762174e-32,0.008205806836485863,0.008051965100457891,0.0011147881220485779,0.008128530674993584,0.008205842226743698,0.008205842226743698,0.008205842226743698,0.012738881323326054,0.050955525293304216,87.40988848231886
to_v,2,0,golden retriever,True,True,1.7334768603188833e-12,1.9213948249330317e-07,0.00042867510637734085,0.001141092960255807,0.002407026891882991,0.0026621079661336513,0.0037409650627523642,0.010645591188222185,0.026227077469229698,0.18161918882545425,0.3928073740166974,True,True,0.0001658767432672903,0.00016597705413005316,0.0006028097996022552,0.04482283485353946,0.16401352432606206,0.16990435766824977,0.21233072727918595,0.9706639659404758,0.9999971389770508,0.2431499674032158,0.7578688655461306,True,True,0.0,2.934629646560514e-36,0.007452733349055052,0.0073479476217471525,0.0008782379202470019,0.00740016425070196,0.007452772464603186,0.007452772464603186,0.007452772464603186,0.011093532919361672,0.05071329334565335,39.28061640437358
to_v,2,1,labrador retriever,True,True,1.2076425970342086e-10,8.188422206956147e-08,0.0003182498912792653,0.001088142053413506,0.0028087652397590724,0.0030101309746574036,0.004089963692240416,0.012484917836263798,0.03544241189956665,0.2264082727581874,0.4530287336885253,True,True,0.0003154839505441487,0.000315550685627386,0.0007004247745499015,0.03721862740690085,0.15107262079815753,0.15547508527798978,0.20748822614550583,0.9740036606788638,1.0,0.29242314461182894,0.8313019845701641,True,True,3.1792702606490274e-34,2.074708864592886e-25,0.010106735862791538,0.009790915658231824,0.001759875804460312,0.009947580256363118,0.010106770321726799,0.010106770321726799,0.010106770321726799,0.011290343442081102,0.05161299859237076,34.20383146680699
to_v,2,2,tabby,True,True,5.3124100674040164e-09,1.9624088324121676e-07,0.00033219580654986203,0.0010579339020914415,0.0025509890507829317,0.0027598190591290456,0.003924898128025233,0.013951552994549275,0.03262580558657646,0.21021124873954058,0.4207154645412433,True,True,0.0002584180037956685,0.00025856043765088544,0.0006523728661704808,0.039123286996164096,0.146146438301929,0.1511821415304797,0.23135262951254829,0.9941659480333328,1.0,0.2789827662263474,0.7629900233042247,True,True,0.0,2.187610340627291e-35,0.007206927984952927,0.00711685573332943,0.0008013351157725308,0.007161757476780368,0.0072069596499204636,0.0072069596499204636,0.0072069596499204636,0.011075975701158184,0.050633031776723125,36.98084248819404
to_v,2,3,tiger cat,True,True,2.0995728766681765e-10,4.984273207497836e-08,0.00038717644929420203,0.001211272443283546,0.0027973235662554345,0.003046304888514726,0.004317988199181847,0.01372529673390092,0.033049169927835464,0.20155180794100316,0.4262383248328644,True,True,0.00022571987938135862,0.0002257495945377741,0.0006085628701839596,0.041589619931824015,0.15927684338380246,0.16449671755257622,0.22554251924157026,0.9860477817058565,0.9999990463256836,0.2623990758483226,0.797987711460949,True,True,2.8029864896227164e-39,3.329986739698663e-29,0.008692704141139984,0.008502564043737948,0.0012725249935225016,0.00859711492244491,0.008692733943462372,0.008692733943462372,0.008692733943462372,0.011182130121871034,0.0511183091285533,34.335479323777804
to_v,2,4,orange,True,True,4.558739219451269e-10,1.1867950355792801e-07,0.0003546793304849416,0.001240348031752563,0.0025356773467326388,0.002821006292703015,0.004890993726439769,0.012464083572849647,0.029274215921759605,0.16120878131470429,0.3935293274334831,True,True,0.00014788912085350603,0.0001479418131930288,0.00041488654096610844,0.05285656420298892,0.17725861352110966,0.18483868029761905,0.38187469542026425,0.9850648963451387,0.9999990463256836,0.20606320483707116,0.722408370073348,True,True,1.4198656689771209e-40,1.3694405180205626e-30,0.008213826455175877,0.008059834518644494,0.001115004151139773,0.008136474922929805,0.008213862776756287,0.008213862776756287,0.008213862776756287,0.011146522166547046,0.05095552990421507,42.61430086546328
to_v,2,5,lemon,True,True,1.8187793285329157e-11,1.52037825955631e-07,0.00047406354860868305,0.0014351511421805874,0.0033228072027282037,0.003617105869388297,0.005581536469981072,0.013746473221108375,0.04947495460510254,0.1952056458018627,0.41201362932399027,True,True,0.00022757383703719825,0.0002276510796218645,0.000631443748716265,0.04405229728733957,0.1589575835951714,0.1648291169334109,0.2883276149630543,0.9440842634439481,1.0,0.24684642904628165,0.7690206028825269,True,True,1.401298464324817e-45,7.577958871577748e-34,0.007710285950452089,0.007589828241907526,0.0009569764074683507,0.007649827817840162,0.007710319943726063,0.007710319943726063,0.007710319943726063,0.011111137392920637,0.05079377093906577,30.695232016055073
to_v,2,6,yawl,True,True,1.2688553333028985e-11,1.3199146621900585e-07,0.00034580545616336167,0.0011536795281734235,0.002618027830316798,0.002859079692856034,0.004136786935850971,0.012680100519210126,0.04139257222414017,0.18217773862852166,0.4088874615061674,True,True,0.00021321915846783668,0.0002132993373379577,0.0005523868894670159,0.044908361342413626,0.16345371351712187,0.1693875198665045,0.2383000724017609,0.9832339894771578,1.0,0.24263004646070732,0.7710992033115341,True,True,4.456129116552918e-43,1.8225773895399827e-32,0.007723852060735226,0.00760317942185793,0.0009586598136476391,0.007663284542349937,0.007723878137767315,0.007723878137767315,0.007723878137767315,0.011111130284386515,0.05079373844290978,38.9262011206139
to_v,2,7,lifeboat,True,True,1.3355863082153974e-09,1.707996470656781e-07,0.0003866564657073468,0.0013239623380423755,0.00342010872149708,0.0036649342630442295,0.005266274814493949,0.013669721223413945,0.04488281160593033,0.2206335637941574,0.4771624259189803,True,True,0.00031616780324839056,0.00031628141965484247,0.0007006341475062072,0.042117911825698684,0.1638508289798578,0.16905343554427707,0.24423174038529327,0.9550843101739883,1.0,0.2577926361338662,0.827848251229404,True,True,2.3261554507791963e-40,5.151355539992685e-30,0.00845208391547203,0.008280415256740526,0.001193244882752228,0.008365816483444156,0.008452113717794418,0.008452113717794418,0.008452113717794418,0.011164294413027563,0.05103677445955458,31.81201656232508
to_v,2,8,soccer ball,True,True,2.5025621575025525e-09,1.5734493089780703e-07,0.0005254343268461525,0.0013855298957361384,0.0025933759270954215,0.0029385001349751653,0.0052821111166849715,0.011114227883517751,0.03145848214626312,0.14730541193448,0.35497743267562526,True,True,0.0001044342789100483,0.00010448297412949614,0.0004700720019172877,0.05496684980912505,0.17594643286136666,0.18420133352400325,0.4129395261406895,0.9625721281766894,0.9999990463256836,0.19702046760075156,0.6907652354611125,True,True,0.0,4.030209358471209e-35,0.007455965504050255,0.007351135199132841,0.0008786189043741765,0.007403374479930495,0.007456005550920963,0.007456005550920963,0.007456005550920963,0.011093532971998377,0.0507132935862783,39.672077793688395
to_v,2,9,volleyball,True,True,4.552352272924054e-09,3.1967197116955504e-07,0.0004819931782549247,0.0013317520684278578,0.002763958300868278,0.003066120088299555,0.005117565602995454,0.014920670520514255,0.03480425104498863,0.1752774696560685,0.3922547100619267,True,True,0.00015638691547792405,0.00015652251735446044,0.0005567723710555583,0.04774211898661633,0.16773628483322747,0.17427222818562707,0.3473249793052671,0.9928606086969376,1.0,0.22870578667743344,0.7575883992253564,True,True,0.0,0.006037588231265545,0.006037588231265545,0.00599987455207156,0.00047619317460648896,0.0060187125091444756,0.0060376315377652645,0.0060376315377652645,0.0060376315377652645,0.011006329277585863,0.0503146481261068,35.84910443801767
to_v,3,0,golden retriever,True,True,8.708258003586877e-10,2.129513292459252e-07,0.00047393387649208307,0.001223092008821257,0.002306995196851847,0.0026095717888008135,0.004970364738255734,0.012576541313901554,0.019838789477944374,0.1451394081314597,0.38087671690118147,True,True,0.00010781446326291189,0.00010789161555294413,0.0004934499447699636,0.056253768427961856,0.1856088939312195,0.19380742712835786,0.4725444346666326,0.9927405804395676,0.9999209046363831,0.1940403688421581,0.7170827944157838,True,True,0.0,2.3018828843164547e-34,0.008229165337979794,0.008074888853298035,0.0011170867802528784,0.008151672408208086,0.008229207247495651,0.008229207247495651,0.008229207247495651,0.011146525469848673,0.0509555450050225,45.99307985192045
to_v,3,1,labrador retriever,True,True,1.0452059218124532e-09,7.043798653683098e-08,0.00034845709160435945,0.001131845484531483,0.0025152284317506795,0.002756367773949344,0.004542246647179126,0.011801868714392186,0.02899377979338169,0.18087999550460226,0.41531824807702694,True,True,0.00019886049267370254,0.00019890160678187385,0.0005414340121205896,0.048488607390549984,0.17039911570400187,0.1770356889168597,0.3405470013618468,0.9815198785066604,0.9999990463256836,0.22393717096389057,0.7574843865954305,True,True,1.780285239195321e-39,9.122099760081749e-30,0.008455092087388039,0.00828336232516449,0.0011936695684964223,0.008368793946872562,0.008455121889710426,0.008455121889710426,0.008455121889710426,0.011164294405879606,0.05103677442687819,42.84030643159865
to_v,3,2,tabby,True,True,3.5402361042713437e-09,2.1296903383927203e-07,0.00044286035699769855,0.0013554540909060894,0.002964406281891369,0.0032574882360842275,0.004676719848066566,0.01663846652954817,0.030852189287543297,0.18618239485647597,0.40921011927899326,True,True,0.00018833768262993544,0.00018843774261767976,0.0005552064394578338,0.04275177861929933,0.15916589271549494,0.1646873156791086,0.2298168160021302,0.9949485516548157,0.9999942183494568,0.2553388249705764,0.7760920417314588,True,True,0.0,2.934629646560514e-36,0.007452733349055052,0.007347947988455417,0.0008782379640768561,0.007400164620016196,0.007452772464603186,0.007452772464603186,0.007452772464603186,0.011093532365725444,0.05071329081474489,31.540558183509386
to_v,3,3,tiger cat,True,True,5.653391088600301e-10,2.3494268290846777e-07,0.0004848581593250856,0.0012846889014993157,0.0026926388712397342,0.002981509863207677,0.004877826198935509,0.010569922393187884,0.035718537867069244,0.17778393344183976,0.37781304527247644,True,True,0.00016209104796871543,0.00016219821598497218,0.0005983901501167566,0.04598096691390765,0.15932517481874817,0.1657078674970135,0.33004278689622873,0.9437483626604081,1.0,0.23557147911987816,0.7351805457170835,True,True,0.0,7.310577873009463e-35,0.007709286641329527,0.007588844334532041,0.0009568523498288699,0.0076488361324192206,0.007709320168942213,0.007709320168942213,0.007709320168942213,0.011111137036256656,0.050793769308601855,35.79151875621005
to_v,3,4,orange,True,True,8.237076798423004e-09,5.768233808112201e-07,0.00041177212551701814,0.0014067701530174088,0.003115176809377393,0.0034158696999246336,0.005513371340930461,0.01444604895077646,0.03244730085134506,0.1889414677050293,0.4220495646085717,True,True,0.00019650973263196647,0.00019677877717185765,0.0005122266011312604,0.04701443305207249,0.16821617600709438,0.17453602843033578,0.3221651881933211,0.9799661439657211,0.9999942183494568,0.2319106573427544,0.7776062300953553,True,True,0.0,1.0411647589933391e-42,0.0072114234790205956,0.007121296098193852,0.0008018350866113114,0.007166225856843589,0.00721145560964942,0.00721145560964942,0.00721145560964942,0.011075974744336973,0.0506330274026833,33.42012407018326
to_v,3,5,lemon,True,True,4.5842525331352135e-09,2.5826497306979946e-07,0.000502188311656937,0.001611856347498699,0.0037860674922205587,0.004112175894322451,0.006117343879304813,0.017284538447856934,0.04479280859231949,0.2020294259784052,0.4349540041165675,True,True,0.00023823435185477138,0.00023835239320760593,0.0006149104738142341,0.044798438695511325,0.16371444663426285,0.1696096735596498,0.26128712892532185,0.9764889162778857,0.9999990463256836,0.24338401101886128,0.7826553020076245,True,True,0.0,6.512422509072441e-39,0.007462684530764818,0.0073577556562668175,0.0008794101914437177,0.007410041983927715,0.00746271712705493,0.00746271712705493,0.00746271712705493,0.01109352802544376,0.050713270973457195,27.793071488678358
to_v,3,6,yawl,True,True,3.804842205190617e-11,4.3877521562762925e-07,0.0005186332273297012,0.0014129009665445151,0.0031994332854199652,0.003495235064449828,0.005401580967009066,0.012484323512762796,0.04830542951822281,0.18723113909099806,0.3889086525318437,True,True,0.0002117255498887971,0.00021194222499616445,0.0006750314496457577,0.04167099398450773,0.15091613632777018,0.15644987997259718,0.2877704814076422,0.9440351837873462,1.0,0.2589942344304617,0.7576503091339857,True,True,0.0,0.006640633102506399,0.006640633102506399,0.006578394696407486,0.0006404577443222839,0.006609449446676212,0.0066406684927642345,0.0066406684927642345,0.0066406684927642345,0.011041038884345737,0.05047332061415194,29.49321641871411
to_v,3,7,lifeboat,True,True,2.2977000510571166e-11,3.242603082043163e-08,0.0004100463120266795,0.0013383445357546605,0.0029289324680301224,0.0032181372508369357,0.0057278494816273414,0.013865526905283351,0.03241276741027832,0.18072345158926845,0.41512864508089214,True,True,0.00018876645481213927,0.00018878204107750207,0.0005211239331401885,0.05011527610595294,0.17319397566506176,0.18016887943388124,0.41104079335927896,0.9813355797529223,0.9999980330467224,0.21744811299383138,0.7447605355050864,True,True,5.690865433876265e-37,5.690865433876265e-37,0.00870532263070345,0.00851490804052446,0.0012743724414638993,0.00860959618791157,0.008705352433025837,0.008705352433025837,0.008705352433025837,0.011182128072677988,0.05111829976081366,37.44572101360591
to_v,3,8,soccer ball,True,True,1.1156718215943329e-08,1.730886660311626e-07,0.0005302433273755014,0.0013552622668693837,0.0024819080130722504,0.002826124272667884,0.0050972522702067875,0.012781141409650459,0.02476917766034603,0.14158333138360515,0.36611801565828966,True,True,9.523679909761995e-05,9.528548922389746e-05,0.0004675185773521662,0.0585213352994856,0.1868486548644441,0.1956594384483175,0.4154257312416988,0.988519008755684,0.9999885559082031,0.18632456158021685,0.6979366946722475,True,True,2.3261554507791963e-40,5.151355539992685e-30,0.00845208391547203,0.008280415163608269,0.0011932448693314304,0.008365816389351362,0.008452113717794418,0.008452113717794418,0.008452113717794418,0.011164294538595658,0.051036775033580145,43.180819484237674
to_v,3,9,volleyball,True,True,4.467681433140136e-11,1.7249270612751395e-07,0.0004842191265197471,0.0012737908169593855,0.002271240496871633,0.0026025019176881795,0.004957274906337257,0.012023847633972776,0.024931319057941437,0.1329095278714301,0.3524547121160458,True,True,8.478682866552845e-05,8.483764999255072e-05,0.0004197657108306885,0.060575616886171704,0.18764348963553024,0.19703925704028,0.47133216559886854,0.9904484099149705,0.9999971389770508,0.1799526739857956,0.6640680582766474,True,True,1.780285239195321e-39,9.122099760081749e-30,0.008455092087388039,0.00828336190606933,0.0011936695081027448,0.00836879352345498,0.008455121889710426,0.008455121889710426,0.008455121889710426,0.01116429497073501,0.05103677700907432,47.55538827856312
to_v,4,0,golden retriever,True,True,3.9845495067476755e-13,1.36891866944211e-07,0.00039719669439364225,0.0009354446919674887,0.001434647444900555,0.0017122097078793007,0.0033775616670027354,0.006155928494408728,0.016528507694602013,0.10535869521892328,0.29634273096770103,True,True,4.0708750020712614e-05,4.0740627591731025e-05,0.00034467846853658557,0.0690423744414744,0.19205100426505536,0.20401377993758452,0.5097300320863717,0.9568706834316254,0.9999980330467224,0.14572390864383183,0.5837003180326089,True,True,2.802596928649634e-45,9.621897887705483e-34,0.007837432436645031,0.007708837075188058,0.000995990880556502,0.007772862528543635,0.007837432436645031,0.007837432436645031,0.007837432436645031,0.010325672005817334,0.05083407756710072,73.80700861775156
to_v,4,1,labrador retriever,True,True,1.1490749463050065e-09,1.0097198163805387e-07,0.00032649967761244625,0.000837248810190945,0.0015035669682293756,0.0017204455863510458,0.0032998844748362874,0.006124237030744565,0.023909464478492737,0.13002398366839035,0.3318694745743271,True,True,8.749900007387623e-05,8.754474183660931e-05,0.00044409533438738436,0.06009153423898397,0.18094544229395837,0.19059555732014571,0.47907978743314666,0.9484619247913366,1.0,0.16739009814395928,0.6352403929739985,True,True,1.9524291503437676e-41,8.0994410169962e-31,0.008332625962793827,0.008169866618118249,0.0011535404293722715,0.008250838533471163,0.008332625962793827,0.008332625962793827,0.008332625962793827,0.010358581894953516,0.05099609548284808,71.77261228389126
to_v,4,2,tabby,True,True,8.719586719330152e-10,1.0837248105133315e-07,0.0003954555722884834,0.0009144678130406372,0.001430003874168604,0.0016969280699084411,0.00336718156468123,0.006412963951006533,0.016485830768942833,0.10560101710743164,0.3048704447394974,True,True,4.5109543862054124e-05,4.513720403338084e-05,0.0003763451531995088,0.06647959191749919,0.19107072221277677,0.20223509867753292,0.5158043175935739,0.9676708906888962,0.9999990463256836,0.15114029097726348,0.6108459389723049,True,True,0.0,5.273059879978724e-35,0.0075839972123503685,0.0074714066424348856,0.0009174688839279938,0.0075274835604649745,0.0075839972123503685,0.0075839972123503685,0.0075839972123503685,0.010309299891463472,0.050753476388743245,72.69757444655406
to_v,4,3,tiger cat,True,True,3.432983619600094e-10,3.114768578171834e-08,0.0003477860882412642,0.0008825921404917128,0.0015765479961969177,0.0018062476771182339,0.003526190586853771,0.006475363615900285,0.020017074421048164,0.1322963140966728,0.3385604710369623,True,True,8.546512253815308e-05,8.547825702407863e-05,0.0004455601010704413,0.05900839533892395,0.18115842655734038,0.19045925253800805,0.4977165877819057,0.9509216719865802,1.0,0.1703480331222607,0.6603504968169833,True,True,9.635600877326661e-37,9.635600877326661e-37,0.009053701534867287,0.008834417962498264,0.001392346355961906,0.00894338048825244,0.009053701534867287,0.009053701534867287,0.009053701534867287,0.010408343436299575,0.051241075378705606,66.85805666255875
to_v,4,4,orange,True,True,2.2040634595210662e-10,1.1311889615228668e-07,0.00037198455538600683,0.0009492054166075866,0.001589403251794934,0.0018507349955832694,0.003914544358849524,0.006654019220732157,0.018699076026678085,0.11383451356500036,0.32404661963767856,True,True,6.3492996559944e-05,6.352916396281217e-05,0.00037581552169285715,0.06628560492124506,0.19448825438899753,0.2054018286230653,0.5838296562433237,0.9537466329336168,0.9999990463256836,0.1505252921898749,0.6226623622155061,True,True,7.995360621928822e-40,1.3004653870378679e-29,0.008575120009481907,0.008394252398284152,0.0012327019489806726,0.00848421123437431,0.00857514888048172,0.00857514888048172,0.00857514888048172,0.010375117602515097,0.05107750204315124,69.83272931389978
to_v,4,5,lemon,True,True,1.1613652747821668e-12,2.2425248772606212e-07,0.0004311904340283945,0.001068080378335314,0.001663368433385038,0.001976215747717916,0.0043866280000656845,0.00831298777833581,0.014780420809984207,0.09794706019670073,0.3214773103986975,True,True,4.4150190660730004e-05,4.419878710905323e-05,0.0003259957447880879,0.06950593631981974,0.20446023347007172,0.215875896962658,0.6377397894859314,0.9842616778612137,0.99993896484375,0.14528655926252732,0.6352555312763198,True,True,0.0,2.7617000329683144e-39,0.007192297838628292,0.007102376240072772,0.0007993920813272426,0.007147186629356237,0.007192297838628292,0.007192297838628292,0.007192297838628292,0.010284836011844416,0.05063303882754174,65.0755670918233
to_v,4,6,yawl,True,True,1.4893761779433135e-09,4.155335591349286e-07,0.00041389006946701556,0.0009058448907143084,0.0013857109237146016,0.0016550678469403406,0.0032948752050288013,0.006453989478759468,0.016927853226661682,0.09922933428080867,0.30603939787167134,True,True,4.0156752220354974e-05,4.0255299281852786e-05,0.00039828172884881496,0.06702886343502712,0.19582776098255814,0.20690920890539344,0.5199510931968686,0.9741378009319306,0.9999990463256836,0.14978190088471005,0.6324486734466193,True,True,0.0,0.005358420060947544,0.006782852113246918,0.006713943635259056,0.0006803474673807942,0.0067482998002851525,0.006782852113246918,0.006782852113246918,0.006782852113246918,0.01026048854705733,0.05051317438551301,73.99596125355544
to_v,4,7,lifeboat,True,True,4.731290470516569e-09,3.4442148148627895e-07,0.00041862567013595253,0.0010216268737553793,0.0016288776262869684,0.0019222099118030398,0.004319418570958078,0.007485060929320757,0.017601482570171356,0.10468846830858614,0.3186980222335021,True,True,4.98539193358738e-05,4.9938347183342556e-05,0.00035726350324694067,0.07056053835295302,0.20517951501517737,0.21689751819048642,0.649369916319847,0.9727801936864854,0.9999961256980896,0.1429069329304199,0.6093878916719835,True,True,0.0,7.514067826354117e-36,0.007847009226679802,0.007718289528565947,0.0009972121488399683,0.007782393488928084,0.007847050204873085,0.007847050204873085,0.007847050204873085,0.010325682050184744,0.050834127016294126,69.06683855484424
to_v,4,8,soccer ball,True,True,3.2931973814598337e-10,8.038341587024436e-08,0.00048821212840266526,0.0010740792524674687,0.0017247279537574338,0.0020312579307448756,0.0040450109168887055,0.008755945246666688,0.01712161675095558,0.11083120920243718,0.3231087768556045,True,True,5.168184725334868e-05,5.1701278061955235e-05,0.0004441099881660193,0.06532581138994828,0.19489278431158757,0.20547745530234587,0.5192025393247583,0.9861184597015383,0.9999866485595703,0.15484951524185497,0.6444529916095026,True,True,4.203895392974451e-44,8.058971802782701e-33,0.007839610800147057,0.007710975682857679,0.0009962671912513016,0.007775018898344496,0.007839610800147057,0.007839610800147057,0.007839610800147057,0.01032567738036052,0.05083410402639025,60.820289787626116
to_v,4,9,volleyball,True,True,1.1423149232081542e-10,1.1349054418019479e-07,0.0004178814706392586,0.001042515337175576,0.0018299766973559567,0.002105477779416751,0.003907893295399844,0.008038189979270123,0.02308293804526329,0.13237149108741286,0.327820471791358,True,True,7.905739039415494e-05,7.909616870165337e-05,0.0004389603709569201,0.05654280844682944,0.17374232702270342,0.1826469333558276,0.44408160597085944,0.9661190223693853,1.0,0.17847451636271067,0.6563340019228927,True,True,1.9522890204973351e-41,8.099316884792753e-31,0.008332567289471626,0.008169836596061941,0.001153536190429008,0.00825080821386584,0.008332597091794014,0.008332597091794014,0.008332597091794014,0.010358584069395669,0.05099610618779406,54.23690801520241
to_v,5,0,golden retriever,True,True,1.8362196485544047e-10,2.2734798974966e-07,0.0003631715808296576,0.0007951960983997274,0.001169426915044678,0.0014137990447126536,0.002904581581242382,0.006166407261043789,0.010961797088384628,0.09557023347578647,0.28663152413317033,True,True,3.233081952203065e-05,3.238294273614883e-05,0.000359226978616789,0.07265323185960995,0.19694546551591074,0.2098468625920994,0.5564772903919218,0.9887570917606354,0.9999675750732422,0.13903493036499384,0.5588653955034154,True,True,0.0,2.3436296937486948e-34,0.007711191661655903,0.007590720022199094,0.0009567146207929928,0.00765072664788708,0.007711224723607302,0.007711224723607302,0.007711224723607302,0.010317483172887143,0.05079376331267516,91.36517647133725
to_v,5,1,labrador retriever,True,True,3.674259230201926e-10,3.578050751684714e-08,0.0003037563874386251,0.0007161449955130582,0.0010528801080246155,0.0012730098651187309,0.0027727342210710037,0.00469640220049769,0.009782969951629639,0.09347947193222597,0.2899674951641555,True,True,3.228035711799748e-05,3.228939796827035e-05,0.0003058602014789358,0.0750470969091623,0.20351875469942352,0.2168400124167626,0.6208354979753491,0.9645601081848146,0.9999637603759766,0.13434740419640215,0.5662588431804207,True,True,1.497007149438202e-41,6.5932754033102e-31,0.008211507461965084,0.008057558535074349,0.0011142534385329404,0.00813417729718964,0.00821154285222292,0.00821154285222292,0.00821154285222292,0.010350341450187118,0.05095552713938273,104.79315973631472
to_v,5,2,tabby,True,True,5.252160373281356e-10,2.1746167945480012e-07,0.00037439900916069746,0.0007859549814346308,0.0010910297508025537,0.0013442995173064787,0.002891871519386768,0.004601808669976896,0.011708550155162811,0.08317444968388388,0.2674097208076684,True,True,2.3070313545758836e-05,2.310897985807969e-05,0.0003396408137632534,0.08062087645464829,0.20809066718407196,0.22308657964156167,0.6112869948148726,0.9473301017284397,0.999995231628418,0.12412038143139607,0.5232947181336863,True,True,0.0,1.0874578308530194e-35,0.007455578539520502,0.007350750842306297,0.0008782294373334458,0.007402987391745328,0.007455611601471901,0.007455611601471901,0.007455611601471901,0.010301132081861113,0.05071326563377779,102.57696478682305
to_v,5,3,tiger cat,True,True,2.868450810211698e-09,1.2485798009720389e-07,0.0003099789464613423,0.0007894975795086727,0.0012044784949938481,0.0014397713221567924,0.0030954401707276695,0.005764991440810265,0.010701794177293777,0.09312904416292275,0.3058240836662133,True,True,3.958007800974883e-05,3.9613017506781034e-05,0.00029185062157921493,0.07337498845266736,0.20464541832783872,0.21732675311721744,0.604693555831909,0.9783726340532303,0.9999370574951172,0.1371602837260366,0.5859624812162214,True,True,1.0819915897514426e-39,1.0820084053330145e-39,0.008223576471209526,0.0080693947544205,0.0011158902305391605,0.008146126066308016,0.008223597891628742,0.008223597891628742,0.008223597891628742,0.010350332166003003,0.05095548143263017,92.938839025106
to_v,5,4,orange,True,True,9.491907954073397e-11,8.88704758494896e-08,0.00032386378734372556,0.0007973371785142683,0.001221996622208191,0.0014587171416192326,0.002954635687638074,0.006001376747153708,0.014377123676240444,0.10370571079704895,0.29678073129925525,True,True,4.055939643876627e-05,4.058359369082609e-05,0.0003153785510221496,0.07064892574258863,0.195164980292529,0.20748706687699273,0.5390620499849318,0.981844712495804,0.9999990463256836,0.14305285004650126,0.5746099930260066,True,True,6.262874570182638e-37,1.9281260823028206e-27,0.009289865382015705,0.009050346518779406,0.0014728504899616096,0.009169316545908461,0.009289865382015705,0.009289865382015705,0.009289865382015705,0.010425036775146786,0.051323257969953406,88.60608491157217
to_v,5,5,lemon,True,True,4.4014816791282385e-10,2.105831417509308e-07,0.0004367057845229283,0.0009837103942009992,0.0014744349008329414,0.001771989280878861,0.003894462890457362,0.007068759547546517,0.015549466013908386,0.09445159168153151,0.29842244727034345,True,True,3.5943277907790616e-05,3.598558498197235e-05,0.00035521875543054193,0.07161778930881155,0.2016400767274573,0.21390667044931572,0.6293355196714401,0.9781217288970949,0.9999942183494568,0.14060431916198354,0.5966283159604073,True,True,1.401298464324817e-45,4.089081536432621e-34,0.007965777069330215,0.007828882013563998,0.0010357155113907713,0.007897041354253759,0.007965810596942902,0.007965810596942902,0.007965810596942902,0.010333884676641257,0.0508745091773108,72.80373342703346
to_v,5,6,yawl,True,True,4.849667195605534e-11,2.5706563206995274e-07,0.00034263684938196093,0.0008015141608618155,0.0011144278056923664,0.0013723716738715706,0.0031393213779665518,0.004861109796911478,0.009978814981877804,0.07930864648339024,0.27183839557914985,True,True,2.3297228835872374e-05,2.334249667910626e-05,0.0002640975435497239,0.08160596067568378,0.21300905761951686,0.22802838397873382,0.6771051824092861,0.957105861902237,0.9999380111694336,0.12192430322562103,0.5303113799709239,True,True,0.0,2.0275261475557866e-35,0.007712468039244413,0.0075919772447377906,0.0009568730778619434,0.00765199380909955,0.007712502032518387,0.007712502032518387,0.007712502032518387,0.010317483343625354,0.050793764153232515,101.81474596523441
to_v,5,7,lifeboat,True,True,8.395177782116736e-12,1.4405264252559392e-07,0.00038377067539840937,0.0009450343620512451,0.001397751108932374,0.0016867933404769288,0.0035623376490548243,0.0063246977236122055,0.01168376486748457,0.09314633585634788,0.29284813931998954,True,True,3.338579699629918e-05,3.341429081046954e-05,0.00028461912006605417,0.0754953294545743,0.20405468991680892,0.2174978880627396,0.5867843866348262,0.9673624771833425,0.9998627305030823,0.1333722555642544,0.563816242239261,True,True,0.0,1.267276582392507e-34,0.00796913355588913,0.007832183793652803,0.0010361523177395842,0.007900371880109964,0.007969174534082413,0.007969174534082413,0.007969174534082413,0.010333890393042838,0.05087453731959551,79.88633269451478
to_v,5,8,soccer ball,True,True,3.4573344187549537e-10,2.660155159617262e-07,0.00048738262557890266,0.0010377406282631413,0.0015172376940628125,0.0018376934963013894,0.0037634970620274532,0.006765315504744655,0.01941792294383049,0.09378586737441152,0.2817285638007808,True,True,3.1280571420211345e-05,3.132609763270011e-05,0.00037690592580474913,0.07265890575625349,0.19558946080931447,0.20857772378978504,0.553213575482368,0.9642684638500215,1.0,0.13825626397533744,0.5636631860527371,True,True,0.0,7.089631359512477e-40,0.007332292385399342,0.00723489183728816,0.0008397007495335972,0.007283419965148404,0.007332292385399342,0.007332292385399342,0.007332292385399342,0.01029297966217073,0.05067313064453283,70.01644127382981
to_v,5,9,volleyball,True,True,1.6717092987672544e-11,1.3566174885681904e-07,0.0004679375560954213,0.0009718389960443966,0.0013712777639777235,0.0016802989839901348,0.003655067051295191,0.006162220132537189,0.014147322624921799,0.08650624705957531,0.272340524060798,True,True,2.544609560573008e-05,2.5467220693826676e-05,0.0003643314848886803,0.07833683189928564,0.20475195155105322,0.21915124519308993,0.6222486674785613,0.9648186874389649,0.9999914169311523,0.12780927154024446,0.5301599805821855,True,True,1.9524291503437676e-41,8.099377070103516e-31,0.008332625962793827,0.008169866031676066,0.001153540346570443,0.008250837941216806,0.008332625962793827,0.008332625962793827,0.008332625962793827,0.010358582638504189,0.05099609914340524,80.60680032200207
to_v,6,0,golden retriever,True,True,4.629576930148538e-11,1.563500138956897e-07,0.0003805695450864732,0.0008224734442764884,0.001173304495861051,0.0014324910135356105,0.0032090050983242676,0.005649495972320447,0.010888569988310337,0.0866467098343183,0.28210709983012294,True,True,2.7145280910190195e-05,2.717550098168431e-05,0.0003410765784792602,0.0787954824075527,0.21016427524687262,0.22437300102504246,0.6530321210622783,0.9776656097173694,0.9999618530273438,0.12787869430290397,0.5471241278704069,True,True,4.656514796951367e-42,2.767427088629594e-31,0.008210408501327038,0.008056446486443746,0.001114099656968976,0.008133054674167145,0.008210408501327038,0.008210408501327038,0.008210408501327038,0.010350340125999044,0.05095552062030299,95.80307176588215
to_v,6,1,labrador retriever,True,True,7.840197133006377e-13,1.5602514423562753e-07,0.0003148014366161078,0.000711353388323653,0.0010184810712311149,0.0012419810554214947,0.0027566640637815,0.004641594025306406,0.009110521525144577,0.08704253220236892,0.2825823247102238,True,True,2.7728443455998786e-05,2.7763948528445324e-05,0.00031106201640795916,0.07726136614516861,0.20765092713309866,0.22148259433043102,0.6429400593042374,0.9682769292593003,0.99993896484375,0.1298045043442437,0.5545448381081546,True,True,5.968270289405828e-41,1.8587977441304192e-30,0.008333333767950535,0.008170556808909168,0.0011536378805776795,0.008251535564780343,0.008333333767950535,0.008333333767950535,0.008333333767950535,0.010358586698578635,0.050996119131464054,108.61179185107933
to_v,6,2,tabby,True,True,7.99033905707347e-09,2.8530729792919376e-07,0.00032024031679611653,0.0007180091757961096,0.0010238165476204866,0.001250167426069987,0.002730604959651828,0.004393683997914196,0.01074253860861063,0.08555725143031187,0.27579649063607153,True,True,2.7075284378952347e-05,2.7136655698996038e-05,0.00031296628003474325,0.07904142928136934,0.20625638872186108,0.22080763059720032,0.6259377807378769,0.9538397282361984,0.9999933242797852,0.12618756850410867,0.5343610738394545,True,True,0.0,1.811967196175241e-39,0.007057903800159693,0.006975212348334025,0.0007598493791985499,0.007016445489866245,0.007057941518723965,0.007057941518723965,0.007057941518723965,0.010276707714376753,0.050593022593854786,110.08414926415152
to_v,6,3,tiger cat,True,True,4.98091123901645e-09,2.788419558896749e-07,0.0002882262342609465,0.0006820842489312469,0.0009853694345353793,0.0011980956924160782,0.00281163071049377,0.004672972662374378,0.0077862986363470554,0.08501065438786438,0.29055868689749204,True,True,2.920941733464133e-05,2.9277074299898232e-05,0.0002884766145143658,0.07853914311216385,0.21336085328903598,0.22727887272589298,0.6998039573431004,0.9757696264982224,0.9997311234474182,0.12818169424266226,0.562014768836811,True,True,0.0,7.089743463389623e-40,0.007332324516028166,0.007234926819000976,0.0008397048095361483,0.007283455181493679,0.007332324516028166,0.007332324516028166,0.007332324516028166,0.010292974998770478,0.05067310768625466,115.145809678535
to_v,6,4,orange,True,True,8.060532796783093e-10,1.179664377559675e-07,0.0003776725206989795,0.0008293728244028903,0.0011590923202298275,0.0014248876037076463,0.003069110331125557,0.00562036887742579,0.009534785524010658,0.0843843630456738,0.2766249107558166,True,True,2.4029517589951865e-05,2.4049932799243835e-05,0.00031030550599098206,0.07749964398827416,0.2058090381154615,0.21984190524258085,0.6121665120124815,0.9784546667337418,0.9998245239257812,0.1297919898611578,0.5500028239942059,True,True,1.0660378067351046e-40,1.0660518197197478e-40,0.008098394609987736,0.007952893171022879,0.0010761954226542693,0.008025322519149006,0.008098430000245571,0.008098430000245571,0.008098430000245571,0.010342107950057546,0.05091499298489869,93.44367419329213
to_v,6,5,lemon,True,True,1.2300984675306381e-09,1.8878852927173285e-07,0.0004655224474845454,0.000982826199630275,0.0014034486395847969,0.0017129146562048906,0.003920855978503823,0.006510980254970493,0.013823602348566055,0.08375349972544399,0.2819026206342334,True,True,2.7303416572976857e-05,2.7333916295901873e-05,0.00036139563599135727,0.0787230602312178,0.21050179541215533,0.2246635442402071,0.6755142241716384,0.9716588556766511,0.9999828338623047,0.1274453455907135,0.5463521481387601,True,True,0.0,3.720415226548873e-35,0.007973868399858475,0.007836834706540684,0.0010367676063867352,0.00790506328448864,0.00797390379011631,0.00797390379011631,0.00797390379011631,0.010333886498943007,0.0508745181486425,80.09865860396506
to_v,6,6,yawl,True,True,4.908048387196676e-14,3.3843829612578706e-07,0.0003794645017478615,0.0007697865103538622,0.001077257057118978,0.0013236870519400014,0.0030654154601506872,0.004767498080618685,0.013064919970929623,0.0820652447332089,0.27730263231192553,True,True,2.4223310902016237e-05,2.428733450869913e-05,0.0003780087427003309,0.0773247040021218,0.21078683309044163,0.22444484192119188,0.6891658633947366,0.9608894270658496,0.9999990463256836,0.12935449874969324,0.5646224642396481,True,True,0.0,4.569620279178585e-40,0.007194401230663061,0.007104486775642726,0.0007996296278654156,0.007149310480731731,0.007194432895630598,0.007194432895630598,0.007194432895630598,0.010284832867415385,0.050633023347275735,100.44954407758652
to_v,6,7,lifeboat,True,True,1.970790419747459e-09,2.204021595275663e-07,0.0004253473744029179,0.0008909503527427658,0.0012215602587290263,0.0015115674672714747,0.0035689961398020385,0.005424517248757188,0.01269938051700592,0.0799420951264703,0.2660631280489703,True,True,2.1388485038187355e-05,2.1420803786895703e-05,0.00033011363120749593,0.08144814651889476,0.21223810032590107,0.22725232757067032,0.7105666875839233,0.9609644383192064,0.9999923706054688,0.12299371657100026,0.5257249675093959,True,True,0.0,3.7203893978155786e-35,0.007973833940923214,0.007836799849610544,0.001036762995009828,0.00790502812408815,0.007973868399858475,0.007973868399858475,0.007973868399858475,0.010333886597867782,0.05087451863565677,91.41715502795292
to_v,6,8,soccer ball,True,True,1.4583022289738068e-10,7.517036536341949e-08,0.0005015214555896819,0.0009547202215761105,0.0012919825298742518,0.001606052764311991,0.00373738573398441,0.005708972294814896,0.009957866743206978,0.0777290946151994,0.2672398704389918,True,True,1.9718620023922995e-05,1.9728339575522115e-05,0.000410583452321589,0.08134782234357232,0.21339544681452272,0.2282969747021361,0.697261595726013,0.9589283823966984,0.9996204972267151,0.12306077086073548,0.5344727412136577,True,True,4.617418569796705e-41,1.2034624920146028e-30,0.008213426917791367,0.008059438718191814,0.0011145134428601018,0.008136075358830125,0.008213454857468605,0.008213454857468605,0.008213454857468605,0.010350336271913592,0.05095550164634384,85.20592787830383
to_v,6,9,volleyball,True,True,2.4271957707600045e-11,1.698396973637274e-07,0.00041666754987090826,0.0009591776378600163,0.0013977207058271568,0.0016947326173665132,0.003987973160110414,0.006441401094198228,0.011690263636410236,0.08743563570717339,0.28745307392431846,True,True,3.0694438464706764e-05,3.072549388889456e-05,0.00031382121960632503,0.07920402204431412,0.2123583491109945,0.22657032957048168,0.7018586874008178,0.9709942549467087,0.9998617172241211,0.12686869454250832,0.5476860460348872,True,True,9.892606638747479e-41,2.751026168268955e-30,0.008576024323701859,0.008395124124945141,0.0012328299626676972,0.008485092303084916,0.008576039224863052,0.008576039224863052,0.008576039224863052,0.010375117399242092,0.051077501042422604,82.57492555917287
to_v,7,0,golden retriever,True,True,1.5053626123417985e-09,1.7392137820593238e-07,0.00036413356428965926,0.0008469967672408891,0.001241263887641236,0.0015023101751797027,0.0031535886693745806,0.005846056132577377,0.010346771217882633,0.09267039886380131,0.29299367676375226,True,True,3.169946648995392e-05,3.1736041273688896e-05,0.0003118473832728341,0.07353398505504175,0.2028793959638526,0.21572005000975675,0.5805610328912719,0.9744710987806324,0.9998569488525391,0.1372222503387511,0.5806745980521685,True,True,1.961817850054744e-44,4.727571221384413e-33,0.008088557980954647,0.007943199338478734,0.0010748836411525312,0.008015540402008527,0.008088557980954647,0.008088557980954647,0.008088557980954647,0.010342106938714159,0.050914988005977393,86.8173148931611
to_v,7,1,labrador retriever,True,True,5.964506111233447e-10,1.2254989535165352e-07,0.0002855195343727246,0.000690824009976777,0.0010381892459489525,0.0012466886792933487,0.002719388622790575,0.004950336674228315,0.010032202117145061,0.09562816513974043,0.2963478451607951,True,True,3.6470984923653305e-05,3.6506326468952464e-05,0.00030872144270688295,0.073528264704629,0.20171361631572463,0.21462292728974006,0.6211030393838881,0.9774623090028765,0.9999790787696838,0.13713119179107944,0.5730235272720406,True,True,7.090570229483574e-43,6.951775436984715e-32,0.00846194103360176,0.008290071637748041,0.0011941692994207151,0.00837557245689373,0.008461969904601574,0.008461969904601574,0.008461969904601574,0.010366844292669519,0.05103677190237301,106.43559523517538
to_v,7,2,tabby,True,True,1.841062198526533e-11,3.2659122609857157e-07,0.0004361116443760693,0.0008486832540723621,0.0012222134238736996,0.0014875825636155896,0.003117907338310032,0.0059947115601971775,0.011955798603594303,0.09058336126898325,0.29102065153109263,True,True,2.8684286007774062e-05,2.8748255244863687e-05,0.0004508391284616664,0.07111581035015462,0.20098178170641276,0.21311869345464954,0.5798937171697612,0.9806625694036485,0.9999818801879883,0.14178111544831395,0.5981641610031846,True,True,0.0,2.7617000329683144e-39,0.007192297838628292,0.007102375394606497,0.0007993919861685177,0.007147185778555831,0.007192297838628292,0.007192297838628292,0.007192297838628292,0.010284837236150583,0.05063304485489518,83.79546787203485
to_v,7,3,tiger cat,True,True,3.5019381058182253e-12,5.253598217791477e-08,0.00034992450673598796,0.0007587165631974341,0.0010782217190876172,0.0013180685290078377,0.0030723525793291623,0.00498341975733638,0.008359436877071857,0.08186876753782006,0.2850995517434248,True,True,2.6542697014519945e-05,2.655350588611327e-05,0.0003349676408106461,0.07912864418640737,0.21508549003221597,0.22910034558444045,0.6944396167993544,0.9708190214633943,0.9996614456176758,0.126746796536608,0.5590990367328313,True,True,5.652540929811875e-39,5.652540929811875e-39,0.00857742503285408,0.0083964819816174,0.0012330293648820996,0.008486464711523402,0.00857742503285408,0.00857742503285408,0.00857742503285408,0.01037511581405711,0.051077493238435,104.29275967422953
to_v,7,4,orange,True,True,5.911064970831603e-09,9.746454665560125e-08,0.00038705955375917256,0.000863943768954598,0.0012876052271311314,0.0015501712167401162,0.003348505171015858,0.005929584745317699,0.013067306019365788,0.09762222907225511,0.29382485192762553,True,True,3.4837183193303645e-05,3.4857636237575206e-05,0.0003568264510249719,0.07121863771497203,0.19913401492714727,0.21141303245882,0.6110330551862715,0.9714688426256181,0.9999895691871643,0.14139354133682844,0.5866200284447418,True,True,7.693829218375408e-41,2.2635543033558365e-30,0.00845417007803917,0.008282430522376672,0.0011930686110623219,0.00836785253380571,0.00845417007803917,0.00845417007803917,0.00845417007803917,0.010366843962422607,0.05103677027654206,82.43434384757361
to_v,7,5,lemon,True,True,9.894841390689635e-09,2.9818155866223606e-07,0.0004932839947286993,0.00107022576469036,0.0016568303260322964,0.001971883697802717,0.004080316377803682,0.007250309861265128,0.0233272984623909,0.10380836693038345,0.2955543434561984,True,True,4.27922532253433e-05,4.2853180566453375e-05,0.0004180350078968331,0.0688986763377443,0.19323632174983862,0.20508079274725244,0.5622994929552075,0.9619858598709108,1.0,0.1459520866732787,0.5865996558520262,True,True,0.0,6.292253296954655e-39,0.0074645294807851315,0.007359541107143741,0.0008792796524780412,0.0074118401227409704,0.0074645294807851315,0.0074645294807851315,0.0074645294807851315,0.01030113514355336,0.050713280706724234,64.37770292110115
to_v,7,6,yawl,True,True,1.1585644943412632e-10,5.1874918121086477e-08,0.0003239304933231324,0.0007840905674046045,0.0011388769439124057,0.0013823260824517621,0.0030748993740417055,0.005334458472207191,0.010039967484772205,0.08722360759392629,0.28748470285266775,True,True,3.0130206141620874e-05,3.0141598308546236e-05,0.0002794635220197961,0.07707151039441698,0.20694153792547818,0.2207518085052666,0.6442264944314954,0.9738178187608719,0.9999274611473083,0.13037304508903277,0.5568604359306677,True,True,7.995360621928822e-40,1.3004653870378679e-29,0.00857514888048172,0.008394253029837272,0.0012327020417246882,0.008484211872695607,0.00857514888048172,0.00857514888048172,0.00857514888048172,0.010375116821928917,0.051077498200265435,98.29414304718543
to_v,7,7,lifeboat,True,True,1.0455379673146581e-08,2.272221327359603e-07,0.00044040913053322583,0.0009677642317748716,0.00135546771094532,0.0016650600405944025,0.0036740218056365848,0.006508980598300696,0.012872920371592045,0.08434968801362434,0.2774016807647445,True,True,2.4348946681129746e-05,2.4381684706895612e-05,0.00031173609022516757,0.07669704256219205,0.2051133244927323,0.2189087569781366,0.6383251190185546,0.977031279206276,0.9999713897705078,0.13115483766504374,0.5544452683291707,True,True,0.0,4.892770130712463e-37,0.00732435891404748,0.0072270643137017036,0.0008387922663651799,0.007275539938348601,0.00732435891404748,0.00732435891404748,0.00732435891404748,0.010292978862767746,0.05067312670901044,79.25178472604873
to_v,7,8,soccer ball,True,True,3.556260147474788e-11,2.0541502166793187e-07,0.00043731206096708775,0.0009224060493901842,0.0012771343826477265,0.0015750018654312318,0.003475556953344494,0.006044624489732096,0.011514418758451939,0.08354564564065502,0.27230361394353075,True,True,2.270998629683163e-05,2.274077627589577e-05,0.0003332944761496037,0.07852035904850538,0.20616771231399553,0.2205388066906071,0.639349216222763,0.9742209362983706,0.9999427795410156,0.12831100037403326,0.5379226179367564,True,True,0.0,6.939118339874857e-37,0.007454785984009504,0.0073499688955052985,0.0008781360143925447,0.0074021998882044795,0.0074548181146383286,0.0074548181146383286,0.0074548181146383286,0.010301131549426832,0.05071326301256287,85.12558986404774
to_v,7,9,volleyball,True,True,6.074756253582336e-09,1.2480221670330138e-07,0.0005200385057833046,0.0010323175150561258,0.00141489345332606,0.0017510108319009673,0.0038375826552510257,0.006162184090353551,0.011676223017275333,0.0838245234904468,0.26943004462024944,True,True,2.1343043044907972e-05,2.1358191552280915e-05,0.0003787346795434132,0.07791426539801308,0.2056856719776526,0.21987309153589854,0.6327718079090118,0.9560540872812272,0.9998283386230469,0.1286345383290773,0.5457653464245474,True,True,4.203895392974451e-45,1.6310401050811796e-33,0.008091036230325699,0.007945634303905536,0.0010752131437025791,0.008017997543383861,0.008091036230325699,0.008091036230325699,0.008091036230325699,0.010342105308553392,0.05091497998057055,75.47509778885906
to_v,8,0,golden retriever,True,True,1.9784418547885707e-09,8.613771164789341e-08,0.000341785722412169,0.0007455818325944731,0.001018434407712155,0.0012618599734735797,0.002988547680433837,0.004731917320750656,0.007166839204728603,0.07281424156045475,0.2742488154834094,True,True,2.0900513845845126e-05,2.0915120239806127e-05,0.0002953593502752483,0.08289978779698828,0.21744077716806234,0.23262830547505015,0.7139411717653267,0.9706481409072877,0.9990200400352478,0.12048691530358208,0.5389688710064249,True,True,1.7557008589372066e-40,3.275338353431345e-30,0.008334801532328129,0.00817203000478912,0.0011538458877762387,0.008253023361571918,0.008334837853908539,0.008334837853908539,0.008334837853908539,0.010358588613129181,0.05099612855694366,111.18804693579226
to_v,8,1,labrador retriever,True,True,5.667856184388143e-10,9.84327344610847e-08,0.00029676892154384404,0.000635442060473033,0.0008775079198651008,0.0010831459658801534,0.002617283735889941,0.004064737511798742,0.006190014537423849,0.07719593498880757,0.2724977742355725,True,True,2.235030297015328e-05,2.2371331597241805e-05,0.00031887248042039573,0.08357581090131702,0.2190438267549493,0.23436644315589775,0.732371836900711,0.97037235558033,0.9990543723106384,0.12008082523655011,0.524620877544926,True,True,1.7757485354170696e-38,1.7757621280121735e-38,0.0086968457326293,0.008506619636318647,0.0012726341651367586,0.008601215614351145,0.008696882985532284,0.008696882985532284,0.008696882985532284,0.010383409814716632,0.05111832524168188,131.5238888012888
to_v,8,2,tabby,True,True,4.4261812964796476e-11,1.2478636875812302e-07,0.00034446976496838033,0.0007528654424873677,0.0010638326154932046,0.0013029436045100603,0.0028007274609990387,0.00496916430070997,0.009836412034928799,0.08383832033950286,0.2819322571083535,True,True,2.5664632630650885e-05,2.5689854082884268e-05,0.00032364124490413815,0.07749326066926727,0.208039704496924,0.22192771614002918,0.609076917171477,0.9724806219339374,0.9999599456787109,0.12988380100355285,0.5583693348920292,True,True,0.0,1.487901489596244e-35,0.0075834705494344234,0.0074709201198857045,0.0009174091402521205,0.007526993386302917,0.00758350407704711,0.00758350407704711,0.00758350407704711,0.01030930086877813,0.050753481200138485,102.93109006735627
to_v,8,3,tiger cat,True,True,6.807830410515692e-10,2.5345480096916624e-07,0.00029292271938174963,0.0006560927914588234,0.0009089379774644486,0.0011207053823099633,0.0025560660054907204,0.004233767441473904,0.00646248972043395,0.07973731928459425,0.275471270087841,True,True,2.279165892105084e-05,2.284510093886638e-05,0.00028879966703243554,0.08143181730831942,0.21458568571367967,0.22943884403407966,0.6743595540523529,0.971533706188202,0.999129593372345,0.12342891679871407,0.5369170743184913,True,True,0.0,2.884022871318117e-35,0.0073326351121068,0.0072352638897427825,0.0008397439308568781,0.007283794513141233,0.007332666777074337,0.007332666777074337,0.007332666777074337,0.010292975914843759,0.05067311219615389,124.11631154680975
to_v,8,4,orange,True,True,1.0195957966807612e-10,3.5202396190925357e-07,0.0004305233451304957,0.0009017665365701354,0.0012123793495135361,0.0015105953272134117,0.003465689870063215,0.00565547535195947,0.010001912713050842,0.07683117322147302,0.264477080230198,True,True,1.892496584332548e-05,1.8971673180203654e-05,0.00031256439979188144,0.08221044201257115,0.21283400418144954,0.22808217993635072,0.6833325237035751,0.9709103471040726,0.9998235702514648,0.12205839257006212,0.523977272291775,True,True,0.0,2.9244818690766067e-40,0.007057723123580217,0.00697503318406234,0.0007598298618139987,0.007016265266485553,0.007057760376483202,0.007057760376483202,0.007057760376483202,0.010276707928421645,0.05059302364761425,91.16599327943368
to_v,8,5,lemon,True,True,7.013615799245088e-10,1.3724852280461166e-07,0.000456191148259677,0.0010149504374855872,0.0014611412736147704,0.0017785922227887886,0.004160991706885398,0.006938017611391846,0.012675614096224308,0.08409038772016798,0.2864977372759271,True,True,2.8625308914342895e-05,2.8647624458244535e-05,0.0003271200694143772,0.07976234862362333,0.21192994326553888,0.2263652884453577,0.6970330029726028,0.975871069431305,0.9999104142189026,0.1259914841616554,0.549388100393824,True,True,0.0,2.0374124539566385e-36,0.007325941696763039,0.007228659371321555,0.0008389773929194779,0.00727714569482979,0.0073259733617305756,0.0073259733617305756,0.0073259733617305756,0.010292975935518929,0.050673112297939346,78.58743213237543
to_v,8,6,yawl,True,True,3.3505576091386047e-09,1.6453858279419366e-07,0.00035383764770813286,0.0007652316683386066,0.00114216845634537,0.0013744486567937673,0.00286906894762069,0.005305509418249135,0.014496087096631527,0.09814872892191037,0.28906465287222766,True,True,3.512236798997037e-05,3.516331904393155e-05,0.00038385075458791107,0.07035375147937088,0.19503806237593357,0.207267405766241,0.5734619408845901,0.9730234414339067,1.0,0.1431439216068412,0.5792424560888265,True,True,0.0,5.140736844415122e-38,0.007062586955726147,0.0069798374541278465,0.000760353218094278,0.0070210979364176565,0.007062618620693684,0.007062618620693684,0.007062618620693684,0.010276703553318361,0.050593002108644244,91.93784626310071
to_v,8,7,lifeboat,True,True,1.0028989444466063e-10,1.0978171175679564e-07,0.0004148534353589639,0.0008467830440636381,0.00117105636174105,0.00144476404334056,0.00319295214721933,0.005095928013324738,0.010877160355448723,0.08193727340505232,0.2751852658185178,True,True,2.2548636479768902e-05,2.256643068903941e-05,0.00036076686228625476,0.07780378996820617,0.20984353829933977,0.2237260344579359,0.6410696178674696,0.9562433803081513,0.9999608397483826,0.12855656837439217,0.5569337299488021,True,True,0.0,5.273059879978724e-35,0.007583963684737682,0.0074714054899232,0.0009174687424030362,0.00752748239930312,0.0075839972123503685,0.0075839972123503685,0.0075839972123503685,0.01030930148173837,0.05075348421778889,91.88161066007245
to_v,8,8,soccer ball,True,True,4.200023710982173e-14,5.001162918460978e-08,0.0004038956976728514,0.0008747357571104137,0.0011593484549598978,0.001451964674287624,0.00314663847675547,0.00529658534564078,0.00971929356455803,0.07455371326111021,0.25568592319479616,True,True,1.7276772268814966e-05,1.7283143770328024e-05,0.00027524463075678796,0.08343441233753027,0.20932657299045046,0.2252658047972948,0.6234345018863677,0.9662317550182343,0.9998522400856018,0.11946675398355827,0.5058765172388136,True,True,4.203895392974451e-44,8.059034250920088e-33,0.007839576341211796,0.007710974740621168,0.0009962670695132046,0.007775017948282272,0.007839610800147057,0.007839610800147057,0.007839610800147057,0.010325678642098568,0.05083411023802372,95.38241881542146
to_v,8,9,volleyball,True,True,9.443655857310773e-10,2.7232362398876835e-07,0.00040306226583197713,0.0008879032229304861,0.0012869992638712131,0.0015631523283718856,0.0031819690251722902,0.006032753977924621,0.012294241227209568,0.09353852505957677,0.2836358987071059,True,True,2.9775103030260652e-05,2.9827413090970367e-05,0.0003408679913263768,0.07515632362451896,0.19951313022779527,0.2131264039851966,0.5468511790037146,0.9718469184637077,0.999974250793457,0.13459844003709956,0.5505095268010982,True,True,4.203895392974451e-45,1.6310401050811796e-33,0.008091000840067863,0.007945632727933116,0.0010752129304407378,0.00801799595305869,0.008091036230325699,0.008091036230325699,0.008091036230325699,0.010342107359852928,0.050914990079275954,84.64472442894032
to_v,9,0,golden retriever,True,True,1.1332144944642408e-10,6.885509158394143e-08,0.0006293840706348419,0.0013616459702709112,0.0018523432747713324,0.002297802024557105,0.0054544434882700405,0.008031580457463864,0.01372823677957058,0.08119012836755925,0.26790492875305194,True,True,2.0374476662254892e-05,2.038088174231234e-05,0.0002978728007292375,0.08298380676540092,0.21627631243534282,0.23149226526110744,0.7163550794124597,0.9542728114128114,0.9994232058525085,0.1292198682259588,0.5282312423261285,True,True,3.773346439810651e-40,7.500899041862585e-30,0.008694249205291271,0.008504077102406882,0.0012727514434520638,0.008598644806748348,0.008694279938936234,0.008694279938936234,0.008694279938936234,0.011182128958496977,0.051118303810271895,60.943746448932366
to_v,9,1,labrador retriever,True,True,1.0693443353027021e-10,8.328055407957893e-08,0.0006401609571184963,0.0013120571169983066,0.00185758775005715,0.0022730452073240802,0.0049673376604914615,0.00826720885001123,0.015288992784917355,0.09054793819097498,0.28254858781530606,True,True,2.5959980121115223e-05,2.5969710568460867e-05,0.0003797145327553153,0.07727705626671763,0.20696193431767182,0.22076697837479217,0.6267175137996662,0.9627638387680054,0.9998283386230469,0.13967101260530979,0.5594539574100625,True,True,0.0,1.625980866432624e-37,0.0074545955285429955,0.007349784225516487,0.0008784574339343951,0.007402013905905898,0.007454634644091129,0.007454634644091129,0.007454634644091129,0.011093531989235652,0.050713289093648695,58.897631258241454
to_v,9,2,tabby,True,True,7.89845456834054e-13,6.839011312820278e-08,0.0005434411286842078,0.0012722069971716058,0.00208066656993012,0.0024374001898495004,0.005199193907901643,0.01027348229661584,0.020703822374343872,0.11569244977841649,0.3299190730830211,True,True,5.6628301535965875e-05,5.66433192580007e-05,0.0004120279336348176,0.0657878862274515,0.19849142560234498,0.2089625117455127,0.5931809455156323,0.9835915356874466,0.9999875426292419,0.16529790797395938,0.6429941450920228,True,True,2.802945851967251e-39,3.329986739698663e-29,0.008692704141139984,0.008502566046081484,0.0012725252932018348,0.008597116947055245,0.008692733943462372,0.008692733943462372,0.008692733943462372,0.011182127488493553,0.05111829709025624,51.71162112275153
to_v,9,3,tiger cat,True,True,4.478386550488267e-10,1.5062090348294542e-07,0.0005431888566818088,0.0012452675007562648,0.0018703549564176632,0.002245763306920933,0.004354855697602028,0.009634525151923298,0.014715513214468956,0.09998068686399203,0.30342157240649725,True,True,3.63560720870737e-05,3.6380152487254236e-05,0.0003441877197474241,0.0721272757308384,0.20234571109999733,0.21466754770584237,0.49090631455182876,0.9869062244892121,0.9997282028198242,0.1506701038251297,0.5935888619611276,True,True,5.885453550164232e-44,1.0600790257339766e-32,0.007960767485201359,0.007823958377412055,0.0010354690184874993,0.007892074852238532,0.00796080194413662,0.00796080194413662,0.00796080194413662,0.01112880041838809,0.05087451619834556,57.921109871601644
to_v,9,4,orange,True,True,1.5086953908394207e-09,5.448347616265892e-07,0.0006763639685232192,0.0015518224737838427,0.0025178514963436556,0.002955980981000094,0.005915689421817658,0.013467137850821041,0.021729283034801483,0.11767697195124581,0.32981213112561303,True,True,5.443871486932039e-05,5.4533715338038744e-05,0.0004195850488031283,0.062353719472821464,0.18922892540523845,0.1990970195373688,0.5242001473903651,0.9896916407346726,0.9999150633811951,0.17495889753325944,0.6585798622030495,True,True,0.0,0.006350789684802294,0.006350829266011715,0.006301194240222685,0.0005595779141115767,0.006325953448560061,0.006350829266011715,0.006350829266011715,0.006350829266011715,0.011023655587952218,0.050393854116353,40.1809617570385
to_v,9,5,lemon,True,True,2.429936785119935e-07,1.1234976443574852e-06,0.0007707973709329963,0.0018470135522760333,0.0028168551137058343,0.003366561133821707,0.006901044258847823,0.013419876582920553,0.02771877683699131,0.099913970341295,0.30571518297575784,True,True,3.9530950743937865e-05,3.9632542975596155e-05,0.0003279624506831169,0.07246122603781373,0.20258205344284946,0.21500231034906436,0.5521396070718749,0.9776754891872406,0.9999837279319763,0.1493589270962707,0.5929543964787435,True,True,0.0,0.004880450200289488,0.004880531691014767,0.004872866897494532,0.00019291841594985563,0.004876678291987598,0.004880531691014767,0.004880531691014767,0.004880531691014767,0.01095470417998092,0.050078647679912776,39.231561646378495
to_v,9,6,yawl,True,True,9.776843223896492e-11,2.8676786797632306e-07,0.0006286897696554661,0.0014796067033104453,0.0021962169824156553,0.0026467089972674993,0.00626722432207316,0.010234484886750583,0.01595832034945488,0.09719974225383333,0.2970995695959673,True,True,3.4055894502671435e-05,3.409269331314135e-05,0.00031545448291581124,0.0765907137047634,0.21255243440755678,0.22577440805755442,0.7063420206308363,0.9733851355314256,0.9993497729301453,0.1418134517814661,0.5656351534182081,True,True,0.0,0.0026987193943932694,0.006919824052602053,0.006844124070630642,0.0007202853751777269,0.006881862732840526,0.006919824052602053,0.006919824052602053,0.006919824052602053,0.011058475094002937,0.05055302900115628,51.764238113683
to_v,9,7,lifeboat,True,True,9.916907295348665e-10,2.819160917510999e-07,0.0007451759011019021,0.0015488894368805857,0.002367628678604051,0.00282771377529472,0.005760868894867591,0.010171982897445565,0.03110433742403984,0.10013246417732241,0.2956449234172508,True,True,3.9994632970774546e-05,4.0033585792116354e-05,0.00044483024976216257,0.06820344118871162,0.1965742279580875,0.20792488849933427,0.5452423125505432,0.9566735565662385,1.0,0.1569579435785812,0.6125806673254975,True,True,0.0,7.007052841009815e-41,0.007196823600679636,0.007106845347152557,0.0008002079784862151,0.007151683932974328,0.007196823600679636,0.007196823600679636,0.007196823600679636,0.011075977355265193,0.05063303933835517,44.03376998042623
to_v,9,8,soccer ball,True,True,9.079282214941031e-09,1.505919928490585e-07,0.0005886473518330604,0.001329756396085406,0.002000989673467242,0.002401240420962262,0.005093609890900548,0.010208802847191707,0.01788536086678505,0.10519961234578554,0.3009918835631653,True,True,3.673156243166886e-05,3.675299954920774e-05,0.0003568074171198532,0.07150779690826994,0.20308852521522675,0.21516010052944737,0.590433418750762,0.9849647122621538,0.9999408721923828,0.15227696900735746,0.5936667714012669,True,True,0.0,1.973442788938718e-35,0.00824733730405569,0.008092720618878956,0.0011195536414015256,0.008169673734804091,0.008247379213571548,0.008247379213571548,0.008247379213571548,0.011146524685160149,0.050955541417874964,53.77511032755899
to_v,9,9,volleyball,True,True,1.5955819998580978e-09,2.1381269945663917e-07,0.0005765242385677993,0.001412313676526799,0.0021298560000297517,0.002554178645667678,0.006057522073388098,0.008567968355491765,0.02253582328557968,0.09249940901109004,0.2867680179228573,True,True,3.717065555974841e-05,3.7201173181529154e-05,0.0003042161843040958,0.08149464855144402,0.21195606441623063,0.22692852418690948,0.7067025929689403,0.9356209903955462,0.9999942183494568,0.13064580164417217,0.5249225739506707,True,True,0.0,1.50154085443774e-36,0.007196880877017975,0.007106901967199519,0.0008002143537217195,0.007151740910249096,0.007196880877017975,0.007196880877017975,0.007196880877017975,0.011075977262058978,0.05063303891226962,57.7029380270946
to_v,10,0,golden retriever,True,True,7.892767550643498e-10,2.350368271564207e-08,0.0005135121755301952,0.0013311798867949617,0.0019713403854307397,0.00237742521342578,0.00571898515336215,0.009420095551759012,0.011448395438492298,0.08814851985318416,0.2944753803096604,True,True,3.3619642636040226e-05,3.362285948242061e-05,0.00025829732476267964,0.08300916510779074,0.22105583389613306,0.23596578261212314,0.7217404305934897,0.9771646887063982,0.9947786331176758,0.1304959395242481,0.5339475073029769,True,True,1.7049919929359704e-35,1.705006342232245e-35,0.008947511203587055,0.008737814641790465,0.0013547152086511444,0.00884204673294383,0.00894753448665142,0.00894753448665142,0.00894753448665142,0.011200015388252351,0.051200070346296464,62.35758662764143
to_v,10,1,labrador retriever,True,True,5.301277195002285e-10,9.303290859463687e-08,0.0004119110817555338,0.0010776040990839754,0.0016410375380770446,0.00196214856131637,0.004143969295546411,0.007642994238995026,0.012069826014339924,0.10159615129949429,0.2997714544347923,True,True,3.919349910574965e-05,3.9211634757521096e-05,0.00027620073524303734,0.07737930580888133,0.20651622470724904,0.22038572786992502,0.5850734174251554,0.9726384896039966,0.9994412660598755,0.14034778103958204,0.5481089224671756,True,True,0.0,1.625980866432624e-37,0.0074545955285429955,0.007349784164398443,0.0008784574266294499,0.007402013844353529,0.007454634644091129,0.007454634644091129,0.007454634644091129,0.011093532081485296,0.05071328951536135,71.80680351407176
to_v,10,2,tabby,True,True,7.73751551719215e-08,4.145778896713637e-07,0.0004901068168692291,0.0011981725482324013,0.0018305218726689717,0.002186593730102227,0.00481679206714034,0.0078030382655561,0.014511684887111187,0.10130378583006305,0.301965967664663,True,True,3.989124525105581e-05,3.9951617145561614e-05,0.00031685900466982275,0.07614831552115789,0.20837433845162007,0.2216993174164382,0.6304172337055204,0.9549117773771286,0.999754011631012,0.14178920052276073,0.5626860747685742,True,True,0.0,0.00634717708453536,0.00634717708453536,0.0062976081935630646,0.0005592594550325888,0.0063223533112894605,0.0063472166657447815,0.0063472166657447815,0.0063472166657447815,0.01102365853000225,0.05039386756572458,63.55371405687382
to_v,10,3,tiger cat,True,True,1.3828017897399292e-10,4.326077893779258e-07,0.0005364863609429449,0.0012517939832249604,0.0019241510141327248,0.0022942450541775395,0.00496798721142113,0.008124115169048316,0.016738001257181168,0.10735626273550275,0.29986750227378717,True,True,4.120132143725641e-05,4.1277296404587104e-05,0.0003532800474204123,0.07288105948735506,0.2011212965631493,0.2137714246300218,0.6117565184831614,0.9519800531864169,0.9999188780784607,0.14808202907048726,0.5711577240003023,True,True,0.0,0.006350789684802294,0.006350789684802294,0.006301191828242736,0.0005595776999123291,0.006325951027102462,0.006350829266011715,0.006350829266011715,0.006350829266011715,0.011023659807604145,0.05039387340619038,58.221289176988776
to_v,10,4,orange,True,True,2.816594779631032e-08,6.290103181072482e-07,0.0005020957032684237,0.001146987200477087,0.001685185137332356,0.0020373981744284345,0.004627823061309752,0.007977417381480337,0.012666817754507065,0.09561689869321867,0.29046207896517495,True,True,3.216314144083299e-05,3.225836477213306e-05,0.00032650060893502086,0.07650322812900753,0.20997779928586768,0.22332605854566917,0.6650864869356149,0.9758543938398362,0.9995414018630981,0.14168349478066164,0.5554994366205718,True,True,0.0,0.006041018757969141,0.006041018757969141,0.006003285386395873,0.0004764638830695508,0.0060221340525615724,0.006041067652404308,0.006041067652404308,0.006041067652404308,0.0110063362301422,0.05031467990922149,66.6992867027515
to_v,10,5,lemon,True,True,3.365110501363233e-08,3.881662806293208e-07,0.0005209741357248276,0.0012984521772360425,0.0022658846924596783,0.002610017098860246,0.005439059319905929,0.009673140412196522,0.02310887910425663,0.13204217406145854,0.3406441942209753,True,True,7.699092384427786e-05,7.708654869929887e-05,0.00043343540164642036,0.06326705190303983,0.18881082703947497,0.19898880841820218,0.5669841349124894,0.9599061554670335,0.9999914169311523,0.1710824843978041,0.6438682466334414,True,True,0.0,0.0026987193943932694,0.006919824052602053,0.00684412387854536,0.0007202853549625853,0.006881862539696102,0.006919824052602053,0.006919824052602053,0.006919824052602053,0.01105847540436703,0.05055303041996356,48.724976562258604
to_v,10,6,yawl,True,True,1.808040650530529e-08,4.445476628234247e-07,0.0004407756932778284,0.0011275147822475463,0.0019135200520757267,0.0022197133571615108,0.004792720987461507,0.009686550050973892,0.015663951635360718,0.12562397625327906,0.3401239789064096,True,True,6.767938612028956e-05,6.780001211154741e-05,0.00038758301525376737,0.06461655526425147,0.19519332225327005,0.20546581306836137,0.6050983816385269,0.986671102643013,0.9998455047607422,0.16861231095312104,0.6441599366729207,True,True,0.0,0.0027001958666369357,0.006923579145222902,0.006847869297052967,0.00072067952820985,0.0068856286105366945,0.006923615466803312,0.006923615466803312,0.006923615466803312,0.011058482702167074,0.05055306378133519,57.3088320274145
to_v,10,7,lifeboat,True,True,7.12589622725579e-12,1.3996160959095507e-07,0.0004747146012960002,0.0011392602420695445,0.001946098506659475,0.0022537292742194673,0.004358502267859874,0.008487903699278841,0.021365996450185776,0.13317367103792746,0.3325109515428919,True,True,6.977388693485409e-05,6.981387057749089e-05,0.0004385218635434285,0.059146242763415555,0.18274317466579973,0.19194052757661828,0.48692738860845525,0.9630816668272021,0.9999971389770508,0.18389634021855908,0.6691559063891654,True,True,2.802596928649634e-45,1.292448967395901e-33,0.007961593568325043,0.007824767212150618,0.0010355760644218458,0.007892890728799012,0.007961621508002281,0.007961621508002281,0.007961621508002281,0.011128795641172968,0.050874494359647845,51.91635815884555
to_v,10,8,soccer ball,True,True,9.164674019679353e-10,2.73520311111497e-07,0.0005557667172979563,0.0012858914633039407,0.0019236466682863277,0.002312607069741615,0.0049511249177157865,0.008333003204315901,0.018033180385828018,0.0987921598214835,0.29346052743843326,True,True,3.556320007191971e-05,3.56048293542699e-05,0.00033402000553905964,0.07464430169939078,0.20266664513246935,0.21582716015668751,0.6008441686630246,0.9583241176605225,0.9999685287475586,0.14411340985292395,0.5669186685706581,True,True,0.0,0.002700181519612674,0.006923542357981205,0.006847833702340722,0.0007206757821781298,0.006885592819555048,0.006923579145222902,0.006923579145222902,0.006923579145222902,0.01105848217006068,0.05055306134884883,58.04867971329507
to_v,10,9,volleyball,True,True,1.179006978851982e-13,2.6964430276166247e-07,0.0005344664969015867,0.001234183192297717,0.0018517968029545724,0.0022241855818526807,0.004778078221715985,0.008898649662733087,0.01382362935692072,0.10068142827114976,0.3002465039660319,True,True,3.6150755477137864e-05,3.619421626353869e-05,0.0003381144197192043,0.07347620856233447,0.20242649850444167,0.21520040604065602,0.6043919622898096,0.9780307632684709,0.9995155930519104,0.14786952605329656,0.577260694762509,True,True,0.0,1.5015171780988868e-36,0.007196842692792416,0.007106899759673979,0.0008002141051610147,0.007151738688795765,0.007196880877017975,0.007196880877017975,0.007196880877017975,0.01107598070244839,0.05063305463976407,59.53428066504579
to_v,11,0,golden retriever,True,True,5.235336608677699e-09,1.20518837434247e-07,0.0004729789216071367,0.0011633690168919048,0.0019286660249487695,0.0022510815160189782,0.004292894015088666,0.009844943340867768,0.021551424637436867,0.12509537848095986,0.32381264354589323,True,True,6.051419768482447e-05,6.054327757738065e-05,0.0003900009178323671,0.06245796743044707,0.1852010577193512,0.19531215173089558,0.4716772109270067,0.9867573612928392,0.9999980330467224,0.17450887645679397,0.6409549632874235,True,True,1.401298464324817e-45,4.385751974173685e-34,0.007463308051228523,0.0073583732169936415,0.0008794840033146215,0.007410663933226936,0.007463347632437944,0.007463347632437944,0.007463347632437944,0.01109353417155717,0.05071329906997563,53.687150442867946
to_v,11,1,labrador retriever,True,True,4.0014471736071755e-09,1.3939312509592128e-07,0.00037882995093241334,0.0009269922001484416,0.0016213130505373639,0.001866510988975572,0.003939160495065153,0.007329198126681154,0.016455529257655144,0.1322738263506336,0.33941444944017035,True,True,7.777553400956094e-05,7.78269705187995e-05,0.0004491363069973886,0.0630560880891835,0.19136897774406716,0.20134779333060318,0.5804250538349152,0.9717923909425736,0.9999904632568359,0.17179650750192058,0.6422598736816256,True,True,1.1070257868166055e-43,1.7169723053435398e-32,0.00821033027023077,0.008056403537921142,0.001114529506424014,0.008133011317248104,0.008210364729166031,0.008210364729166031,0.008210364729166031,0.011146520131788917,0.05095552060246362,68.02224234366392
to_v,11,2,tabby,True,True,5.255193849529327e-11,4.113053378773657e-07,0.00037678405351471156,0.0009677728741769424,0.0016276519660736032,0.0018925368699418514,0.0037769461167044896,0.007074160859920089,0.01650465466082096,0.12122322573407547,0.33262694814867655,True,True,6.484268669737503e-05,6.497398739156779e-05,0.00037595002504531294,0.06452636597158516,0.1945327254358991,0.20481089695812205,0.5208027541637408,0.9629108792543413,0.9999904632568359,0.16754667270912046,0.650954770805492,True,True,0.0,0.0027000447688624303,0.006923228967934847,0.006847488223138498,0.0007206394234603492,0.006885245435372951,0.006923228967934847,0.006923228967934847,0.006923228967934847,0.011058480769767629,0.050553054947509155,66.67511323507865
to_v,11,3,tiger cat,True,True,1.758732916246064e-12,8.764724124255e-09,0.0003662953822640702,0.001072807671914937,0.0020704870225885705,0.002330479458089955,0.004117148835211991,0.010160066206008204,0.02689507231116295,0.14589680462058638,0.37146220085457937,True,True,0.00011835699115181342,0.00011836089230200741,0.0004392850387375802,0.05459208004725724,0.1796210940078769,0.18759962826926266,0.3970359101891514,0.9846185398101808,1.0,0.1991093657296896,0.7058340065333739,True,True,5.548331183486756e-36,5.548331183486756e-36,0.009169605560600758,0.008940380116109736,0.0014327263173995,0.009054274900289082,0.00916963629424572,0.00916963629424572,0.00916963629424572,0.011217967878971282,0.05128213887529729,50.88710817085381
to_v,11,4,orange,True,True,9.184714855337006e-08,3.5861331127762246e-07,0.0005057194794062525,0.0012483492598592606,0.002296179381640967,0.00261200640124612,0.004462211485952134,0.01148206780664625,0.02616715431213379,0.1480147999558223,0.3507818128777757,True,True,9.70657856669277e-05,9.715404463349842e-05,0.0004980196245014668,0.0541660689128662,0.17393713424049448,0.18204619637979455,0.36207763254642394,0.9846884864568712,0.9999980330467224,0.20114006615115315,0.6910476625086819,True,True,0.0,7.007052841009815e-41,0.007196823600679636,0.007106844989175442,0.0008002079381794662,0.007151683572738696,0.007196823600679636,0.007196823600679636,0.007196823600679636,0.011075977913170483,0.050633041888779345,43.39015582784332
to_v,11,5,lemon,True,True,3.817165694641744e-09,1.942781966590701e-07,0.0005987142794765532,0.0014515585590497183,0.002261357720478488,0.0026856602118542384,0.005537571036256845,0.01148081059567631,0.019963392987847328,0.10046569099301492,0.31707726441907025,True,True,4.423055361257866e-05,4.426095114467898e-05,0.000339831953169778,0.07208953499825839,0.20575226828863316,0.21786406333670502,0.557865145802497,0.9857875669002534,0.9999333024024963,0.15051671205189562,0.6060305278759662,True,True,0.0,1.0631273075826244e-35,0.007977945730090141,0.007840844498423394,0.0010377038278802323,0.007909107986187503,0.007977987639605999,0.007977987639605999,0.007977987639605999,0.011128806319999887,0.050874543177142344,49.66353892429441
to_v,11,6,yawl,True,True,6.243081163148645e-09,1.5994385748285826e-07,0.00039085812750272453,0.001020348354523732,0.0016245322476351788,0.0019173137945017007,0.004251060402020812,0.007651062435470546,0.014154152944684029,0.11486630818949511,0.31401023743468165,True,True,4.949516005581245e-05,4.953321236826014e-05,0.0003153124707750976,0.07056521546348335,0.20017215007769829,0.21209840088985157,0.6351933121681212,0.9693416631221777,0.9999227523803711,0.15433773829226763,0.5918146729520094,True,True,1.6815581571897805e-44,1.5238704467574447e-33,0.0074741654098033905,0.007369076231407234,0.0008807632438755237,0.007421443006331203,0.007474198471754789,0.007474198471754789,0.007474198471754789,0.011093526952048753,0.05071326606650858,69.15796468003428
to_v,11,7,lifeboat,True,True,1.0813887979521652e-10,7.59198080686474e-07,0.0004678516270359978,0.0011110857946642911,0.0018633352976450488,0.00216820318368819,0.004365729540586471,0.007986568165943028,0.02034309320151806,0.12893051453576831,0.32751092262911785,True,True,6.396241224138066e-05,6.41714777884772e-05,0.0004271209181752056,0.062008988745890295,0.18792187638443608,0.19774874765020126,0.5304583102464674,0.9598323458433151,0.9999971389770508,0.17511067436023878,0.6464630170462834,True,True,0.0,0.006350789684802294,0.006350789684802294,0.006301193374383729,0.0005595778372207449,0.006325952579318979,0.006350829266011715,0.006350829266011715,0.006350829266011715,0.011023657102698693,0.05039386104090831,55.80936147655996
to_v,11,8,soccer ball,True,True,2.2730738125087413e-10,2.635832504438441e-07,0.0005549813213292509,0.0012393293539796969,0.0019246257600959004,0.0022878666429811943,0.004471926344558594,0.009108973154798151,0.024854697287082672,0.10470558467699691,0.2946004618824892,True,True,4.350072413217276e-05,4.354940530902241e-05,0.0003967052180087194,0.06875164201961752,0.19148947870547908,0.2033167839624388,0.4990303471684449,0.9770402950048447,1.0,0.15689028238622763,0.580787386552502,True,True,0.0,7.007052841009815e-41,0.007196785416454077,0.007106843557266984,0.0008002077769508391,0.0071516821317959885,0.007196823600679636,0.007196823600679636,0.007196823600679636,0.011075980144792205,0.05063305209047865,55.47487582606216
to_v,11,9,volleyball,True,True,6.102632251126687e-15,2.1335946613021405e-07,0.0005541845457628369,0.001195416417255407,0.0020144451752325972,0.0023410829046149493,0.004498097044415771,0.010002838019281632,0.020422006025910378,0.1302996895251822,0.3280485354421549,True,True,6.544710049638525e-05,6.550260179210454e-05,0.0005161316657904536,0.06190344668542593,0.18595442549998792,0.1958495731716021,0.4798723936080929,0.984410195350647,0.9999904632568359,0.17599549293499828,0.6359169128274923,True,True,8.071479154510946e-43,7.386701293822856e-32,0.007963830605149269,0.007826965712592938,0.0010358670269991857,0.007895108369693354,0.007963858544826508,0.007963858544826508,0.007963858544826508,0.011128795759753451,0.050874494901730065,51.78400245460234
to_v,12,0,golden retriever,True,True,9.976410098033739e-08,2.9909447817999535e-07,0.0003642544470494613,0.0006611241084421904,0.0008214682849469714,0.0010534640232299258,0.002262796356808395,0.00322468644939363,0.0060429079458117485,0.08545914147914085,0.23437513665807325,True,True,1.1219713996979408e-05,1.1243378230574308e-05,0.0003805702872341499,0.0839637584335378,0.20483999930376165,0.22108418044026112,0.6193568855524066,0.9119739598035812,0.9993107318878174,0.1446296852521448,0.48216389721888214,True,True,0.0,0.006644978187978268,0.006644978187978268,0.006582698773127049,0.0006413788374536742,0.006613773841731417,0.00664501404389739,0.00664501404389739,0.00664501404389739,0.012618331540220127,0.05047332616088051,127.00150752539031
to_v,12,1,labrador retriever,True,True,4.3604120314455486e-09,2.1930290643012994e-07,0.0002170843508793041,0.0004630047047668881,0.0007041931840072027,0.0008418501926781382,0.0017764447082299743,0.0029869635426439355,0.007498111110180616,0.11462530081087363,0.2891071044665937,True,True,3.8928690628381446e-05,3.902644970366964e-05,0.0004150756140006706,0.06852795879167388,0.19450763639610227,0.20593948853516528,0.5835844904184344,0.9495810711383821,0.999995231628418,0.1778610827972416,0.5920577510986377,True,True,1.1911036946760945e-43,1.8181287370195825e-32,0.008205806836485863,0.00805196543224156,0.0011147881679837775,0.00812853100993216,0.008205842226743698,0.008205842226743698,0.008205842226743698,0.012738880798416601,0.050955523193666405,148.00704633482306
to_v,12,2,tabby,True,True,7.55081117631562e-08,2.1804008270009943e-07,0.00020722434419440106,0.00045526726474958145,0.0007567596361157152,0.0008821359238363647,0.001634546800050885,0.0030057846428826456,0.009424932301044464,0.127981096469944,0.29603821951147014,True,True,6.134605791885406e-05,6.143891376268584e-05,0.00048305903328582644,0.060704457982615166,0.17484382215048128,0.18482386475088008,0.440402685105801,0.9367587971687318,1.0,0.19736652535975702,0.5993840963533537,True,True,1.413069550791349e-36,1.413069550791349e-36,0.008268321864306927,0.008113274030620232,0.0011232762943526272,0.008190422587497345,0.008268321864306927,0.008268321864306927,0.008268321864306927,0.0127388798792903,0.0509555195171612,133.33806904831053
to_v,12,3,tiger cat,True,True,1.2367918911238007e-09,1.2205015742949854e-07,0.00030365222482942045,0.0006550591078432529,0.0008822367241467597,0.0010977302740585347,0.002441992470994592,0.0038975757779553537,0.004940048325806856,0.08669306085360336,0.26261216804716464,True,True,1.913575761136599e-05,1.9158021841576557e-05,0.00029144085419829935,0.08452160319483255,0.21545093615549032,0.23112323031446835,0.6497053533792496,0.9589136397838592,0.9922757148742676,0.14521585123002484,0.5072825135966715,True,True,1.1911036946760945e-43,1.8181159535185173e-32,0.008205770514905453,0.008051929002976976,0.0011147831243880526,0.008128494234265171,0.008205806836485863,0.008205806836485863,0.008205806836485863,0.01273888349216069,0.05095553396864276,129.02897186349398
to_v,12,4,orange,True,True,7.797777423768082e-10,1.2120311744467925e-07,0.00034383588354103267,0.0006862906570351398,0.0009466695694911034,0.001168065737449553,0.002583223045803607,0.004294618214480579,0.006908813491463661,0.09686769558017148,0.27729947603053406,True,True,2.2198280930751935e-05,2.2222105235414348e-05,0.00037974842416588217,0.07681101590824255,0.20745638692457724,0.22091534671491095,0.641175723075867,0.9661083155870438,0.9993317127227783,0.16043017474250273,0.5663539708440378,True,True,6.675691193037312e-33,2.0439774568272237e-24,0.010563950054347515,0.010200831069960259,0.0019276683021068784,0.010380811499946909,0.010563984513282776,0.010563984513282776,0.010563984513282776,0.012945004726614804,0.05178001890645922,111.92198978793562
to_v,12,5,lemon,True,True,4.927743990634781e-09,6.542190874370135e-07,0.0003015811671502888,0.0008483520562752075,0.0011793582537487888,0.0014512892832455478,0.003270861110650006,0.005141905555501581,0.006154691334813833,0.08555311383378858,0.2737139647025465,True,True,2.3274878913071007e-05,2.338295536901569e-05,0.0001795333591871895,0.08578704854559191,0.22058768580241003,0.23636049940409368,0.660376089811326,0.9568895792961121,0.9871627688407898,0.14252533479662788,0.5185870026005022,True,True,0.0,0.006644978187978268,0.006644978187978268,0.006582698997226544,0.0006413788592887274,0.006613774066888836,0.00664501404389739,0.00664501404389739,0.00664501404389739,0.012618331110645309,0.050473324442581236,101.12199046496137
to_v,12,6,yawl,True,True,2.421755684878235e-09,4.4019749708468224e-07,0.0003094281128142029,0.0006622459698009967,0.0009200215394049922,0.0011324152213891183,0.002511105954181403,0.005018375336658213,0.006044965237379074,0.10613135519502231,0.2754625967918237,True,True,2.3180653442977928e-05,2.327368205442326e-05,0.0003247706190450117,0.07578912703395986,0.2028710863210068,0.2162684785721945,0.6434768706560137,0.9843619322776795,0.9981260895729065,0.16428665131390083,0.5537769132028694,True,True,0.0,0.0013667562743648882,0.0071934862062335014,0.007103552467015106,0.0008004637969234314,0.007148370277354458,0.0071934862062335014,0.0071934862062335014,0.0071934862062335014,0.01265825486549863,0.05063301946199452,114.44256437941678
to_v,12,7,lifeboat,True,True,5.219623691599118e-11,3.462053886238436e-08,0.00027106191555503756,0.0005675846117435674,0.0007916257710117402,0.0009730700410627553,0.002060544712003321,0.003605984894093127,0.005793665535748005,0.10696989612959047,0.2672632291707914,True,True,2.373892129980959e-05,2.3747635441395688e-05,0.00034617912024259567,0.0756643018842567,0.19516233834348998,0.20903205215975668,0.592557790875435,0.966463521718979,0.9993583559989929,0.16372645604421118,0.53005490227141,True,True,2.2806924864264714e-33,2.280708465802803e-33,0.009635546244680882,0.009364558686502277,0.0015955412018587706,0.009499092359042933,0.009635571390390396,0.009635571390390396,0.009635571390390396,0.012861753170865844,0.051447012683463376,133.3092904894355
to_v,12,8,soccer ball,True,True,1.918191472327635e-08,1.897686175311719e-07,0.0004026124515803531,0.0007809585842509903,0.0010327344636121142,0.0012934851540205147,0.002625466184690595,0.004622909920290113,0.00836101919412613,0.09400805643740044,0.2514392157288415,True,True,1.7031161405611783e-05,1.7055156276910566e-05,0.00036726053804159164,0.08136479965461377,0.20393160552719714,0.2192677986939042,0.5484665066003801,0.9614747399091721,0.9997768998146057,0.15082438866671447,0.4950465536145379,True,True,1.2021375187841881e-39,3.265430005280036e-30,0.008216775488108397,0.008062711218371987,0.001116275913424277,0.008139378976987044,0.008216789923608303,0.008216789923608303,0.008216789923608303,0.012738875455574464,0.050955501822297855,104.1858061303596
to_v,12,9,volleyball,True,True,9.003614520608494e-10,7.414928876414706e-07,0.0003391229111002758,0.0007498700043834097,0.0010588003503069691,0.001296094093214678,0.002623715181834997,0.005752645009197296,0.006570902653038502,0.10541732417733739,0.2764643920858833,True,True,2.5550158170517534e-05,2.570036394899944e-05,0.00031428599322680384,0.07601768632909511,0.1983621608950204,0.21213975211116484,0.5409890890121466,0.9900058776140214,0.9968995451927185,0.16366984277890836,0.5389053777668761,True,True,0.0,0.006644978187978268,0.00664501404389739,0.00658269955747528,0.0006413789138760169,0.006613774629782348,0.00664501404389739,0.00664501404389739,0.00664501404389739,0.012618330036708394,0.050473320146833575,101.3744860905613
to_v,13,0,golden retriever,True,True,6.436551291955084e-10,5.8932032054315185e-08,0.0004163835837971419,0.0015041457850824926,0.0035421938059520173,0.003843225429077721,0.0056726216571405625,0.017918787319213154,0.03744012117385864,0.2057456822828349,0.45955592525517436,True,True,0.00024017368559725583,0.0002402028972574044,0.0005581493023782969,0.04900542767459228,0.17667823816671036,0.183082452145904,0.25545271784067286,0.9890702885389329,0.9999961256980896,0.2541733810176355,0.7820647739807336,True,True,2.879651769401468e-31,2.879651769401468e-31,0.010103877633810043,0.00978814750269521,0.0017607565233795852,0.00994476780752555,0.010103912092745304,0.010103912092745304,0.010103912092745304,0.012903248661152616,0.051612994644610465,32.58023800658701
to_v,13,1,labrador retriever,True,True,4.134706799163723e-08,5.437053226842181e-07,0.00037218201032374054,0.0014108251030311547,0.003435499962927189,0.003708935717174181,0.005092255398631097,0.018315415792167195,0.03638404607772827,0.22399367024018718,0.4684463328407265,True,True,0.0002662550250533968,0.00026654116518329827,0.0005769040144514292,0.045314815674100825,0.17241979620373218,0.17801437248402194,0.20870599448680893,0.9915666961669922,0.9999961256980896,0.2751502509050163,0.8242493386240252,True,True,0.0,0.006035592872649431,0.006035592872649431,0.005997888333513402,0.0004764084564330484,0.006016720054396568,0.006035630591213703,0.006035630591213703,0.006035630591213703,0.012578657386570153,0.05031462954628061,32.119371548423715
to_v,13,2,tabby,True,True,4.625985983164327e-10,4.42353291703057e-07,0.00033700330823194236,0.001453794791140948,0.003628407319563307,0.0039035518806491572,0.005975509877316654,0.018234592713415633,0.04098861664533615,0.22635114587626604,0.47787629142988836,True,True,0.00028644572012126446,0.00028670061787124725,0.0005554246599785984,0.04677521261355651,0.17549494875018962,0.18135642340742988,0.2875408098101616,0.9859028452634813,0.9999990463256836,0.26644542480041855,0.8099221832239866,True,True,0.0,0.006644949316978455,0.006644978187978268,0.006582667533075437,0.0006413757935222652,0.006613742454195859,0.006644978187978268,0.006644978187978268,0.006644978187978268,0.012618323336606594,0.050473293346426376,32.174563355566164
to_v,13,3,tiger cat,True,True,6.123931939328031e-08,1.7660636416394483e-07,0.0004086649714736268,0.0015887040429688026,0.0034334921286967067,0.003778360559931973,0.006510600750334562,0.018893332220613963,0.03451704978942871,0.19681307268697742,0.4094590898824333,True,True,0.0001807702356018126,0.00018081593210808933,0.0004317333805374801,0.05210556990546138,0.17244537008177033,0.17988737222249898,0.3788000151515009,0.992844415307045,0.9999914169311523,0.23946570460819963,0.7011348200153035,True,True,0.0,2.4457748722941225e-34,0.008224647492170334,0.008070452272659168,0.0011173476562389886,0.008147193640425791,0.00822468288242817,0.00822468288242817,0.00822468288242817,0.012738881608735082,0.05095552643494033,32.797530878118735
to_v,13,4,orange,True,True,7.109664466042886e-07,1.3019502807765092e-06,0.0005820337974000722,0.0017015134376006102,0.0033540859890901706,0.003756312671420875,0.006546044466085739,0.01763033524155617,0.03221342712640762,0.16607609891861522,0.3911924256979519,True,True,0.00012890150537714362,0.00012907645999803207,0.0004630907642422244,0.05506678239407847,0.18256629486893203,0.19041702886779155,0.38415350317955116,0.9908613574504852,0.9999818801879883,0.2261584226171638,0.7121868124214195,True,True,1.4247609669837402e-07,1.4247609669837402e-07,0.00390625,0.001965402824060547,0.0019560743737311163,0.002770754095396521,0.00390625,0.00390625,0.00390625,0.024843825602692722,0.09937530241077089,32.36341316923768
to_v,13,5,lemon,True,True,8.624069791629552e-10,1.8189720861983004e-07,0.0006366072047967464,0.0018373852167290067,0.004464583737337036,0.004821431664455288,0.00616983382496983,0.022319461926817896,0.049804478883743286,0.22809645216279237,0.4484085190119955,True,True,0.0002645042259246111,0.0002645830056280829,0.000725609075743705,0.03867508971761709,0.1563276140101365,0.16080334482745962,0.16777992546558393,0.9886704230308533,0.9999980330467224,0.3221184296822586,0.8337249434985927,True,True,3.004664167205273e-39,3.505330624072968e-29,0.008687560446560383,0.008497537407674827,0.001272768985553142,0.008592032388796954,0.008687597699463367,0.008687597699463367,0.008687597699463367,0.012779581428521989,0.051118325714087955,21.04898274215364
to_v,13,6,yawl,True,True,1.8170419613383615e-09,2.0838561638925056e-07,0.00047947159328032285,0.0016659026275640902,0.0035325119463282643,0.003900625137518681,0.0073250354733318136,0.011926858210936189,0.03928326070308685,0.18405331009943035,0.39888380859638406,True,True,0.00016901659546419978,0.00016909128840779885,0.00045627848885487765,0.053587522882662594,0.1761756671170674,0.1838817417868905,0.4617087170481688,0.8820798319578171,0.9999980330467224,0.2264684602012309,0.7138137807779628,True,True,8.407790785948902e-45,0.0013744013663381334,0.007233730051666498,0.007143290550448001,0.0008049416828519305,0.007188359076742392,0.007233730051666498,0.007233730051666498,0.007233730051666498,0.012658259524409283,0.05063303809763713,32.16725995625515
to_v,13,7,lifeboat,True,True,4.130351616282724e-09,8.724765031331572e-08,0.0004556445492198691,0.0015677549640065029,0.0035795366751662167,0.003902678253744389,0.006870587100274863,0.01611710348166526,0.03923339024186134,0.20493767076163313,0.43801733934700166,True,True,0.00021753765759058297,0.00021757509268354624,0.000544355803867802,0.04922807189250307,0.1764218744838071,0.18289564303317873,0.4025152444839481,0.973722769021988,0.9999980330467224,0.25218539387951566,0.7857432527287895,True,True,2.5177243854478677e-37,9.717175534188802e-28,0.00916303601115942,0.00893394599261228,0.0014328168061133017,0.0090477588101305,0.00916303601115942,0.00916303601115942,0.00916303601115942,0.012820533080702218,0.05128213232280887,31.400361040284913
to_v,13,8,soccer ball,True,True,4.632952865790685e-08,5.243581045988321e-07,0.0006230137660168111,0.001750485851533179,0.003505167201775543,0.00391305551491984,0.007088644569739705,0.018379159104079012,0.03651083633303642,0.16931836634081324,0.3996506024039515,True,True,0.0001367534714518115,0.0001368966589507181,0.0005041991826146841,0.053565599332750936,0.18492730321232684,0.19225116857747934,0.42297383397817695,0.9906783294677735,0.9999942183494568,0.23223206833476182,0.7599493460820991,True,True,0.0,0.006063236854970455,0.006063236854970455,0.006025360828789417,0.0004785905792796383,0.006044278805758348,0.006063275504857302,0.006063275504857302,0.006063275504857302,0.01257865644304389,0.05031462577217556,30.600418327194713
to_v,13,9,volleyball,True,True,8.269170237440449e-09,2.581802081635942e-07,0.00045028219756204635,0.0014687507492926744,0.003114549926066394,0.0034390894418620233,0.0059719820041209465,0.016683343797922134,0.028363678604364395,0.19003897721763194,0.4081402527252613,True,True,0.00016903771029319614,0.00016914045336307025,0.0004856482846662402,0.05185025877858607,0.17431857044783886,0.1816052148917404,0.38492153435945514,0.9925382173061371,0.9999646544456482,0.2405204864742071,0.70535636045715,True,True,1.6716089380930743e-41,7.1534464216465335e-31,0.008204750716686249,0.008050926448777317,0.0011146443215147355,0.008127482146841131,0.008204780519008636,0.008204780519008636,0.008204780519008636,0.012738876344247755,0.05095550537699102,35.302285839551935
to_v,14,0,golden retriever,True,True,3.1667533040291573e-09,3.4680441387990865e-07,0.0005706927331630141,0.0012631048814912595,0.0019767117502907834,0.0023432056447707525,0.004467868525534879,0.008280323278158903,0.01850518025457859,0.1157716292911831,0.3097515617045855,True,True,4.52912827313412e-05,4.53555582134868e-05,0.0004119450313737616,0.07119524613297017,0.20027132958273058,0.2122546327709452,0.469801495969298,0.9509907710552216,0.9999685287475586,0.1714612604706348,0.6037580006058555,True,True,0.0,0.0013686874322593207,0.00720364972949028,0.007113588968059048,0.0008015947600205696,0.007158470100799195,0.00720364972949028,0.00720364972949028,0.00720364972949028,0.012658254788538558,0.05063301915415423,56.36526877238803
to_v,14,1,labrador retriever,True,True,3.790557059346611e-07,1.494486963338204e-06,0.00048804083780851215,0.0012376853762648744,0.002569505869288112,0.002848436962026283,0.004916186491027478,0.011410481855273248,0.02866539917886257,0.1775976363431738,0.4057471012933968,True,True,0.00015673410962335765,0.0001572525146184489,0.000620650767814368,0.05064811630327313,0.1803567799232806,0.1870618827398132,0.37785900980234205,0.972331468462944,0.9999980330467224,0.24435864533033036,0.776380173825455,True,True,0.0,0.005342119373381138,0.005342119373381138,0.0053254559257766235,0.00029863527343204063,0.005333796504083115,0.005342182703316212,0.005342182703316212,0.005342182703316212,0.012539261374454876,0.050157045497819505,40.9216407291816
to_v,14,2,tabby,True,True,6.821835873971338e-10,6.128876368194369e-08,0.0005279062897898257,0.0011136435880631187,0.0019125082968745484,0.002210533816048295,0.0037896763999015113,0.007621035459451379,0.02096020057797432,0.14642673130803496,0.31947472483590117,True,True,7.152623584261164e-05,7.154421888117213e-05,0.0005614407709799707,0.05607618008746158,0.17212323961756046,0.1807715825554287,0.36186871528625536,0.9395239144563675,0.9999971389770508,0.2179309947919873,0.649675172009509,True,True,7.252827979966209e-39,6.963470547830481e-29,0.009173952974379063,0.008944615063956007,0.0014345279004531549,0.00905856379868512,0.009173976257443428,0.009173976257443428,0.009173976257443428,0.01282052971515185,0.0512821188606074,50.353794237697635
to_v,14,3,tiger cat,True,True,8.841261944780854e-08,3.2375438706822025e-07,0.000654099159874022,0.001329900916922755,0.002186066626559726,0.0025558931358315743,0.004378723097033801,0.009940301971510057,0.023712685331702232,0.13861207369503978,0.3151583348464444,True,True,5.8074128901353106e-05,5.812449220684357e-05,0.0005502395797520876,0.05682040587182655,0.17722993809515972,0.1858516930819086,0.35961937159299917,0.969232600927353,0.9999961256980896,0.21791866834460305,0.6666240948179055,True,True,0.0,0.0013656745711341496,0.007187799084931612,0.007097934174817055,0.0007998306997423953,0.007142716538173555,0.007187799084931612,0.007187799084931612,0.007187799084931612,0.012658258917139212,0.05063303566855685,42.72529265060043
to_v,14,4,orange,True,True,2.042677316183017e-08,4.967985381654217e-07,0.0005691958649549633,0.001392478137590819,0.0021841523077610497,0.0025873942080968035,0.005968915717676286,0.009519154382869602,0.016996176913380623,0.11195088820343324,0.31190784106759273,True,True,4.583478585118428e-05,4.5916395356471186e-05,0.0003403339796932414,0.077595575685325,0.21497329255940198,0.22823271597354647,0.6760397136211401,0.9612003332376481,0.9997044205665588,0.15876030302419386,0.5664386842638475,True,True,0.0,2.4457567347836313e-34,0.008224619552493095,0.008070421643787995,0.001117343415644424,0.008147162720299727,0.008224647492170334,0.008224647492170334,0.008224647492170334,0.01273887514058985,0.0509555005623594,55.72480715537563
to_v,14,5,lemon,True,True,1.6954180281913978e-08,2.8647700887063364e-08,0.0007277946860995144,0.0016643460709198422,0.002609107027475452,0.003091312678496067,0.006251010834239426,0.010945506850257518,0.026372799649834633,0.12332518074582752,0.30065838769193876,True,True,4.5698692701989785e-05,4.570035729557276e-05,0.00038724248588550836,0.06614565353703483,0.187699860302093,0.19873698050916377,0.5355911761522298,0.9508037465810777,0.9999895691871643,0.18518463200635488,0.6025532304648815,True,True,3.5951794087650754e-28,3.5951794087650754e-28,0.010608719661831856,0.010244061402045191,0.0019358376110888977,0.010424804575156403,0.010608755052089691,0.010608755052089691,0.010608755052089691,0.01294500617935052,0.05178002471740208,39.742728205845914
to_v,14,6,yawl,True,True,1.1561364487988612e-07,3.576054052700783e-07,0.000508578639710322,0.0012971643300907943,0.0019096844538482117,0.002306107860996635,0.005197786726057534,0.009441105937585235,0.010982801206409931,0.09768983675544135,0.28903186423883065,True,True,3.254327748436481e-05,3.257746131566819e-05,0.0002618787548271939,0.08386380401951783,0.21930939566321261,0.2344769642018825,0.6560630679130562,0.9820949602127075,0.9943116903305054,0.14731857135995421,0.5200505127333158,True,True,0.0,7.774507266753744e-35,0.007705377414822578,0.0075849973422009494,0.0009571165059433056,0.007644958728608415,0.007705410942435265,0.007705410942435265,0.007705410942435265,0.01269844041270187,0.05079376165080748,64.6516421043183
to_v,14,7,lifeboat,True,True,2.172557023172317e-09,2.0740213415137988e-07,0.0004688949848059565,0.0013182864805904298,0.0025164616935876797,0.0028373701537522176,0.005755640706047417,0.012538599083200099,0.022009674459695816,0.15299849168121676,0.3914509943462347,True,True,0.00011322450154693797,0.00011329614564601797,0.0004510243743425235,0.06080912292538869,0.1986116010383253,0.20741515608255956,0.5381076484918597,0.9863037860393524,0.9999370574951172,0.20435552948154737,0.7026890202797804,True,True,2.5177243854478677e-37,9.71721405278769e-28,0.009163005277514458,0.008933944359887392,0.001432816544258666,0.009047757156605739,0.00916303601115942,0.00916303601115942,0.00916303601115942,0.01282053542372145,0.0512821416948858,46.127396298681376
to_v,14,8,soccer ball,True,True,2.331324196191975e-11,1.823840718451208e-08,0.0005093193612992764,0.0014307311761864473,0.002438643590634355,0.0028240732887351177,0.0057606573682278395,0.010105367489159108,0.023183289915323257,0.13733388634798635,0.33288020272617136,True,True,6.906261842232198e-05,6.906672730110586e-05,0.0003381272545084357,0.06388091551857542,0.19015156746092832,0.20031324823183766,0.5437053829431534,0.9516598361730576,0.9999761581420898,0.19299234491942446,0.6324529797027901,True,True,1.0043558042838756e-34,1.0043558042838756e-34,0.009174102917313576,0.008944738918216899,0.0014345477640722707,0.009058689230771504,0.009174102917313576,0.009174102917313576,0.009174102917313576,0.012820529197657117,0.05128211679062847,44.64913925259339
to_v,14,9,volleyball,True,True,2.0538561074090467e-08,1.2453222950625786e-07,0.0004416386364027858,0.0012909293269197542,0.0023200880510319236,0.002651883446699422,0.005542690982110799,0.010736780576407912,0.020784780383110046,0.14392478750133314,0.364981695090434,True,True,8.779890049481764e-05,8.78299075702671e-05,0.0003681136731756851,0.06279548495194831,0.19857247194225797,0.20796893418355242,0.569319546222687,0.975788459777832,0.9999513626098633,0.19738216492822452,0.6856641918600502,True,True,1.1499976692119589e-37,1.000500379961426e-28,0.008693431504070759,0.008503276939154602,0.0012736286578205866,0.008597835745457198,0.008693461306393147,0.008693461306393147,0.008693461306393147,0.012779575110571213,0.05111830044228485,48.643627224569016
to_v,15,0,golden retriever,True,True,1.206911792728249e-10,1.2660786133267268e-07,0.0003782995627261698,0.0008123771369058528,0.0011634650510425732,0.0014186437177035299,0.0031460605096071954,0.006118387994356453,0.010266379453241825,0.09264688125254011,0.28429072773838227,True,True,2.7776017304859124e-05,2.7801238265965365e-05,0.00034989655250683427,0.07364347409558576,0.20145788729912253,0.21442232715278464,0.6419959694147109,0.9882300239801407,0.9999274611473083,0.13720240370567244,0.5750138589585564,True,True,1.3872854796815689e-42,1.1243338979386245e-31,0.008210179395973682,0.008056225326436106,0.001114069073415217,0.008132831411156336,0.008210179395973682,0.008210179395973682,0.008210179395973682,0.010350335437706186,0.050955497539476605,90.65182998142447
to_v,15,1,labrador retriever,True,True,8.936908851842063e-11,1.1776111563222003e-07,0.0002967394102597609,0.0006780290227436606,0.000972559578152892,0.0011852664367709505,0.002629971108399331,0.004496442945674063,0.009154819883406162,0.0886012818355273,0.2771397180671701,True,True,2.8027832740917802e-05,2.8056127648596883e-05,0.0003050380328204483,0.07916005473599767,0.20585564829999797,0.22047620171969318,0.6424714505672452,0.971142150759697,0.9999685287475586,0.12701810444488773,0.5265717008303382,True,True,0.0,3.1009600667764447e-34,0.007837959565222263,0.007709351430821698,0.0009960573359645642,0.007773381156144971,0.007837959565222263,0.007837959565222263,0.007837959565222263,0.010325677529245028,0.050834104759360135,116.75024531497874
to_v,15,2,tabby,True,True,5.426031152166999e-11,6.953057742009605e-08,0.00035193942312616855,0.0007664267902704747,0.0010631595509065829,0.0013102805814874034,0.0028077831608243277,0.005128307868726552,0.00854900386184454,0.0844605650116169,0.27168699093602916,True,True,2.2970198187977076e-05,2.2982831578701733e-05,0.0003099231398664415,0.07855064314123154,0.20524061726537327,0.219683875976761,0.6070501744747159,0.9775027614831925,0.9997701644897461,0.1281277740648751,0.5351032763552833,True,True,8.010028293214603e-37,8.010028293214603e-37,0.008937506936490536,0.008728016338136513,0.0013526669658266658,0.008832131546795697,0.008937506936490536,0.008937506936490536,0.008937506936490536,0.010400021185468164,0.051200104297689425,102.48942774235586
to_v,15,3,tiger cat,True,True,3.122912484165852e-10,1.4696373725087143e-07,0.00034535705344751477,0.0007169948988215164,0.0009606191015911191,0.0011983946822003082,0.0027136349235661315,0.004298239089548589,0.00823265966027975,0.07571729234060219,0.26181311993921325,True,True,1.8513392205932178e-05,1.8537432461016578e-05,0.00031671958277001977,0.08288474290114607,0.21205902296388293,0.2276044326723607,0.6699532449245449,0.9619139641523362,0.9998884201049805,0.12058609116575639,0.5190188518242054,True,True,3.783505853677006e-44,7.760025222269362e-33,0.008343308232724667,0.008180371069465764,0.0011550236004337717,0.008261447094915535,0.008343344554305077,0.008343344554305077,0.008343344554305077,0.010358587943027731,0.05099612525798268,115.60018493489841
to_v,15,4,orange,True,True,1.6013043321883025e-11,8.326201623276577e-08,0.0003422074078116566,0.0007660377452288557,0.0010855360925755928,0.0013282627071853567,0.002837691991589963,0.00514405175112188,0.008713647723197937,0.0844939743692081,0.2830228365490431,True,True,2.6101422918145545e-05,2.6118188361579087e-05,0.0003086349897785112,0.07644351585447992,0.20770598543464955,0.2212502722908423,0.6021373629570006,0.9751765298843384,0.9997701644897461,0.13136056425936832,0.562104757002467,True,True,1.3872854796815689e-42,1.1243338979386245e-31,0.008210179395973682,0.008056225108157377,0.001114069043230244,0.00813283119080202,0.008210179395973682,0.008210179395973682,0.008210179395973682,0.010350335718142497,0.05095549892008614,99.79079533690891
to_v,15,5,lemon,True,True,1.730159071566817e-10,1.574179305663393e-07,0.00040677693323232234,0.000874574603170657,0.0012070485030241877,0.0014902042042643972,0.003268309182021766,0.005717253442853691,0.010004673153162003,0.08327148770509261,0.26911227505561414,True,True,2.2272181013249792e-05,2.2296669158095028e-05,0.00031516351737082005,0.07988864258182105,0.20747959829044196,0.22225289163317588,0.6329557061195371,0.9744312876462937,0.9998378753662109,0.12605509658613484,0.526512037958397,True,True,6.3180203731166595e-40,8.555202430461344e-30,0.008455655537545681,0.008283882838441059,0.0011932778145166442,0.008369319828542266,0.008455655537545681,0.008455655537545681,0.008455655537545681,0.010366847676150816,0.051036788559511714,91.34571515362452
to_v,15,6,yawl,True,True,1.578535219204369e-10,5.155506805465394e-08,0.0003521508915582672,0.0008206476280390269,0.0012026878634800037,0.0014556066024101174,0.003153679438401013,0.005290433024056258,0.01271036546677351,0.09133730027110591,0.2869396540188737,True,True,3.170498530380428e-05,3.171622600348201e-05,0.0003106597432633862,0.07440963974174793,0.2021510954628663,0.215336792144288,0.6152920663356779,0.961287398338318,0.9999942183494568,0.1347022924872002,0.5694712555294256,True,True,3.5438630770601904e-38,3.543893064847327e-38,0.008582423441112041,0.008401402289018733,0.0012337519155375207,0.008491437748472663,0.00858245324343443,0.00858245324343443,0.00858245324343443,0.010375118076129132,0.05107750437478957,90.67185135178296
to_v,15,7,lifeboat,True,True,5.668286395810185e-10,1.5375157460084666e-07,0.0003388082986930385,0.000832910838979848,0.0012154422141610146,0.001473053325988158,0.003507615579292177,0.005463542183861149,0.008323973044753075,0.08252307233263632,0.29428366977678677,True,True,3.094324711128138e-05,3.0975639092503115e-05,0.000274445817922242,0.08044619967594997,0.21824374453938367,0.2325181968706442,0.7133674055337903,0.9656605726480488,0.9987999796867371,0.12500814963994367,0.5563898577668506,True,True,0.0,5.4577354665268975e-36,0.007715048734098673,0.0075945177042740395,0.0009571932707742626,0.007654554351631892,0.007715082261711359,0.007715082261711359,0.007715082261711359,0.010317482593583087,0.050793760460716736,96.58440725117799
to_v,15,8,soccer ball,True,True,9.630657816367405e-13,1.1567046058758025e-07,0.0004325151239754632,0.0009651604790419131,0.0013799298490388481,0.0016835241243688668,0.0035683771828189455,0.006471838559955364,0.013351374305784702,0.09100021069134473,0.2847788869871199,True,True,2.7501615477376617e-05,2.7520859366632066e-05,0.0003187424736097455,0.07269555826461413,0.20055785620110872,0.21325260444411442,0.592778718471526,0.9736052054166795,0.9999780654907227,0.13848489622904508,0.5847568308242287,True,True,5.74532370373175e-44,1.0299940110662064e-32,0.007962913252413273,0.007826034205208998,0.0010353387629326145,0.007894168752482302,0.007962913252413273,0.007962913252413273,0.007962913252413273,0.010333885030299653,0.050874510918398286,75.319659106615
to_v,15,9,volleyball,True,True,3.3392233422802065e-09,2.2467985701268846e-07,0.0004566806019283831,0.0009393605990912187,0.0013074477780705307,0.001609497605891947,0.003675256948918103,0.005533333686180416,0.01189396157860756,0.08305056765032559,0.2708992557567829,True,True,2.344438871659804e-05,2.3477833092329093e-05,0.0003598887560656294,0.08041731393376353,0.21180927270253452,0.22648413417521313,0.675183483958244,0.9486367505788805,0.9999494552612305,0.12426143933198214,0.531974512974548,True,True,0.0,6.939118339874857e-37,0.0074548181146383286,0.007349969523056643,0.0008781360893688896,0.007402200520215357,0.0074548181146383286,0.0074548181146383286,0.0074548181146383286,0.01030113066990088,0.05071325868258895,85.60856609438696
to_k,0,0,golden retriever,True,True,7.738040430638193e-09,4.328786602059154e-08,0.0008304940420202911,0.0022809077124352067,0.004907361086807883,0.00540457916736809,0.008699523890390996,0.020396089758723982,0.04710683599114418,0.20467288562016642,0.39260966687243426,True,True,0.0001779276499291882,0.00017793725739466027,0.0006045693589840084,0.045810784922923634,0.157359717687603,0.16365612504159602,0.31717704683542286,0.9572933864593507,0.9999828338623047,0.2705169726387336,0.7203071350289414,True,True,1.1499976692119589e-37,1.000500379961426e-28,0.008693461306393147,0.008503306822967715,0.0012736331338511337,0.008597865961587438,0.008693492040038109,0.008693492040038109,0.008693492040038109,0.012779575377306004,0.051118301509224015,20.084453515225235
to_k,0,1,labrador retriever,True,True,4.439803547029442e-08,2.0602649669854145e-07,0.0007382380135823041,0.002159426263525344,0.004714685852806532,0.0051789884299299985,0.008324522292241456,0.015077441325411204,0.04697119817137718,0.20553519728323272,0.39121393652441905,True,True,0.00018724957772064954,0.00018729792267549783,0.000580452149733901,0.04369447456510898,0.15336119201394965,0.1592336754612876,0.31701800078153636,0.8519726496934892,0.9999895691871643,0.2763654952769088,0.7421500869016165,True,True,0.0,0.0013656745711341496,0.007187779992818832,0.007097932981560006,0.0007998305652814932,0.0071427153373881365,0.007187799084931612,0.007187799084931612,0.007187799084931612,0.01265826104516109,0.05063304418064436,20.234298018482058
to_k,0,2,tabby,True,True,1.5751421000853583e-10,2.097135190837207e-08,0.0007636015361640602,0.0022801392744149556,0.004700076925128094,0.005217348436050347,0.008352330699563029,0.01704786282032729,0.047658272087574005,0.1912760702146257,0.36970698448524064,True,True,0.00015250402793753892,0.00015250910102622582,0.0005006769788451493,0.04711251805665597,0.15538205105340602,0.16213488968790657,0.30943123996257815,0.9106489628553393,0.9999914169311523,0.260261774861663,0.6950116444758532,True,True,5.912237946590561e-36,1.927696828122008e-27,0.00916384533047676,0.008934764831792563,0.0014329481306798945,0.009048588080804505,0.009163876995444298,0.009163876995444298,0.009163876995444298,0.01282053468664962,0.05128213874659848,20.66212296121439
to_k,0,3,tiger cat,True,True,6.729166557306598e-08,1.5681301681524929e-06,0.0007585167768411338,0.0022279716429080667,0.004545699077709927,0.005055953390199217,0.008982799155637622,0.020310409739613542,0.047398943454027176,0.1854426332612207,0.3790624118023248,True,True,0.00014681453467346728,0.0001471851066162344,0.0004985741106793284,0.05033644414261289,0.16710525673902757,0.17427180327693725,0.40477046966552743,0.9693627446889879,0.9999942183494568,0.24649123140362572,0.7088732477148646,True,True,0.0,0.0060631935484707355,0.0060631935484707355,0.006025325428345241,0.00047858776781563187,0.006044243294195772,0.006063247565180063,0.006063247565180063,0.006063247565180063,0.012578672383105699,0.050314689532422796,22.592946504880597
to_k,0,4,orange,True,True,2.1675168326851235e-08,4.7579337035585924e-07,0.0008797954651527107,0.002363676542000198,0.005140009747340153,0.005650142072091657,0.008453315915539862,0.01790530802682043,0.05584233999252319,0.19643595373085646,0.3850644999793762,True,True,0.00018467225891072303,0.00018479512495105154,0.000633900286629796,0.04422348230482385,0.1556328026748897,0.16155987512882752,0.2588314950466157,0.8946220880746844,0.9999971389770508,0.27411506677988495,0.7436296483714184,True,True,0.0,0.001366762379184365,0.007193524390459061,0.007103587078745477,0.0008004676972121374,0.007148405107464893,0.007193524390459061,0.007193524390459061,0.007193524390459061,0.012658260380841047,0.05063304152336419,18.709616785129537
to_k,0,5,lemon,True,True,3.63137445447137e-07,2.3498507289332335e-06,0.0009504036861471832,0.0026990318533338885,0.004761725854261494,0.005466987260180967,0.010921407630667098,0.02014863468706608,0.042240846902132034,0.1449730864724499,0.3408257083965213,True,True,8.092103962553665e-05,8.11885374423582e-05,0.00036497465043794364,0.06491010709023612,0.18947161629772843,0.20000157366410728,0.5211438477039344,0.958256328701973,0.9999437928199768,0.19023828118083763,0.6154648352057625,True,True,1.6354776732896426e-07,1.6354776732896426e-07,1.6354776732896426e-07,0.0019165872133939832,0.0019557581508061884,0.0027361183083729696,0.00390625,0.00390625,0.00390625,0.025476599582198427,0.10190639832879371,24.049403866819166
to_k,0,6,yawl,True,True,1.780760983116636e-09,2.3201182159482414e-07,0.001036442758049816,0.0026327770273886987,0.004157392289765563,0.0049154260554059226,0.010193925769999623,0.023465460073202857,0.02797670103609562,0.1215817488292159,0.3059842305147441,True,True,4.744916805066168e-05,4.747051720187301e-05,0.0003234599280403927,0.07561684346529773,0.20335457672333793,0.21666047748234102,0.5631719440221786,0.9929256629943848,0.9986799359321594,0.16475038200735742,0.5364938439880067,True,True,8.407790785948902e-45,0.0013744049938395615,0.007233710493892431,0.007143300637835637,0.0008049428194204309,0.007188369227759109,0.007233736105263233,0.007233736105263233,0.007233736105263233,0.012658252242227826,0.050633008968911306,28.721324547676478
to_k,0,7,lifeboat,True,True,5.0365893677906115e-09,2.1949176371549583e-07,0.0008883113332558423,0.0023838302141747313,0.004615610658298962,0.005188442316442352,0.009222479956224565,0.01999084001407028,0.04319865629076958,0.16681826546264103,0.371977328407423,True,True,0.00011989666381850839,0.00011993971609626897,0.0004959565994795412,0.05448050602642525,0.17798120565325232,0.1858667358896895,0.40261322557926227,0.9643948435783387,0.999974250793457,0.22617860904606424,0.7093010373026273,True,True,5.912237946590561e-36,1.927696828122008e-27,0.00916384533047676,0.008934764238074423,0.0014329480354599643,0.009048587479522766,0.009163876995444298,0.009163876995444298,0.009163876995444298,0.012820535538578539,0.051282142154314155,22.854188902579246
to_k,0,8,soccer ball,True,True,8.969043285844691e-09,9.736759074030488e-07,0.0008391135197598487,0.0023016294778710174,0.004238834944645134,0.0048175793518191986,0.007721557561308147,0.01922863904386759,0.03762819617986679,0.16026255490711538,0.354208850633122,True,True,9.75517978076823e-05,9.772575780516491e-05,0.0004276195395505056,0.05468313696328551,0.17489438539068455,0.18298279663796813,0.3030253499746325,0.9734929025173188,0.9999456405639648,0.2270682464947781,0.6687887928318456,True,True,0.0,0.006638623774051666,0.006638660095632076,0.0065764059720095245,0.0006407657045175184,0.0066074513340711105,0.006638660095632076,0.006638660095632076,0.006638660095632076,0.012618328544282997,0.05047331417713199,23.75844482747363
to_k,0,9,volleyball,True,True,1.4971083928116968e-08,1.2500110344149107e-07,0.0007733214588370174,0.0020768401514209946,0.0044738414959107995,0.004926050655918983,0.007156617427244784,0.01621609102934599,0.048396773636341095,0.20270945079250563,0.378774993748492,True,True,0.00017870316514745355,0.0001787362627510447,0.0006222868978511542,0.039785431620794044,0.14630909914548368,0.15140124903869173,0.23650274500250837,0.9164800012111665,0.9999971389770508,0.30741370665997403,0.7681699557509319,True,True,0.0,0.001366762379184365,0.007193524390459061,0.007103587317396886,0.0008004677241043531,0.007148405347621981,0.007193524390459061,0.007193524390459061,0.007193524390459061,0.012658259955575396,0.050633039822301586,19.156713430050193
to_k,1,0,golden retriever,True,True,2.564834460372367e-07,8.44971809215167e-07,0.0004205736768199131,0.000954725394204381,0.0013934495661088737,0.001687345386646193,0.0033830755390226856,0.006971501316875219,0.010286821983754635,0.10921836868376604,0.29700265490566136,True,True,3.102156551904045e-05,3.113058399321744e-05,0.0003250113222748041,0.06848578341596294,0.19710370076435926,0.20837170044162034,0.5285741031169896,0.9833901441097259,0.9994403123855591,0.1812407574167177,0.6161190925821366,True,True,0.0,0.0060631935484707355,0.006063220556825399,0.006025325597147457,0.0004785877812234516,0.006044243463527979,0.006063247565180063,0.006063247565180063,0.006063247565180063,0.012578672030708513,0.05031468812283405,71.73348884580102
to_k,1,1,labrador retriever,True,True,2.420016853577067e-09,3.3808102386956304e-07,0.0004067818372277543,0.0008107361758285962,0.0011686582437987173,0.001420840325674258,0.0033265896840021024,0.005647383169271053,0.00889299064874649,0.10695715143444073,0.2939216725203708,True,True,2.8840635422966443e-05,2.8909753036714393e-05,0.00042580862645991147,0.07304370640311504,0.2094053327987146,0.22146996036766634,0.6968748211860659,0.9780545914173127,0.9995900392532349,0.16967367581647613,0.5992435921896845,True,True,1.1911036946760945e-43,1.818143283762174e-32,0.008205806836485863,0.008051964547485113,0.0011147880454896873,0.008128530116762591,0.008205842226743698,0.008205842226743698,0.008205842226743698,0.012738882198175237,0.050955528792700946,90.09553117382757
to_k,1,2,tabby,True,True,6.241324257416636e-08,1.3660295259398935e-07,0.00036653703136835247,0.0007966272747948588,0.001155591867225203,0.0014020821933049695,0.0031446621869690725,0.006206660615280271,0.00674104131758213,0.10324958664632547,0.29195336427145546,True,True,2.9921266104793176e-05,2.9937259987491417e-05,0.00035221925645601004,0.07749785699927543,0.21023013447969094,0.22375100573141266,0.6521807014942173,0.9898025780916214,0.9948669672012329,0.1602606615293286,0.5606785288962486,True,True,5.102058204202828e-38,5.102058204202828e-38,0.00823868066072464,0.00808421736001037,0.0011192534215092925,0.008161089619025202,0.008238708600401878,0.008238708600401878,0.008238708600401878,0.01273887785531924,0.05095551142127696,97.28245498402258
to_k,1,3,tiger cat,True,True,4.1939454575867785e-08,2.0635240957744827e-07,0.00030156111461110413,0.0008545522947806083,0.001433218979168876,0.0016667204781419247,0.002996354084461929,0.006136958436109126,0.014559678733348846,0.13088842902855022,0.32068846197129713,True,True,6.399929407052696e-05,6.405814368918073e-05,0.0003191437281202525,0.06360066725501383,0.18339000306573558,0.19383456459931778,0.4089139759540564,0.9596000730991363,0.9999904632568359,0.19314437665112832,0.6176345283136763,True,True,0.0,7.774507266753744e-35,0.007705377414822578,0.007584995456272736,0.0009571162679645539,0.007644956827771197,0.007705410942435265,0.007705410942435265,0.007705410942435265,0.012698443570033628,0.05079377428013451,74.4257170023073
to_k,1,4,orange,True,True,9.287193236673374e-10,1.915813511743636e-07,0.0005978496337775141,0.001260690042191731,0.0016592879964921591,0.002081819438192595,0.004704776569269598,0.007718949071131651,0.010334976948797703,0.09264804930559337,0.24843690157548834,True,True,1.6516514733666554e-05,1.653274126510951e-05,0.0002889692405005917,0.08649334271570411,0.21146934161627864,0.22816799297912554,0.6688754558563235,0.9621819382905962,0.9967692494392395,0.14309054984053393,0.4740212026588702,True,True,1.6716089380930743e-41,7.153338276166258e-31,0.008204687386751175,0.008050863031530752,0.0011146355414358557,0.008127418126562768,0.008204715326428413,0.008204715326428413,0.008204715326428413,0.012738875469460707,0.050955501877842826,68.60793678145816
to_k,1,5,lemon,True,True,3.6412235449034824e-09,6.088311554464098e-08,0.0006128049280960113,0.001361799456124422,0.0018942220987064105,0.002330528347002221,0.005427226587198676,0.008648437075316907,0.009825380519032478,0.08602570191320738,0.2806746960855444,True,True,2.335458884772379e-05,2.3360552313533843e-05,0.0002976936666527763,0.08403681702432664,0.2245808433616798,0.2394600751390673,0.6945711404085162,0.9673375982046127,0.9865810871124268,0.14577952398674987,0.5400715052624047,True,True,1.1499976692119589e-37,1.0004926040192755e-28,0.008693431504070759,0.008503276939154602,0.0012736286578205862,0.008597835745457198,0.008693461306393147,0.008693461306393147,0.008693461306393147,0.012779575110571213,0.05111830044228485,61.710126734437864
to_k,1,6,yawl,True,True,2.5483846144425115e-09,1.3345713746559794e-07,0.0005513926444109529,0.001047288368774657,0.001436818071232475,0.0017761778353842287,0.003339223423972726,0.006285821092315019,0.01224481500685215,0.10556522566250207,0.2679494911076515,True,True,2.1471654690685682e-05,2.148817689885618e-05,0.0004273372032912448,0.06975001883444065,0.18931900578320315,0.201481378319559,0.45840785801410683,0.9571567052602769,0.999882698059082,0.1767234699975998,0.5758324531825239,True,True,5.912285658000674e-36,1.9277111724482724e-27,0.00916384533047676,0.008934764238074423,0.0014329480354599666,0.009048587479522766,0.009163876995444298,0.009163876995444298,0.009163876995444298,0.012820535538578539,0.051282142154314155,66.60058577376279
to_k,1,7,lifeboat,True,True,2.1216918499877835e-10,8.81922445827854e-08,0.0003295110655017197,0.0008225122622458732,0.001199002373159021,0.0014524601858491375,0.0031530264299362907,0.005712084681726993,0.007816611789166927,0.09943862065510774,0.29691694219102793,True,True,3.075780114158988e-05,3.077653895161347e-05,0.00026523866108618677,0.07583164473034003,0.20847138898100373,0.22152865472914224,0.6168618112802509,0.9765693014860153,0.9980785250663757,0.16283306082127127,0.579826340941319,True,True,1.1499976692119589e-37,1.000500379961426e-28,0.008693461306393147,0.008503306246711872,0.0012736330475388413,0.008597865378923446,0.008693492040038109,0.008693492040038109,0.008693492040038109,0.012779576243357956,0.051118304973431825,92.19515405555342
to_k,1,8,soccer ball,True,True,2.2331240856487966e-08,1.8441516573375337e-07,0.0005653308762703091,0.0012514616467020512,0.0018821310457115242,0.0022577651499698804,0.004783329041674733,0.010146795501932503,0.013931366614997387,0.11507070954048064,0.30367551417062316,True,True,3.6622604966396466e-05,3.6648636814788915e-05,0.00037204960244707763,0.06859003467307048,0.1977980416710544,0.20906074581644776,0.5885213047266007,0.9906642842292785,0.9994708299636841,0.18132750659663935,0.6112149163752835,True,True,1.1911036946760945e-43,1.8181287370195825e-32,0.008205770514905453,0.008051930365036241,0.0011147833129646293,0.00812849560927624,0.008205806836485863,0.008205806836485863,0.008205806836485863,0.012738881337259504,0.050955525349038015,54.80793986281902
to_k,1,9,volleyball,True,True,1.655887316154292e-09,3.380570401390059e-08,0.0003704959526658058,0.001030947563279126,0.0015154107112975573,0.0018308866798826737,0.0040738353971391935,0.007707278686575592,0.009412277489900589,0.1009571947803692,0.28811928092944217,True,True,3.2244741305476055e-05,3.2250418917101344e-05,0.00022105346579337493,0.08057320444100924,0.20997795982644513,0.22459964673386879,0.6427939862012867,0.9853145939111709,0.9970417022705078,0.15365089907736007,0.5250843966557937,True,True,9.639031930097267e-32,1.5229600330346672e-23,0.011026933789253235,0.010613442049361765,0.002098220690944157,0.01081822186390187,0.01102697104215622,0.01102697104215622,0.01102697104215622,0.012987034496998222,0.05194813798799289,78.15451271326617
to_k,2,0,golden retriever,True,True,1.3121663755555346e-08,5.118867579767539e-07,0.0007185889990068972,0.0018389811090163799,0.002844568713496754,0.003385377320946238,0.007194828055798986,0.013303413717076197,0.024731066077947617,0.1000579633196754,0.3091131137169298,True,True,4.260238347342238e-05,4.266354499122826e-05,0.0003010104555869475,0.07568024479617748,0.20747137967463367,0.22069122321264315,0.5910703599452942,0.974263604283333,0.9999188780784607,0.14322334558445593,0.573686020442868,True,True,0.0,0.006350789684802294,0.006350789684802294,0.0063011936836119276,0.0005595778646819094,0.006325952889762236,0.006350829266011715,0.006350829266011715,0.006350829266011715,0.01102365656171776,0.05039385856785262,41.153356293397025
to_k,2,1,labrador retriever,True,True,3.906633949668503e-08,3.182363727205484e-07,0.0006887995987199247,0.0019014494572733188,0.003200184830491832,0.0037203079361145296,0.007680171495303508,0.013903438011184337,0.03813861310482025,0.11861548863295249,0.32068134193428854,True,True,6.506307545350865e-05,6.510853672807571e-05,0.0003354568325448781,0.0698440602632104,0.19631026203004906,0.20822030771866096,0.5573630034923548,0.9630577504634857,0.9999990463256836,0.15461754465945104,0.5852544577972039,True,True,0.0,2.8592051827129638e-39,0.0071906135417521,0.007100749666278716,0.0007995216243832424,0.0071455497931646374,0.007190651725977659,0.007190651725977659,0.007190651725977659,0.011075978868312578,0.05063304625514321,36.73200988648254
to_k,2,2,tabby,True,True,6.629730653351373e-10,4.902941145701335e-07,0.0007690756174270064,0.001888713775671021,0.002963954722656508,0.0035126259007678988,0.008355046389624459,0.014788793101906778,0.016795432195067406,0.09158956102875483,0.3313500284941872,True,True,4.594691199599765e-05,4.600880329235224e-05,0.0003383352159289643,0.07381629406173147,0.2164951771650268,0.22857334135242513,0.7068177223205547,0.9841882109642028,0.9939563870429993,0.1466469677814815,0.625028744872025,True,True,0.0,7.75888085620568e-38,0.00719109084457159,0.007101187097578077,0.0007995708776775242,0.007145989984302905,0.00719109084457159,0.00719109084457159,0.00719109084457159,0.011075972936880783,0.050633019140026436,39.082837755819334
to_k,2,3,tiger cat,True,True,1.8996670556048478e-11,9.68113959629591e-07,0.0008789662679191679,0.0021659469797530146,0.0032224075449465857,0.0038805942643945902,0.0084857908077538,0.01574934743344784,0.026704177260398865,0.09490401820790392,0.29672265630256234,True,True,3.449632276897319e-05,3.458206072536996e-05,0.0002891475014621392,0.07640263517379822,0.20932613926570104,0.22267988347171844,0.6240829825401304,0.9807965755462646,0.9998493194580078,0.14173774923397897,0.5653403922652174,True,True,0.0,0.006037588231265545,0.006037588231265545,0.0059998744844051545,0.0004761931692359533,0.006018712441265611,0.0060376315377652645,0.0060376315377652645,0.0060376315377652645,0.011006329401714917,0.050314648693553905,35.27447157663596
to_k,2,4,orange,True,True,3.94118915281183e-09,1.0064449114111088e-07,0.0007314954709727317,0.0018850589867604717,0.002927047011816934,0.003479606976567281,0.00788635709322988,0.013091052388772374,0.031085364520549774,0.10014828424975318,0.30384193312864344,True,True,4.34719113400206e-05,4.348364389443304e-05,0.0003005100879818201,0.07619924060514335,0.2089252800860537,0.22223387266134026,0.6592705219984044,0.9667073738574983,0.999995231628418,0.1417074866739184,0.5659480597611526,True,True,3.887719859949457e-37,3.887719859949457e-37,0.008479497395455837,0.008307239765417761,0.001197110414515464,0.008392917650470465,0.008479497395455837,0.008479497395455837,0.008479497395455837,0.011164298296635742,0.05103679221319196,40.42273538404968
to_k,2,5,lemon,True,True,9.138570788991274e-08,7.749573978799163e-07,0.0009551867260597646,0.0024828008755838015,0.0038836290661798927,0.004606876207200629,0.010039337212219826,0.017359334602952005,0.033824678510427475,0.10851289377560105,0.31312962087503776,True,True,4.518579225987196e-05,4.525072581600398e-05,0.0003021589509444311,0.07093601466964969,0.20316964986133348,0.21504726939184424,0.617719802260398,0.9669955271482468,0.9999209046363831,0.15291974651903734,0.6027930222848826,True,True,0.0,0.006380224600434303,0.006380224600434303,0.006330401770537719,0.0005621716906190323,0.0063552757436898715,0.0063802702352404594,0.0063802702352404594,0.0063802702352404594,0.011023661408463004,0.050393880724402304,28.57096409431945
to_k,2,6,yawl,True,True,1.8431583370670523e-08,6.524744014768659e-07,0.0008810818835627288,0.002157894102083732,0.0033196558910082866,0.003957196388917228,0.008435032330453382,0.014672204693779355,0.03322048485279083,0.09949343056063895,0.302727445539802,True,True,4.1383347706869245e-05,4.144814436585875e-05,0.00032192574872169644,0.07435006598038854,0.20572309322410015,0.21859504863081541,0.5946407228708249,0.963931349515915,0.9999875426292419,0.14444864447602998,0.5782667110572349,True,True,0.0,0.006641249638050795,0.00664128502830863,0.006579005728417542,0.000640517233027391,0.006610063363196439,0.00664128502830863,0.00664128502830863,0.00664128502830863,0.011041038417608678,0.05047331848049681,34.45491876019019
to_k,2,7,lifeboat,True,True,7.097029630642737e-09,2.333629541340088e-07,0.0008963038271758705,0.0021626227458874368,0.003147292678896941,0.0038166622957968945,0.008943625818938013,0.015403280798345825,0.021903622895479202,0.0955598961065837,0.2888174152583561,True,True,3.0467283067991957e-05,3.0485506376862757e-05,0.00028294666844885796,0.07826236479164664,0.20848948355723446,0.2225420049295528,0.697527056932449,0.9794339752197267,0.9989733099937439,0.13882490295256586,0.5523272831664394,True,True,0.0,5.6338117350570954e-36,0.007713089231401682,0.00759258857142413,0.000957324448312585,0.007652609968483112,0.007713123224675655,0.007713123224675655,0.007713123224675655,0.01111113613970871,0.05079376521009696,36.188634814127745
to_k,2,8,soccer ball,True,True,8.338788326511803e-09,5.450948225416142e-07,0.0009713062609080225,0.0021190480972614763,0.0030209101430485274,0.0036880894396844046,0.007784288190305233,0.014122380977496513,0.023184580728411674,0.09380309773367736,0.2848946151396966,True,True,2.7038389816880226e-05,2.707855392145575e-05,0.0003330384352011606,0.07566949240523684,0.20418694944263363,0.21760753242632852,0.5880129873752594,0.9727338045835496,0.9996224045753479,0.14326262650770294,0.5643408264576035,True,True,0.0,0.00634717708453536,0.00634717708453536,0.006297608935710741,0.0005592595209401735,0.006322354056353348,0.0063472166657447815,0.0063472166657447815,0.0063472166657447815,0.011023657230908795,0.05039386162701163,35.70919060451119
to_k,2,9,volleyball,True,True,6.323385548512306e-08,4.730597888169541e-07,0.0009382459975313395,0.002053907283843448,0.0030436066021484833,0.0036698231559875267,0.007798858080059289,0.014077814063057331,0.02381042204797268,0.10043196284344338,0.300516995761234,True,True,3.3747459383448586e-05,3.378508703463012e-05,0.00036673749855253845,0.07094830722479628,0.20338430020350368,0.21525381014892866,0.5932605415582656,0.9690490508079533,0.9997063279151917,0.15286724476321512,0.6065964167404873,True,True,0.0,0.00664128502830863,0.00664128502830863,0.006579042407975066,0.0006405208041559594,0.006610100215916461,0.0066413264721632,0.0066413264721632,0.0066413264721632,0.011041045760889446,0.050473352049780325,34.543091493415275
to_k,3,0,golden retriever,True,True,1.5098100547561444e-09,1.8979514081252093e-07,0.0008342943619936705,0.0019876964274936695,0.0033904502614849562,0.003927865691052854,0.007747834129258985,0.015476842131465706,0.03587188944220543,0.12885913575381602,0.32957899247074923,True,True,6.929872324690223e-05,6.932948221219704e-05,0.0004425320221344009,0.0631695926719658,0.1877925884337689,0.19799330922047353,0.5081739723682397,0.9699366819858555,0.999995231628418,0.17193578463651651,0.6345627595552759,True,True,0.0,7.310577873009463e-35,0.007709286641329527,0.007588845382269937,0.0009568524819354437,0.0076488371884398535,0.007709320168942213,0.007709320168942213,0.007709320168942213,0.011111135502221007,0.05079376229586746,31.78030196070621
to_k,3,1,labrador retriever,True,True,4.1110925427800815e-12,2.84108402581751e-07,0.0007786210917402059,0.0020438570772724316,0.003665025107020863,0.004193897071733228,0.007959833601489658,0.015867466274648908,0.039054397493600845,0.139218455944186,0.34020456541516664,True,True,8.693131530890241e-05,8.698443933099043e-05,0.00042703785584308207,0.06049809542097364,0.18140708004349346,0.1910945542483975,0.46764700561761796,0.9641063469648362,0.999995231628418,0.17937394127498973,0.632066407299983,True,True,0.0,7.75888085620568e-38,0.007191058713942766,0.007101186394720571,0.0007995707985383823,0.007145989277010963,0.00719109084457159,0.00719109084457159,0.00719109084457159,0.011075974033152627,0.05063302415155487,29.59996376151192
to_k,3,2,tabby,True,True,4.487830940202997e-11,4.7492686263694874e-07,0.0007825736538507044,0.0021002582773790002,0.0037076294305310926,0.004258652591442332,0.008709330251440404,0.016382113154977562,0.035989999771118164,0.1327380532022455,0.34633131369416437,True,True,8.109579357551411e-05,8.117795376165304e-05,0.00039720747736282647,0.06354273437558504,0.1917514261294371,0.2018634131346643,0.5468979209661483,0.9679529219865799,0.9999828338623047,0.17052169617774107,0.6432193007420972,True,True,0.0,0.00634717708453536,0.00634717708453536,0.006297609059402021,0.0005592595319246722,0.0063223541805306534,0.0063472166657447815,0.0063472166657447815,0.0063472166657447815,0.011023657014393248,0.05039386063722628,30.2547239356117
to_k,3,3,tiger cat,True,True,6.719482747996608e-10,1.7462063837569985e-07,0.0008261484617833048,0.0022433841244221798,0.004103780433456248,0.004674127949852615,0.008217502478510141,0.020251571796834504,0.044654473662376404,0.14421337269134676,0.3504679147690296,True,True,9.478161518927664e-05,9.481307424721308e-05,0.0004266456526238471,0.056256012084122634,0.17649218503185032,0.18510958698200594,0.38981710672378533,0.9834451872110369,0.9999971389770508,0.1937635486939981,0.6641979229010675,True,True,0.0,0.002705296687781815,0.006936695426702499,0.006860807276098058,0.0007220411395827005,0.0068986379299058815,0.006936695426702499,0.006936695426702499,0.006936695426702499,0.011058480901202072,0.050553055548352335,25.076406430669685
to_k,3,4,orange,True,True,1.5178480694544305e-08,2.9519955973000845e-07,0.000823570357169956,0.0020503319246758882,0.0034483473530871936,0.00400953621083169,0.007356565236113959,0.01663559652864933,0.0390811413526535,0.12509781473739895,0.32793322401181985,True,True,6.484305049525574e-05,6.4885222382145e-05,0.00039629173988942057,0.06085875325571806,0.18482002407693246,0.1944449962922866,0.43081564754247575,0.9811850672960282,0.9999980330467224,0.1785975477423686,0.6523602475714463,True,True,0.0,0.0026987193943932694,0.00691979331895709,0.006844123302289518,0.0007202852943168565,0.006881861960262797,0.006919824052602053,0.006919824052602053,0.006919824052602053,0.011058476335459411,0.05055303467638588,29.682390701368252
to_k,3,5,lemon,True,True,8.627421554940895e-10,2.225016000068081e-07,0.0009751713078003377,0.0024606982443832236,0.004356600734755751,0.005000534932276675,0.009994943859055623,0.01954015947878362,0.05647565796971321,0.13008909603064656,0.3399874619484676,True,True,8.215956040658057e-05,8.21925876516616e-05,0.0004400574107421562,0.06270926371971655,0.18915343350929098,0.19913705944316898,0.5224110156297667,0.9706984186172486,1.0,0.172850039963415,0.6467270126834165,True,True,0.0,0.0027000329643487968,0.006923161447048187,0.006847454408125486,0.0007206358646392989,0.006885211433894706,0.006923191715031862,0.006923191715031862,0.006923191715031862,0.011058475875838691,0.050553032575262585,25.48433716440298
to_k,3,6,yawl,True,True,2.2969331991973263e-10,3.766272007510452e-07,0.0009679407521616668,0.002426116525270283,0.004061601720861818,0.004728305614303627,0.009451029263436774,0.019631371591240197,0.03754543140530586,0.12211845451648755,0.34046166306990644,True,True,6.343004497466609e-05,6.347716320306063e-05,0.00038707672501914203,0.06384065814611403,0.19613228250184722,0.2061150062987636,0.5224792152643182,0.9801541632413866,0.9999656677246094,0.1707319311354148,0.6618581135532643,True,True,0.0,0.002700181519612674,0.006923542357981205,0.006847834392101504,0.0007206758547697895,0.0068855935131192135,0.006923579145222902,0.006923579145222902,0.006923579145222902,0.011058481056174616,0.05055305625679824,26.31392906365115
to_k,3,7,lifeboat,True,True,1.939990390553703e-08,5.265899972073386e-07,0.0008687405497767031,0.002277637633787452,0.0037808671699582387,0.004411377775490646,0.009121338836848736,0.017247850000858326,0.03959454968571663,0.11796036090952072,0.32140458070357525,True,True,6.0898615629412234e-05,6.096422926930245e-05,0.00035103788832202554,0.06865984703244976,0.19485967501679727,0.20645856475196306,0.5593132436275481,0.9715138506889346,0.9999942183494568,0.15794807175560963,0.5934448480843386,True,True,0.0,0.006065273657441139,0.006065323017537594,0.0060273913797573185,0.00047837710799668103,0.006046315732117438,0.006065323017537594,0.006065323017537594,0.006065323017537594,0.011006331980882328,0.0503146604840335,30.1452022103605
to_k,3,8,soccer ball,True,True,4.895171823449118e-09,1.4359122042151285e-06,0.0008727162203285843,0.002305125425336809,0.0035526686143577306,0.004232651236241747,0.009672285337001079,0.01585747400298715,0.03252545744180679,0.10378481283432275,0.29923346568016007,True,True,4.178790550213307e-05,4.1925953155441675e-05,0.0002812502352753654,0.075466993656471,0.20435260077176498,0.217692449562397,0.6681580275297159,0.9662670868635178,0.9999580383300781,0.14335602397652553,0.5566254439238413,True,True,0.0,0.005702472757548094,0.005702519323676825,0.0056757667909550944,0.00038981182780562174,0.005689116319731509,0.005702519323676825,0.005702519323676825,0.005702519323676825,0.010989053532310422,0.05023567329056193,32.73877977613486
to_k,3,9,volleyball,True,True,3.0565871611543116e-08,1.217711441086067e-06,0.0009351458866149187,0.002050630331505371,0.003084671873354118,0.0037020829031596592,0.0075762592721730455,0.013709941357374201,0.028440188616514206,0.10704872300643425,0.2945355303923391,True,True,3.666288102976978e-05,3.6779330475837927e-05,0.0003799230617005378,0.07072899486466895,0.19733234383655407,0.20947983388464395,0.5508662462234495,0.9640484046936036,0.9999608397483826,0.15329368043679356,0.582734764644857,True,True,0.0,0.00634717708453536,0.0063472166657447815,0.006297610172623536,0.0005592596307839407,0.006322355298126299,0.0063472166657447815,0.0063472166657447815,0.0063472166657447815,0.011023655065753712,0.050393851729159826,34.491343358189134
to_k,4,0,golden retriever,True,True,1.5531116392963895e-09,1.5950308736023546e-07,0.0007828644884284586,0.0019126390272514928,0.0031228556912273075,0.0036609830358703545,0.007696830644272264,0.014196646036580217,0.0477885939180851,0.10625584186785361,0.3173450451898763,True,True,5.616300768451765e-05,5.618592596874805e-05,0.00037952016282361,0.06672935834122029,0.19610448227928026,0.2070742155084236,0.5779583305120464,0.9714105510711671,1.0,0.15074905836628708,0.6253351399611812,True,True,2.802596928649634e-45,9.621897887705483e-34,0.007837404496967793,0.007708835765515687,0.0009959907113460946,0.0077728612079939335,0.007837432436645031,0.007837432436645031,0.007837432436645031,0.010325673760070212,0.050834086203422585,34.88863156636093
to_k,4,1,labrador retriever,True,True,4.505517625652544e-10,3.9289582332457944e-07,0.000746380421333015,0.0018550120689620128,0.0030255982495712664,0.0035479801000116366,0.007108578784391281,0.013103985777124768,0.04508758336305618,0.10608344685318526,0.31048100903519793,True,True,5.587312989518978e-05,5.593162582954392e-05,0.00036708642437588423,0.06811135734745051,0.19260085573003302,0.2042186722336654,0.5256875574588771,0.9613657742738725,1.0,0.14712481166876276,0.5981770363963668,True,True,0.0,3.377129299022809e-43,0.0069251032546162605,0.006849344979127636,0.0007205529796696906,0.006887112429550631,0.0069251032546162605,0.0069251032546162605,0.0069251032546162605,0.010268584827312105,0.05055303299599806,36.71747396531106
to_k,4,2,tabby,True,True,1.4924540492344818e-09,4.150078240172662e-07,0.0007856870943214744,0.0019352876580111297,0.0029436538535427,0.00352188397323181,0.008015457494184369,0.013577401107177145,0.03232498839497566,0.09486167213476203,0.3012919577887445,True,True,3.894140536431223e-05,3.8986398685665335e-05,0.00030842662090435624,0.07421044368269918,0.20605335169895508,0.21893378770339336,0.6650764942169183,0.9722841179370881,0.9999971389770508,0.13546362335332693,0.5816420652073951,True,True,0.0,0.006038275081664324,0.006038275081664324,0.00600055709874141,0.00047606113044863394,0.006019397198824088,0.006038318853825331,0.006038318853825331,0.006038318853825331,0.010220163703137915,0.05031465207698666,38.345949955038876
to_k,4,3,tiger cat,True,True,8.849677657352117e-10,1.0774519346057335e-07,0.0008981635619420558,0.0020717893312302785,0.0032158645287101322,0.0038243974925136304,0.008256524614989756,0.01387318637222056,0.0370919369161129,0.10163888136870758,0.29982668483620273,True,True,4.339112274465151e-05,4.3402931332821026e-05,0.00037097423046361655,0.07249257228739907,0.1993932716787758,0.2120891066099744,0.6083613008260725,0.9578345978260048,0.9999990463256836,0.1387334468687015,0.5734752403845352,True,True,5.605193857299268e-45,1.694066255081432e-33,0.007591729052364826,0.007479055747535312,0.0009184081737105481,0.007535190076205777,0.007591762579977512,0.007591762579977512,0.007591762579977512,0.010309301241444259,0.0507534830348025,34.99032029687653
to_k,4,4,orange,True,True,3.938452763918576e-08,1.1062822693475027e-06,0.0008961281564552337,0.0021186353393652076,0.0032813041552994626,0.00390476132121644,0.008069817814975976,0.015576565219089403,0.04029650613665581,0.10438558058805496,0.3042572947225589,True,True,4.289144271751866e-05,4.300564312870847e-05,0.0003512170660542324,0.06826523334908359,0.19526023154310151,0.20677744976910695,0.5609128594398498,0.9774094539880754,0.9999990463256836,0.147988617160231,0.6028741574644403,True,True,0.0,0.0057032969780266285,0.0057032969780266285,0.005676585656328825,0.0003897156264168444,0.00568993711109478,0.005703343544155359,0.005703343544155359,0.005703343544155359,0.010204123812656249,0.05023568646230769,32.22132288680573
to_k,4,5,lemon,True,True,1.952981110164842e-09,3.941783168670554e-07,0.001035172666888684,0.0023302073544612632,0.003294865344162599,0.004034541187473594,0.00866270917467773,0.0157087722979486,0.025979507714509964,0.08522725223000345,0.27972070225562595,True,True,2.5764595193322748e-05,2.5790298113861354e-05,0.0003028211649507284,0.07691977201212552,0.20619106189616446,0.21999588787224683,0.60783172249794,0.9761200892925262,0.9997177124023438,0.13083921082710617,0.5506630502909834,True,True,0.0,0.0066535817459225655,0.0066535817459225655,0.006591225306328852,0.0006414559920061087,0.006622340626305945,0.006653623655438423,0.006653623655438423,0.006653623655438423,0.010252398015534467,0.05047334407647738,33.009840031986826
to_k,4,6,yawl,True,True,3.9115442655723864e-12,2.6351377243827304e-07,0.0007707714103162289,0.001920528643414072,0.0028812368657412223,0.003461714976653795,0.007259161281399428,0.011864435272291304,0.03411220759153366,0.09487867781307668,0.28768010720071796,True,True,3.612498039728962e-05,3.615225796238519e-05,0.0002898561069741845,0.07337814444426556,0.19894200029294268,0.2119701660919444,0.5782607465982437,0.9440422356128693,0.9999990463256836,0.13615335047524063,0.5651724456093501,True,True,0.0,1.487901489596244e-35,0.0075834705494344234,0.007470919648403651,0.000917409082355352,0.0075269929112821345,0.00758350407704711,0.00758350407704711,0.00758350407704711,0.010309301519387503,0.050753484403138475,38.20726376349337
to_k,4,7,lifeboat,True,True,4.232351448474336e-12,5.182797403335827e-07,0.0009395634988322854,0.0020720938791045493,0.0030391606308256304,0.0036773433848685004,0.008275634469464421,0.013839659383520504,0.03419546037912369,0.09208636187929807,0.29143043435385124,True,True,3.184809611411765e-05,3.189320228557335e-05,0.0003510189853841439,0.07363875322674289,0.20444484988846798,0.21722731912032314,0.65581257045269,0.9687144917249683,0.9999980330467224,0.13649390017999746,0.5825709049868389,True,True,0.0,0.0053602325683459705,0.006785104516893625,0.006716214387415676,0.00068057757067194,0.0067505821721908985,0.00678514689207077,0.00678514689207077,0.00678514689207077,0.010260489637096025,0.05051317975185735,35.538328629475856
to_k,4,8,soccer ball,True,True,3.430128625581119e-09,3.204844909987515e-07,0.0009978861780837178,0.00218445926609402,0.0032599372173121323,0.003923104695688994,0.008464625570923088,0.01661200320348145,0.029136281460523605,0.09566303956762677,0.2995599676239278,True,True,3.5088487493339926e-05,3.511668030114379e-05,0.00037354214873630553,0.07229669494124664,0.20227240564799814,0.21473000261968725,0.6097298741340634,0.9857105606794359,0.9999408721923828,0.13978016737993348,0.5883004395114021,True,True,0.0,0.00535978413186968,0.006784536875784397,0.00671564930016757,0.000680520308311604,0.006750014193305568,0.006784573197364807,0.006784573197364807,0.006784573197364807,0.010260485391042825,0.05051315884821083,33.095922667635115
to_k,4,9,volleyball,True,True,5.232877325900276e-11,2.0013543633012887e-07,0.0008683816704433411,0.00196593911786966,0.0028947907590508087,0.003498311510504602,0.007790638995356858,0.01327751726843417,0.024090241640806198,0.09392820448445341,0.2925669317312655,True,True,3.256055788369849e-05,3.257922391640023e-05,0.0003349286562297493,0.07536307408402365,0.20577880461265335,0.21906945792886648,0.644495815038681,0.9703866505622865,0.9998550415039062,0.13373338715882352,0.5660734270177066,True,True,0.0,2.9244118041533905e-40,0.007057723123580217,0.006975000342936255,0.0007598262841769535,0.007016232231215769,0.007057723123580217,0.007057723123580217,0.007057723123580217,0.010276702071628367,0.05059299481417042,38.334388587622655
to_k,5,0,golden retriever,True,True,2.2559940027200298e-10,1.4758674524273374e-07,0.0006368952163029462,0.0015720965409920132,0.002727209824918164,0.0031469588940694323,0.005810396536253392,0.011798698604106914,0.0351918525993824,0.13305111904559308,0.32815031566740205,True,True,7.492941949749365e-05,7.496157886635046e-05,0.00043407130578998476,0.05674602413583898,0.17443959595277797,0.1833726018255497,0.43833705931901923,0.9630071049928667,1.0,0.17820466170132784,0.6572523190272793,True,True,1.401298464324817e-44,3.6741185307744185e-33,0.007962746545672417,0.007825900394527708,0.0010353210605103045,0.007894033776820205,0.007962774485349655,0.007962774485349655,0.007962774485349655,0.01033388163531732,0.05087449420463911,36.09576298668751
to_k,5,1,labrador retriever,True,True,4.3210670597204626e-09,1.7360243859343432e-07,0.0006102516781538725,0.0014449429121193163,0.0023558150683222006,0.002762858813560839,0.005171440355479717,0.011021266262978337,0.02738858200609684,0.11620822280210513,0.3184396523772387,True,True,5.576349940383807e-05,5.5795840889913965e-05,0.0004002983623649925,0.06283315758627736,0.18638749120812037,0.19662441789915747,0.4519199341535568,0.9760443502664569,0.9999990463256836,0.1608081447886979,0.6361504944455708,True,True,9.80908925027372e-45,2.847055766557227e-33,0.007838028483092785,0.0077094524924177675,0.0009960703932424876,0.007773483057104288,0.007838062942028046,0.007838062942028046,0.007838062942028046,0.01032567835825748,0.05083410884065221,43.484872003779834
to_k,5,2,tabby,True,True,2.490794792642248e-10,3.494639403811562e-07,0.0006896865670569241,0.0015109913055322544,0.002426710357716734,0.0028578693399847373,0.005845755408518014,0.01211691913194957,0.02552889846265316,0.11262353563430831,0.3183556147463663,True,True,5.1724433433264494e-05,5.178473697014851e-05,0.00044803730270359665,0.06447073771563794,0.1912567860634372,0.20175989881430423,0.5485774517059321,0.9843809586763385,0.9999942183494568,0.15694909320811315,0.6352538317070725,True,True,0.0,0.005358481863513595,0.006782888434827328,0.006714017315971432,0.0006803549336204852,0.0067483738580231736,0.00678292429074645,0.00678292429074645,0.00678292429074645,0.010260485129226431,0.050513157559268586,42.667841621317464
to_k,5,3,tiger cat,True,True,8.38857386331604e-11,1.9793509302701304e-07,0.0006305791612248868,0.0015844072816358604,0.0025956401118742427,0.0030401365876661346,0.006163373729214072,0.011495481850579383,0.029970230534672737,0.11212282319303277,0.3158627350935325,True,True,5.7100653066299856e-05,5.713571703381604e-05,0.0003643212985480204,0.06560287189057874,0.19043226238028388,0.20134510611557863,0.5384753167629241,0.9664375728368759,0.9999990463256836,0.15302479693275867,0.6130078653667451,True,True,0.0,3.9072907037089183e-35,0.007457769941538572,0.0073529107132344505,0.0008784874874616216,0.007405162611336908,0.007457802537828684,0.007457802537828684,0.007457802537828684,0.010301132432968721,0.05071326736230755,41.40530825056891
to_k,5,4,orange,True,True,9.05877484136397e-10,3.3257252511020864e-07,0.000696800765581429,0.001485023993631902,0.002147260416874973,0.0026100615756795946,0.005583055783063173,0.009626689190045001,0.023383093997836113,0.09068682548012459,0.28225385290574373,True,True,2.935898010036908e-05,2.9396758563962066e-05,0.0003653405874501914,0.07402009089857983,0.20167918961795964,0.21475961545868458,0.6021738976240157,0.9651575767993927,0.9999961256980896,0.1352744529406263,0.5664182616337279,True,True,0.0,4.181831948653657e-39,0.007327788509428501,0.007230481530132238,0.000839188877511523,0.00727898007579405,0.007327820640057325,0.007327820640057325,0.007327820640057325,0.010292976763087186,0.05067311637212153,49.84437370439379
to_k,5,5,lemon,True,True,3.593929598366685e-10,1.216070499054922e-07,0.0007074647292029113,0.001691762515535318,0.002617327205288385,0.0031156235703604087,0.006449095788411796,0.012344520641490825,0.030053991824388504,0.09959124165701935,0.2981299058670358,True,True,4.26420992880594e-05,4.265822488378035e-05,0.00034246295399498194,0.06984432607098938,0.1947424158225074,0.2068168508712251,0.5626832842826843,0.9764109069108964,0.9999980330467224,0.14391587192072705,0.5797079154947817,True,True,0.0,2.8422189229881112e-36,0.007454536389559507,0.007349722960134386,0.0008781066313234358,0.0074019522051471,0.007454569451510906,0.007454569451510906,0.007454569451510906,0.010301132628068924,0.050713268322800854,41.28494716581943
to_k,5,6,yawl,True,True,4.973953540710063e-11,2.107741265433561e-07,0.0005563501908909529,0.0013824655104972665,0.0022294128633240083,0.0026225196987399464,0.005216566030867397,0.009609064739197506,0.029252495616674423,0.11198495271757014,0.3079070646460725,True,True,5.2802170102950186e-05,5.284256218146766e-05,0.00035634427331387997,0.06678209317397546,0.18923254821340837,0.2006011702960485,0.5179623216390608,0.9596628570556643,1.0,0.15083463187649906,0.5971623307752358,True,True,0.0,1.811967196175241e-39,0.007057872600853443,0.006975178682841943,0.0007598457117528106,0.007016411625356688,0.007057903800159693,0.007057903800159693,0.007057903800159693,0.010276702394262692,0.05059299640252402,48.3065166305337
to_k,5,7,lifeboat,True,True,4.844595835606924e-10,9.779991280822742e-08,0.0007184296264313161,0.001703979188201487,0.002883149608569899,0.0033480744552999353,0.006372377253137528,0.013000624384731077,0.02892392687499523,0.12246330270170928,0.3283704770823211,True,True,6.67198546580039e-05,6.673784329905175e-05,0.00043741799890995026,0.06153959000880036,0.18478587232515897,0.19469530895384043,0.4700831338763235,0.9706208145618441,0.9999885559082031,0.1639476579851023,0.642412337678491,True,True,0.0,1.32469029788056e-34,0.0074609387665987015,0.007356035381235415,0.0008788608065293265,0.007408309484127791,0.0074609718285501,0.0074609718285501,0.0074609718285501,0.010301132499581015,0.050713267690245,36.115223962185866
to_k,5,8,soccer ball,True,True,8.611923951740152e-10,4.376894192859028e-08,0.0006854234961792827,0.0015996836261816239,0.00231112425549765,0.0028100018044924825,0.006109838932752604,0.011124900719150909,0.025341946631669998,0.08965766211176583,0.28237550748709983,True,True,2.9218201234471053e-05,2.9222703578852815e-05,0.00029726276989094913,0.0758389112195701,0.20360770657858723,0.21719864423255542,0.6200833827257146,0.9780547642707825,0.9999961256980896,0.13271054787656028,0.5554493434487431,True,True,8.514624659830255e-38,8.514694164234086e-38,0.008585851639509201,0.008404757928656182,0.0012342446936050506,0.008494829349553147,0.008585880510509014,0.008585880510509014,0.008585880510509014,0.010375117246095326,0.051077500288469295,47.40869380565851
to_k,5,9,volleyball,True,True,6.047651268659138e-10,2.075865009487643e-07,0.0006109921669121832,0.0015619546137752766,0.0024624894145347615,0.002915273391323866,0.006087160017341374,0.011310942433774474,0.02715885639190674,0.10411374124783304,0.3112523690374824,True,True,4.7056146286195144e-05,4.7088346946111415e-05,0.0003183391090715304,0.06947882648847496,0.1981596400378041,0.20991396508231852,0.5715647637844083,0.9724523955583573,0.9999971389770508,0.14505177019764118,0.6065466276089426,True,True,0.0,1.4538586810155683e-36,0.007198496721684933,0.007108531023550313,0.0008000848191480719,0.0071533802446521,0.00719852838665247,0.00719852838665247,0.00719852838665247,0.010284832926061391,0.05063302363599454,44.481975260819645
to_k,6,0,golden retriever,True,True,1.0577291820190737e-10,7.177513531075877e-08,0.0005373532476369292,0.0012736851178164472,0.002233576271751068,0.002570455055410935,0.004706827620975673,0.010601631840690979,0.03228810802102089,0.1300654418029484,0.3324396894090769,True,True,7.87091048550792e-05,7.872908361605368e-05,0.00047664511657785624,0.056078077480123056,0.17616058026471212,0.18480545617851396,0.42997376173734664,0.9796792936325074,1.0,0.18019805572397454,0.6733341166928173,True,True,0.0,5.010608955227311e-35,0.008106210269033909,0.007960568668931956,0.0010772340806040096,0.008033067920085577,0.008106245659291744,0.008106245659291744,0.008106245659291744,0.010342107568080008,0.05091499110439389,44.028211286837504
to_k,6,1,labrador retriever,True,True,9.077581893633668e-13,2.0301790343069118e-07,0.00046584467054344714,0.0011198475551221095,0.0018338090759774499,0.0021480891608155854,0.004384443303570151,0.00844887278974057,0.021054742857813835,0.11217517423735951,0.32074692396419974,True,True,5.698315362678841e-05,5.703406026441371e-05,0.0003937103756470606,0.06607706988858979,0.1919615608709391,0.2029448978113351,0.5458355009555816,0.9738325804471971,0.9999980330467224,0.1526197070952943,0.6190631540895352,True,True,0.0,9.79361712156554e-37,0.007586353924125433,0.007473757088519051,0.0009177575124059299,0.007529851647902069,0.0075863804668188095,0.0075863804668188095,0.0075863804668188095,0.010309296342329488,0.050753458916083634,59.005415144550334
to_k,6,2,tabby,True,True,1.9833676367930764e-11,1.9065007663243706e-07,0.0005300660559441894,0.0011549109206040148,0.001841235728219515,0.002172859794715445,0.0043379570124670854,0.008316826345399058,0.019478226080536842,0.11485444472388971,0.31310145664665145,True,True,4.9831945943878964e-05,4.987384341802681e-05,0.00044513095053844154,0.06452551228606751,0.1907068299789847,0.20125661077575452,0.5221471101045607,0.9684655261039741,0.9999942183494568,0.15675510881810376,0.6309797970941752,True,True,0.0,2.5984277423975083e-41,0.006921280641108751,0.006845596727362136,0.0007201586626153456,0.006883343509842872,0.006921316962689161,0.006921316962689161,0.006921316962689161,0.010268589898283264,0.05055305796077914,55.87055342096936
to_k,6,3,tiger cat,True,True,8.872382828428726e-09,1.8741462625371242e-07,0.000502201117342338,0.0011472334566354346,0.001806738122277486,0.00213960206816011,0.004760069958865641,0.007822883576154713,0.0206612516194582,0.10862718363886262,0.3091583156958138,True,True,4.680001438828185e-05,4.683770348492544e-05,0.00039264756196644157,0.06698894694374928,0.19535824721047243,0.2064522886306109,0.639556276798248,0.960078886151314,0.9999980330467224,0.15020150873154636,0.6203765961346378,True,True,0.0,5.4577354665268975e-36,0.007715048734098673,0.007594517154211644,0.0009571932014457277,0.007654553797221098,0.007715082261711359,0.007715082261711359,0.007715082261711359,0.010317483340866828,0.05079376413965208,58.39173060748426
to_k,6,4,orange,True,True,4.1748167423083515e-11,1.0747931106891429e-07,0.0005435529164969921,0.001190978413008262,0.0016149483324947214,0.002006103225528424,0.004564035497605799,0.007464988245628788,0.014390729367733002,0.07868241605212216,0.2682240210613929,True,True,1.9968329070252366e-05,1.9979596563644007e-05,0.0002859897358575836,0.08052022871341791,0.21050544795937634,0.22530297751679904,0.6737388879060742,0.9691989642381671,0.9999322891235352,0.1247271209942502,0.5375063924656283,True,True,0.0,6.939118339874857e-37,0.007454785984009504,0.0073499685691786,0.0008781359754046717,0.007402199559558802,0.0074548181146383286,0.0074548181146383286,0.0074548181146383286,0.010301132006780388,0.0507132652641496,67.60847034165289
to_k,6,5,lemon,True,True,1.1905016972235671e-09,2.1402284758664794e-07,0.0005540182464756072,0.0013573055451823477,0.0020024630849441376,0.0024184714279202493,0.0054633034160360685,0.00957883975468576,0.018750375136733055,0.08872505603417004,0.2933792773701773,True,True,3.2916901545831934e-05,3.294589856523089e-05,0.0002854459744412452,0.07676732744514539,0.20906395646133064,0.22263605679248755,0.6593671977519987,0.9775968253612518,0.9999675750732422,0.13105910148690103,0.5643705952191718,True,True,0.0,5.4577354665268975e-36,0.007715048734098673,0.007594517258985434,0.000957193214651188,0.007654553902823157,0.007715082261711359,0.007715082261711359,0.007715082261711359,0.01031748319852706,0.05079376343890245,56.5586191831494
to_k,6,6,yawl,True,True,1.1195580053302567e-11,2.767087147503844e-07,0.0005163624591659755,0.0011381945211554052,0.0016501371179732036,0.002004073843313696,0.004421322653070091,0.007632775404490548,0.01798475906252861,0.09172088895369429,0.2851316276225486,True,True,2.9810435080435127e-05,2.985205253935419e-05,0.0003405987663427368,0.07519023920704626,0.20389127408012625,0.21723891425152536,0.6355553418397901,0.9711740344762806,0.9999961256980896,0.13412994608178536,0.5606894660754874,True,True,0.0,1.5076491704956705e-38,0.007191738113760948,0.007101860410330119,0.0007993340232645857,0.007146667545135078,0.007191776763647795,0.007191776763647795,0.007191776763647795,0.010284837850312338,0.05063304787846074,66.06097447272815
to_k,6,7,lifeboat,True,True,2.7833266802446133e-09,3.6529144381347584e-07,0.0006596744642592967,0.0014227354110645444,0.0022997880892817978,0.002703529037113987,0.005215473286807535,0.01029150434769692,0.026248419657349586,0.11868959559376258,0.3111167989712983,True,True,5.3432286222232506e-05,5.350044317310676e-05,0.00046954615390859544,0.062200762802669375,0.18268415969678412,0.1929154323758395,0.4845161125063892,0.967941203117371,0.9999980330467224,0.16249449624734352,0.6277768282355148,True,True,0.0,3.377129299022809e-43,0.006925072520971298,0.0068493474973365664,0.0007205532446619526,0.0068871149616529705,0.006925109773874283,0.006925109773874283,0.006925109773874283,0.010268590718788963,0.05055306200019182,43.71913591166499
to_k,6,8,soccer ball,True,True,2.087382933169124e-09,2.3477334536892161e-07,0.0005932605126872659,0.001344772602836201,0.0019748886174548504,0.0023886296040031437,0.005608229525387286,0.009631202165037404,0.015957225114107132,0.09032509753875524,0.28888155185531844,True,True,3.207725967513397e-05,3.2108623199746946e-05,0.00033159607846755534,0.07837348232778822,0.21057022144842216,0.22460538820358592,0.6990298897027968,0.9801981484889986,0.9997949600219727,0.12865807498271004,0.5470569051224462,True,True,0.0,2.2331309528742255e-38,0.007325075566768646,0.007227804711874342,0.0008388781988841341,0.007276285302744583,0.007325108163058758,0.007325108163058758,0.007325108163058758,0.010292977293484865,0.0506731189833101,58.28010041437054
to_k,6,9,volleyball,True,True,4.73481254203989e-10,1.0212551295296637e-07,0.0006449983338825405,0.0013692816495927728,0.002107205333712405,0.002512325129989398,0.005066915950737888,0.010402345033362511,0.02097848802804947,0.09946028604252423,0.3069502268676111,True,True,4.145866114413366e-05,4.147506148001412e-05,0.00043161843495909125,0.07021734913106456,0.1997953034908199,0.2117013305364586,0.5341633051633822,0.9826488953828812,0.9999866485595703,0.14369530923957438,0.5987332298734948,True,True,1.497007149438202e-41,6.5932754033102e-31,0.008211507461965084,0.008057558313885238,0.0011142534079452975,0.00813417707389724,0.00821154285222292,0.00821154285222292,0.00821154285222292,0.010350341734315725,0.050955528538169724,51.28042806382992
to_k,7,0,golden retriever,True,True,1.5358938565412927e-09,3.782821694642282e-07,0.0006381651619449258,0.001501882210934834,0.0029301946204776776,0.003291653512331965,0.00505006886087358,0.012892052847892084,0.035469572991132736,0.16105179459567667,0.359778015014315,True,True,0.000123580452054739,0.00012370298180030658,0.0006078766309656203,0.046938110542112096,0.16105312641492303,0.1676932664158461,0.2709409907460213,0.9689436566829687,0.9999990463256836,0.2157752655431474,0.7279269446240708,True,True,0.0,1.6643107514831163e-37,0.006939725484699011,0.006863837027776753,0.0007220775471812236,0.006901684387699125,0.006939756218343973,0.006939756218343973,0.006939756218343973,0.010268585749825936,0.05055303753760461,31.25285738146926
to_k,7,1,labrador retriever,True,True,1.4225266298240058e-08,6.910417010885795e-07,0.000495627784403041,0.0012634444090177653,0.002156072117989138,0.0024982607944722,0.004575829743407666,0.009648999702185395,0.025865240022540092,0.12770874790556716,0.3236516905447736,True,True,6.945191853446886e-05,6.962601844861637e-05,0.0003951678954763338,0.058682204276550465,0.1767750749764183,0.18619509826181102,0.42960167974233615,0.9696162563562394,0.9999990463256836,0.1721817848037167,0.637510869809183,True,True,0.0,0.0057029444724321365,0.0057029444724321365,0.005676232415498817,0.00038969137516858745,0.005689583039424695,0.005702985916286707,0.005702985916286707,0.005702985916286707,0.010204118942370137,0.05023566248551452,46.44620994616736
to_k,7,2,tabby,True,True,7.850759486949244e-10,1.9790787874285346e-07,0.0005433197948150337,0.0013066450358010652,0.0023219136613864323,0.0026635300562661145,0.004574219160713254,0.010883789910003603,0.028651298955082893,0.13669895245379798,0.33774507861840103,True,True,8.351857832167298e-05,8.357461054401938e-05,0.00047973163600545377,0.05453329245435725,0.17331761918227653,0.18162986851954135,0.36583787947893126,0.9766431951522834,1.0,0.1857899150732016,0.6774815107745608,True,True,0.0,2.0374264445205063e-36,0.0073259733617305756,0.007228660657710861,0.0008389775422206864,0.007277146989847504,0.0073259733617305756,0.0073259733617305756,0.0073259733617305756,0.010292974103813888,0.05067310328031452,41.73535348942302
to_k,7,3,tiger cat,True,True,1.947282335379441e-09,1.1477757794864375e-07,0.0005416233907453716,0.0012857521951714107,0.002288747099266175,0.0026243912666505153,0.0047604880761355165,0.008745632385835056,0.030899841338396072,0.13918323712140526,0.32924986392938616,True,True,8.416329364990816e-05,8.419606667303014e-05,0.0004920948122162372,0.0541626319600482,0.16794902417725024,0.1764041632219987,0.42067371755838395,0.9270972639322282,1.0,0.18583334019621187,0.6629129883535648,True,True,0.0,4.892770130712463e-37,0.00732432072982192,0.007227063209938933,0.0008387921382599903,0.007275538827182379,0.00732435891404748,0.00732435891404748,0.00732435891404748,0.010292980434776531,0.05067313444813062,42.125249455885616
to_k,7,4,orange,True,True,3.574956997098866e-11,4.600208515626037e-07,0.0005981961148791015,0.0012760358763272072,0.0018943802657842646,0.002283449253975218,0.0048974515870213505,0.009021842442452918,0.014995581470429897,0.09420119264195283,0.29859633628809756,True,True,3.408898555790074e-05,3.415747054532403e-05,0.00039040789124555886,0.0731612291650606,0.20448431798577005,0.21710305086625797,0.6035117775201796,0.9769582629203798,0.9997435212135315,0.13790464112525308,0.5863101020799579,True,True,0.0,0.005358481863513595,0.006782888434827328,0.006714016951809754,0.0006803548967185249,0.006748373491998012,0.00678292429074645,0.00678292429074645,0.00678292429074645,0.010260485685745058,0.05051316029905259,57.3347744544921
to_k,7,5,lemon,True,True,3.1342314854576614e-10,2.641523293789306e-07,0.0006748851737938821,0.0015055677465209854,0.0023224479789400714,0.0027669992727938565,0.005688775796443221,0.010735873440280569,0.02479034662246704,0.10595947549320234,0.29829441037989246,True,True,4.1985294956248254e-05,4.202435367915314e-05,0.0003907984064426273,0.06934893736229526,0.19377591563248875,0.2057402375662897,0.5553217202424998,0.9729441595077517,0.999995231628418,0.14553484987073095,0.5813931797687293,True,True,0.0,0.00535978413186968,0.006784536875784397,0.006715648846147814,0.0006805202623039647,0.006750013736962509,0.006784573197364807,0.006784573197364807,0.006784573197364807,0.010260486084715643,0.05051316226321548,46.06165184034025
to_k,7,6,yawl,True,True,2.017602751536174e-09,1.2784855243808127e-07,0.000447095328127034,0.001151156281045569,0.0017304342130656384,0.0020777930532500754,0.004722817195579408,0.008232542378827932,0.013679959811270237,0.09257649339499024,0.2998606422019133,True,True,3.652188752312213e-05,3.654378015198745e-05,0.0002737452887231484,0.07628298286688277,0.20848605271006998,0.2219269463089066,0.6645203173160551,0.9771617490053177,0.9997425079345703,0.1321948125427868,0.5670065916967978,True,True,1.2687076036304029e-40,3.337001262436347e-30,0.008698888123035431,0.008508582483045757,0.001272927817129272,0.008603200288480184,0.008698888123035431,0.008698888123035431,0.008698888123035431,0.010383407891457997,0.05111831577333168,66.26640024723375
to_k,7,7,lifeboat,True,True,7.331265455823299e-11,1.8125740268715164e-07,0.0006569231627508998,0.0014557124129934685,0.0025283736390362514,0.002916638066667412,0.0053869610419496885,0.011041430421173587,0.030658982694149017,0.13022164327341312,0.32915136203576023,True,True,7.53461426938884e-05,7.538899262726773e-05,0.0005248093220870942,0.05834710486278709,0.17776710655157374,0.1870316562074546,0.4387162670493125,0.9650156354904177,0.9999990463256836,0.17296229294834764,0.6508084006470436,True,True,1.401298464324817e-44,3.6741185307744185e-33,0.007962746545672417,0.00782590056915069,0.0010353210836119224,0.007894033952963482,0.007962774485349655,0.007962774485349655,0.007962774485349655,0.01033388140473258,0.05087449306945271,40.08147786746178
to_k,7,8,soccer ball,True,True,2.995640888125983e-11,2.3712209781479035e-07,0.0005439859814941883,0.0013420863948698535,0.001897409010423919,0.002323476752280562,0.004965640720911323,0.009986434951424603,0.012501858174800873,0.0854865328141696,0.2784883345065384,True,True,2.5742807338247076e-05,2.576978280558251e-05,0.0002474016946507618,0.07802248650226602,0.20463931127152674,0.21893387019349395,0.6026987195014951,0.9881423258781433,0.9982070922851562,0.12946090524330195,0.5397026235233852,True,True,0.0,5.273059879978724e-35,0.007583963684737682,0.007471405463729752,0.0009174687391865449,0.007527482372913076,0.0075839972123503685,0.0075839972123503685,0.0075839972123503685,0.010309301517880986,0.050753484395721776,58.13521901459415
to_k,7,9,volleyball,True,True,4.944979981047481e-10,1.2384357063410793e-07,0.0005739320768043399,0.001395928183492247,0.002312242372207226,0.002700167282907296,0.005296784406527874,0.012582495668903014,0.02307451143860817,0.1195552095073053,0.3237290089859781,True,True,6.0263730119913816e-05,6.028962299751584e-05,0.0003969292592955753,0.06286839314137467,0.18680835666698548,0.1970343457690595,0.5025621801614756,0.9919885253906251,0.9999875426292419,0.16113232728600738,0.6312378275124098,True,True,1.3654560522043169e-39,1.3654560522043169e-39,0.008340073749423027,0.008177198107296136,0.0011545755955427893,0.008258242685374166,0.008340109139680862,0.008340109139680862,0.008340109139680862,0.010358588888082105,0.050996129910558054,45.03698247863611
to_k,8,0,golden retriever,True,True,3.518255409229454e-10,1.215174557955834e-07,0.0004905428213533014,0.0013253649817477164,0.0027338035869293,0.003037175591342649,0.005062487861141561,0.011884101843461399,0.0407441072165966,0.16430948849340254,0.36738357802300387,True,True,0.00015287943824660033,0.0001529311083140783,0.0005648444639518857,0.047458129896688205,0.15939233019834145,0.1662478290033047,0.3459971740841863,0.9684329354763032,1.0,0.2126734812900913,0.7025438545678239,True,True,0.0,9.79361712156554e-37,0.0075863804668188095,0.007473757275147363,0.0009177575353233724,0.0075298518359311235,0.0075863804668188095,0.0075863804668188095,0.0075863804668188095,0.010309296084894504,0.050753457648711406,35.80759304060281
to_k,8,1,labrador retriever,True,True,8.679091889618462e-10,4.5292158176835076e-07,0.000435593567090109,0.0011338187673904817,0.0022845607367035993,0.0025496441404830998,0.004117187904193995,0.009571466054767375,0.0384504608809948,0.15258016329379223,0.3680140613820259,True,True,0.00014003462274558842,0.00014024706149939447,0.0005638368020299822,0.04920827442304017,0.16705463704151674,0.17408878047803905,0.31616169214248613,0.9599982088804246,1.0,0.20423255403961246,0.728115728320043,True,True,0.0,0.0063483393751084805,0.006348384544253349,0.0062987658759084296,0.000559143548704701,0.006323515542511808,0.006348384544253349,0.006348384544253349,0.006348384544253349,0.010236256085367542,0.050393876112578666,43.40047619452843
to_k,8,2,tabby,True,True,5.372547962068097e-10,1.8187697385485544e-07,0.0004687262116931379,0.0012076076775491378,0.002253927247572132,0.002556273741859336,0.004784747515805065,0.009038558593019852,0.029356716200709343,0.14137756718578645,0.35727507391247587,True,True,0.0001032018699334003,0.00010326665251341183,0.0004828694218304008,0.05694983250050427,0.1803992108714346,0.18910773067832765,0.45447611957788453,0.9457101291418079,1.0,0.1770683185003962,0.6834144507463448,True,True,0.0,7.914769054965472e-36,0.0073287575505673885,0.00723144160292577,0.0008393003061762167,0.007279946588295742,0.007328796200454235,0.007328796200454235,0.007328796200454235,0.010292980362414657,0.05067313409188755,47.15921698683219
to_k,8,3,tiger cat,True,True,8.039678367488534e-10,1.952088122436635e-07,0.0004350059025455266,0.0011314080897866158,0.0021323141556773696,0.0024131505889663195,0.004271675483323634,0.008430479364469648,0.03242199122905731,0.1414128296534722,0.35136014525385945,True,True,0.0001074508618330583,0.00010752708076324779,0.0004870449338341132,0.055263473948275535,0.17518491728317162,0.18362960116783839,0.3982007816433906,0.9418180823326111,1.0,0.18171173360921625,0.6844135126697133,True,True,0.0,1.8578835429557722e-40,0.006922202184796333,0.006846508992020972,0.0007202546331207038,0.006884260804751876,0.006922239437699318,0.006922239437699318,0.006922239437699318,0.010268590075769574,0.0505530588345579,48.84486371199472
to_k,8,4,orange,True,True,1.7274445207604572e-09,2.678255813748365e-07,0.0005537078250199556,0.0012770216231620928,0.002249969309224641,0.002586347066471913,0.004638243489898738,0.00942994781769818,0.03761190176010132,0.12828750726101448,0.3284027050874816,True,True,8.039213571464643e-05,8.046731381909922e-05,0.0005048479360993952,0.05709016641866356,0.17600944730213922,0.18497137628086516,0.4086809962987893,0.9529551535844816,1.0,0.1769254618200364,0.661398577763058,True,True,0.0,1.487901489596244e-35,0.0075834705494344234,0.007470919988918467,0.0009174091241696988,0.007526993254352702,0.00758350407704711,0.00758350407704711,0.00758350407704711,0.010309301049502948,0.05075348208986066,44.70571631927417
to_k,8,5,lemon,True,True,7.849178251806421e-11,6.217190396284877e-08,0.0005759188788942993,0.0013808931690322001,0.00242358854122609,0.002788558493148393,0.005101101938635107,0.009791417792439477,0.037991274148225784,0.1278246340796635,0.3170893423060842,True,True,7.90041231084615e-05,7.90200933261076e-05,0.00046840628783684224,0.056958731596370174,0.17019092691906837,0.1794062982233265,0.42895758599042816,0.9451985549926762,1.0,0.1760380764273168,0.6354512482344484,True,True,0.0,3.1009850919491478e-34,0.007837959565222263,0.007709381574386498,0.0009960612304986173,0.0077734115500595734,0.007837987504899502,0.007837987504899502,0.007837987504899502,0.010325673963410014,0.05083408720448007,41.24774665681758
to_k,8,6,yawl,True,True,3.3702242774324986e-08,2.3442667199446987e-07,0.0005067552847322077,0.0011795422532809492,0.0019281062383865893,0.0022596480309394263,0.004488350474275648,0.008816971872001898,0.03050575964152813,0.11049230088893894,0.3096342138641525,True,True,5.64904730708804e-05,5.6537878335802816e-05,0.00041591047192923725,0.06445881958668735,0.18697892836894445,0.1977087395685336,0.516236677765846,0.9724222064018252,1.0,0.1561359962401095,0.614870220477112,True,True,0.0,7.089743463389623e-40,0.007332292385399342,0.007234925965531147,0.0008397047104803464,0.007283454322299211,0.007332324516028166,0.007332324516028166,0.007332324516028166,0.010292976212983815,0.05067311366392032,54.64731713288971
to_k,8,7,lifeboat,True,True,4.336510664448845e-11,1.4769444646844932e-07,0.0005535402742680162,0.0013655756924676966,0.0025006290382762362,0.00284834290227477,0.0052462009945884345,0.011349424598738559,0.04140879586338997,0.13309735117965515,0.34405504402276427,True,True,9.520631283521652e-05,9.525043213216123e-05,0.0004934530006721616,0.055672230113117394,0.17679762678500935,0.18528998407408753,0.4372473418712616,0.9736879217624665,1.0,0.181363821130205,0.6833975572992186,True,True,0.0,1.0874578308530194e-35,0.007455578539520502,0.007350750635669101,0.0008782294126454972,0.007402987183639707,0.007455611601471901,0.007455611601471901,0.007455611601471901,0.01030113237143658,0.050713267059380084,40.7683224153716
to_k,8,8,soccer ball,True,True,3.660241276737253e-10,6.961900510304988e-08,0.0005117158289067447,0.0011644994072216122,0.0017736927784445754,0.0021212230293175052,0.004334667650982737,0.008264350024983288,0.024909555912017822,0.09797592450295504,0.29756802974114216,True,True,3.923221447621472e-05,3.924481476133223e-05,0.0003628663398558274,0.06922122630890612,0.19576171415603144,0.20756754884060455,0.5490576326847074,0.9741001665592194,1.0,0.14532206560056365,0.6001806093649428,True,True,2.9147008057956195e-43,3.501791205880665e-32,0.008086874149739742,0.007941580493206857,0.0010746645769838556,0.0080139068134334,0.008086909539997578,0.008086909539997578,0.008086909539997578,0.010342106975539165,0.050914988187269736,59.44290386034765
to_k,8,9,volleyball,True,True,1.8308068949757228e-10,7.792800580830319e-08,0.0005358133057598025,0.0012335142242496397,0.002048910434260939,0.002390880924473725,0.00469228415749967,0.009703147625550627,0.024723079055547714,0.121089877579612,0.3207882920849339,True,True,6.108155503170565e-05,6.110014852310997e-05,0.00044148876622784883,0.06170960434317294,0.1841981073428806,0.19419194378338134,0.5030643463134763,0.9784652054309845,0.9999990463256836,0.16388206669140515,0.6360230935374227,True,True,3.5628013455458474e-41,3.5628013455458474e-41,0.008094573393464088,0.007949134319642327,0.0010756867701072303,0.008021529434786128,0.008094594813883305,0.008094594813883305,0.008094594813883305,0.0103420983056431,0.05091494550470449,50.02747688678789
to_k,9,0,golden retriever,True,True,3.625651334715485e-09,1.416387109998141e-07,0.000755385059164837,0.001906021445334822,0.003697119144453323,0.004156952055326603,0.006676074885763221,0.023968288823962233,0.03128249943256378,0.16264960047774063,0.3784497974007872,True,True,0.00012076079292455688,0.00012079576714313589,0.0005423511611297727,0.04887635329822615,0.16917312550180788,0.17596512797297614,0.30859300047159105,0.9983359557390213,0.9999055862426758,0.223685287767954,0.7440328398163745,True,True,0.0,4.030209358471209e-35,0.007455965504050255,0.007351135449425783,0.0008786189342896825,0.007403374732002105,0.007456005550920963,0.007456005550920963,0.007456005550920963,0.01109353259428353,0.05071329185958186,25.643128737011807
to_k,9,1,labrador retriever,True,True,4.797505708670213e-12,3.122802729649266e-07,0.0006206184043549001,0.0016756642460717085,0.0028673034069451393,0.0033191013106712106,0.006117712520062922,0.01484289674088359,0.023553570732474327,0.127180586614478,0.3379376589558982,True,True,7.033348811091855e-05,7.039459640509449e-05,0.000363068567821756,0.06019108716532173,0.18243916421552586,0.19197658525925373,0.43594543337821945,0.9887462252378464,0.9998522400856018,0.18119354143368416,0.6413125981460237,True,True,0.0,0.006660429760813713,0.006660429760813713,0.006598005761043168,0.0006423670335623584,0.006629153089629547,0.0066604651510715485,0.0066604651510715485,0.0066604651510715485,0.011041038796899655,0.050473320214398425,35.920732513347374
to_k,9,2,tabby,True,True,3.710224627528902e-10,2.622618112013697e-07,0.0006862719892524183,0.0017205215769575226,0.0029590781621927436,0.003420914584203223,0.006590292276814569,0.01674925631843511,0.027025984600186348,0.13355323353451048,0.3390904689704336,True,True,7.20147872925736e-05,7.206552763818763e-05,0.00041419456829316914,0.06044202987858398,0.18549680170407146,0.19495778583235507,0.48283160775899714,0.993158524632454,0.9999608397483826,0.180653334228208,0.6582889391569968,True,True,0.0,0.0027035107556730546,0.0069320788607001305,0.0068562740867491815,0.0007215640601966616,0.006894079744435659,0.006932109594345093,0.006932109594345093,0.006932109594345093,0.011058476911633875,0.05055303731032629,35.13006212073574
to_k,9,3,tiger cat,True,True,9.034641784699815e-11,3.0950481601621513e-07,0.000642740138573572,0.0016399032387317883,0.0029281678219938573,0.0033541097612552876,0.006146304053254425,0.016101254113018524,0.028116431087255478,0.14157655572263098,0.3477540246040425,True,True,8.53169258334674e-05,8.538801048416645e-05,0.0004414305731188506,0.05561284118929279,0.1767387678876507,0.18515013638794361,0.4309199318289756,0.9929786497354508,0.9999799728393555,0.19628916627589166,0.6739376986315829,True,True,0.0,0.0063625518232584,0.0063625518232584,0.00631286133066169,0.0005606140106516567,0.006337666382352016,0.006362585816532373,0.006362585816532373,0.006362585816532373,0.011023651356052929,0.050393834770527675,33.912269868008025
to_k,9,4,orange,True,True,2.258123465992412e-09,3.330471122353629e-07,0.000901040475582704,0.0018732894631337607,0.0027831778257849126,0.0033530864847910315,0.007190748210996384,0.012949501657858496,0.023302115499973297,0.1064998288367899,0.29107324464272055,True,True,3.423418093007058e-05,3.426782805036055e-05,0.0004148519365116954,0.07075204926175616,0.19758468076326074,0.2097249603798261,0.6030387789010992,0.9731647241115571,0.9998665452003479,0.15334985429356218,0.5784349538994114,True,True,0.0,1.626006314012736e-37,0.007454634644091129,0.007349820040690247,0.000878461714553019,0.007402049975584806,0.007454667240381241,0.007454667240381241,0.007454667240381241,0.011093526438779656,0.05071326372013557,37.76888230791493
to_k,9,5,lemon,True,True,1.9452217614457368e-08,1.2440429918569865e-06,0.0009280148951802403,0.002059908661364687,0.003088452364340379,0.0037103716436941055,0.007796027441509063,0.01689648021012546,0.026093145832419395,0.10819056722086974,0.2977724876062939,True,True,3.600572017603554e-05,3.612363099819049e-05,0.0003668915742309764,0.06827107562311881,0.195156962020912,0.20660994613581019,0.5801683545112604,0.991457116007805,0.9998807907104492,0.15972587486584938,0.5975094155755307,True,True,0.0,0.006041018757969141,0.006041018757969141,0.0060032865323591976,0.0004764639740231992,0.006022135202123045,0.006041067652404308,0.006041067652404308,0.006041067652404308,0.011006334129150088,0.050314670304686115,33.14276836813206
to_k,9,6,yawl,True,True,7.639840760020888e-09,5.969034378949801e-07,0.0007385140634141862,0.001653622355183046,0.0022727431118240026,0.002809227165778479,0.006047778227366505,0.010733342329040182,0.017208894714713097,0.09050632018969951,0.26507154122994103,True,True,2.170960942748934e-05,2.175718400394544e-05,0.0002823498361976817,0.0798125408235876,0.20468704397875984,0.219548090215782,0.6126243680715557,0.9727438467741015,0.9995461702346802,0.1360060515949808,0.516912733678281,True,True,0.0,0.006647646892815828,0.006647646892815828,0.00658534285321366,0.0006411342012881085,0.00661643040377672,0.006647683214396238,0.006647683214396238,0.006647683214396238,0.01104104019762262,0.0504733266177034,48.26527687741186
to_k,9,7,lifeboat,True,True,1.5309513656802665e-09,5.0895910845838445e-08,0.0007621761760674417,0.0020900470364218987,0.003746899141082103,0.004287844849666819,0.007199033210054037,0.021116414405405532,0.03320171311497688,0.13374243978412315,0.354675940407181,True,True,8.68345086928457e-05,8.684349275426939e-05,0.00040022355096880347,0.05507360715134837,0.17713383588505763,0.1853657800176561,0.34428818225860564,0.9942896437644959,0.9999437928199768,0.19809327989783385,0.6838924168559887,True,True,2.8029864896227164e-39,3.329986739698663e-29,0.008692733943462372,0.008502566418610514,0.0012725253489557667,0.008597117323726883,0.008692733943462372,0.008692733943462372,0.008692733943462372,0.011182126998562995,0.05111829485057369,26.35041517803964
to_k,9,8,soccer ball,True,True,2.3050339414965038e-11,2.769841448468924e-07,0.0006561148329637945,0.0015888899330564685,0.0025407118996379507,0.0029949460595868537,0.006132121733389783,0.012861960325390102,0.01998785138130188,0.10989502088075948,0.3252963080778933,True,True,5.059571049059741e-05,5.0640463377931156e-05,0.0003653788735391572,0.06790136863385783,0.20003904352041338,0.21110113782339215,0.5493843168020228,0.9859648704528808,0.9997425079345703,0.16031569957023128,0.6259077999628327,True,True,0.0,0.0027035107556730546,0.006932109594345093,0.006856274999154266,0.0007215641562193487,0.006894080661871754,0.006932109594345093,0.006932109594345093,0.006932109594345093,0.011058475440016917,0.05055303058293447,42.73509902806128
to_k,9,9,volleyball,True,True,6.04565997264217e-09,1.0907314162977855e-06,0.0007091347652021796,0.001960467821437095,0.0035454328135366736,0.004048936544646659,0.007169463555328528,0.019016552064567812,0.03455648571252823,0.14356860979881592,0.3549167145397987,True,True,9.021440200740471e-05,9.043172402016353e-05,0.0004042177606606856,0.055363099574140054,0.17823752364136541,0.18650482344321462,0.39645906835794176,0.9916818910837174,0.9999837279319763,0.19705840833198757,0.6972525366749471,True,True,0.0,0.005706420633941889,0.005706462077796459,0.00567969270341564,0.00039008145944404706,0.005693051466015022,0.005706462077796459,0.005706462077796459,0.005706462077796459,0.010989050329846919,0.05023565865072877,28.23973898921578
to_k,10,0,golden retriever,True,True,1.841631025456536e-08,2.877641199461323e-07,0.0007077195041347295,0.0016531280293521605,0.0026015551870632535,0.003080640604337273,0.006587480148300522,0.012156042875722065,0.03333762660622597,0.1088729103182797,0.30407898517292636,True,True,4.662416540668346e-05,4.666348799219122e-05,0.0003751124895643443,0.06750345907839232,0.19517288251885792,0.20637260379900862,0.5971479773521413,0.9742954891920091,1.0,0.16016137593710916,0.6150312856551347,True,True,0.0,0.006647646892815828,0.006647646892815828,0.0065853426262037825,0.0006411341791867691,0.0066164301756951776,0.006647683214396238,0.006647683214396238,0.006647683214396238,0.011041040578229267,0.05047332835761951,40.83377565429464
to_k,10,1,labrador retriever,True,True,1.9561363640008267e-09,3.11278236324597e-07,0.0007214198412839323,0.0015153237468642962,0.002316030274328234,0.002766192517758639,0.005546380672603845,0.010142825618386283,0.029008790850639343,0.11283712240139486,0.28573503722289867,True,True,3.996793020633049e-05,4.0011750716075764e-05,0.00043446721974760294,0.06548495150520353,0.18271687618661875,0.19396280813784172,0.5276035606861114,0.9602032864093784,1.0,0.16533835030129135,0.5835823265270867,True,True,0.0,0.0027001958666369357,0.006923579145222902,0.006847869240300497,0.0007206795222370415,0.0068856285534712805,0.006923615466803312,0.006923615466803312,0.006923615466803312,0.011058482793815464,0.05055306420029927,43.21515560005805
to_k,10,2,tabby,True,True,4.1486913460175856e-08,3.068413326445807e-07,0.0007221555570140481,0.0014722667860396278,0.002244426863543931,0.0026827505318996374,0.005328939738683402,0.010749581027776005,0.016748415306210518,0.10338739405889186,0.3150345032080961,True,True,3.94232411053963e-05,3.946155553421704e-05,0.00046163010119926184,0.06668135377522048,0.19889442328923604,0.2096272492603349,0.5172857642173766,0.9784512394666672,0.9995213150978088,0.1629297705973191,0.6440786604031348,True,True,0.0,7.75888085620568e-38,0.007191058713942766,0.007101184687780915,0.0007995706063407168,0.00714598755930167,0.00719109084457159,0.00719109084457159,0.00719109084457159,0.011075976695528011,0.05063303632241377,45.2916240504156
to_k,10,3,tiger cat,True,True,8.800934425678975e-10,3.227397721161651e-07,0.0006842917064204812,0.001609903425120207,0.0026611528386204235,0.003108449494307998,0.0061042206827550925,0.014811756787821668,0.0266096293926239,0.1260200372713311,0.32929524263623816,True,True,5.965983655187301e-05,5.971787810267415e-05,0.00041923680691979825,0.06295593862480472,0.19039111559727706,0.20038859346929452,0.5032899692654574,0.9929888343811035,0.9999885559082031,0.17335529650438813,0.6542138653636184,True,True,0.0,1.9734265742339277e-35,0.00824730098247528,0.0080926807175274,0.0011195481213670988,0.008169633454026722,0.00824733730405569,0.00824733730405569,0.00824733730405569,0.011146523001672307,0.05095553372193055,39.105413183467185
to_k,10,4,orange,True,True,3.8978006933199083e-10,2.1174721666739064e-07,0.0005667682562489063,0.0013140905698816045,0.00207556296673579,0.0024552116944759972,0.004954472882673143,0.009559829467907548,0.019834041595458984,0.11243728115050686,0.3090819230656843,True,True,4.750806328956969e-05,4.7547442773066e-05,0.0003842094592982903,0.0669132008564702,0.19267274852958605,0.20381893954810204,0.5338001161813732,0.9729812556505203,0.999977171421051,0.16198599702688848,0.602053557783046,True,True,0.0,0.0026987193943932694,0.00691979331895709,0.0068441230621829165,0.0007202852690476613,0.006881861718832238,0.006919824052602053,0.006919824052602053,0.006919824052602053,0.011058476723414618,0.050553036449895394,50.919778583068954
to_k,10,5,lemon,True,True,1.4595438191378207e-09,5.191168295937133e-07,0.0007431249250657856,0.0017246214171462496,0.002849449522341645,0.003328812867798478,0.0061998031800612795,0.01528097268193963,0.02862471342086792,0.12831153998518652,0.3200298946487065,True,True,5.9524474636418745e-05,5.961145845503779e-05,0.00042937339458148926,0.06209654440454528,0.18199147569760776,0.1921591180549651,0.4464042738080023,0.9898041117191316,0.9999885559082031,0.17577099129045637,0.6185941585984319,True,True,0.0,0.002700181519612674,0.006923542357981205,0.006847833759820787,0.0007206757882274645,0.0068855928773520645,0.006923579145222902,0.006923579145222902,0.006923579145222902,0.011058482077236833,0.050553060924511235,36.00589891043864
to_k,10,6,yawl,True,True,1.4150062455087209e-08,2.1552719360329324e-07,0.0007209876785054803,0.0016694694402245608,0.0030254332069673943,0.0034534145935073268,0.006540795671753582,0.016366761010140212,0.02711815945804119,0.13952939412484178,0.3627925798688724,True,True,9.103159391088411e-05,9.107920057431329e-05,0.0005338241753634065,0.059744784609938505,0.18987502909646492,0.19891112057786672,0.4656859204173082,0.9911451590061189,0.9999513626098633,0.18271135767000746,0.6758150734621858,True,True,0.0,0.0026987313805148043,0.006919824052602053,0.006844157353771152,0.0007202888780927178,0.006881896199520718,0.006919866893440485,0.006919866893440485,0.006919866893440485,0.011058489779651553,0.05055309613554996,35.78668957360622
to_k,10,7,lifeboat,True,True,3.402869375168649e-10,1.0044312212187381e-07,0.0005349857383407652,0.0014343517730383629,0.0024188678581708186,0.002810541702044295,0.005833066534250971,0.011263901740312577,0.019682535901665688,0.12020707353500422,0.3347123251680782,True,True,6.567632226506248e-05,6.569807621417567e-05,0.0003531263500917703,0.06841180726506764,0.19974088807682905,0.21098402684336173,0.5630642235279076,0.9762255108356476,0.9998331665992737,0.15883699255367031,0.6113701295409717,True,True,4.37479915498197e-39,4.709747627835091e-29,0.008934234268963337,0.008724856529443058,0.0013527061764312543,0.008828934045214397,0.008934272453188896,0.008934272453188896,0.008934272453188896,0.011200024278564417,0.051200110987723056,47.69527848817175
to_k,10,8,soccer ball,True,True,4.526937093414507e-14,7.512076649618393e-08,0.0005936343513894826,0.0014521795061197492,0.002130586272109272,0.002577039070664995,0.005771149904467159,0.009587003830820322,0.01679370179772377,0.09495444671396205,0.2879699648646103,True,True,3.190421557519585e-05,3.1913551101752094e-05,0.0002816998021444306,0.07826575000360095,0.207676807353767,0.22178321363054349,0.6503351122140874,0.9664159828424455,0.9997273087501526,0.13797608363161992,0.5427268343731814,True,True,2.5377515188922437e-42,1.7922791754346188e-31,0.008456052280962467,0.008284305687993765,0.0011938055113444744,0.008369747039213251,0.008456088602542877,0.008456088602542877,0.008456088602542877,0.011164299408259876,0.05103679729490229,53.89536877071657
to_k,10,9,volleyball,True,True,7.940854196419878e-09,4.819593269189682e-07,0.000623414758592844,0.0013835561734888105,0.0020511802252004105,0.0024728513971138785,0.005234491336159408,0.010193772390484818,0.021365374326705933,0.10314377890152596,0.28756779665938026,True,True,3.382961585884914e-05,3.3894356492965015e-05,0.0003562593483366072,0.07153628254141609,0.19600115556815206,0.2085038776524521,0.5889093190431594,0.9824320626258851,0.9999923706054688,0.15176519698119492,0.570316332274482,True,True,0.0,0.00664128502830863,0.00664128502830863,0.00657904318504734,0.0006405208798108419,0.006610100996657158,0.0066413264721632,0.0066413264721632,0.0066413264721632,0.01104104445679548,0.05047334608820791,51.70464626747201
to_k,11,0,golden retriever,True,True,3.253180391737942e-09,2.4471438209161544e-07,0.0006134613358881325,0.0015027244208020867,0.0027383537321782857,0.0031217055137125367,0.0058337483555078356,0.010334159480407834,0.0380142517387867,0.13442833658633074,0.32791621898024254,True,True,9.322993719251826e-05,9.329443499154877e-05,0.0004934119351673871,0.057440621814350834,0.17343716939171608,0.18257293352303697,0.4517735004425023,0.923634616136551,1.0,0.18469256088632732,0.6458278298782668,True,True,0.0,0.006350789684802294,0.006350789684802294,0.006301193745457567,0.0005595778701741258,0.006325952951850886,0.006350829266011715,0.006350829266011715,0.006350829266011715,0.011023656453521581,0.05039385807324151,38.224321784623434
to_k,11,1,labrador retriever,True,True,9.71581481934436e-10,1.2316115608257408e-07,0.0004987069114577025,0.0013066215891104804,0.002326446460092851,0.0026666751408898504,0.0049073091242462265,0.009739294927567246,0.024719109758734703,0.13595883234971184,0.3473444528455718,True,True,8.425125270150602e-05,8.428618908510543e-05,0.0004208531172480434,0.059269087695781764,0.18555809614168395,0.19465567574954212,0.4351751655340167,0.9559536355733872,0.999995231628418,0.18274538228991513,0.6806399588174616,True,True,1.401298464324817e-45,7.578020401360174e-34,0.007710319943726063,0.007589862553868443,0.0009569807337510419,0.007649862401046187,0.007710353937000036,0.007710353937000036,0.007710353937000036,0.011111136148698122,0.05079376525119141,45.360560540049605
to_k,11,2,tabby,True,True,2.285923450529026e-09,1.1427820460596652e-07,0.0004642148414859548,0.0013312078392055213,0.002508225304131988,0.0028378651300845475,0.005407203477807336,0.010828715777024628,0.02938949316740036,0.14417391268678012,0.3565895990440149,True,True,0.00010733738599810749,0.00010737467069702688,0.00042572597158141434,0.057887940771865945,0.1799915369845833,0.18893741512261134,0.4728994116187083,0.9648895978927613,0.9999990463256836,0.18666565823312437,0.6632554476984375,True,True,0.0,1.063136060653352e-35,0.007977945730090141,0.007840845087775961,0.0010377039058789902,0.007909108580671101,0.007977987639605999,0.007977987639605999,0.007977987639605999,0.011128805483509625,0.05087453935318686,43.48527635355128
to_k,11,3,tiger cat,True,True,6.918263184552131e-10,6.033741880173695e-07,0.0006112782866694033,0.001390703839485351,0.00238322579622942,0.0027577069699034713,0.0049817746970802525,0.009384251181036236,0.027124257758259773,0.13304260361284528,0.32002847596820105,True,True,7.082080992404372e-05,7.096364206518046e-05,0.0004855008446611464,0.056527354680338246,0.1735947804735967,0.1824373960195209,0.4150614053010936,0.9359276270866395,0.9999980330467224,0.1893919440218612,0.656257175885664,True,True,0.0,0.006041018757969141,0.006041018757969141,0.006003286379564088,0.0004764639618962052,0.006022135048848195,0.006041067652404308,0.006041067652404308,0.006041067652404308,0.011006334409282323,0.05031467158529062,40.64657986509692
to_k,11,4,orange,True,True,1.8223245829007695e-11,1.257013884270464e-07,0.0005710095574613661,0.0016079536275156881,0.003166309344287338,0.003548994909123936,0.006181170442141588,0.013340597478672878,0.040584746748209,0.15562519523727011,0.36533695946839695,True,True,0.00012816090020351112,0.00012820012620068155,0.0004839779867324978,0.05503106636062967,0.1743073455738832,0.1826581382502558,0.38416343480348514,0.9594096213579181,1.0,0.1969261464943361,0.675949969369452,True,True,2.802596928649634e-45,1.292448967395901e-33,0.007961607538163662,0.007824767648708075,0.0010355761221984327,0.007892891169157198,0.007961621508002281,0.007961621508002281,0.007961621508002281,0.011128795020278016,0.05087449152127093,34.22428695636793
to_k,11,5,lemon,True,True,2.8774005400578062e-09,3.2087298052374535e-07,0.0006528667581733316,0.001639946042756467,0.002508379792486887,0.0029952564171803653,0.0064713312312960555,0.010794945359230042,0.025544676929712296,0.10001776728982224,0.2965317920004307,True,True,4.0128732507582754e-05,4.017050287075108e-05,0.00030182777845766395,0.07623659602525663,0.20605161278325304,0.21955169374023595,0.6095533639192571,0.9575215548276902,0.9999904632568359,0.14126073730537414,0.5548928500254459,True,True,0.0,0.0027000329643487968,0.006923191715031862,0.006847454881062731,0.0007206359144116847,0.006885211909439717,0.006923191715031862,0.006923191715031862,0.006923191715031862,0.01105847511205635,0.050553029083686175,46.487258749754986
to_k,11,6,yawl,True,True,1.3676446086741123e-10,9.444132695080046e-07,0.000514903775183484,0.0012429651970207027,0.0018318495315823582,0.0022125532646152337,0.0047349395696073765,0.008843377130106106,0.014143676497042179,0.09572735383717157,0.2943817792553393,True,True,3.272318281233311e-05,3.286324441432953e-05,0.0002932723582489416,0.07681692126632811,0.20882176435498387,0.2223493500309455,0.6012262552976606,0.9772302293777468,0.9996586441993713,0.14144222618412353,0.5639431313829412,True,True,0.0,0.00634717708453536,0.0063472166657447815,0.006297609616012778,0.000559259581354584,0.006322354739328501,0.0063472166657447815,0.0063472166657447815,0.0063472166657447815,0.011023656040073394,0.050393856183192656,61.801345243175504
to_k,11,7,lifeboat,True,True,6.298589427800039e-11,2.524478246357376e-07,0.000572993973037228,0.0015787409814146623,0.0026742453706225,0.0031036812065628893,0.005898568476550262,0.013718753512948764,0.02020953595638275,0.11601388068679984,0.3482322071038961,True,True,6.707425200147554e-05,6.712485395837575e-05,0.00034241787216160446,0.06594778804553698,0.19806456664232372,0.20860821436412044,0.46811959147452964,0.9875536662340165,0.9996195435523987,0.16514716792432393,0.6503195123132177,True,True,0.0,2.187592690992873e-35,0.007206927984952927,0.007116858771041734,0.0008013354578740612,0.007161760533665487,0.0072069657035171986,0.0072069657035171986,0.0072069657035171986,0.011075980276995315,0.05063305269483572,41.772392572240165
to_k,11,8,soccer ball,True,True,5.526094581931318e-10,2.8598060026752136e-07,0.0007117899076547474,0.0014638464553277538,0.0022075057965725868,0.0026473220613101142,0.0057722302852198475,0.010022584376856686,0.01736493594944477,0.10586139220917766,0.30164149172796323,True,True,3.716450373758562e-05,3.7204097789071964e-05,0.0004409989051055163,0.07153694651507862,0.20185459197393685,0.21400735156401873,0.6201838254928587,0.9690911930799484,0.9997282028198242,0.15159865576752835,0.5936426962383313,True,True,0.0,0.0027000447688624303,0.006923191715031862,0.0068474870589852795,0.0007206393009430648,0.00688524426480055,0.006923228967934847,0.006923228967934847,0.006923228967934847,0.011058482649839232,0.050553063542122204,48.869159914085095
to_k,11,9,volleyball,True,True,2.069170390583963e-09,1.1441312722126897e-07,0.0007100581715349108,0.0016729025222656066,0.0027386347599947744,0.0032073360066587177,0.006227984116412697,0.01227416031062605,0.02762867882847786,0.1282805525439425,0.3171943455021542,True,True,5.68979412491899e-05,5.691675552952802e-05,0.0004081680963281542,0.06276881394077236,0.18472777567926035,0.19496398593671874,0.49126113653182935,0.9667316049337391,0.9999895691871643,0.1735344495892398,0.6259876377805184,True,True,0.0,2.934653322899367e-36,0.007452733349055052,0.007347947927337372,0.0008782379567718934,0.0074001645584638245,0.007452772464603186,0.007452772464603186,0.007452772464603186,0.011093532457998146,0.05071329123656295,37.52090340312522
to_k,12,0,golden retriever,True,True,2.8663245998927778e-08,3.751826457687457e-07,0.0005958885594736785,0.0012702339346320757,0.0019236932324477032,0.002302721333518607,0.004876291588880122,0.009500898076221348,0.013980649411678314,0.11776449100443888,0.30550739882079003,True,True,3.803945946856402e-05,3.8095912386779674e-05,0.00041292687819804996,0.06799107280166936,0.19548049982535592,0.2066784878429066,0.5876689732074738,0.9823240655660629,0.9993640780448914,0.18280526898476288,0.6097658854345903,True,True,0.0,0.006674954202026129,0.006674954202026129,0.006612393537943717,0.0006442721179053767,0.006643608787176149,0.006674989592283964,0.006674989592283964,0.006674989592283964,0.012618330930360265,0.05047332372144106,53.52641820371696
to_k,12,1,labrador retriever,True,True,3.9917825489510506e-08,3.615737696804899e-07,0.0004815869906451553,0.001078542530328608,0.0018629619856573125,0.0021501245636548266,0.0037806317210197452,0.007710381024517119,0.021818403154611588,0.14084190317205064,0.32344621350546193,True,True,7.347382052103058e-05,7.35747368162265e-05,0.000508546334458515,0.05530769306542425,0.17406089692270788,0.18237724093966437,0.3871755480766298,0.9518053209781647,0.9999990463256836,0.2211412231765692,0.6734787861829219,True,True,0.0,3.5635815885307835e-37,0.007718801032751799,0.007598214539757464,0.0009587843243798116,0.007658280411573709,0.007718841079622507,0.007718841079622507,0.007718841079622507,0.012698445534858663,0.050793782139434654,51.28002977181922
to_k,12,2,tabby,True,True,1.6901041677286344e-10,6.032768865793515e-08,0.00022818947036284953,0.000902649426415478,0.00162478217554867,0.0018564599009930616,0.003856429783627391,0.007694675945676865,0.013328725472092628,0.14041455087967028,0.35551873105551274,True,True,8.839190559228882e-05,8.841763075906784e-05,0.0002576705301180482,0.06893795516739373,0.2012051800086275,0.21238986583879446,0.5628245115280153,0.9793541949987412,0.9998559951782227,0.1801071197232084,0.6049843334416053,True,True,1.1667584275037772e-35,1.7308283106401512e-26,0.009633182547986507,0.009362264795345254,0.0015951503668364298,0.009496765513258421,0.009633216075599194,0.009633216075599194,0.009633216075599194,0.012861759796076067,0.051447039184304266,76.37290087376898
to_k,12,3,tiger cat,True,True,9.669679987278634e-12,5.7516139317925755e-08,0.0005577391129918396,0.0012198264889996565,0.0016151675513800027,0.0020220263321385386,0.004158162628300489,0.007522809989750386,0.010944128036499023,0.09273759478504863,0.25850331960330947,True,True,1.7169895727420226e-05,1.717511400784133e-05,0.0002693978021852672,0.0796495805152631,0.20399663829845155,0.21869759577887635,0.5633782863616945,0.9699294066429138,0.9985299110412598,0.15484616657972894,0.5255732174099669,True,True,1.1499976692119589e-37,1.000500379961426e-28,0.008693431504070759,0.008503276752890088,0.0012736286299216578,0.00859783555712136,0.008693461306393147,0.008693461306393147,0.008693461306393147,0.012779575390508164,0.051118301562032654,65.29582791777325
to_k,12,4,orange,True,True,1.2365298784899892e-09,2.2717606000810518e-07,0.0005022090335842222,0.0012845263323135205,0.0020412081358170855,0.002409049219887338,0.005069608031772079,0.009420878253877166,0.0167689248919487,0.11964223879253262,0.31384454968377423,True,True,4.9009777285391465e-05,4.905386838800041e-05,0.0003251146263210103,0.07407757954243835,0.2064498795343125,0.21903389737258533,0.5788560897111896,0.9706168109178545,0.999842643737793,0.16710441981275664,0.5730843026580779,True,True,0.0,0.0013686874322593207,0.00720364972949028,0.007113588869106025,0.0008015947488701049,0.007158470001221862,0.00720364972949028,0.00720364972949028,0.00720364972949028,0.012658254964620225,0.0506330198584809,57.66917943131576
to_k,12,5,lemon,True,True,8.636197890155017e-08,9.591715678425315e-07,0.0005826750420965254,0.0014135576043041275,0.0022337519722975645,0.0026404924398346296,0.005656937975436449,0.01018383326008916,0.017236340790987015,0.1243469605112798,0.3131351633361911,True,True,4.764176264870912e-05,4.779345894348808e-05,0.00035280780866742134,0.07023002105370324,0.19993253693230326,0.2116137034693224,0.5984274774789812,0.9708857327699661,0.9996776580810547,0.17656134056409908,0.5928958138100348,True,True,0.0,0.005342119373381138,0.005342182703316212,0.005325457904837095,0.00029863538441103437,0.005333798486243097,0.005342182703316212,0.005342182703316212,0.005342182703316212,0.01253925671458206,0.05015702685832824,49.68316879330602
to_k,12,6,yawl,True,True,4.5678238080881783e-08,2.463959947363037e-07,0.0004031688440591097,0.0012251551701532581,0.0021310299212322545,0.002455219377061691,0.0052329091820865915,0.010425866739824416,0.018792912364006042,0.13449378578064686,0.3510333107941228,True,True,7.586229912703857e-05,7.591910798510071e-05,0.0003193749289494008,0.06700097265738805,0.20138615286007644,0.21194049685066407,0.5900783419609078,0.9832382947206497,0.99993896484375,0.18513470733113116,0.6476527747504257,True,True,0.0,0.0013686874322593207,0.007203618064522743,0.007113588374340907,0.0008015946931175933,0.007158469503335178,0.00720364972949028,0.00720364972949028,0.00720364972949028,0.01265825584502863,0.05063302338011452,54.687744287123
to_k,12,7,lifeboat,True,True,8.863794420665982e-11,1.2951932419014155e-07,0.00037958069879096,0.0010093864913728696,0.001892615255738287,0.002142349147230043,0.004460129234939816,0.009081881721504037,0.015792841091752052,0.15564390442229722,0.3839396302181549,True,True,0.00010519253555685282,0.0001052485351829091,0.0004664302396122366,0.06269741554895063,0.200038573117088,0.20933549252382486,0.5651093661785132,0.9777852284908296,0.999885618686676,0.19846770969566066,0.6925557026324153,True,True,1.6716089380930743e-41,7.1534464216465335e-31,0.008204750716686249,0.008050925238057971,0.0011146441538911497,0.008127480924609074,0.008204780519008636,0.008204780519008636,0.008204780519008636,0.012738878259953538,0.05095551303981415,62.11437946199942
to_k,12,8,soccer ball,True,True,5.997494501031042e-09,1.3029410627041215e-06,0.000494401523610577,0.0012173794860843037,0.0019931362868716085,0.002332850342473096,0.004801940778270365,0.010828102603554731,0.01583091728389263,0.13506875672475258,0.3222515552645117,True,True,5.6930079153971747e-05,5.722945104935207e-05,0.00037697031802963465,0.06787501750610545,0.19436368570879664,0.20558746664498986,0.5540772140026095,0.9881500357389451,0.9997739791870117,0.1836991681550944,0.5955866660413032,True,True,0.0,0.006063204258680344,0.006063236854970455,0.006025325733935461,0.0004785877916053116,0.0060442436007073245,0.006063236854970455,0.006063236854970455,0.006063236854970455,0.012578649525994657,0.050314598103978626,55.75501992761942
to_k,12,9,volleyball,True,True,2.2096910967661643e-08,5.719702090800638e-07,0.0004985065897926688,0.0011227619303798952,0.0018451640934796774,0.002157448820659481,0.004337009787559511,0.009152613719925288,0.014407709240913391,0.13519096384114238,0.32570183597841845,True,True,5.79977422603406e-05,5.813702617160743e-05,0.0004484432138269767,0.06603629789655088,0.1939087926748103,0.20455784164722257,0.5282673954963687,0.9814705449342729,0.9997273087501526,0.18846470057457612,0.6146776772422559,True,True,0.0,0.0060631935484707355,0.006063247565180063,0.0060253269475651905,0.00047858788848386985,0.006044244818185463,0.006063247565180063,0.006063247565180063,0.006063247565180063,0.012578669211531742,0.05031467684612697,58.81593961260068
to_k,13,0,golden retriever,True,True,3.979625518013563e-08,4.216603915097039e-07,0.0008461364486720413,0.002743939846320953,0.004855428620823298,0.0055705224631515185,0.014505218807607889,0.02060810821130872,0.0338897705078125,0.1325240704108225,0.36101332788032,True,True,8.196511771529913e-05,8.201613534765784e-05,0.0003077236615354195,0.07126437715053272,0.21338429275978937,0.2246534612931871,0.7807762503623963,0.9585500413179399,0.9991620182991028,0.17351250673437701,0.6281807463853192,True,True,0.0,0.006035592872649431,0.006035592872649431,0.005997888215642888,0.00047640844707045287,0.006016719936155956,0.006035630591213703,0.006035630591213703,0.006035630591213703,0.012578657633765956,0.050314630535063826,25.971552272212993
to_k,13,1,labrador retriever,True,True,5.691016546904848e-09,2.350792599372653e-06,0.0007781009189784527,0.00281100862147364,0.0055305466897998526,0.00619621916572155,0.013559289975091817,0.030040078945457935,0.04347747191786766,0.15246577209982176,0.4042476158233564,True,True,0.00012773016351275146,0.00012814799702027814,0.0003640774666564539,0.06396320815265426,0.20098748548277814,0.2106205685913476,0.6167799144983293,0.9929679638147354,0.9997806549072266,0.19462272699718233,0.6777360151200236,True,True,0.0,0.006035549100488424,0.006035549100488424,0.005997848120750859,0.00047640526248833337,0.00601667971538722,0.006035592872649431,0.006035592872649431,0.006035592872649431,0.01257866311204177,0.05031465244816708,22.754540012446583
to_k,13,2,tabby,True,True,3.403098602916543e-08,6.152971172923571e-07,0.0007010136905591935,0.002708635445484975,0.005337741748542371,0.0059782235700812985,0.012416574731469163,0.02839368592947722,0.04279501363635063,0.1587683109970204,0.40267126605855436,True,True,0.0001285444595851004,0.0001286523033923004,0.00034240954846609384,0.061545208331153844,0.19599090299610009,0.205134609145612,0.563057470321656,0.9915122151374817,0.9998245239257812,0.2024445912834593,0.6962563399114196,True,True,0.0,0.006063236854970455,0.006063275504857302,0.006025361191132106,0.00047859060806014925,0.006044279169238683,0.006063275504857302,0.006063275504857302,0.006063275504857302,0.012578655686610532,0.05031462274644213,22.72185001261191
to_k,13,3,tiger cat,True,True,3.850529062265906e-10,7.600607216318167e-07,0.0009659487113822252,0.002913657077000939,0.005421072607989377,0.006146998307731951,0.013584397500380875,0.02647687252610922,0.03910098224878311,0.14091129803280197,0.3917672949307318,True,True,0.00010184897109866142,0.00010196047995123081,0.00038632869836874306,0.0638321545183544,0.2073885751317273,0.21667985307753182,0.6269907206296923,0.983943150639534,0.9994221925735474,0.1946300319469874,0.7044802382037644,True,True,0.0,0.006035592872649431,0.006035592872649431,0.0059978884513839145,0.00047640846579562223,0.006016720172637178,0.006035630591213703,0.006035630591213703,0.006035630591213703,0.012578657139374358,0.05031462855749743,21.907916007760797
to_k,13,4,orange,True,True,3.898808831337419e-09,2.734671946313938e-07,0.0007768856885377318,0.002985896048389937,0.005516472293823835,0.006265137145130184,0.013545501697808509,0.023745033666491513,0.04986124485731125,0.1431108069609031,0.3537027087016857,True,True,9.88698739092797e-05,9.890760091366246e-05,0.0002869371237466112,0.0709276712635301,0.20008002737828848,0.21198502742488087,0.6045344054698948,0.963311522603035,0.9999570846557617,0.1735278048980197,0.5780724925452321,True,True,0.0,7.774507266753744e-35,0.007705377414822578,0.007584996713558212,0.0009571164266174781,0.007644958094996062,0.007705410942435265,0.007705410942435265,0.007705410942435265,0.012698441465145614,0.05079376586058246,23.754233273384017
to_k,13,5,lemon,True,True,4.3643808567139786e-08,4.232041837326506e-07,0.0007744130271021277,0.0034319609473263844,0.006477976217489248,0.007321980180847417,0.016919884737581017,0.02915235737338662,0.04948616027832031,0.1333677972973271,0.3885899873797124,True,True,0.00010813577682711184,0.00010818500653840601,0.0002670475951163098,0.06939170354232829,0.2100088554422898,0.22086444657679488,0.6713171005249025,0.972892215847969,0.9996891617774963,0.17786730648590243,0.6470983401922427,True,True,8.407790785948902e-45,0.0013744013663381334,0.007233691401779652,0.0071432884971727615,0.0008049414514790885,0.007188357010512659,0.007233730051666498,0.007233730051666498,0.007233730051666498,0.012658263162914274,0.050633052651657094,20.21925791328914
to_k,13,6,yawl,True,True,2.3008373872812626e-08,2.681320438568946e-07,0.0008755522721912712,0.003329699295225036,0.006370816880291094,0.007179649697735411,0.017476662993431098,0.03239522723481059,0.03910667821764946,0.13927096162855654,0.3902105115024859,True,True,0.0001142989713116549,0.00011433303683588747,0.00032054165785666555,0.0729273331836339,0.2183370170819951,0.22987056556424712,0.7199843883514407,0.9881350725889206,0.9973803758621216,0.1705502332144556,0.615665019443601,True,True,1.2021193019041519e-39,3.2654300052800214e-30,0.008216743357479572,0.008062679751310498,0.0011162715568809635,0.008139347210713773,0.00821676105260849,0.00821676105260849,0.00821676105260849,0.01273888041267072,0.05095552165068288,21.902077850758335
to_k,13,7,lifeboat,True,True,1.5212580706247536e-07,4.757161289603573e-07,0.0008399863145314157,0.0029740307025317493,0.006197679759675501,0.006865570472697949,0.013471275893971346,0.03155264958739281,0.045040130615234375,0.16142555730739375,0.4370656810310775,True,True,0.0001587684964761138,0.00015883140789810568,0.00042974391544703394,0.059991035985649435,0.1988149264532281,0.20737110775713094,0.5052405342459694,0.9890135860443116,0.9995080232620239,0.2073943145879887,0.7321549427152394,True,True,0.0,0.0060631935484707355,0.0060631935484707355,0.006025325259543024,0.00047858775440775034,0.006044243124863561,0.006063247565180063,0.006063247565180063,0.006063247565180063,0.012578672735502902,0.05031469094201161,20.171626316628114
to_k,13,8,soccer ball,True,True,2.7878834796268848e-09,4.7424978930621366e-07,0.0007893327565398067,0.002671479727575304,0.005122375959925352,0.0057700557502773035,0.01211988651193679,0.02276422427967191,0.03873378038406372,0.14703975275957976,0.39423636399627293,True,True,0.00011529061885084957,0.00011537287828105036,0.00036440959956962615,0.06542921438158374,0.20522974918409712,0.21510139327457733,0.5745408505201345,0.9709626370668412,0.9996566772460938,0.18930858740299106,0.6697807604282392,True,True,0.0,0.001366762379184365,0.007193524390459061,0.0071035875560482966,0.0008004677509964993,0.00714840558777906,0.007193524390459061,0.007193524390459061,0.007193524390459061,0.012658259530309773,0.05063303812123909,24.491750285886987
to_k,13,9,volleyball,True,True,2.6368635275275665e-08,7.664610518531845e-07,0.0008380473009310663,0.0025073267563325064,0.004438900922824166,0.005092048149937984,0.011823695525527004,0.020861854031682014,0.03037886507809162,0.1246513611335274,0.366270650844799,True,True,8.21422363515012e-05,8.225054079957772e-05,0.00034256001526955515,0.07079066698765928,0.21321553824771283,0.2243437520354645,0.6774517595767978,0.9785002678632736,0.9989829063415527,0.17457929873993958,0.6344913909395838,True,True,0.0,0.006035592872649431,0.006035630591213703,0.005997890337312128,0.00047640861559275954,0.006016722064486613,0.006035630591213703,0.006035630591213703,0.006035630591213703,0.01257865318424296,0.05031461273697184,28.233522738458525
to_k,14,0,golden retriever,True,True,7.258750267524761e-10,1.2845767248137462e-07,0.0007804966589901596,0.0020688709666866244,0.0034864425912717956,0.004049385603145662,0.008475133124738934,0.01725423619151116,0.029863454401493073,0.13694746180346767,0.3320228410529401,True,True,6.545578798977658e-05,6.547496857820079e-05,0.00035905906406696886,0.06701142652896123,0.19546942385149094,0.20634782776259133,0.5714669555425647,0.9823554766178132,0.9999094009399414,0.1855649259436864,0.6133046512466237,True,True,0.0,0.006644978187978268,0.00664501404389739,0.0065826996695250274,0.0006413789247934144,0.006613774742361045,0.00664501404389739,0.00664501404389739,0.00664501404389739,0.012618329821921032,0.05047331928768413,32.390336375729895
to_k,14,1,labrador retriever,True,True,4.331772440746562e-10,1.339749123872025e-06,0.0006904543552082032,0.0017514263888587073,0.0030974388783906186,0.0035541019051498245,0.006769744656048716,0.013822503564879298,0.030908027663826942,0.1391841703256987,0.35272558363418827,True,True,8.175653783837333e-05,8.203638550185133e-05,0.0004352620308054611,0.06292559417813663,0.19620587612425833,0.2057573179686547,0.4705417424440385,0.9699505347013474,0.9999885559082031,0.1958283469226864,0.6658545100467742,True,True,0.0,0.006063204258680344,0.006063236854970455,0.006025326243252494,0.000478587832059443,0.006044244111623426,0.006063236854970455,0.006063236854970455,0.006063236854970455,0.012578648462729334,0.050314593850917334,35.928198055266954
to_k,14,2,tabby,True,True,5.0947893015518275e-08,5.12202659592731e-07,0.0006835512758698314,0.001571827002402737,0.0025412752064848925,0.0029847174575816293,0.006098948675207799,0.012579613476991654,0.01939091645181179,0.11944214023124249,0.3310725764974824,True,True,5.349161074263975e-05,5.357015055778902e-05,0.0004141327954130247,0.06935560445145939,0.20445403036723966,0.21559457523165682,0.5461872905492792,0.9837123131752015,0.9996433854103088,0.17877087196400512,0.6236030421749913,True,True,0.0,0.006638623774051666,0.006638623774051666,0.006576404155930504,0.0006407655275707685,0.006607449509419002,0.006638660095632076,0.006638660095632076,0.006638660095632076,0.012618332028844043,0.05047332811537617,44.12419709385355
to_k,14,3,tiger cat,True,True,3.967941530902408e-10,4.810253707887568e-07,0.0008015231287572533,0.0018186970481518252,0.0028505745928983865,0.003377579223965919,0.006472666561603549,0.015218591308221225,0.020667608827352524,0.12198009953898276,0.32327207440596956,True,True,4.565455674310215e-05,4.5717325883742886e-05,0.0003932839463232085,0.062078924639627074,0.19148899445861228,0.2010155224698127,0.4765448167920117,0.9898994874954223,0.999367892742157,0.2004257640869504,0.6645958995151936,True,True,0.0,0.006638623774051666,0.006638660095632076,0.006576405290979892,0.0006407656381630982,0.006607450649826629,0.006638660095632076,0.006638660095632076,0.006638660095632076,0.012618329850993164,0.05047331940397266,34.1337358537598
to_k,14,4,orange,True,True,1.0844143361055103e-08,2.214100717878864e-07,0.0009382642747368664,0.0024754529532118345,0.0042515218216796205,0.004913941328572976,0.010206869058310987,0.0218414948694408,0.03620142862200737,0.1345901303907663,0.3540270633922555,True,True,7.155137427616864e-05,7.157963533245493e-05,0.00038008627598173916,0.06251947986061168,0.19626374455305498,0.20568852540570173,0.5630740642547608,0.9868409270048142,0.9999045729637146,0.19884560819625555,0.6875248208099255,True,True,3.363116314379561e-44,6.859473122632653e-33,0.0077114412561059,0.007590964654809795,0.0009578694941278871,0.007650973214382802,0.007711474783718586,0.007711474783718586,0.007711474783718586,0.012698443370488546,0.050793773481954185,25.25577380878692
to_k,14,5,lemon,True,True,1.2286378137105203e-07,2.047509146905213e-06,0.0013163547846488655,0.002682593824064039,0.003908970210172946,0.004735885089252165,0.01138050872832537,0.01790391994640231,0.024703044444322586,0.09584016934457726,0.29819612595467576,True,True,3.0696075555169955e-05,3.082193692534929e-05,0.0004142078832956031,0.0781164659572255,0.21927726651635826,0.2324531006262304,0.7215206861495974,0.9697802871465683,0.9974451065063477,0.15747512103334946,0.5772687711809937,True,True,0.0,0.005342158488929272,0.005342158488929272,0.005325485940556973,0.00029863695588026824,0.0053338265658333175,0.005342207383364439,0.005342207383364439,0.005342207383364439,0.012539248631472578,0.050156994525890314,29.119751658445892
to_k,14,6,yawl,True,True,1.4801813108533679e-08,5.156050630716891e-07,0.0007414146384689957,0.0016533334514915675,0.0024804969345492245,0.002977775821124201,0.006745569221675398,0.01152074558660388,0.016364816576242447,0.10612084522480733,0.30351396604603337,True,True,3.6136054404778406e-05,3.6196297805872746e-05,0.0003639077040133998,0.07609461407548679,0.2118491694108051,0.22478925830827115,0.6602513223886494,0.9731281000375748,0.9983289241790771,0.16223212877100818,0.5744033118300353,True,True,0.0,0.0060631935484707355,0.0060631935484707355,0.0060253237403230745,0.0004785876337340994,0.0060442416008734436,0.006063247565180063,0.006063247565180063,0.006063247565180063,0.012578675907078637,0.05031470362831455,46.024964901567465
to_k,14,7,lifeboat,True,True,8.088078828905054e-08,3.23035013423123e-07,0.000780683447374031,0.001869957010051615,0.003076420018483692,0.003596042717232615,0.007150561339221896,0.015634912960231315,0.02539164014160633,0.13522434527465635,0.3283183918800888,True,True,5.830974623677321e-05,5.834671730553964e-05,0.0004009817203041166,0.06596154000959586,0.19543556845581053,0.20597724779973434,0.516412875056267,0.9806543880701066,0.9998559951782227,0.18884687542660014,0.6278796768052554,True,True,0.0,7.774507266753744e-35,0.007705377414822578,0.007584997551748529,0.0009571165323851538,0.0076449589398125215,0.007705410942435265,0.007705410942435265,0.007705410942435265,0.012698440061887325,0.0507937602475493,35.274361739350994
to_k,14,8,soccer ball,True,True,5.4919176761814015e-08,8.563662066762844e-07,0.0007031849818304181,0.0017030675194218635,0.0025974123131939546,0.0031025645407350556,0.007476138556376109,0.013495907001197344,0.016115965321660042,0.11032231884340794,0.3119290723545009,True,True,3.9517028199043125e-05,3.961725644330727e-05,0.0003212624869775027,0.07583090956989054,0.2159802153217637,0.228586978992078,0.7201261132955561,0.985323629975319,0.9971177577972412,0.16386682183341975,0.5914557282406394,True,True,0.0,0.006638623774051666,0.006638660095632076,0.006576405290979892,0.0006407656381630996,0.006607450649826629,0.006638660095632076,0.006638660095632076,0.006638660095632076,0.012618329850993164,0.05047331940397266,44.526073514473865
to_k,14,9,volleyball,True,True,8.227602599220063e-09,5.743223049137213e-08,0.0006311648758128285,0.0015539262356666055,0.0023523641823492702,0.0028162051484928678,0.0057720551965758215,0.011275036875158548,0.020679764449596405,0.11371741396286593,0.2942124225955869,True,True,3.79511657229159e-05,3.795768872805638e-05,0.0003048212674912065,0.07099956129459314,0.19577801964720112,0.2079668061324968,0.5516771793365481,0.9783451354503632,0.9999274611473083,0.1739811644762337,0.5725442668056949,True,True,0.0,7.774507266753744e-35,0.007705410942435265,0.007584998599486426,0.0009571166645936992,0.007644959995832965,0.007705410942435265,0.007705410942435265,0.007705410942435265,0.012698438307814901,0.050793753231259606,45.69043218717242
to_k,15,0,golden retriever,True,True,9.440203063704189e-10,1.8499385902259748e-07,0.0005839924269821495,0.0014851374041786093,0.0026057707482655726,0.0029983945007495665,0.0055336423451080915,0.011999298576265579,0.041029952466487885,0.127098339381796,0.33038137484196795,True,True,7.889817788964137e-05,7.894233815022744e-05,0.00042520242277532816,0.05725741922478278,0.17694995844208997,0.18591728780657252,0.4381356254220009,0.9752344083786011,1.0,0.17616959027725068,0.6655063115061485,True,True,0.0,6.939118339874857e-37,0.007454785984009504,0.0073499685691786,0.0008781359754046727,0.007402199559558802,0.0074548181146383286,0.0074548181146383286,0.0074548181146383286,0.010301132006780388,0.0507132652641496,38.55361737148514
to_k,15,1,labrador retriever,True,True,2.417027133994054e-10,3.9089204193487616e-08,0.0006197240436449647,0.0015016662500634183,0.0024631559222754082,0.002883990061210782,0.0059360606130212535,0.01056740932166577,0.029719240963459015,0.11299545137217765,0.31351025293426515,True,True,5.745132148149423e-05,5.745865095377667e-05,0.00038974331982899457,0.06690458950142783,0.19119293444031457,0.2024905032021253,0.5549123823642729,0.95928499519825,0.9999990463256836,0.15006208120109432,0.6012439837195188,True,True,2.1597989022884114e-39,2.1506028710840152e-29,0.008575905114412308,0.008395021483738673,0.0012328148897279487,0.008484988561900794,0.00857593398541212,0.00857593398541212,0.00857593398541212,0.010375116931869086,0.051077498741509346,44.55356807719579
to_k,15,2,tabby,True,True,9.572591608275616e-10,1.7772038319208155e-07,0.000608098809607327,0.0014337271871893349,0.0022880993595234323,0.0026994225625343237,0.005307265720330176,0.012309757769107843,0.022834138944745064,0.10762866559835986,0.31750144037325906,True,True,5.009376400266774e-05,5.012515357520897e-05,0.0003820680867647752,0.06594003875171665,0.19150214760024684,0.20246607223968716,0.5053340077400202,0.9909337264299394,0.9999875426292419,0.15360156842416012,0.6126353918381585,True,True,0.0,3.947216616142493e-36,0.0075842831283807755,0.0074716851850098465,0.0009175030882804281,0.007527764193659336,0.0075842831283807755,0.0075842831283807755,0.0075842831283807755,0.010309304208527856,0.050753497641983294,45.99204042505804
to_k,15,3,tiger cat,True,True,8.183227858359066e-13,1.518651649945469e-07,0.0006856221007183194,0.0015507674071499017,0.0024447341548703054,0.0028942935791990525,0.005927239451557395,0.011530920444056403,0.028171762824058533,0.10596108280780193,0.31304976873271206,True,True,4.7044261009432375e-05,4.706807649199618e-05,0.00040153012378141284,0.06721262244773811,0.1956214230961372,0.20677374378210558,0.5503392875194544,0.9767840677499773,0.9999990463256836,0.15024441901144495,0.6205461330729324,True,True,0.0,5.273059879978724e-35,0.0075839972123503685,0.00747140690436936,0.0009174689160925586,0.007527483824365371,0.0075839972123503685,0.0075839972123503685,0.0075839972123503685,0.010309299530037426,0.050753474609415025,43.34152377580963
to_k,15,4,orange,True,True,1.1861805981894236e-09,4.3774171643917735e-07,0.0006672635499853641,0.0013973265868787495,0.001976913838677752,0.002420259623227326,0.005266991583630441,0.008471689019352212,0.01783164218068123,0.09145371503243546,0.2739959862449869,True,True,2.5851739337667823e-05,2.589959583929158e-05,0.0003595808084355667,0.07651207483135636,0.2012193215327353,0.21520148873461553,0.6225323021411893,0.9528418904542927,0.9999446868896484,0.1315183783078553,0.5418702310669902,True,True,0.0,3.377129299022809e-43,0.0069251032546162605,0.006849345387308858,0.0007205530226102073,0.006887112839982548,0.0069251032546162605,0.0069251032546162605,0.0069251032546162605,0.010268584215364062,0.05055302998333077,54.75604311105515
to_k,15,5,lemon,True,True,3.762132966267373e-11,1.793153185758456e-07,0.0007004077488090843,0.0016316804446237572,0.0024136997225158306,0.002912692208808592,0.006170330313034353,0.011952353464439522,0.026528991758823395,0.09290402995430944,0.292295406477419,True,True,3.3413609344279394e-05,3.343415479321266e-05,0.0003191319265170023,0.07309715079686327,0.201220837994981,0.21401258472748266,0.5901751041412349,0.9823436653614045,0.9999971389770508,0.13801214668353878,0.5738566160037039,True,True,0.0,7.503843975179178e-38,0.007192742545157671,0.007102815304824617,0.0007994414992737927,0.007147628464259607,0.007192742545157671,0.007192742545157671,0.007192742545157671,0.010284836130349216,0.05063303941094999,44.79869268379842
to_k,15,6,yawl,True,True,1.93617934185486e-11,2.3420755653091875e-07,0.0005867946310900152,0.0014420925100721914,0.00219196902711259,0.0026230907970386033,0.005516058136709035,0.00977317534387113,0.023194599896669388,0.09774208047543949,0.2934485886511002,True,True,3.8796457374701276e-05,3.883054519974394e-05,0.0003091924299951643,0.07437027316734657,0.1998000472557381,0.21311923627016474,0.5807449042797088,0.9654677307605746,0.9999942183494568,0.1350879972890118,0.5583150105170882,True,True,0.0,9.495669194675733e-35,0.007839659228920937,0.0077110236939915925,0.0009962733943464329,0.007775067308233025,0.007839659228920937,0.007839659228920937,0.007839659228920937,0.010325676875531991,0.050834101541080576,51.57108344153565
to_k,15,7,lifeboat,True,True,2.7945894487402256e-09,2.1817633211185244e-07,0.0006773707282263786,0.0016438976360488259,0.002683583235796894,0.0031461710310194874,0.006368254101835189,0.0114776476752013,0.03502260521054268,0.1142938051694771,0.3127189352116162,True,True,5.611314918496646e-05,5.614951001916779e-05,0.0003839106357190758,0.06462958644897014,0.18869251013172159,0.19938412806655217,0.5368077576160427,0.9583753919601441,1.0,0.15567126688019048,0.6180127170578995,True,True,0.0,1.0118012503226447e-38,0.007059603929519653,0.006976856442634016,0.000760028479694552,0.007018099303034284,0.007059603929519653,0.007059603929519653,0.007059603929519653,0.010276705991977523,0.05059301411435088,39.31484846240789
to_k,15,8,soccer ball,True,True,9.539037115757765e-09,2.8893196429180535e-07,0.0007269663328770548,0.001671719963980111,0.002433737351135612,0.0029517956785641204,0.006635677954182027,0.011127274120226538,0.022034186869859695,0.08723378458444771,0.2895204868200397,True,True,3.0529543437296525e-05,3.055870223761303e-05,0.0003137020248686895,0.07859571737922408,0.21173343206124012,0.22577269274184156,0.6552108943462369,0.9687357378005986,0.9999485015869141,0.12807085554096204,0.5537943276342123,True,True,0.0,8.823976429853373e-42,0.007204578723758459,0.007114503382035764,0.0008007570246766199,0.007159390284014324,0.007204578723758459,0.007204578723758459,0.007204578723758459,0.010284836303252182,0.050633040262164586,47.014882320421435
to_k,15,9,volleyball,True,True,5.907467293120305e-10,2.6338733107422755e-07,0.0007393317355308682,0.001685709616383562,0.002664056405535567,0.003151708863117368,0.006549980258569121,0.01305405830033125,0.028608625754714012,0.10823218024686648,0.313443203031169,True,True,4.7648820327594876e-05,4.768707342009293e-05,0.00039765694236848503,0.06718682755745534,0.19507078574677245,0.20624488513997544,0.5663585722446441,0.9820963799953462,0.999995231628418,0.15048090873323275,0.616571014462169,True,True,0.0,5.7362061608788144e-36,0.0072031086310744286,0.007113051814667415,0.0008005936467561869,0.007157929558401368,0.0072031086310744286,0.0072031086310744286,0.0072031086310744286,0.010284836092926767,0.05063303922671639,39.85670301958331
