condition,record_type,original_description,embedding_prompt,token_ids,decoded_tokens,selected_token_id,selected_token,selected_token_position,token_count_with_special_tokens,model_max_length,truncation_occurred
fixed_suffix,description,A retractable-clawed mouser reveals a warm orange coat with white patches.,A retractable-clawed mouser reveals a warm orange coat with white patches. This sentence describes the concept,"[49406, 320, 32735, 2175, 268, 940, 3478, 24837, 528, 6621, 320, 3616, 4287, 7356, 593, 1579, 22104, 269, 589, 12737, 13678, 518, 6353, 49407]","[""<|startoftext|>"", ""a</w>"", ""retrac"", ""table</w>"", ""-</w>"", ""cla"", ""wed</w>"", ""mous"", ""er</w>"", ""reveals</w>"", ""a</w>"", ""warm</w>"", ""orange</w>"", ""coat</w>"", ""with</w>"", ""white</w>"", ""patches</w>"", "".</w>"", ""this</w>"", ""sentence</w>"", ""describes</w>"", ""the</w>"", ""concept</w>"", ""<|endoftext|>""]",6353,concept</w>,22,24,77,False
fixed_suffix,description,A panting ball retriever reveals a short golden coat with a pale chest.,A panting ball retriever reveals a short golden coat with a pale chest. This sentence describes the concept,"[49406, 320, 1072, 694, 1069, 28394, 6621, 320, 3005, 3878, 7356, 593, 320, 12518, 10563, 269, 589, 12737, 13678, 518, 6353, 49407]","[""<|startoftext|>"", ""a</w>"", ""pan"", ""ting</w>"", ""ball</w>"", ""retriever</w>"", ""reveals</w>"", ""a</w>"", ""short</w>"", ""golden</w>"", ""coat</w>"", ""with</w>"", ""a</w>"", ""pale</w>"", ""chest</w>"", "".</w>"", ""this</w>"", ""sentence</w>"", ""describes</w>"", ""the</w>"", ""concept</w>"", ""<|endoftext|>""]",6353,concept</w>,20,22,77,False
fixed_suffix,description,Warm russet fur beneath a pale throat defines a russet snowline hunter.,Warm russet fur beneath a pale throat defines a russet snowline hunter. This sentence describes the concept,"[49406, 3616, 35811, 1167, 9686, 16850, 320, 12518, 16371, 28218, 320, 35811, 1167, 3880, 1148, 6099, 269, 589, 12737, 13678, 518, 6353, 49407]","[""<|startoftext|>"", ""warm</w>"", ""rus"", ""set</w>"", ""fur</w>"", ""beneath</w>"", ""a</w>"", ""pale</w>"", ""throat</w>"", ""defines</w>"", ""a</w>"", ""rus"", ""set</w>"", ""snow"", ""line</w>"", ""hunter</w>"", "".</w>"", ""this</w>"", ""sentence</w>"", ""describes</w>"", ""the</w>"", ""concept</w>"", ""<|endoftext|>""]",6353,concept</w>,21,23,77,False
fixed_suffix,description,Shaggy dark fur suited to cold woodland defines a towering honey seeker.,Shaggy dark fur suited to cold woodland defines a towering honey seeker. This sentence describes the concept,"[49406, 42662, 3144, 9686, 25919, 531, 3153, 17447, 28218, 320, 39444, 6406, 28011, 269, 589, 12737, 13678, 518, 6353, 49407]","[""<|startoftext|>"", ""shaggy</w>"", ""dark</w>"", ""fur</w>"", ""suited</w>"", ""to</w>"", ""cold</w>"", ""woodland</w>"", ""defines</w>"", ""a</w>"", ""towering</w>"", ""honey</w>"", ""seeker</w>"", "".</w>"", ""this</w>"", ""sentence</w>"", ""describes</w>"", ""the</w>"", ""concept</w>"", ""<|endoftext|>""]",6353,concept</w>,18,20,77,False
fixed_suffix,description,A layered gray coat with pale guard hairs defines a sharp-eared snow tracker.,A layered gray coat with pale guard hairs defines a sharp-eared snow tracker. This sentence describes the concept,"[49406, 320, 28520, 7048, 7356, 593, 12518, 4901, 27951, 28218, 320, 8157, 268, 9127, 2583, 18123, 269, 589, 12737, 13678, 518, 6353, 49407]","[""<|startoftext|>"", ""a</w>"", ""layered</w>"", ""gray</w>"", ""coat</w>"", ""with</w>"", ""pale</w>"", ""guard</w>"", ""hairs</w>"", ""defines</w>"", ""a</w>"", ""sharp</w>"", ""-</w>"", ""eared</w>"", ""snow</w>"", ""tracker</w>"", "".</w>"", ""this</w>"", ""sentence</w>"", ""describes</w>"", ""the</w>"", ""concept</w>"", ""<|endoftext|>""]",6353,concept</w>,21,23,77,False
fixed_suffix,description,A softly lit meadow grazer shows a warm chestnut coat blending into meadow soil.,A softly lit meadow grazer shows a warm chestnut coat blending into meadow soil. This sentence describes the concept,"[49406, 320, 34958, 4350, 17195, 782, 3716, 2665, 320, 3616, 21834, 7356, 34307, 1095, 17195, 9216, 269, 589, 12737, 13678, 518, 6353, 49407]","[""<|startoftext|>"", ""a</w>"", ""softly</w>"", ""lit</w>"", ""meadow</w>"", ""gra"", ""zer</w>"", ""shows</w>"", ""a</w>"", ""warm</w>"", ""chestnut</w>"", ""coat</w>"", ""blending</w>"", ""into</w>"", ""meadow</w>"", ""soil</w>"", "".</w>"", ""this</w>"", ""sentence</w>"", ""describes</w>"", ""the</w>"", ""concept</w>"", ""<|endoftext|>""]",6353,concept</w>,21,23,77,False
fixed_suffix,description,An antlered browser shows a spotted chestnut coat blending with leaf litter.,An antlered browser shows a spotted chestnut coat blending with leaf litter. This sentence describes the concept,"[49406, 550, 1103, 534, 736, 19768, 2665, 320, 4533, 21834, 7356, 34307, 593, 7232, 17118, 269, 589, 12737, 13678, 518, 6353, 49407]","[""<|startoftext|>"", ""an</w>"", ""ant"", ""le"", ""red</w>"", ""browser</w>"", ""shows</w>"", ""a</w>"", ""spotted</w>"", ""chestnut</w>"", ""coat</w>"", ""blending</w>"", ""with</w>"", ""leaf</w>"", ""litter</w>"", "".</w>"", ""this</w>"", ""sentence</w>"", ""describes</w>"", ""the</w>"", ""concept</w>"", ""<|endoftext|>""]",6353,concept</w>,20,22,77,False
fixed_suffix,description,A saddle-trained trail companion shows a glossy chestnut coat beneath a dark mane.,A saddle-trained trail companion shows a glossy chestnut coat beneath a dark mane. This sentence describes the concept,"[49406, 320, 20283, 268, 10874, 4921, 14963, 2665, 320, 29802, 21834, 7356, 16850, 320, 3144, 16044, 269, 589, 12737, 13678, 518, 6353, 49407]","[""<|startoftext|>"", ""a</w>"", ""saddle</w>"", ""-</w>"", ""trained</w>"", ""trail</w>"", ""companion</w>"", ""shows</w>"", ""a</w>"", ""glossy</w>"", ""chestnut</w>"", ""coat</w>"", ""beneath</w>"", ""a</w>"", ""dark</w>"", ""mane</w>"", "".</w>"", ""this</w>"", ""sentence</w>"", ""describes</w>"", ""the</w>"", ""concept</w>"", ""<|endoftext|>""]",6353,concept</w>,21,23,77,False
fixed_suffix,description,A long-whiskered home companion has a smooth black coat reflecting window light.,A long-whiskered home companion has a smooth black coat reflecting window light. This sentence describes the concept,"[49406, 320, 1538, 268, 6024, 26690, 1137, 14963, 791, 320, 8990, 1449, 7356, 19700, 4879, 1395, 269, 589, 12737, 13678, 518, 6353, 49407]","[""<|startoftext|>"", ""a</w>"", ""long</w>"", ""-</w>"", ""whis"", ""kered</w>"", ""home</w>"", ""companion</w>"", ""has</w>"", ""a</w>"", ""smooth</w>"", ""black</w>"", ""coat</w>"", ""reflecting</w>"", ""window</w>"", ""light</w>"", "".</w>"", ""this</w>"", ""sentence</w>"", ""describes</w>"", ""the</w>"", ""concept</w>"", ""<|endoftext|>""]",6353,concept</w>,21,23,77,False
fixed_suffix,description,A floppy-eared home guardian shows white spotted hair across a sturdy back.,A floppy-eared home guardian shows white spotted hair across a sturdy back. This sentence describes the concept,"[49406, 320, 38267, 268, 9127, 1137, 9498, 2665, 1579, 4533, 2225, 2500, 320, 43780, 893, 269, 589, 12737, 13678, 518, 6353, 49407]","[""<|startoftext|>"", ""a</w>"", ""floppy</w>"", ""-</w>"", ""eared</w>"", ""home</w>"", ""guardian</w>"", ""shows</w>"", ""white</w>"", ""spotted</w>"", ""hair</w>"", ""across</w>"", ""a</w>"", ""sturdy</w>"", ""back</w>"", "".</w>"", ""this</w>"", ""sentence</w>"", ""describes</w>"", ""the</w>"", ""concept</w>"", ""<|endoftext|>""]",6353,concept</w>,20,22,77,False
fixed_suffix,description,Dense copper hair blending into autumn leaves defines a slender twilight forager.,Dense copper hair blending into autumn leaves defines a slender twilight forager. This sentence describes the concept,"[49406, 19353, 10333, 2225, 34307, 1095, 6110, 5579, 28218, 320, 40331, 14512, 645, 10443, 269, 589, 12737, 13678, 518, 6353, 49407]","[""<|startoftext|>"", ""dense</w>"", ""copper</w>"", ""hair</w>"", ""blending</w>"", ""into</w>"", ""autumn</w>"", ""leaves</w>"", ""defines</w>"", ""a</w>"", ""slender</w>"", ""twilight</w>"", ""for"", ""ager</w>"", "".</w>"", ""this</w>"", ""sentence</w>"", ""describes</w>"", ""the</w>"", ""concept</w>"", ""<|endoftext|>""]",6353,concept</w>,19,21,77,False
fixed_suffix,description,A heavy black coat covering broad shoulders identifies a towering honey seeker.,A heavy black coat covering broad shoulders identifies a towering honey seeker. This sentence describes the concept,"[49406, 320, 4200, 1449, 7356, 9462, 12623, 18738, 35712, 320, 39444, 6406, 28011, 269, 589, 12737, 13678, 518, 6353, 49407]","[""<|startoftext|>"", ""a</w>"", ""heavy</w>"", ""black</w>"", ""coat</w>"", ""covering</w>"", ""broad</w>"", ""shoulders</w>"", ""identifies</w>"", ""a</w>"", ""towering</w>"", ""honey</w>"", ""seeker</w>"", "".</w>"", ""this</w>"", ""sentence</w>"", ""describes</w>"", ""the</w>"", ""concept</w>"", ""<|endoftext|>""]",6353,concept</w>,18,20,77,False
fixed_suffix,description,A pale-muzzled pack sentinel reveals dense silver-brown fur suited to winter.,A pale-muzzled pack sentinel reveals dense silver-brown fur suited to winter. This sentence describes the concept,"[49406, 320, 12518, 268, 670, 39075, 3420, 23123, 6621, 19353, 3467, 268, 2866, 9686, 25919, 531, 2541, 269, 589, 12737, 13678, 518, 6353, 49407]","[""<|startoftext|>"", ""a</w>"", ""pale</w>"", ""-</w>"", ""mu"", ""zzled</w>"", ""pack</w>"", ""sentinel</w>"", ""reveals</w>"", ""dense</w>"", ""silver</w>"", ""-</w>"", ""brown</w>"", ""fur</w>"", ""suited</w>"", ""to</w>"", ""winter</w>"", "".</w>"", ""this</w>"", ""sentence</w>"", ""describes</w>"", ""the</w>"", ""concept</w>"", ""<|endoftext|>""]",6353,concept</w>,22,24,77,False
fixed_suffix,description,A finely detailed garden nibbler shows smooth tan hair above a pale belly.,A finely detailed garden nibbler shows smooth tan hair above a pale belly. This sentence describes the concept,"[49406, 320, 46120, 12609, 2756, 697, 65, 11979, 2665, 8990, 5039, 2225, 4348, 320, 12518, 10404, 269, 589, 12737, 13678, 518, 6353, 49407]","[""<|startoftext|>"", ""a</w>"", ""finely</w>"", ""detailed</w>"", ""garden</w>"", ""ni"", ""b"", ""bler</w>"", ""shows</w>"", ""smooth</w>"", ""tan</w>"", ""hair</w>"", ""above</w>"", ""a</w>"", ""pale</w>"", ""belly</w>"", "".</w>"", ""this</w>"", ""sentence</w>"", ""describes</w>"", ""the</w>"", ""concept</w>"", ""<|endoftext|>""]",6353,concept</w>,21,23,77,False
fixed_suffix,description,A branch-antlered visitor shows a smooth reddish-brown summer coat.,A branch-antlered visitor shows a smooth reddish-brown summer coat. This sentence describes the concept,"[49406, 320, 7998, 268, 1103, 534, 736, 13881, 2665, 320, 8990, 43383, 268, 2866, 1673, 7356, 269, 589, 12737, 13678, 518, 6353, 49407]","[""<|startoftext|>"", ""a</w>"", ""branch</w>"", ""-</w>"", ""ant"", ""le"", ""red</w>"", ""visitor</w>"", ""shows</w>"", ""a</w>"", ""smooth</w>"", ""reddish</w>"", ""-</w>"", ""brown</w>"", ""summer</w>"", ""coat</w>"", "".</w>"", ""this</w>"", ""sentence</w>"", ""describes</w>"", ""the</w>"", ""concept</w>"", ""<|endoftext|>""]",6353,concept</w>,21,23,77,False
fixed_suffix,description,Smooth black hair with a white facial blaze defines a bridled stable companion.,Smooth black hair with a white facial blaze defines a bridled stable companion. This sentence describes the concept,"[49406, 8990, 1449, 2225, 593, 320, 1579, 11909, 15497, 28218, 320, 16995, 912, 10492, 14963, 269, 589, 12737, 13678, 518, 6353, 49407]","[""<|startoftext|>"", ""smooth</w>"", ""black</w>"", ""hair</w>"", ""with</w>"", ""a</w>"", ""white</w>"", ""facial</w>"", ""blaze</w>"", ""defines</w>"", ""a</w>"", ""brid"", ""led</w>"", ""stable</w>"", ""companion</w>"", "".</w>"", ""this</w>"", ""sentence</w>"", ""describes</w>"", ""the</w>"", ""concept</w>"", ""<|endoftext|>""]",6353,concept</w>,20,22,77,False
fixed_suffix,description,"Within a misty hillside, purring room-explorer demonstrates a smooth black coat reflecting window light.","Within a misty hillside, purring room-explorer demonstrates a smooth black coat reflecting window light. This sentence describes the concept","[49406, 4154, 320, 18799, 37194, 267, 1727, 2540, 1530, 268, 15776, 24806, 320, 8990, 1449, 7356, 19700, 4879, 1395, 269, 589, 12737, 13678, 518, 6353, 49407]","[""<|startoftext|>"", ""within</w>"", ""a</w>"", ""misty</w>"", ""hillside</w>"", "",</w>"", ""pur"", ""ring</w>"", ""room</w>"", ""-</w>"", ""explorer</w>"", ""demonstrates</w>"", ""a</w>"", ""smooth</w>"", ""black</w>"", ""coat</w>"", ""reflecting</w>"", ""window</w>"", ""light</w>"", "".</w>"", ""this</w>"", ""sentence</w>"", ""describes</w>"", ""the</w>"", ""concept</w>"", ""<|endoftext|>""]",6353,concept</w>,24,26,77,False
fixed_suffix,description,"Within a patch of dense brush, wagging household-companion demonstrates a shaggy gray coat around the shoulders.","Within a patch of dense brush, wagging household-companion demonstrates a shaggy gray coat around the shoulders. This sentence describes the concept","[49406, 4154, 320, 8721, 539, 19353, 8594, 267, 5764, 3905, 12412, 268, 14963, 24806, 320, 42662, 7048, 7356, 1630, 518, 18738, 269, 589, 12737, 13678, 518, 6353, 49407]","[""<|startoftext|>"", ""within</w>"", ""a</w>"", ""patch</w>"", ""of</w>"", ""dense</w>"", ""brush</w>"", "",</w>"", ""wag"", ""ging</w>"", ""household</w>"", ""-</w>"", ""companion</w>"", ""demonstrates</w>"", ""a</w>"", ""shaggy</w>"", ""gray</w>"", ""coat</w>"", ""around</w>"", ""the</w>"", ""shoulders</w>"", "".</w>"", ""this</w>"", ""sentence</w>"", ""describes</w>"", ""the</w>"", ""concept</w>"", ""<|endoftext|>""]",6353,concept</w>,26,28,77,False
fixed_suffix,description,Red-coated woodland-hunter displays warm russet fur beneath a pale throat beside a rocky meadow.,Red-coated woodland-hunter displays warm russet fur beneath a pale throat beside a rocky meadow. This sentence describes the concept,"[49406, 736, 268, 23401, 17447, 268, 6099, 15648, 3616, 35811, 1167, 9686, 16850, 320, 12518, 16371, 13519, 320, 9648, 17195, 269, 589, 12737, 13678, 518, 6353, 49407]","[""<|startoftext|>"", ""red</w>"", ""-</w>"", ""coated</w>"", ""woodland</w>"", ""-</w>"", ""hunter</w>"", ""displays</w>"", ""warm</w>"", ""rus"", ""set</w>"", ""fur</w>"", ""beneath</w>"", ""a</w>"", ""pale</w>"", ""throat</w>"", ""beside</w>"", ""a</w>"", ""rocky</w>"", ""meadow</w>"", "".</w>"", ""this</w>"", ""sentence</w>"", ""describes</w>"", ""the</w>"", ""concept</w>"", ""<|endoftext|>""]",6353,concept</w>,25,27,77,False
fixed_suffix,description,Thick cinnamon-colored hair across the torso distinguishes long-clawed wilderness-resident near a shaded woodland edge.,Thick cinnamon-colored hair across the torso distinguishes long-clawed wilderness-resident near a shaded woodland edge. This sentence describes the concept,"[49406, 11006, 13460, 268, 11775, 2225, 2500, 518, 937, 706, 15053, 2502, 1538, 268, 940, 3478, 16506, 268, 9016, 2252, 320, 43506, 17447, 5461, 269, 589, 12737, 13678, 518, 6353, 49407]","[""<|startoftext|>"", ""thick</w>"", ""cinnamon</w>"", ""-</w>"", ""colored</w>"", ""hair</w>"", ""across</w>"", ""the</w>"", ""tor"", ""so</w>"", ""distingui"", ""shes</w>"", ""long</w>"", ""-</w>"", ""cla"", ""wed</w>"", ""wilderness</w>"", ""-</w>"", ""resident</w>"", ""near</w>"", ""a</w>"", ""shaded</w>"", ""woodland</w>"", ""edge</w>"", "".</w>"", ""this</w>"", ""sentence</w>"", ""describes</w>"", ""the</w>"", ""concept</w>"", ""<|endoftext|>""]",6353,concept</w>,29,31,77,False
fixed_suffix,description,Broad-pawed northern pack tracker displays a layered gray coat with pale guard hairs beside scattered autumn leaves.,Broad-pawed northern pack tracker displays a layered gray coat with pale guard hairs beside scattered autumn leaves. This sentence describes the concept,"[49406, 12623, 268, 765, 3478, 5049, 3420, 18123, 15648, 320, 28520, 7048, 7356, 593, 12518, 4901, 27951, 13519, 22090, 6110, 5579, 269, 589, 12737, 13678, 518, 6353, 49407]","[""<|startoftext|>"", ""broad</w>"", ""-</w>"", ""pa"", ""wed</w>"", ""northern</w>"", ""pack</w>"", ""tracker</w>"", ""displays</w>"", ""a</w>"", ""layered</w>"", ""gray</w>"", ""coat</w>"", ""with</w>"", ""pale</w>"", ""guard</w>"", ""hairs</w>"", ""beside</w>"", ""scattered</w>"", ""autumn</w>"", ""leaves</w>"", "".</w>"", ""this</w>"", ""sentence</w>"", ""describes</w>"", ""the</w>"", ""concept</w>"", ""<|endoftext|>""]",6353,concept</w>,26,28,77,False
fixed_suffix,description,"Beside a sunlit garden path, long-eared meadow grazer reveals velvety gray fur around a bright white tail.","Beside a sunlit garden path, long-eared meadow grazer reveals velvety gray fur around a bright white tail. This sentence describes the concept","[49406, 13519, 320, 968, 4350, 2756, 5035, 267, 1538, 268, 9127, 17195, 782, 3716, 6621, 37849, 744, 7048, 9686, 1630, 320, 4852, 1579, 4132, 269, 589, 12737, 13678, 518, 6353, 49407]","[""<|startoftext|>"", ""beside</w>"", ""a</w>"", ""sun"", ""lit</w>"", ""garden</w>"", ""path</w>"", "",</w>"", ""long</w>"", ""-</w>"", ""eared</w>"", ""meadow</w>"", ""gra"", ""zer</w>"", ""reveals</w>"", ""velve"", ""ty</w>"", ""gray</w>"", ""fur</w>"", ""around</w>"", ""a</w>"", ""bright</w>"", ""white</w>"", ""tail</w>"", "".</w>"", ""this</w>"", ""sentence</w>"", ""describes</w>"", ""the</w>"", ""concept</w>"", ""<|endoftext|>""]",6353,concept</w>,29,31,77,False
fixed_suffix,description,Antlered woodland browser displays dark brown hair along a lighter throat patch beside a shaded woodland edge.,Antlered woodland browser displays dark brown hair along a lighter throat patch beside a shaded woodland edge. This sentence describes the concept,"[49406, 1103, 534, 736, 17447, 19768, 15648, 3144, 2866, 2225, 2528, 320, 14102, 16371, 8721, 13519, 320, 43506, 17447, 5461, 269, 589, 12737, 13678, 518, 6353, 49407]","[""<|startoftext|>"", ""ant"", ""le"", ""red</w>"", ""woodland</w>"", ""browser</w>"", ""displays</w>"", ""dark</w>"", ""brown</w>"", ""hair</w>"", ""along</w>"", ""a</w>"", ""lighter</w>"", ""throat</w>"", ""patch</w>"", ""beside</w>"", ""a</w>"", ""shaded</w>"", ""woodland</w>"", ""edge</w>"", "".</w>"", ""this</w>"", ""sentence</w>"", ""describes</w>"", ""the</w>"", ""concept</w>"", ""<|endoftext|>""]",6353,concept</w>,25,27,77,False
fixed_suffix,description,Broad-chested stable resident displays smooth black hair with a white facial blaze beside a patch of dense brush.,Broad-chested stable resident displays smooth black hair with a white facial blaze beside a patch of dense brush. This sentence describes the concept,"[49406, 12623, 268, 983, 1356, 10492, 9016, 15648, 8990, 1449, 2225, 593, 320, 1579, 11909, 15497, 13519, 320, 8721, 539, 19353, 8594, 269, 589, 12737, 13678, 518, 6353, 49407]","[""<|startoftext|>"", ""broad</w>"", ""-</w>"", ""che"", ""sted</w>"", ""stable</w>"", ""resident</w>"", ""displays</w>"", ""smooth</w>"", ""black</w>"", ""hair</w>"", ""with</w>"", ""a</w>"", ""white</w>"", ""facial</w>"", ""blaze</w>"", ""beside</w>"", ""a</w>"", ""patch</w>"", ""of</w>"", ""dense</w>"", ""brush</w>"", "".</w>"", ""this</w>"", ""sentence</w>"", ""describes</w>"", ""the</w>"", ""concept</w>"", ""<|endoftext|>""]",6353,concept</w>,27,29,77,False
fixed_suffix,description,"Beside a calm farmyard, purring room-explorer reveals dense velvet-like fur across the back; the viewpoint remains level.","Beside a calm farmyard, purring room-explorer reveals dense velvet-like fur across the back; the viewpoint remains level. This sentence describes the concept","[49406, 13519, 320, 7011, 1578, 1152, 746, 267, 1727, 2540, 1530, 268, 15776, 6621, 19353, 11063, 268, 789, 9686, 2500, 518, 893, 282, 518, 41604, 6807, 2931, 269, 589, 12737, 13678, 518, 6353, 49407]","[""<|startoftext|>"", ""beside</w>"", ""a</w>"", ""calm</w>"", ""far"", ""my"", ""ard</w>"", "",</w>"", ""pur"", ""ring</w>"", ""room</w>"", ""-</w>"", ""explorer</w>"", ""reveals</w>"", ""dense</w>"", ""velvet</w>"", ""-</w>"", ""like</w>"", ""fur</w>"", ""across</w>"", ""the</w>"", ""back</w>"", "";</w>"", ""the</w>"", ""viewpoint</w>"", ""remains</w>"", ""level</w>"", "".</w>"", ""this</w>"", ""sentence</w>"", ""describes</w>"", ""the</w>"", ""concept</w>"", ""<|endoftext|>""]",6353,concept</w>,32,34,77,False
fixed_suffix,description,"A clear view shows wet-nosed trail-helper with a shaggy gray coat around the shoulders, as ground contact stays clear.","A clear view shows wet-nosed trail-helper with a shaggy gray coat around the shoulders, as ground contact stays clear. This sentence describes the concept","[49406, 320, 3143, 1093, 2665, 6682, 268, 578, 1252, 4921, 268, 29321, 593, 320, 42662, 7048, 7356, 1630, 518, 18738, 267, 601, 2461, 3523, 13311, 3143, 269, 589, 12737, 13678, 518, 6353, 49407]","[""<|startoftext|>"", ""a</w>"", ""clear</w>"", ""view</w>"", ""shows</w>"", ""wet</w>"", ""-</w>"", ""no"", ""sed</w>"", ""trail</w>"", ""-</w>"", ""helper</w>"", ""with</w>"", ""a</w>"", ""shaggy</w>"", ""gray</w>"", ""coat</w>"", ""around</w>"", ""the</w>"", ""shoulders</w>"", "",</w>"", ""as</w>"", ""ground</w>"", ""contact</w>"", ""stays</w>"", ""clear</w>"", "".</w>"", ""this</w>"", ""sentence</w>"", ""describes</w>"", ""the</w>"", ""concept</w>"", ""<|endoftext|>""]",6353,concept</w>,31,33,77,False
fixed_suffix,description,"Narrow-muzzled dusk-prowler becomes recognizable through warm russet fur beneath a pale throat, while the setting supports the behavior.","Narrow-muzzled dusk-prowler becomes recognizable through warm russet fur beneath a pale throat, while the setting supports the behavior. This sentence describes the concept","[49406, 16652, 268, 670, 39075, 19708, 268, 38737, 1803, 6766, 47240, 1417, 3616, 35811, 1167, 9686, 16850, 320, 12518, 16371, 267, 1519, 518, 5264, 8336, 518, 10461, 269, 589, 12737, 13678, 518, 6353, 49407]","[""<|startoftext|>"", ""narrow</w>"", ""-</w>"", ""mu"", ""zzled</w>"", ""dusk</w>"", ""-</w>"", ""prow"", ""ler</w>"", ""becomes</w>"", ""recognizable</w>"", ""through</w>"", ""warm</w>"", ""rus"", ""set</w>"", ""fur</w>"", ""beneath</w>"", ""a</w>"", ""pale</w>"", ""throat</w>"", "",</w>"", ""while</w>"", ""the</w>"", ""setting</w>"", ""supports</w>"", ""the</w>"", ""behavior</w>"", "".</w>"", ""this</w>"", ""sentence</w>"", ""describes</w>"", ""the</w>"", ""concept</w>"", ""<|endoftext|>""]",6353,concept</w>,32,34,77,False
fixed_suffix,description,"Round-eared timberland-giant carries a heavy black coat covering broad shoulders across a narrow riverside path; meanwhile, the viewpoint remains level.","Round-eared timberland-giant carries a heavy black coat covering broad shoulders across a narrow riverside path; meanwhile, the viewpoint remains level. This sentence describes the concept","[49406, 2522, 268, 9127, 14441, 973, 268, 4687, 17982, 320, 4200, 1449, 7356, 9462, 12623, 18738, 2500, 320, 16652, 15809, 5035, 282, 9650, 267, 518, 41604, 6807, 2931, 269, 589, 12737, 13678, 518, 6353, 49407]","[""<|startoftext|>"", ""round</w>"", ""-</w>"", ""eared</w>"", ""timber"", ""land</w>"", ""-</w>"", ""giant</w>"", ""carries</w>"", ""a</w>"", ""heavy</w>"", ""black</w>"", ""coat</w>"", ""covering</w>"", ""broad</w>"", ""shoulders</w>"", ""across</w>"", ""a</w>"", ""narrow</w>"", ""riverside</w>"", ""path</w>"", "";</w>"", ""meanwhile</w>"", "",</w>"", ""the</w>"", ""viewpoint</w>"", ""remains</w>"", ""level</w>"", "".</w>"", ""this</w>"", ""sentence</w>"", ""describes</w>"", ""the</w>"", ""concept</w>"", ""<|endoftext|>""]",6353,concept</w>,33,35,77,False
fixed_suffix,description,"Against an open grassy clearing, dense silver-brown fur suited to winter defines long-legged forest tracker; ground contact stays clear.","Against an open grassy clearing, dense silver-brown fur suited to winter defines long-legged forest tracker; ground contact stays clear. This sentence describes the concept","[49406, 1601, 550, 1488, 44140, 15481, 267, 19353, 3467, 268, 2866, 9686, 25919, 531, 2541, 28218, 1538, 268, 25830, 4167, 18123, 282, 2461, 3523, 13311, 3143, 269, 589, 12737, 13678, 518, 6353, 49407]","[""<|startoftext|>"", ""against</w>"", ""an</w>"", ""open</w>"", ""grassy</w>"", ""clearing</w>"", "",</w>"", ""dense</w>"", ""silver</w>"", ""-</w>"", ""brown</w>"", ""fur</w>"", ""suited</w>"", ""to</w>"", ""winter</w>"", ""defines</w>"", ""long</w>"", ""-</w>"", ""legged</w>"", ""forest</w>"", ""tracker</w>"", "";</w>"", ""ground</w>"", ""contact</w>"", ""stays</w>"", ""clear</w>"", "".</w>"", ""this</w>"", ""sentence</w>"", ""describes</w>"", ""the</w>"", ""concept</w>"", ""<|endoftext|>""]",6353,concept</w>,31,33,77,False
fixed_suffix,description,"Beside a shaded woodland edge, small hopping burrow forager reveals smooth tan hair above a pale belly; the setting supports the behavior.","Beside a shaded woodland edge, small hopping burrow forager reveals smooth tan hair above a pale belly; the setting supports the behavior. This sentence describes the concept","[49406, 13519, 320, 43506, 17447, 5461, 267, 2442, 27606, 1039, 1044, 645, 10443, 6621, 8990, 5039, 2225, 4348, 320, 12518, 10404, 282, 518, 5264, 8336, 518, 10461, 269, 589, 12737, 13678, 518, 6353, 49407]","[""<|startoftext|>"", ""beside</w>"", ""a</w>"", ""shaded</w>"", ""woodland</w>"", ""edge</w>"", "",</w>"", ""small</w>"", ""hopping</w>"", ""bur"", ""row</w>"", ""for"", ""ager</w>"", ""reveals</w>"", ""smooth</w>"", ""tan</w>"", ""hair</w>"", ""above</w>"", ""a</w>"", ""pale</w>"", ""belly</w>"", "";</w>"", ""the</w>"", ""setting</w>"", ""supports</w>"", ""the</w>"", ""behavior</w>"", "".</w>"", ""this</w>"", ""sentence</w>"", ""describes</w>"", ""the</w>"", ""concept</w>"", ""<|endoftext|>""]",6353,concept</w>,32,34,77,False
fixed_suffix,description,"Within a misty hillside, slender-legged forest grazer demonstrates coarse gray winter hair above a pale rump, where its full body stays visible.","Within a misty hillside, slender-legged forest grazer demonstrates coarse gray winter hair above a pale rump, where its full body stays visible. This sentence describes the concept","[49406, 4154, 320, 18799, 37194, 267, 40331, 268, 25830, 4167, 782, 3716, 24806, 622, 22665, 7048, 2541, 2225, 4348, 320, 12518, 29366, 267, 1234, 902, 1476, 1774, 13311, 8626, 269, 589, 12737, 13678, 518, 6353, 49407]","[""<|startoftext|>"", ""within</w>"", ""a</w>"", ""misty</w>"", ""hillside</w>"", "",</w>"", ""slender</w>"", ""-</w>"", ""legged</w>"", ""forest</w>"", ""gra"", ""zer</w>"", ""demonstrates</w>"", ""co"", ""arse</w>"", ""gray</w>"", ""winter</w>"", ""hair</w>"", ""above</w>"", ""a</w>"", ""pale</w>"", ""rump</w>"", "",</w>"", ""where</w>"", ""its</w>"", ""full</w>"", ""body</w>"", ""stays</w>"", ""visible</w>"", "".</w>"", ""this</w>"", ""sentence</w>"", ""describes</w>"", ""the</w>"", ""concept</w>"", ""<|endoftext|>""]",6353,concept</w>,34,36,77,False
fixed_suffix,description,"Warm bay coloring above dark lower legs distinguishes single-hoofed riding companion near a patch of dense brush, where soft light preserves surface detail.","Warm bay coloring above dark lower legs distinguishes single-hoofed riding companion near a patch of dense brush, where soft light preserves surface detail. This sentence describes the concept","[49406, 3616, 2174, 17696, 4348, 3144, 4909, 7072, 15053, 2502, 2688, 268, 2300, 7035, 6765, 14963, 2252, 320, 8721, 539, 19353, 8594, 267, 1234, 3773, 1395, 44881, 7744, 7657, 269, 589, 12737, 13678, 518, 6353, 49407]","[""<|startoftext|>"", ""warm</w>"", ""bay</w>"", ""coloring</w>"", ""above</w>"", ""dark</w>"", ""lower</w>"", ""legs</w>"", ""distingui"", ""shes</w>"", ""single</w>"", ""-</w>"", ""hoo"", ""fed</w>"", ""riding</w>"", ""companion</w>"", ""near</w>"", ""a</w>"", ""patch</w>"", ""of</w>"", ""dense</w>"", ""brush</w>"", "",</w>"", ""where</w>"", ""soft</w>"", ""light</w>"", ""preserves</w>"", ""surface</w>"", ""detail</w>"", "".</w>"", ""this</w>"", ""sentence</w>"", ""describes</w>"", ""the</w>"", ""concept</w>"", ""<|endoftext|>""]",6353,concept</w>,34,36,77,False
fixed_suffix,description,"Short gray hair patterned by faint bands distinguishes retractable-clawed climber near a patch of dense brush, where the setting supports the behavior.","Short gray hair patterned by faint bands distinguishes retractable-clawed climber near a patch of dense brush, where the setting supports the behavior. This sentence describes the concept","[49406, 3005, 7048, 2225, 47212, 638, 30807, 7858, 15053, 2502, 32735, 2175, 268, 940, 3478, 36910, 2252, 320, 8721, 539, 19353, 8594, 267, 1234, 518, 5264, 8336, 518, 10461, 269, 589, 12737, 13678, 518, 6353, 49407]","[""<|startoftext|>"", ""short</w>"", ""gray</w>"", ""hair</w>"", ""patterned</w>"", ""by</w>"", ""faint</w>"", ""bands</w>"", ""distingui"", ""shes</w>"", ""retrac"", ""table</w>"", ""-</w>"", ""cla"", ""wed</w>"", ""climber</w>"", ""near</w>"", ""a</w>"", ""patch</w>"", ""of</w>"", ""dense</w>"", ""brush</w>"", "",</w>"", ""where</w>"", ""the</w>"", ""setting</w>"", ""supports</w>"", ""the</w>"", ""behavior</w>"", "".</w>"", ""this</w>"", ""sentence</w>"", ""describes</w>"", ""the</w>"", ""concept</w>"", ""<|endoftext|>""]",6353,concept</w>,34,36,77,False
fixed_suffix,description,"White spotted hair across a sturdy back distinguishes broad-pawed gate-watcher near a pale winter field, where the background preserves its outline.","White spotted hair across a sturdy back distinguishes broad-pawed gate-watcher near a pale winter field, where the background preserves its outline. This sentence describes the concept","[49406, 1579, 4533, 2225, 2500, 320, 43780, 893, 15053, 2502, 12623, 268, 765, 3478, 3302, 268, 35971, 2252, 320, 12518, 2541, 1570, 267, 1234, 518, 5994, 44881, 902, 26894, 269, 589, 12737, 13678, 518, 6353, 49407]","[""<|startoftext|>"", ""white</w>"", ""spotted</w>"", ""hair</w>"", ""across</w>"", ""a</w>"", ""sturdy</w>"", ""back</w>"", ""distingui"", ""shes</w>"", ""broad</w>"", ""-</w>"", ""pa"", ""wed</w>"", ""gate</w>"", ""-</w>"", ""watcher</w>"", ""near</w>"", ""a</w>"", ""pale</w>"", ""winter</w>"", ""field</w>"", "",</w>"", ""where</w>"", ""the</w>"", ""background</w>"", ""preserves</w>"", ""its</w>"", ""outline</w>"", "".</w>"", ""this</w>"", ""sentence</w>"", ""describes</w>"", ""the</w>"", ""concept</w>"", ""<|endoftext|>""]",6353,concept</w>,34,36,77,False
fixed_suffix,description,"A clear view shows bushy-tailed den-visitor with dense copper hair blending into autumn leaves, as the moment appears unstaged.","A clear view shows bushy-tailed den-visitor with dense copper hair blending into autumn leaves, as the moment appears unstaged. This sentence describes the concept","[49406, 320, 3143, 1093, 2665, 609, 9682, 268, 20626, 1181, 268, 13881, 593, 19353, 10333, 2225, 34307, 1095, 6110, 5579, 267, 601, 518, 2495, 8743, 569, 19906, 269, 589, 12737, 13678, 518, 6353, 49407]","[""<|startoftext|>"", ""a</w>"", ""clear</w>"", ""view</w>"", ""shows</w>"", ""bu"", ""shy</w>"", ""-</w>"", ""tailed</w>"", ""den</w>"", ""-</w>"", ""visitor</w>"", ""with</w>"", ""dense</w>"", ""copper</w>"", ""hair</w>"", ""blending</w>"", ""into</w>"", ""autumn</w>"", ""leaves</w>"", "",</w>"", ""as</w>"", ""the</w>"", ""moment</w>"", ""appears</w>"", ""un"", ""staged</w>"", "".</w>"", ""this</w>"", ""sentence</w>"", ""describes</w>"", ""the</w>"", ""concept</w>"", ""<|endoftext|>""]",6353,concept</w>,32,34,77,False
fixed_suffix,description,"A clear view shows thick-furred cave-sleeper with thick cinnamon-colored hair across the torso, as surrounding plants provide scale.","A clear view shows thick-furred cave-sleeper with thick cinnamon-colored hair across the torso, as surrounding plants provide scale. This sentence describes the concept","[49406, 320, 3143, 1093, 2665, 11006, 268, 2395, 736, 9654, 268, 28709, 593, 11006, 13460, 268, 11775, 2225, 2500, 518, 937, 706, 267, 601, 12544, 5829, 4832, 5879, 269, 589, 12737, 13678, 518, 6353, 49407]","[""<|startoftext|>"", ""a</w>"", ""clear</w>"", ""view</w>"", ""shows</w>"", ""thick</w>"", ""-</w>"", ""fur"", ""red</w>"", ""cave</w>"", ""-</w>"", ""sleeper</w>"", ""with</w>"", ""thick</w>"", ""cinnamon</w>"", ""-</w>"", ""colored</w>"", ""hair</w>"", ""across</w>"", ""the</w>"", ""tor"", ""so</w>"", "",</w>"", ""as</w>"", ""surrounding</w>"", ""plants</w>"", ""provide</w>"", ""scale</w>"", "".</w>"", ""this</w>"", ""sentence</w>"", ""describes</w>"", ""the</w>"", ""concept</w>"", ""<|endoftext|>""]",6353,concept</w>,33,35,77,False
fixed_suffix,description,"Deep-chested roaming predator carries a layered gray coat with pale guard hairs across a rocky meadow; meanwhile, the head and torso remain visible.","Deep-chested roaming predator carries a layered gray coat with pale guard hairs across a rocky meadow; meanwhile, the head and torso remain visible. This sentence describes the concept","[49406, 3383, 268, 983, 1356, 29240, 20653, 17982, 320, 28520, 7048, 7356, 593, 12518, 4901, 27951, 2500, 320, 9648, 17195, 282, 9650, 267, 518, 1375, 537, 937, 706, 6415, 8626, 269, 589, 12737, 13678, 518, 6353, 49407]","[""<|startoftext|>"", ""deep</w>"", ""-</w>"", ""che"", ""sted</w>"", ""roaming</w>"", ""predator</w>"", ""carries</w>"", ""a</w>"", ""layered</w>"", ""gray</w>"", ""coat</w>"", ""with</w>"", ""pale</w>"", ""guard</w>"", ""hairs</w>"", ""across</w>"", ""a</w>"", ""rocky</w>"", ""meadow</w>"", "";</w>"", ""meanwhile</w>"", "",</w>"", ""the</w>"", ""head</w>"", ""and</w>"", ""tor"", ""so</w>"", ""remain</w>"", ""visible</w>"", "".</w>"", ""this</w>"", ""sentence</w>"", ""describes</w>"", ""the</w>"", ""concept</w>"", ""<|endoftext|>""]",6353,concept</w>,35,37,77,False
fixed_suffix,description,"Long-eared grassland nibbler becomes recognizable through a warm chestnut coat blending into meadow soil, while ground contact stays clear.","Long-eared grassland nibbler becomes recognizable through a warm chestnut coat blending into meadow soil, while ground contact stays clear. This sentence describes the concept","[49406, 1538, 268, 9127, 11584, 973, 697, 65, 11979, 6766, 47240, 1417, 320, 3616, 21834, 7356, 34307, 1095, 17195, 9216, 267, 1519, 2461, 3523, 13311, 3143, 269, 589, 12737, 13678, 518, 6353, 49407]","[""<|startoftext|>"", ""long</w>"", ""-</w>"", ""eared</w>"", ""grass"", ""land</w>"", ""ni"", ""b"", ""bler</w>"", ""becomes</w>"", ""recognizable</w>"", ""through</w>"", ""a</w>"", ""warm</w>"", ""chestnut</w>"", ""coat</w>"", ""blending</w>"", ""into</w>"", ""meadow</w>"", ""soil</w>"", "",</w>"", ""while</w>"", ""ground</w>"", ""contact</w>"", ""stays</w>"", ""clear</w>"", "".</w>"", ""this</w>"", ""sentence</w>"", ""describes</w>"", ""the</w>"", ""concept</w>"", ""<|endoftext|>""]",6353,concept</w>,31,33,77,False
fixed_suffix,description,"Antlered split-hoofed woodland browser becomes recognizable through coarse gray winter hair above a pale rump, while surrounding plants provide scale.","Antlered split-hoofed woodland browser becomes recognizable through coarse gray winter hair above a pale rump, while surrounding plants provide scale. This sentence describes the concept","[49406, 1103, 534, 736, 9109, 268, 2300, 7035, 17447, 19768, 6766, 47240, 1417, 622, 22665, 7048, 2541, 2225, 4348, 320, 12518, 29366, 267, 1519, 12544, 5829, 4832, 5879, 269, 589, 12737, 13678, 518, 6353, 49407]","[""<|startoftext|>"", ""ant"", ""le"", ""red</w>"", ""split</w>"", ""-</w>"", ""hoo"", ""fed</w>"", ""woodland</w>"", ""browser</w>"", ""becomes</w>"", ""recognizable</w>"", ""through</w>"", ""co"", ""arse</w>"", ""gray</w>"", ""winter</w>"", ""hair</w>"", ""above</w>"", ""a</w>"", ""pale</w>"", ""rump</w>"", "",</w>"", ""while</w>"", ""surrounding</w>"", ""plants</w>"", ""provide</w>"", ""scale</w>"", "".</w>"", ""this</w>"", ""sentence</w>"", ""describes</w>"", ""the</w>"", ""concept</w>"", ""<|endoftext|>""]",6353,concept</w>,33,35,77,False
fixed_suffix,description,"Tall long-faced grazer carries a pale golden coat beside a flowing cream mane across a sunlit garden path; meanwhile, the viewpoint remains level.","Tall long-faced grazer carries a pale golden coat beside a flowing cream mane across a sunlit garden path; meanwhile, the viewpoint remains level. This sentence describes the concept","[49406, 7771, 1538, 268, 10941, 782, 3716, 17982, 320, 12518, 3878, 7356, 13519, 320, 14922, 3867, 16044, 2500, 320, 968, 4350, 2756, 5035, 282, 9650, 267, 518, 41604, 6807, 2931, 269, 589, 12737, 13678, 518, 6353, 49407]","[""<|startoftext|>"", ""tall</w>"", ""long</w>"", ""-</w>"", ""faced</w>"", ""gra"", ""zer</w>"", ""carries</w>"", ""a</w>"", ""pale</w>"", ""golden</w>"", ""coat</w>"", ""beside</w>"", ""a</w>"", ""flowing</w>"", ""cream</w>"", ""mane</w>"", ""across</w>"", ""a</w>"", ""sun"", ""lit</w>"", ""garden</w>"", ""path</w>"", "";</w>"", ""meanwhile</w>"", "",</w>"", ""the</w>"", ""viewpoint</w>"", ""remains</w>"", ""level</w>"", "".</w>"", ""this</w>"", ""sentence</w>"", ""describes</w>"", ""the</w>"", ""concept</w>"", ""<|endoftext|>""]",6353,concept</w>,35,37,77,False
fixed_suffix,description,A striped household mouser reveals pointed ears above bright slit-shaped eyes.,A striped household mouser reveals pointed ears above bright slit-shaped eyes. This sentence describes the concept,"[49406, 320, 22192, 12412, 24837, 528, 6621, 20703, 9861, 4348, 4852, 47011, 268, 10127, 3095, 269, 589, 12737, 13678, 518, 6353, 49407]","[""<|startoftext|>"", ""a</w>"", ""striped</w>"", ""household</w>"", ""mous"", ""er</w>"", ""reveals</w>"", ""pointed</w>"", ""ears</w>"", ""above</w>"", ""bright</w>"", ""slit</w>"", ""-</w>"", ""shaped</w>"", ""eyes</w>"", "".</w>"", ""this</w>"", ""sentence</w>"", ""describes</w>"", ""the</w>"", ""concept</w>"", ""<|endoftext|>""]",6353,concept</w>,20,22,77,False
fixed_suffix,description,A wet dark nose beneath gently folded ears marks a playful backyard digger.,A wet dark nose beneath gently folded ears marks a playful backyard digger. This sentence describes the concept,"[49406, 320, 6682, 3144, 8231, 16850, 17187, 25233, 9861, 5466, 320, 23871, 12608, 35919, 269, 589, 12737, 13678, 518, 6353, 49407]","[""<|startoftext|>"", ""a</w>"", ""wet</w>"", ""dark</w>"", ""nose</w>"", ""beneath</w>"", ""gently</w>"", ""folded</w>"", ""ears</w>"", ""marks</w>"", ""a</w>"", ""playful</w>"", ""backyard</w>"", ""digger</w>"", "".</w>"", ""this</w>"", ""sentence</w>"", ""describes</w>"", ""the</w>"", ""concept</w>"", ""<|endoftext|>""]",6353,concept</w>,19,21,77,False
fixed_suffix,description,A sharp-eared orange hunter shows white cheeks and a long narrow snout.,A sharp-eared orange hunter shows white cheeks and a long narrow snout. This sentence describes the concept,"[49406, 320, 8157, 268, 9127, 4287, 6099, 2665, 1579, 23019, 537, 320, 1538, 16652, 1672, 620, 269, 589, 12737, 13678, 518, 6353, 49407]","[""<|startoftext|>"", ""a</w>"", ""sharp</w>"", ""-</w>"", ""eared</w>"", ""orange</w>"", ""hunter</w>"", ""shows</w>"", ""white</w>"", ""cheeks</w>"", ""and</w>"", ""a</w>"", ""long</w>"", ""narrow</w>"", ""sn"", ""out</w>"", "".</w>"", ""this</w>"", ""sentence</w>"", ""describes</w>"", ""the</w>"", ""concept</w>"", ""<|endoftext|>""]",6353,concept</w>,21,23,77,False
fixed_suffix,description,A round-eared forest giant has a wide pale muzzle beneath round listening ears.,A round-eared forest giant has a wide pale muzzle beneath round listening ears. This sentence describes the concept,"[49406, 320, 2522, 268, 9127, 4167, 4687, 791, 320, 3184, 12518, 670, 7873, 16850, 2522, 3656, 9861, 269, 589, 12737, 13678, 518, 6353, 49407]","[""<|startoftext|>"", ""a</w>"", ""round</w>"", ""-</w>"", ""eared</w>"", ""forest</w>"", ""giant</w>"", ""has</w>"", ""a</w>"", ""wide</w>"", ""pale</w>"", ""mu"", ""zzle</w>"", ""beneath</w>"", ""round</w>"", ""listening</w>"", ""ears</w>"", "".</w>"", ""this</w>"", ""sentence</w>"", ""describes</w>"", ""the</w>"", ""concept</w>"", ""<|endoftext|>""]",6353,concept</w>,22,24,77,False
fixed_suffix,description,A social mountain predator has upright triangular ears above an elongated muzzle.,A social mountain predator has upright triangular ears above an elongated muzzle. This sentence describes the concept,"[49406, 320, 2346, 3965, 20653, 791, 29818, 924, 24981, 9861, 4348, 550, 44363, 943, 670, 7873, 269, 589, 12737, 13678, 518, 6353, 49407]","[""<|startoftext|>"", ""a</w>"", ""social</w>"", ""mountain</w>"", ""predator</w>"", ""has</w>"", ""upright</w>"", ""tri"", ""angular</w>"", ""ears</w>"", ""above</w>"", ""an</w>"", ""elong"", ""ated</w>"", ""mu"", ""zzle</w>"", "".</w>"", ""this</w>"", ""sentence</w>"", ""describes</w>"", ""the</w>"", ""concept</w>"", ""<|endoftext|>""]",6353,concept</w>,21,23,77,False
fixed_suffix,description,A long-eared ground forager has broad listening ears framing a compact face.,A long-eared ground forager has broad listening ears framing a compact face. This sentence describes the concept,"[49406, 320, 1538, 268, 9127, 2461, 645, 10443, 791, 12623, 3656, 9861, 24539, 320, 13690, 1710, 269, 589, 12737, 13678, 518, 6353, 49407]","[""<|startoftext|>"", ""a</w>"", ""long</w>"", ""-</w>"", ""eared</w>"", ""ground</w>"", ""for"", ""ager</w>"", ""has</w>"", ""broad</w>"", ""listening</w>"", ""ears</w>"", ""framing</w>"", ""a</w>"", ""compact</w>"", ""face</w>"", "".</w>"", ""this</w>"", ""sentence</w>"", ""describes</w>"", ""the</w>"", ""concept</w>"", ""<|endoftext|>""]",6353,concept</w>,21,23,77,False
fixed_suffix,description,Branching antlers rising over alert dark eyes defines a white-tailed meadow grazer.,Branching antlers rising over alert dark eyes defines a white-tailed meadow grazer. This sentence describes the concept,"[49406, 3684, 1439, 47720, 5448, 962, 4662, 3144, 3095, 28218, 320, 1579, 268, 20626, 17195, 782, 3716, 269, 589, 12737, 13678, 518, 6353, 49407]","[""<|startoftext|>"", ""bran"", ""ching</w>"", ""antlers</w>"", ""rising</w>"", ""over</w>"", ""alert</w>"", ""dark</w>"", ""eyes</w>"", ""defines</w>"", ""a</w>"", ""white</w>"", ""-</w>"", ""tailed</w>"", ""meadow</w>"", ""gra"", ""zer</w>"", "".</w>"", ""this</w>"", ""sentence</w>"", ""describes</w>"", ""the</w>"", ""concept</w>"", ""<|endoftext|>""]",6353,concept</w>,22,24,77,False
fixed_suffix,description,A long face beneath mobile upright ears identifies a swift-maned field traveler.,A long face beneath mobile upright ears identifies a swift-maned field traveler. This sentence describes the concept,"[49406, 320, 1538, 1710, 16850, 3451, 29818, 9861, 35712, 320, 8229, 268, 723, 538, 1570, 17794, 269, 589, 12737, 13678, 518, 6353, 49407]","[""<|startoftext|>"", ""a</w>"", ""long</w>"", ""face</w>"", ""beneath</w>"", ""mobile</w>"", ""upright</w>"", ""ears</w>"", ""identifies</w>"", ""a</w>"", ""swift</w>"", ""-</w>"", ""man"", ""ed</w>"", ""field</w>"", ""traveler</w>"", "".</w>"", ""this</w>"", ""sentence</w>"", ""describes</w>"", ""the</w>"", ""concept</w>"", ""<|endoftext|>""]",6353,concept</w>,21,23,77,False
fixed_suffix,description,A whiskered lap companion shows fine cheek whiskers below independently turning ears.,A whiskered lap companion shows fine cheek whiskers below independently turning ears. This sentence describes the concept,"[49406, 320, 6024, 26690, 8639, 14963, 2665, 3797, 21227, 6024, 2880, 3788, 39831, 4976, 9861, 269, 589, 12737, 13678, 518, 6353, 49407]","[""<|startoftext|>"", ""a</w>"", ""whis"", ""kered</w>"", ""lap</w>"", ""companion</w>"", ""shows</w>"", ""fine</w>"", ""cheek</w>"", ""whis"", ""kers</w>"", ""below</w>"", ""independently</w>"", ""turning</w>"", ""ears</w>"", "".</w>"", ""this</w>"", ""sentence</w>"", ""describes</w>"", ""the</w>"", ""concept</w>"", ""<|endoftext|>""]",6353,concept</w>,20,22,77,False
fixed_suffix,description,A long scenting muzzle beneath lifted ears identifies a leash-wearing companion.,A long scenting muzzle beneath lifted ears identifies a leash-wearing companion. This sentence describes the concept,"[49406, 320, 1538, 2204, 694, 670, 7873, 16850, 16783, 9861, 35712, 320, 36192, 268, 3309, 14963, 269, 589, 12737, 13678, 518, 6353, 49407]","[""<|startoftext|>"", ""a</w>"", ""long</w>"", ""scen"", ""ting</w>"", ""mu"", ""zzle</w>"", ""beneath</w>"", ""lifted</w>"", ""ears</w>"", ""identifies</w>"", ""a</w>"", ""leash</w>"", ""-</w>"", ""wearing</w>"", ""companion</w>"", "".</w>"", ""this</w>"", ""sentence</w>"", ""describes</w>"", ""the</w>"", ""concept</w>"", ""<|endoftext|>""]",6353,concept</w>,21,23,77,False
fixed_suffix,description,A red-coated dusk hunter reveals fine whiskers surrounding a compact black nose.,A red-coated dusk hunter reveals fine whiskers surrounding a compact black nose. This sentence describes the concept,"[49406, 320, 736, 268, 23401, 19708, 6099, 6621, 3797, 6024, 2880, 12544, 320, 13690, 1449, 8231, 269, 589, 12737, 13678, 518, 6353, 49407]","[""<|startoftext|>"", ""a</w>"", ""red</w>"", ""-</w>"", ""coated</w>"", ""dusk</w>"", ""hunter</w>"", ""reveals</w>"", ""fine</w>"", ""whis"", ""kers</w>"", ""surrounding</w>"", ""a</w>"", ""compact</w>"", ""black</w>"", ""nose</w>"", "".</w>"", ""this</w>"", ""sentence</w>"", ""describes</w>"", ""the</w>"", ""concept</w>"", ""<|endoftext|>""]",6353,concept</w>,21,23,77,False
fixed_suffix,description,A sensitive dark nose beyond a heavy face marks a thick-furred woodland giant.,A sensitive dark nose beyond a heavy face marks a thick-furred woodland giant. This sentence describes the concept,"[49406, 320, 13734, 3144, 8231, 4432, 320, 4200, 1710, 5466, 320, 11006, 268, 2395, 736, 17447, 4687, 269, 589, 12737, 13678, 518, 6353, 49407]","[""<|startoftext|>"", ""a</w>"", ""sensitive</w>"", ""dark</w>"", ""nose</w>"", ""beyond</w>"", ""a</w>"", ""heavy</w>"", ""face</w>"", ""marks</w>"", ""a</w>"", ""thick</w>"", ""-</w>"", ""fur"", ""red</w>"", ""woodland</w>"", ""giant</w>"", "".</w>"", ""this</w>"", ""sentence</w>"", ""describes</w>"", ""the</w>"", ""concept</w>"", ""<|endoftext|>""]",6353,concept</w>,22,24,77,False
fixed_suffix,description,A forest pack sentinel has a dark nose beyond a pale tapered muzzle.,A forest pack sentinel has a dark nose beyond a pale tapered muzzle. This sentence describes the concept,"[49406, 320, 4167, 3420, 23123, 791, 320, 3144, 8231, 4432, 320, 12518, 18332, 736, 670, 7873, 269, 589, 12737, 13678, 518, 6353, 49407]","[""<|startoftext|>"", ""a</w>"", ""forest</w>"", ""pack</w>"", ""sentinel</w>"", ""has</w>"", ""a</w>"", ""dark</w>"", ""nose</w>"", ""beyond</w>"", ""a</w>"", ""pale</w>"", ""tape"", ""red</w>"", ""mu"", ""zzle</w>"", "".</w>"", ""this</w>"", ""sentence</w>"", ""describes</w>"", ""the</w>"", ""concept</w>"", ""<|endoftext|>""]",6353,concept</w>,21,23,77,False
fixed_suffix,description,A garden nibbler has soft cheeks below tall independently turning ears.,A garden nibbler has soft cheeks below tall independently turning ears. This sentence describes the concept,"[49406, 320, 2756, 697, 65, 11979, 791, 3773, 23019, 3788, 7771, 39831, 4976, 9861, 269, 589, 12737, 13678, 518, 6353, 49407]","[""<|startoftext|>"", ""a</w>"", ""garden</w>"", ""ni"", ""b"", ""bler</w>"", ""has</w>"", ""soft</w>"", ""cheeks</w>"", ""below</w>"", ""tall</w>"", ""independently</w>"", ""turning</w>"", ""ears</w>"", "".</w>"", ""this</w>"", ""sentence</w>"", ""describes</w>"", ""the</w>"", ""concept</w>"", ""<|endoftext|>""]",6353,concept</w>,19,21,77,False
fixed_suffix,description,Large rotating ears above a long narrow face marks a large-eared woodland grazer.,Large rotating ears above a long narrow face marks a large-eared woodland grazer. This sentence describes the concept,"[49406, 3638, 32265, 9861, 4348, 320, 1538, 16652, 1710, 5466, 320, 3638, 268, 9127, 17447, 782, 3716, 269, 589, 12737, 13678, 518, 6353, 49407]","[""<|startoftext|>"", ""large</w>"", ""rotating</w>"", ""ears</w>"", ""above</w>"", ""a</w>"", ""long</w>"", ""narrow</w>"", ""face</w>"", ""marks</w>"", ""a</w>"", ""large</w>"", ""-</w>"", ""eared</w>"", ""woodland</w>"", ""gra"", ""zer</w>"", "".</w>"", ""this</w>"", ""sentence</w>"", ""describes</w>"", ""the</w>"", ""concept</w>"", ""<|endoftext|>""]",6353,concept</w>,22,24,77,False
fixed_suffix,description,A saddle-trained trail companion carries a long face beneath mobile upright ears.,A saddle-trained trail companion carries a long face beneath mobile upright ears. This sentence describes the concept,"[49406, 320, 20283, 268, 10874, 4921, 14963, 17982, 320, 1538, 1710, 16850, 3451, 29818, 9861, 269, 589, 12737, 13678, 518, 6353, 49407]","[""<|startoftext|>"", ""a</w>"", ""saddle</w>"", ""-</w>"", ""trained</w>"", ""trail</w>"", ""companion</w>"", ""carries</w>"", ""a</w>"", ""long</w>"", ""face</w>"", ""beneath</w>"", ""mobile</w>"", ""upright</w>"", ""ears</w>"", "".</w>"", ""this</w>"", ""sentence</w>"", ""describes</w>"", ""the</w>"", ""concept</w>"", ""<|endoftext|>""]",6353,concept</w>,20,22,77,False
fixed_suffix,description,"Against low evening light, pointed ears above bright slit-shaped eyes defines purring room-explorer.","Against low evening light, pointed ears above bright slit-shaped eyes defines purring room-explorer. This sentence describes the concept","[49406, 1601, 1042, 2285, 1395, 267, 20703, 9861, 4348, 4852, 47011, 268, 10127, 3095, 28218, 1727, 2540, 1530, 268, 15776, 269, 589, 12737, 13678, 518, 6353, 49407]","[""<|startoftext|>"", ""against</w>"", ""low</w>"", ""evening</w>"", ""light</w>"", "",</w>"", ""pointed</w>"", ""ears</w>"", ""above</w>"", ""bright</w>"", ""slit</w>"", ""-</w>"", ""shaped</w>"", ""eyes</w>"", ""defines</w>"", ""pur"", ""ring</w>"", ""room</w>"", ""-</w>"", ""explorer</w>"", "".</w>"", ""this</w>"", ""sentence</w>"", ""describes</w>"", ""the</w>"", ""concept</w>"", ""<|endoftext|>""]",6353,concept</w>,25,27,77,False
fixed_suffix,description,A wet dark nose beneath gently folded ears distinguishes leash-following walking-partner near a calm farmyard.,A wet dark nose beneath gently folded ears distinguishes leash-following walking-partner near a calm farmyard. This sentence describes the concept,"[49406, 320, 6682, 3144, 8231, 16850, 17187, 25233, 9861, 15053, 2502, 36192, 268, 3473, 3941, 268, 4568, 2252, 320, 7011, 1578, 1152, 746, 269, 589, 12737, 13678, 518, 6353, 49407]","[""<|startoftext|>"", ""a</w>"", ""wet</w>"", ""dark</w>"", ""nose</w>"", ""beneath</w>"", ""gently</w>"", ""folded</w>"", ""ears</w>"", ""distingui"", ""shes</w>"", ""leash</w>"", ""-</w>"", ""following</w>"", ""walking</w>"", ""-</w>"", ""partner</w>"", ""near</w>"", ""a</w>"", ""calm</w>"", ""far"", ""my"", ""ard</w>"", "".</w>"", ""this</w>"", ""sentence</w>"", ""describes</w>"", ""the</w>"", ""concept</w>"", ""<|endoftext|>""]",6353,concept</w>,28,30,77,False
fixed_suffix,description,"A red woodland hunter reveals pointed ears, white cheeks, black whiskers, and a narrow muzzle at close range.","A red woodland hunter reveals pointed ears, white cheeks, black whiskers, and a narrow muzzle at close range. This sentence describes the concept","[49406, 320, 736, 17447, 6099, 6621, 20703, 9861, 267, 1579, 23019, 267, 1449, 6024, 2880, 267, 537, 320, 16652, 670, 7873, 536, 2660, 3818, 269, 589, 12737, 13678, 518, 6353, 49407]","[""<|startoftext|>"", ""a</w>"", ""red</w>"", ""woodland</w>"", ""hunter</w>"", ""reveals</w>"", ""pointed</w>"", ""ears</w>"", "",</w>"", ""white</w>"", ""cheeks</w>"", "",</w>"", ""black</w>"", ""whis"", ""kers</w>"", "",</w>"", ""and</w>"", ""a</w>"", ""narrow</w>"", ""mu"", ""zzle</w>"", ""at</w>"", ""close</w>"", ""range</w>"", "".</w>"", ""this</w>"", ""sentence</w>"", ""describes</w>"", ""the</w>"", ""concept</w>"", ""<|endoftext|>""]",6353,concept</w>,29,31,77,False
fixed_suffix,description,A massive head narrowing toward a prominent nose distinguishes long-clawed wilderness-resident near a misty hillside.,A massive head narrowing toward a prominent nose distinguishes long-clawed wilderness-resident near a misty hillside. This sentence describes the concept,"[49406, 320, 4818, 1375, 2977, 12807, 8508, 320, 19172, 8231, 15053, 2502, 1538, 268, 940, 3478, 16506, 268, 9016, 2252, 320, 18799, 37194, 269, 589, 12737, 13678, 518, 6353, 49407]","[""<|startoftext|>"", ""a</w>"", ""massive</w>"", ""head</w>"", ""nar"", ""rowing</w>"", ""toward</w>"", ""a</w>"", ""prominent</w>"", ""nose</w>"", ""distingui"", ""shes</w>"", ""long</w>"", ""-</w>"", ""cla"", ""wed</w>"", ""wilderness</w>"", ""-</w>"", ""resident</w>"", ""near</w>"", ""a</w>"", ""misty</w>"", ""hillside</w>"", "".</w>"", ""this</w>"", ""sentence</w>"", ""describes</w>"", ""the</w>"", ""concept</w>"", ""<|endoftext|>""]",6353,concept</w>,28,30,77,False
fixed_suffix,description,Amber eyes set in a broad gray face distinguishes large gray howling pack hunter near an open grassy clearing.,Amber eyes set in a broad gray face distinguishes large gray howling pack hunter near an open grassy clearing. This sentence describes the concept,"[49406, 9986, 3095, 1167, 530, 320, 12623, 7048, 1710, 15053, 2502, 3638, 7048, 41771, 3420, 6099, 2252, 550, 1488, 44140, 15481, 269, 589, 12737, 13678, 518, 6353, 49407]","[""<|startoftext|>"", ""amber</w>"", ""eyes</w>"", ""set</w>"", ""in</w>"", ""a</w>"", ""broad</w>"", ""gray</w>"", ""face</w>"", ""distingui"", ""shes</w>"", ""large</w>"", ""gray</w>"", ""howling</w>"", ""pack</w>"", ""hunter</w>"", ""near</w>"", ""an</w>"", ""open</w>"", ""grassy</w>"", ""clearing</w>"", "".</w>"", ""this</w>"", ""sentence</w>"", ""describes</w>"", ""the</w>"", ""concept</w>"", ""<|endoftext|>""]",6353,concept</w>,26,28,77,False
fixed_suffix,description,"Beside a sunlit garden path, compact meadow forager reveals very long upright ears above round side-set eyes.","Beside a sunlit garden path, compact meadow forager reveals very long upright ears above round side-set eyes. This sentence describes the concept","[49406, 13519, 320, 968, 4350, 2756, 5035, 267, 13690, 17195, 645, 10443, 6621, 1070, 1538, 29818, 9861, 4348, 2522, 1145, 268, 1167, 3095, 269, 589, 12737, 13678, 518, 6353, 49407]","[""<|startoftext|>"", ""beside</w>"", ""a</w>"", ""sun"", ""lit</w>"", ""garden</w>"", ""path</w>"", "",</w>"", ""compact</w>"", ""meadow</w>"", ""for"", ""ager</w>"", ""reveals</w>"", ""very</w>"", ""long</w>"", ""upright</w>"", ""ears</w>"", ""above</w>"", ""round</w>"", ""side</w>"", ""-</w>"", ""set</w>"", ""eyes</w>"", "".</w>"", ""this</w>"", ""sentence</w>"", ""describes</w>"", ""the</w>"", ""concept</w>"", ""<|endoftext|>""]",6353,concept</w>,28,30,77,False
fixed_suffix,description,Spotted forest youngster becomes recognizable through a black nose at the end of a tapered muzzle near a quiet fence line.,Spotted forest youngster becomes recognizable through a black nose at the end of a tapered muzzle near a quiet fence line. This sentence describes the concept,"[49406, 4533, 4167, 35881, 6766, 47240, 1417, 320, 1449, 8231, 536, 518, 806, 539, 320, 18332, 736, 670, 7873, 2252, 320, 7557, 12679, 1148, 269, 589, 12737, 13678, 518, 6353, 49407]","[""<|startoftext|>"", ""spotted</w>"", ""forest</w>"", ""youngster</w>"", ""becomes</w>"", ""recognizable</w>"", ""through</w>"", ""a</w>"", ""black</w>"", ""nose</w>"", ""at</w>"", ""the</w>"", ""end</w>"", ""of</w>"", ""a</w>"", ""tape"", ""red</w>"", ""mu"", ""zzle</w>"", ""near</w>"", ""a</w>"", ""quiet</w>"", ""fence</w>"", ""line</w>"", "".</w>"", ""this</w>"", ""sentence</w>"", ""describes</w>"", ""the</w>"", ""concept</w>"", ""<|endoftext|>""]",6353,concept</w>,29,31,77,False
fixed_suffix,description,Tall long-faced grazer becomes recognizable through a forelock falling between attentive eyes near a calm farmyard.,Tall long-faced grazer becomes recognizable through a forelock falling between attentive eyes near a calm farmyard. This sentence describes the concept,"[49406, 7771, 1538, 268, 10941, 782, 3716, 6766, 47240, 1417, 320, 1484, 4381, 7293, 1957, 4084, 1420, 3095, 2252, 320, 7011, 1578, 1152, 746, 269, 589, 12737, 13678, 518, 6353, 49407]","[""<|startoftext|>"", ""tall</w>"", ""long</w>"", ""-</w>"", ""faced</w>"", ""gra"", ""zer</w>"", ""becomes</w>"", ""recognizable</w>"", ""through</w>"", ""a</w>"", ""fore"", ""lock</w>"", ""falling</w>"", ""between</w>"", ""atten"", ""tive</w>"", ""eyes</w>"", ""near</w>"", ""a</w>"", ""calm</w>"", ""far"", ""my"", ""ard</w>"", "".</w>"", ""this</w>"", ""sentence</w>"", ""describes</w>"", ""the</w>"", ""concept</w>"", ""<|endoftext|>""]",6353,concept</w>,29,31,77,False
fixed_suffix,description,"A clear view shows striped hearthside-prowler with reflective eyes set in a compact whiskered face, as ground contact stays clear.","A clear view shows striped hearthside-prowler with reflective eyes set in a compact whiskered face, as ground contact stays clear. This sentence describes the concept","[49406, 320, 3143, 1093, 2665, 22192, 31563, 1145, 268, 38737, 1803, 593, 27008, 3095, 1167, 530, 320, 13690, 6024, 26690, 1710, 267, 601, 2461, 3523, 13311, 3143, 269, 589, 12737, 13678, 518, 6353, 49407]","[""<|startoftext|>"", ""a</w>"", ""clear</w>"", ""view</w>"", ""shows</w>"", ""striped</w>"", ""hearth"", ""side</w>"", ""-</w>"", ""prow"", ""ler</w>"", ""with</w>"", ""reflective</w>"", ""eyes</w>"", ""set</w>"", ""in</w>"", ""a</w>"", ""compact</w>"", ""whis"", ""kered</w>"", ""face</w>"", "",</w>"", ""as</w>"", ""ground</w>"", ""contact</w>"", ""stays</w>"", ""clear</w>"", "".</w>"", ""this</w>"", ""sentence</w>"", ""describes</w>"", ""the</w>"", ""concept</w>"", ""<|endoftext|>""]",6353,concept</w>,32,34,77,False
fixed_suffix,description,"Tongue-out family-companion displays round attentive eyes above a broad nose beside a sunlit garden path, while the posture remains natural.","Tongue-out family-companion displays round attentive eyes above a broad nose beside a sunlit garden path, while the posture remains natural. This sentence describes the concept","[49406, 13626, 268, 620, 1315, 268, 14963, 15648, 2522, 4084, 1420, 3095, 4348, 320, 12623, 8231, 13519, 320, 968, 4350, 2756, 5035, 267, 1519, 518, 29681, 6807, 3288, 269, 589, 12737, 13678, 518, 6353, 49407]","[""<|startoftext|>"", ""tongue</w>"", ""-</w>"", ""out</w>"", ""family</w>"", ""-</w>"", ""companion</w>"", ""displays</w>"", ""round</w>"", ""atten"", ""tive</w>"", ""eyes</w>"", ""above</w>"", ""a</w>"", ""broad</w>"", ""nose</w>"", ""beside</w>"", ""a</w>"", ""sun"", ""lit</w>"", ""garden</w>"", ""path</w>"", "",</w>"", ""while</w>"", ""the</w>"", ""posture</w>"", ""remains</w>"", ""natural</w>"", "".</w>"", ""this</w>"", ""sentence</w>"", ""describes</w>"", ""the</w>"", ""concept</w>"", ""<|endoftext|>""]",6353,concept</w>,33,35,77,False
fixed_suffix,description,"Beside a broad dirt trail, bushy-tailed den-visitor reveals white cheek markings beneath alert pointed ears; its full body stays visible.","Beside a broad dirt trail, bushy-tailed den-visitor reveals white cheek markings beneath alert pointed ears; its full body stays visible. This sentence describes the concept","[49406, 13519, 320, 12623, 11795, 4921, 267, 609, 9682, 268, 20626, 1181, 268, 13881, 6621, 1579, 21227, 41046, 16850, 4662, 20703, 9861, 282, 902, 1476, 1774, 13311, 8626, 269, 589, 12737, 13678, 518, 6353, 49407]","[""<|startoftext|>"", ""beside</w>"", ""a</w>"", ""broad</w>"", ""dirt</w>"", ""trail</w>"", "",</w>"", ""bu"", ""shy</w>"", ""-</w>"", ""tailed</w>"", ""den</w>"", ""-</w>"", ""visitor</w>"", ""reveals</w>"", ""white</w>"", ""cheek</w>"", ""markings</w>"", ""beneath</w>"", ""alert</w>"", ""pointed</w>"", ""ears</w>"", "";</w>"", ""its</w>"", ""full</w>"", ""body</w>"", ""stays</w>"", ""visible</w>"", "".</w>"", ""this</w>"", ""sentence</w>"", ""describes</w>"", ""the</w>"", ""concept</w>"", ""<|endoftext|>""]",6353,concept</w>,33,35,77,False
fixed_suffix,description,"Beneath soft overcast light, round-eared timberland-giant becomes recognizable through a massive head narrowing toward a prominent nose, while ground contact stays clear.","Beneath soft overcast light, round-eared timberland-giant becomes recognizable through a massive head narrowing toward a prominent nose, while ground contact stays clear. This sentence describes the concept","[49406, 16850, 3773, 36942, 1395, 267, 2522, 268, 9127, 14441, 973, 268, 4687, 6766, 47240, 1417, 320, 4818, 1375, 2977, 12807, 8508, 320, 19172, 8231, 267, 1519, 2461, 3523, 13311, 3143, 269, 589, 12737, 13678, 518, 6353, 49407]","[""<|startoftext|>"", ""beneath</w>"", ""soft</w>"", ""overcast</w>"", ""light</w>"", "",</w>"", ""round</w>"", ""-</w>"", ""eared</w>"", ""timber"", ""land</w>"", ""-</w>"", ""giant</w>"", ""becomes</w>"", ""recognizable</w>"", ""through</w>"", ""a</w>"", ""massive</w>"", ""head</w>"", ""nar"", ""rowing</w>"", ""toward</w>"", ""a</w>"", ""prominent</w>"", ""nose</w>"", "",</w>"", ""while</w>"", ""ground</w>"", ""contact</w>"", ""stays</w>"", ""clear</w>"", "".</w>"", ""this</w>"", ""sentence</w>"", ""describes</w>"", ""the</w>"", ""concept</w>"", ""<|endoftext|>""]",6353,concept</w>,36,38,77,False
fixed_suffix,description,"A clear view shows sharp-eared snow traveler with a dark nose beyond a pale tapered muzzle, as the setting supports the behavior.","A clear view shows sharp-eared snow traveler with a dark nose beyond a pale tapered muzzle, as the setting supports the behavior. This sentence describes the concept","[49406, 320, 3143, 1093, 2665, 8157, 268, 9127, 2583, 17794, 593, 320, 3144, 8231, 4432, 320, 12518, 18332, 736, 670, 7873, 267, 601, 518, 5264, 8336, 518, 10461, 269, 589, 12737, 13678, 518, 6353, 49407]","[""<|startoftext|>"", ""a</w>"", ""clear</w>"", ""view</w>"", ""shows</w>"", ""sharp</w>"", ""-</w>"", ""eared</w>"", ""snow</w>"", ""traveler</w>"", ""with</w>"", ""a</w>"", ""dark</w>"", ""nose</w>"", ""beyond</w>"", ""a</w>"", ""pale</w>"", ""tape"", ""red</w>"", ""mu"", ""zzle</w>"", "",</w>"", ""as</w>"", ""the</w>"", ""setting</w>"", ""supports</w>"", ""the</w>"", ""behavior</w>"", "".</w>"", ""this</w>"", ""sentence</w>"", ""describes</w>"", ""the</w>"", ""concept</w>"", ""<|endoftext|>""]",6353,concept</w>,33,35,77,False
fixed_suffix,description,"Very long upright ears above round side-set eyes distinguishes soft-coated burrow dweller near low evening light, where its full body stays visible.","Very long upright ears above round side-set eyes distinguishes soft-coated burrow dweller near low evening light, where its full body stays visible. This sentence describes the concept","[49406, 1070, 1538, 29818, 9861, 4348, 2522, 1145, 268, 1167, 3095, 15053, 2502, 3773, 268, 23401, 1039, 1044, 27549, 528, 2252, 1042, 2285, 1395, 267, 1234, 902, 1476, 1774, 13311, 8626, 269, 589, 12737, 13678, 518, 6353, 49407]","[""<|startoftext|>"", ""very</w>"", ""long</w>"", ""upright</w>"", ""ears</w>"", ""above</w>"", ""round</w>"", ""side</w>"", ""-</w>"", ""set</w>"", ""eyes</w>"", ""distingui"", ""shes</w>"", ""soft</w>"", ""-</w>"", ""coated</w>"", ""bur"", ""row</w>"", ""dwell"", ""er</w>"", ""near</w>"", ""low</w>"", ""evening</w>"", ""light</w>"", "",</w>"", ""where</w>"", ""its</w>"", ""full</w>"", ""body</w>"", ""stays</w>"", ""visible</w>"", "".</w>"", ""this</w>"", ""sentence</w>"", ""describes</w>"", ""the</w>"", ""concept</w>"", ""<|endoftext|>""]",6353,concept</w>,36,38,77,False
fixed_suffix,description,"Split-hoofed trail visitor displays branching antlers rising over alert dark eyes beside a shaded woodland edge, while soft light preserves surface detail.","Split-hoofed trail visitor displays branching antlers rising over alert dark eyes beside a shaded woodland edge, while soft light preserves surface detail. This sentence describes the concept","[49406, 9109, 268, 2300, 7035, 4921, 13881, 15648, 3684, 1439, 47720, 5448, 962, 4662, 3144, 3095, 13519, 320, 43506, 17447, 5461, 267, 1519, 3773, 1395, 44881, 7744, 7657, 269, 589, 12737, 13678, 518, 6353, 49407]","[""<|startoftext|>"", ""split</w>"", ""-</w>"", ""hoo"", ""fed</w>"", ""trail</w>"", ""visitor</w>"", ""displays</w>"", ""bran"", ""ching</w>"", ""antlers</w>"", ""rising</w>"", ""over</w>"", ""alert</w>"", ""dark</w>"", ""eyes</w>"", ""beside</w>"", ""a</w>"", ""shaded</w>"", ""woodland</w>"", ""edge</w>"", "",</w>"", ""while</w>"", ""soft</w>"", ""light</w>"", ""preserves</w>"", ""surface</w>"", ""detail</w>"", "".</w>"", ""this</w>"", ""sentence</w>"", ""describes</w>"", ""the</w>"", ""concept</w>"", ""<|endoftext|>""]",6353,concept</w>,33,35,77,False
fixed_suffix,description,"A clear view shows saddle-trained trail companion with large dark eyes beside a broad soft muzzle, as surrounding plants provide scale.","A clear view shows saddle-trained trail companion with large dark eyes beside a broad soft muzzle, as surrounding plants provide scale. This sentence describes the concept","[49406, 320, 3143, 1093, 2665, 20283, 268, 10874, 4921, 14963, 593, 3638, 3144, 3095, 13519, 320, 12623, 3773, 670, 7873, 267, 601, 12544, 5829, 4832, 5879, 269, 589, 12737, 13678, 518, 6353, 49407]","[""<|startoftext|>"", ""a</w>"", ""clear</w>"", ""view</w>"", ""shows</w>"", ""saddle</w>"", ""-</w>"", ""trained</w>"", ""trail</w>"", ""companion</w>"", ""with</w>"", ""large</w>"", ""dark</w>"", ""eyes</w>"", ""beside</w>"", ""a</w>"", ""broad</w>"", ""soft</w>"", ""mu"", ""zzle</w>"", "",</w>"", ""as</w>"", ""surrounding</w>"", ""plants</w>"", ""provide</w>"", ""scale</w>"", "".</w>"", ""this</w>"", ""sentence</w>"", ""describes</w>"", ""the</w>"", ""concept</w>"", ""<|endoftext|>""]",6353,concept</w>,31,33,77,False
fixed_suffix,description,"Fine cheek whiskers below independently turning ears distinguishes whiskered house-prowler near a patch of dense brush, where the background preserves its outline.","Fine cheek whiskers below independently turning ears distinguishes whiskered house-prowler near a patch of dense brush, where the background preserves its outline. This sentence describes the concept","[49406, 3797, 21227, 6024, 2880, 3788, 39831, 4976, 9861, 15053, 2502, 6024, 26690, 1212, 268, 38737, 1803, 2252, 320, 8721, 539, 19353, 8594, 267, 1234, 518, 5994, 44881, 902, 26894, 269, 589, 12737, 13678, 518, 6353, 49407]","[""<|startoftext|>"", ""fine</w>"", ""cheek</w>"", ""whis"", ""kers</w>"", ""below</w>"", ""independently</w>"", ""turning</w>"", ""ears</w>"", ""distingui"", ""shes</w>"", ""whis"", ""kered</w>"", ""house</w>"", ""-</w>"", ""prow"", ""ler</w>"", ""near</w>"", ""a</w>"", ""patch</w>"", ""of</w>"", ""dense</w>"", ""brush</w>"", "",</w>"", ""where</w>"", ""the</w>"", ""background</w>"", ""preserves</w>"", ""its</w>"", ""outline</w>"", "".</w>"", ""this</w>"", ""sentence</w>"", ""describes</w>"", ""the</w>"", ""concept</w>"", ""<|endoftext|>""]",6353,concept</w>,35,37,77,False
fixed_suffix,description,"Within a rocky meadow, wagging household-companion demonstrates a long scenting muzzle beneath lifted ears, where the pose shows balanced proportions.","Within a rocky meadow, wagging household-companion demonstrates a long scenting muzzle beneath lifted ears, where the pose shows balanced proportions. This sentence describes the concept","[49406, 4154, 320, 9648, 17195, 267, 5764, 3905, 12412, 268, 14963, 24806, 320, 1538, 2204, 694, 670, 7873, 16850, 16783, 9861, 267, 1234, 518, 4230, 2665, 15273, 39391, 269, 589, 12737, 13678, 518, 6353, 49407]","[""<|startoftext|>"", ""within</w>"", ""a</w>"", ""rocky</w>"", ""meadow</w>"", "",</w>"", ""wag"", ""ging</w>"", ""household</w>"", ""-</w>"", ""companion</w>"", ""demonstrates</w>"", ""a</w>"", ""long</w>"", ""scen"", ""ting</w>"", ""mu"", ""zzle</w>"", ""beneath</w>"", ""lifted</w>"", ""ears</w>"", "",</w>"", ""where</w>"", ""the</w>"", ""pose</w>"", ""shows</w>"", ""balanced</w>"", ""proportions</w>"", "".</w>"", ""this</w>"", ""sentence</w>"", ""describes</w>"", ""the</w>"", ""concept</w>"", ""<|endoftext|>""]",6353,concept</w>,33,35,77,False
fixed_suffix,description,"Red-coated woodland-hunter displays fine whiskers surrounding a compact black nose beside a shaded woodland edge, while the posture remains natural.","Red-coated woodland-hunter displays fine whiskers surrounding a compact black nose beside a shaded woodland edge, while the posture remains natural. This sentence describes the concept","[49406, 736, 268, 23401, 17447, 268, 6099, 15648, 3797, 6024, 2880, 12544, 320, 13690, 1449, 8231, 13519, 320, 43506, 17447, 5461, 267, 1519, 518, 29681, 6807, 3288, 269, 589, 12737, 13678, 518, 6353, 49407]","[""<|startoftext|>"", ""red</w>"", ""-</w>"", ""coated</w>"", ""woodland</w>"", ""-</w>"", ""hunter</w>"", ""displays</w>"", ""fine</w>"", ""whis"", ""kers</w>"", ""surrounding</w>"", ""a</w>"", ""compact</w>"", ""black</w>"", ""nose</w>"", ""beside</w>"", ""a</w>"", ""shaded</w>"", ""woodland</w>"", ""edge</w>"", "",</w>"", ""while</w>"", ""the</w>"", ""posture</w>"", ""remains</w>"", ""natural</w>"", "".</w>"", ""this</w>"", ""sentence</w>"", ""describes</w>"", ""the</w>"", ""concept</w>"", ""<|endoftext|>""]",6353,concept</w>,32,34,77,False
fixed_suffix,description,"While facing the open trail, powerful berry-gatherer becomes recognizable through a sensitive dark nose beyond a heavy face, while the background preserves its outline.","While facing the open trail, powerful berry-gatherer becomes recognizable through a sensitive dark nose beyond a heavy face, while the background preserves its outline. This sentence describes the concept","[49406, 1519, 7619, 518, 1488, 4921, 267, 4875, 3488, 268, 1275, 599, 3407, 6766, 47240, 1417, 320, 13734, 3144, 8231, 4432, 320, 4200, 1710, 267, 1519, 518, 5994, 44881, 902, 26894, 269, 589, 12737, 13678, 518, 6353, 49407]","[""<|startoftext|>"", ""while</w>"", ""facing</w>"", ""the</w>"", ""open</w>"", ""trail</w>"", "",</w>"", ""powerful</w>"", ""berry</w>"", ""-</w>"", ""ga"", ""the"", ""rer</w>"", ""becomes</w>"", ""recognizable</w>"", ""through</w>"", ""a</w>"", ""sensitive</w>"", ""dark</w>"", ""nose</w>"", ""beyond</w>"", ""a</w>"", ""heavy</w>"", ""face</w>"", "",</w>"", ""while</w>"", ""the</w>"", ""background</w>"", ""preserves</w>"", ""its</w>"", ""outline</w>"", "".</w>"", ""this</w>"", ""sentence</w>"", ""describes</w>"", ""the</w>"", ""concept</w>"", ""<|endoftext|>""]",6353,concept</w>,36,38,77,False
fixed_suffix,description,"Broad-pawed northern pack tracker carries upright triangular ears above an elongated muzzle across soft morning light; meanwhile, the pose shows balanced proportions.","Broad-pawed northern pack tracker carries upright triangular ears above an elongated muzzle across soft morning light; meanwhile, the pose shows balanced proportions. This sentence describes the concept","[49406, 12623, 268, 765, 3478, 5049, 3420, 18123, 17982, 29818, 924, 24981, 9861, 4348, 550, 44363, 943, 670, 7873, 2500, 3773, 1119, 1395, 282, 9650, 267, 518, 4230, 2665, 15273, 39391, 269, 589, 12737, 13678, 518, 6353, 49407]","[""<|startoftext|>"", ""broad</w>"", ""-</w>"", ""pa"", ""wed</w>"", ""northern</w>"", ""pack</w>"", ""tracker</w>"", ""carries</w>"", ""upright</w>"", ""tri"", ""angular</w>"", ""ears</w>"", ""above</w>"", ""an</w>"", ""elong"", ""ated</w>"", ""mu"", ""zzle</w>"", ""across</w>"", ""soft</w>"", ""morning</w>"", ""light</w>"", "";</w>"", ""meanwhile</w>"", "",</w>"", ""the</w>"", ""pose</w>"", ""shows</w>"", ""balanced</w>"", ""proportions</w>"", "".</w>"", ""this</w>"", ""sentence</w>"", ""describes</w>"", ""the</w>"", ""concept</w>"", ""<|endoftext|>""]",6353,concept</w>,36,38,77,False
fixed_suffix,description,"Within a quiet fence line, long-eared meadow grazer demonstrates large dark eyes and a split upper lip, where the posture remains natural.","Within a quiet fence line, long-eared meadow grazer demonstrates large dark eyes and a split upper lip, where the posture remains natural. This sentence describes the concept","[49406, 4154, 320, 7557, 12679, 1148, 267, 1538, 268, 9127, 17195, 782, 3716, 24806, 3638, 3144, 3095, 537, 320, 9109, 7067, 8546, 267, 1234, 518, 29681, 6807, 3288, 269, 589, 12737, 13678, 518, 6353, 49407]","[""<|startoftext|>"", ""within</w>"", ""a</w>"", ""quiet</w>"", ""fence</w>"", ""line</w>"", "",</w>"", ""long</w>"", ""-</w>"", ""eared</w>"", ""meadow</w>"", ""gra"", ""zer</w>"", ""demonstrates</w>"", ""large</w>"", ""dark</w>"", ""eyes</w>"", ""and</w>"", ""a</w>"", ""split</w>"", ""upper</w>"", ""lip</w>"", "",</w>"", ""where</w>"", ""the</w>"", ""posture</w>"", ""remains</w>"", ""natural</w>"", "".</w>"", ""this</w>"", ""sentence</w>"", ""describes</w>"", ""the</w>"", ""concept</w>"", ""<|endoftext|>""]",6353,concept</w>,33,35,77,False
fixed_suffix,description,"Antlered woodland browser carries a pale throat below a fine-boned woodland face across a calm farmyard; meanwhile, the viewpoint remains level.","Antlered woodland browser carries a pale throat below a fine-boned woodland face across a calm farmyard; meanwhile, the viewpoint remains level. This sentence describes the concept","[49406, 1103, 534, 736, 17447, 19768, 17982, 320, 12518, 16371, 3788, 320, 3797, 268, 1871, 538, 17447, 1710, 2500, 320, 7011, 1578, 1152, 746, 282, 9650, 267, 518, 41604, 6807, 2931, 269, 589, 12737, 13678, 518, 6353, 49407]","[""<|startoftext|>"", ""ant"", ""le"", ""red</w>"", ""woodland</w>"", ""browser</w>"", ""carries</w>"", ""a</w>"", ""pale</w>"", ""throat</w>"", ""below</w>"", ""a</w>"", ""fine</w>"", ""-</w>"", ""bon"", ""ed</w>"", ""woodland</w>"", ""face</w>"", ""across</w>"", ""a</w>"", ""calm</w>"", ""far"", ""my"", ""ard</w>"", "";</w>"", ""meanwhile</w>"", "",</w>"", ""the</w>"", ""viewpoint</w>"", ""remains</w>"", ""level</w>"", "".</w>"", ""this</w>"", ""sentence</w>"", ""describes</w>"", ""the</w>"", ""concept</w>"", ""<|endoftext|>""]",6353,concept</w>,36,38,77,False
fixed_suffix,description,"Against soft morning light, a forelock falling between attentive eyes defines long-maned pasture runner; ground contact stays clear.","Against soft morning light, a forelock falling between attentive eyes defines long-maned pasture runner; ground contact stays clear. This sentence describes the concept","[49406, 1601, 3773, 1119, 1395, 267, 320, 1484, 4381, 7293, 1957, 4084, 1420, 3095, 28218, 1538, 268, 723, 538, 34764, 7913, 282, 2461, 3523, 13311, 3143, 269, 589, 12737, 13678, 518, 6353, 49407]","[""<|startoftext|>"", ""against</w>"", ""soft</w>"", ""morning</w>"", ""light</w>"", "",</w>"", ""a</w>"", ""fore"", ""lock</w>"", ""falling</w>"", ""between</w>"", ""atten"", ""tive</w>"", ""eyes</w>"", ""defines</w>"", ""long</w>"", ""-</w>"", ""man"", ""ed</w>"", ""pasture</w>"", ""runner</w>"", "";</w>"", ""ground</w>"", ""contact</w>"", ""stays</w>"", ""clear</w>"", "".</w>"", ""this</w>"", ""sentence</w>"", ""describes</w>"", ""the</w>"", ""concept</w>"", ""<|endoftext|>""]",6353,concept</w>,31,33,77,False
fixed_suffix,description,A striped household mouser has quiet padded paws beneath flexible forelegs.,A striped household mouser has quiet padded paws beneath flexible forelegs. This sentence describes the concept,"[49406, 320, 22192, 12412, 24837, 528, 791, 7557, 42253, 16714, 16850, 14502, 1484, 7072, 269, 589, 12737, 13678, 518, 6353, 49407]","[""<|startoftext|>"", ""a</w>"", ""striped</w>"", ""household</w>"", ""mous"", ""er</w>"", ""has</w>"", ""quiet</w>"", ""padded</w>"", ""paws</w>"", ""beneath</w>"", ""flexible</w>"", ""fore"", ""legs</w>"", "".</w>"", ""this</w>"", ""sentence</w>"", ""describes</w>"", ""the</w>"", ""concept</w>"", ""<|endoftext|>""]",6353,concept</w>,19,21,77,False
fixed_suffix,description,A panting ball retriever carries broad padded paws beneath sturdy running legs.,A panting ball retriever carries broad padded paws beneath sturdy running legs. This sentence describes the concept,"[49406, 320, 1072, 694, 1069, 28394, 17982, 12623, 42253, 16714, 16850, 43780, 2761, 7072, 269, 589, 12737, 13678, 518, 6353, 49407]","[""<|startoftext|>"", ""a</w>"", ""pan"", ""ting</w>"", ""ball</w>"", ""retriever</w>"", ""carries</w>"", ""broad</w>"", ""padded</w>"", ""paws</w>"", ""beneath</w>"", ""sturdy</w>"", ""running</w>"", ""legs</w>"", "".</w>"", ""this</w>"", ""sentence</w>"", ""describes</w>"", ""the</w>"", ""concept</w>"", ""<|endoftext|>""]",6353,concept</w>,19,21,77,False
fixed_suffix,description,A narrow-muzzled night prowler has small black feet beneath narrow lower legs.,A narrow-muzzled night prowler has small black feet beneath narrow lower legs. This sentence describes the concept,"[49406, 320, 16652, 268, 670, 39075, 930, 38737, 1803, 791, 2442, 1449, 4804, 16850, 16652, 4909, 7072, 269, 589, 12737, 13678, 518, 6353, 49407]","[""<|startoftext|>"", ""a</w>"", ""narrow</w>"", ""-</w>"", ""mu"", ""zzled</w>"", ""night</w>"", ""prow"", ""ler</w>"", ""has</w>"", ""small</w>"", ""black</w>"", ""feet</w>"", ""beneath</w>"", ""narrow</w>"", ""lower</w>"", ""legs</w>"", "".</w>"", ""this</w>"", ""sentence</w>"", ""describes</w>"", ""the</w>"", ""concept</w>"", ""<|endoftext|>""]",6353,concept</w>,22,24,77,False
fixed_suffix,description,A powerful berry gatherer carries thick muscular legs supporting deliberate steps.,A powerful berry gatherer carries thick muscular legs supporting deliberate steps. This sentence describes the concept,"[49406, 320, 4875, 3488, 1275, 599, 3407, 17982, 11006, 30606, 7072, 3976, 38271, 5408, 269, 589, 12737, 13678, 518, 6353, 49407]","[""<|startoftext|>"", ""a</w>"", ""powerful</w>"", ""berry</w>"", ""ga"", ""the"", ""rer</w>"", ""carries</w>"", ""thick</w>"", ""muscular</w>"", ""legs</w>"", ""supporting</w>"", ""deliberate</w>"", ""steps</w>"", "".</w>"", ""this</w>"", ""sentence</w>"", ""describes</w>"", ""the</w>"", ""concept</w>"", ""<|endoftext|>""]",6353,concept</w>,19,21,77,False
fixed_suffix,description,A bushy-tailed pack tracker shows dark padded feet supporting a steady trot.,A bushy-tailed pack tracker shows dark padded feet supporting a steady trot. This sentence describes the concept,"[49406, 320, 609, 9682, 268, 20626, 3420, 18123, 2665, 3144, 42253, 4804, 3976, 320, 12937, 30453, 269, 589, 12737, 13678, 518, 6353, 49407]","[""<|startoftext|>"", ""a</w>"", ""bu"", ""shy</w>"", ""-</w>"", ""tailed</w>"", ""pack</w>"", ""tracker</w>"", ""shows</w>"", ""dark</w>"", ""padded</w>"", ""feet</w>"", ""supporting</w>"", ""a</w>"", ""steady</w>"", ""trot</w>"", "".</w>"", ""this</w>"", ""sentence</w>"", ""describes</w>"", ""the</w>"", ""concept</w>"", ""<|endoftext|>""]",6353,concept</w>,21,23,77,False
fixed_suffix,description,A hind-legged field nibbler shows oversized hind feet behind small front paws.,A hind-legged field nibbler shows oversized hind feet behind small front paws. This sentence describes the concept,"[49406, 320, 23293, 268, 25830, 1570, 697, 65, 11979, 2665, 31557, 23293, 4804, 2403, 2442, 2184, 16714, 269, 589, 12737, 13678, 518, 6353, 49407]","[""<|startoftext|>"", ""a</w>"", ""hind</w>"", ""-</w>"", ""legged</w>"", ""field</w>"", ""ni"", ""b"", ""bler</w>"", ""shows</w>"", ""oversized</w>"", ""hind</w>"", ""feet</w>"", ""behind</w>"", ""small</w>"", ""front</w>"", ""paws</w>"", "".</w>"", ""this</w>"", ""sentence</w>"", ""describes</w>"", ""the</w>"", ""concept</w>"", ""<|endoftext|>""]",6353,concept</w>,22,24,77,False
fixed_suffix,description,A split-hoofed forest visitor reveals small cloven feet beneath lean brown limbs.,A split-hoofed forest visitor reveals small cloven feet beneath lean brown limbs. This sentence describes the concept,"[49406, 320, 9109, 268, 2300, 7035, 4167, 13881, 6621, 2442, 1194, 1638, 4804, 16850, 8208, 2866, 34886, 269, 589, 12737, 13678, 518, 6353, 49407]","[""<|startoftext|>"", ""a</w>"", ""split</w>"", ""-</w>"", ""hoo"", ""fed</w>"", ""forest</w>"", ""visitor</w>"", ""reveals</w>"", ""small</w>"", ""clo"", ""ven</w>"", ""feet</w>"", ""beneath</w>"", ""lean</w>"", ""brown</w>"", ""limbs</w>"", "".</w>"", ""this</w>"", ""sentence</w>"", ""describes</w>"", ""the</w>"", ""concept</w>"", ""<|endoftext|>""]",6353,concept</w>,22,24,77,False
fixed_suffix,description,A saddle-trained trail companion reveals long lower legs ending in single hard hooves.,A saddle-trained trail companion reveals long lower legs ending in single hard hooves. This sentence describes the concept,"[49406, 320, 20283, 268, 10874, 4921, 14963, 6621, 1538, 4909, 7072, 2695, 530, 2688, 1626, 2300, 1003, 269, 589, 12737, 13678, 518, 6353, 49407]","[""<|startoftext|>"", ""a</w>"", ""saddle</w>"", ""-</w>"", ""trained</w>"", ""trail</w>"", ""companion</w>"", ""reveals</w>"", ""long</w>"", ""lower</w>"", ""legs</w>"", ""ending</w>"", ""in</w>"", ""single</w>"", ""hard</w>"", ""hoo"", ""ves</w>"", "".</w>"", ""this</w>"", ""sentence</w>"", ""describes</w>"", ""the</w>"", ""concept</w>"", ""<|endoftext|>""]",6353,concept</w>,22,24,77,False
fixed_suffix,description,A long balancing tail behind springing hind legs defines an upright-tailed lap companion.,A long balancing tail behind springing hind legs defines an upright-tailed lap companion. This sentence describes the concept,"[49406, 320, 1538, 23541, 4132, 2403, 1536, 4066, 23293, 7072, 28218, 550, 29818, 268, 20626, 8639, 14963, 269, 589, 12737, 13678, 518, 6353, 49407]","[""<|startoftext|>"", ""a</w>"", ""long</w>"", ""balancing</w>"", ""tail</w>"", ""behind</w>"", ""spr"", ""inging</w>"", ""hind</w>"", ""legs</w>"", ""defines</w>"", ""an</w>"", ""upright</w>"", ""-</w>"", ""tailed</w>"", ""lap</w>"", ""companion</w>"", "".</w>"", ""this</w>"", ""sentence</w>"", ""describes</w>"", ""the</w>"", ""concept</w>"", ""<|endoftext|>""]",6353,concept</w>,22,24,77,False
fixed_suffix,description,A broad-pawed walking partner carries straight forelegs supporting a ready stance.,A broad-pawed walking partner carries straight forelegs supporting a ready stance. This sentence describes the concept,"[49406, 320, 12623, 268, 765, 3478, 3941, 4568, 17982, 4241, 1484, 7072, 3976, 320, 1112, 3542, 269, 589, 12737, 13678, 518, 6353, 49407]","[""<|startoftext|>"", ""a</w>"", ""broad</w>"", ""-</w>"", ""pa"", ""wed</w>"", ""walking</w>"", ""partner</w>"", ""carries</w>"", ""straight</w>"", ""fore"", ""legs</w>"", ""supporting</w>"", ""a</w>"", ""ready</w>"", ""stance</w>"", "".</w>"", ""this</w>"", ""sentence</w>"", ""describes</w>"", ""the</w>"", ""concept</w>"", ""<|endoftext|>""]",6353,concept</w>,21,23,77,False
fixed_suffix,description,A bushy-tailed den visitor has dark lower legs ending in light quick paws.,A bushy-tailed den visitor has dark lower legs ending in light quick paws. This sentence describes the concept,"[49406, 320, 609, 9682, 268, 20626, 1181, 13881, 791, 3144, 4909, 7072, 2695, 530, 1395, 3712, 16714, 269, 589, 12737, 13678, 518, 6353, 49407]","[""<|startoftext|>"", ""a</w>"", ""bu"", ""shy</w>"", ""-</w>"", ""tailed</w>"", ""den</w>"", ""visitor</w>"", ""has</w>"", ""dark</w>"", ""lower</w>"", ""legs</w>"", ""ending</w>"", ""in</w>"", ""light</w>"", ""quick</w>"", ""paws</w>"", "".</w>"", ""this</w>"", ""sentence</w>"", ""describes</w>"", ""the</w>"", ""concept</w>"", ""<|endoftext|>""]",6353,concept</w>,22,24,77,False
fixed_suffix,description,A bulky streamside fisher has heavy hind limbs behind a very short tail.,A bulky streamside fisher has heavy hind limbs behind a very short tail. This sentence describes the concept,"[49406, 320, 2572, 2383, 8659, 1145, 9176, 791, 4200, 23293, 34886, 2403, 320, 1070, 3005, 4132, 269, 589, 12737, 13678, 518, 6353, 49407]","[""<|startoftext|>"", ""a</w>"", ""bul"", ""ky</w>"", ""stream"", ""side</w>"", ""fisher</w>"", ""has</w>"", ""heavy</w>"", ""hind</w>"", ""limbs</w>"", ""behind</w>"", ""a</w>"", ""very</w>"", ""short</w>"", ""tail</w>"", "".</w>"", ""this</w>"", ""sentence</w>"", ""describes</w>"", ""the</w>"", ""concept</w>"", ""<|endoftext|>""]",6353,concept</w>,21,23,77,False
fixed_suffix,description,A wild gray pack hunter carries a low bushy tail behind powerful hindquarters.,A wild gray pack hunter carries a low bushy tail behind powerful hindquarters. This sentence describes the concept,"[49406, 320, 3220, 7048, 3420, 6099, 17982, 320, 1042, 609, 9682, 4132, 2403, 4875, 34460, 10146, 269, 589, 12737, 13678, 518, 6353, 49407]","[""<|startoftext|>"", ""a</w>"", ""wild</w>"", ""gray</w>"", ""pack</w>"", ""hunter</w>"", ""carries</w>"", ""a</w>"", ""low</w>"", ""bu"", ""shy</w>"", ""tail</w>"", ""behind</w>"", ""powerful</w>"", ""hind"", ""quarters</w>"", "".</w>"", ""this</w>"", ""sentence</w>"", ""describes</w>"", ""the</w>"", ""concept</w>"", ""<|endoftext|>""]",6353,concept</w>,21,23,77,False
fixed_suffix,description,Powerful folded rear legs beneath a round body defines a long-eared grazer.,Powerful folded rear legs beneath a round body defines a long-eared grazer. This sentence describes the concept,"[49406, 4875, 25233, 10223, 7072, 16850, 320, 2522, 1774, 28218, 320, 1538, 268, 9127, 782, 3716, 269, 589, 12737, 13678, 518, 6353, 49407]","[""<|startoftext|>"", ""powerful</w>"", ""folded</w>"", ""rear</w>"", ""legs</w>"", ""beneath</w>"", ""a</w>"", ""round</w>"", ""body</w>"", ""defines</w>"", ""a</w>"", ""long</w>"", ""-</w>"", ""eared</w>"", ""gra"", ""zer</w>"", "".</w>"", ""this</w>"", ""sentence</w>"", ""describes</w>"", ""the</w>"", ""concept</w>"", ""<|endoftext|>""]",6353,concept</w>,21,23,77,False
fixed_suffix,description,A branch-antlered visitor reveals slender legs ending in dark split hooves.,A branch-antlered visitor reveals slender legs ending in dark split hooves. This sentence describes the concept,"[49406, 320, 7998, 268, 1103, 534, 736, 13881, 6621, 40331, 7072, 2695, 530, 3144, 9109, 2300, 1003, 269, 589, 12737, 13678, 518, 6353, 49407]","[""<|startoftext|>"", ""a</w>"", ""branch</w>"", ""-</w>"", ""ant"", ""le"", ""red</w>"", ""visitor</w>"", ""reveals</w>"", ""slender</w>"", ""legs</w>"", ""ending</w>"", ""in</w>"", ""dark</w>"", ""split</w>"", ""hoo"", ""ves</w>"", "".</w>"", ""this</w>"", ""sentence</w>"", ""describes</w>"", ""the</w>"", ""concept</w>"", ""<|endoftext|>""]",6353,concept</w>,22,24,77,False
fixed_suffix,description,A flowing tail behind powerful hindquarters is visible on a bridled stable companion.,A flowing tail behind powerful hindquarters is visible on a bridled stable companion. This sentence describes the concept,"[49406, 320, 14922, 4132, 2403, 4875, 34460, 10146, 533, 8626, 525, 320, 16995, 912, 10492, 14963, 269, 589, 12737, 13678, 518, 6353, 49407]","[""<|startoftext|>"", ""a</w>"", ""flowing</w>"", ""tail</w>"", ""behind</w>"", ""powerful</w>"", ""hind"", ""quarters</w>"", ""is</w>"", ""visible</w>"", ""on</w>"", ""a</w>"", ""brid"", ""led</w>"", ""stable</w>"", ""companion</w>"", "".</w>"", ""this</w>"", ""sentence</w>"", ""describes</w>"", ""the</w>"", ""concept</w>"", ""<|endoftext|>""]",6353,concept</w>,21,23,77,False
fixed_suffix,description,Whiskered house-prowler displays small rounded feet placed in a narrow walking line beside low evening light.,Whiskered house-prowler displays small rounded feet placed in a narrow walking line beside low evening light. This sentence describes the concept,"[49406, 6024, 26690, 1212, 268, 38737, 1803, 15648, 2442, 26973, 4804, 9729, 530, 320, 16652, 3941, 1148, 13519, 1042, 2285, 1395, 269, 589, 12737, 13678, 518, 6353, 49407]","[""<|startoftext|>"", ""whis"", ""kered</w>"", ""house</w>"", ""-</w>"", ""prow"", ""ler</w>"", ""displays</w>"", ""small</w>"", ""rounded</w>"", ""feet</w>"", ""placed</w>"", ""in</w>"", ""a</w>"", ""narrow</w>"", ""walking</w>"", ""line</w>"", ""beside</w>"", ""low</w>"", ""evening</w>"", ""light</w>"", "".</w>"", ""this</w>"", ""sentence</w>"", ""describes</w>"", ""the</w>"", ""concept</w>"", ""<|endoftext|>""]",6353,concept</w>,26,28,77,False
fixed_suffix,description,Straight forelegs supporting a ready stance distinguishes tongue-out family-companion near a calm farmyard.,Straight forelegs supporting a ready stance distinguishes tongue-out family-companion near a calm farmyard. This sentence describes the concept,"[49406, 4241, 1484, 7072, 3976, 320, 1112, 3542, 15053, 2502, 13626, 268, 620, 1315, 268, 14963, 2252, 320, 7011, 1578, 1152, 746, 269, 589, 12737, 13678, 518, 6353, 49407]","[""<|startoftext|>"", ""straight</w>"", ""fore"", ""legs</w>"", ""supporting</w>"", ""a</w>"", ""ready</w>"", ""stance</w>"", ""distingui"", ""shes</w>"", ""tongue</w>"", ""-</w>"", ""out</w>"", ""family</w>"", ""-</w>"", ""companion</w>"", ""near</w>"", ""a</w>"", ""calm</w>"", ""far"", ""my"", ""ard</w>"", "".</w>"", ""this</w>"", ""sentence</w>"", ""describes</w>"", ""the</w>"", ""concept</w>"", ""<|endoftext|>""]",6353,concept</w>,27,29,77,False
fixed_suffix,description,"Within soft morning light, amber-eyed meadow-prowler demonstrates slender springing limbs suited to sudden pounces.","Within soft morning light, amber-eyed meadow-prowler demonstrates slender springing limbs suited to sudden pounces. This sentence describes the concept","[49406, 4154, 3773, 1119, 1395, 267, 9986, 268, 15512, 17195, 268, 38737, 1803, 24806, 40331, 1536, 4066, 34886, 25919, 531, 15433, 79, 30299, 269, 589, 12737, 13678, 518, 6353, 49407]","[""<|startoftext|>"", ""within</w>"", ""soft</w>"", ""morning</w>"", ""light</w>"", "",</w>"", ""amber</w>"", ""-</w>"", ""eyed</w>"", ""meadow</w>"", ""-</w>"", ""prow"", ""ler</w>"", ""demonstrates</w>"", ""slender</w>"", ""spr"", ""inging</w>"", ""limbs</w>"", ""suited</w>"", ""to</w>"", ""sudden</w>"", ""p"", ""ounces</w>"", "".</w>"", ""this</w>"", ""sentence</w>"", ""describes</w>"", ""the</w>"", ""concept</w>"", ""<|endoftext|>""]",6353,concept</w>,28,30,77,False
fixed_suffix,description,Long curved claws extending beyond dark toe pads distinguishes round-eared timberland-giant near a shaded woodland edge.,Long curved claws extending beyond dark toe pads distinguishes round-eared timberland-giant near a shaded woodland edge. This sentence describes the concept,"[49406, 1538, 25789, 29161, 25652, 4432, 3144, 11344, 17353, 15053, 2502, 2522, 268, 9127, 14441, 973, 268, 4687, 2252, 320, 43506, 17447, 5461, 269, 589, 12737, 13678, 518, 6353, 49407]","[""<|startoftext|>"", ""long</w>"", ""curved</w>"", ""claws</w>"", ""extending</w>"", ""beyond</w>"", ""dark</w>"", ""toe</w>"", ""pads</w>"", ""distingui"", ""shes</w>"", ""round</w>"", ""-</w>"", ""eared</w>"", ""timber"", ""land</w>"", ""-</w>"", ""giant</w>"", ""near</w>"", ""a</w>"", ""shaded</w>"", ""woodland</w>"", ""edge</w>"", "".</w>"", ""this</w>"", ""sentence</w>"", ""describes</w>"", ""the</w>"", ""concept</w>"", ""<|endoftext|>""]",6353,concept</w>,28,30,77,False
fixed_suffix,description,Gray pack hunter displays large snow-spreading feet and straight forelegs beside a narrow riverside path.,Gray pack hunter displays large snow-spreading feet and straight forelegs beside a narrow riverside path. This sentence describes the concept,"[49406, 7048, 3420, 6099, 15648, 3638, 2583, 268, 11821, 4804, 537, 4241, 1484, 7072, 13519, 320, 16652, 15809, 5035, 269, 589, 12737, 13678, 518, 6353, 49407]","[""<|startoftext|>"", ""gray</w>"", ""pack</w>"", ""hunter</w>"", ""displays</w>"", ""large</w>"", ""snow</w>"", ""-</w>"", ""spreading</w>"", ""feet</w>"", ""and</w>"", ""straight</w>"", ""fore"", ""legs</w>"", ""beside</w>"", ""a</w>"", ""narrow</w>"", ""riverside</w>"", ""path</w>"", "".</w>"", ""this</w>"", ""sentence</w>"", ""describes</w>"", ""the</w>"", ""concept</w>"", ""<|endoftext|>""]",6353,concept</w>,24,26,77,False
fixed_suffix,description,"Within an open grassy clearing, twitch-nosed clover nibbler demonstrates long hind limbs prepared for sudden bounds.","Within an open grassy clearing, twitch-nosed clover nibbler demonstrates long hind limbs prepared for sudden bounds. This sentence describes the concept","[49406, 4154, 550, 1488, 44140, 15481, 267, 9153, 268, 578, 1252, 22812, 697, 65, 11979, 24806, 1538, 23293, 34886, 7677, 556, 15433, 37469, 269, 589, 12737, 13678, 518, 6353, 49407]","[""<|startoftext|>"", ""within</w>"", ""an</w>"", ""open</w>"", ""grassy</w>"", ""clearing</w>"", "",</w>"", ""twitch</w>"", ""-</w>"", ""no"", ""sed</w>"", ""clover</w>"", ""ni"", ""b"", ""bler</w>"", ""demonstrates</w>"", ""long</w>"", ""hind</w>"", ""limbs</w>"", ""prepared</w>"", ""for</w>"", ""sudden</w>"", ""bounds</w>"", "".</w>"", ""this</w>"", ""sentence</w>"", ""describes</w>"", ""the</w>"", ""concept</w>"", ""<|endoftext|>""]",6353,concept</w>,28,30,77,False
fixed_suffix,description,"Beside a broad dirt trail, branch-antlered woodland traveler reveals long delicate forelegs built for quiet stepping.","Beside a broad dirt trail, branch-antlered woodland traveler reveals long delicate forelegs built for quiet stepping. This sentence describes the concept","[49406, 13519, 320, 12623, 11795, 4921, 267, 7998, 268, 1103, 534, 736, 17447, 17794, 6621, 1538, 18768, 1484, 7072, 3874, 556, 7557, 15906, 269, 589, 12737, 13678, 518, 6353, 49407]","[""<|startoftext|>"", ""beside</w>"", ""a</w>"", ""broad</w>"", ""dirt</w>"", ""trail</w>"", "",</w>"", ""branch</w>"", ""-</w>"", ""ant"", ""le"", ""red</w>"", ""woodland</w>"", ""traveler</w>"", ""reveals</w>"", ""long</w>"", ""delicate</w>"", ""fore"", ""legs</w>"", ""built</w>"", ""for</w>"", ""quiet</w>"", ""stepping</w>"", "".</w>"", ""this</w>"", ""sentence</w>"", ""describes</w>"", ""the</w>"", ""concept</w>"", ""<|endoftext|>""]",6353,concept</w>,28,30,77,False
fixed_suffix,description,Swift-maned open-field runner carries muscular legs with dark hair above each hoof across a narrow riverside path.,Swift-maned open-field runner carries muscular legs with dark hair above each hoof across a narrow riverside path. This sentence describes the concept,"[49406, 8229, 268, 723, 538, 1488, 268, 1570, 7913, 17982, 30606, 7072, 593, 3144, 2225, 4348, 2416, 44555, 2500, 320, 16652, 15809, 5035, 269, 589, 12737, 13678, 518, 6353, 49407]","[""<|startoftext|>"", ""swift</w>"", ""-</w>"", ""man"", ""ed</w>"", ""open</w>"", ""-</w>"", ""field</w>"", ""runner</w>"", ""carries</w>"", ""muscular</w>"", ""legs</w>"", ""with</w>"", ""dark</w>"", ""hair</w>"", ""above</w>"", ""each</w>"", ""hoof</w>"", ""across</w>"", ""a</w>"", ""narrow</w>"", ""riverside</w>"", ""path</w>"", "".</w>"", ""this</w>"", ""sentence</w>"", ""describes</w>"", ""the</w>"", ""concept</w>"", ""<|endoftext|>""]",6353,concept</w>,28,30,77,False
fixed_suffix,description,"Beside a misty hillside, pointed-eared lap-companion reveals curved retractable claws hidden above soft toe pads; nearby tracks indicate scale.","Beside a misty hillside, pointed-eared lap-companion reveals curved retractable claws hidden above soft toe pads; nearby tracks indicate scale. This sentence describes the concept","[49406, 13519, 320, 18799, 37194, 267, 20703, 268, 9127, 8639, 268, 14963, 6621, 25789, 32735, 2175, 29161, 7029, 4348, 3773, 11344, 17353, 282, 13314, 7579, 26679, 5879, 269, 589, 12737, 13678, 518, 6353, 49407]","[""<|startoftext|>"", ""beside</w>"", ""a</w>"", ""misty</w>"", ""hillside</w>"", "",</w>"", ""pointed</w>"", ""-</w>"", ""eared</w>"", ""lap</w>"", ""-</w>"", ""companion</w>"", ""reveals</w>"", ""curved</w>"", ""retrac"", ""table</w>"", ""claws</w>"", ""hidden</w>"", ""above</w>"", ""soft</w>"", ""toe</w>"", ""pads</w>"", "";</w>"", ""nearby</w>"", ""tracks</w>"", ""indicate</w>"", ""scale</w>"", "".</w>"", ""this</w>"", ""sentence</w>"", ""describes</w>"", ""the</w>"", ""concept</w>"", ""<|endoftext|>""]",6353,concept</w>,32,34,77,False
fixed_suffix,description,"Collar-wearing yard-guardian carries a wagging tail extending from strong hindquarters across a patch of dense brush; meanwhile, the viewpoint remains level.","Collar-wearing yard-guardian carries a wagging tail extending from strong hindquarters across a patch of dense brush; meanwhile, the viewpoint remains level. This sentence describes the concept","[49406, 13497, 268, 3309, 4313, 268, 9498, 17982, 320, 5764, 3905, 4132, 25652, 633, 2389, 34460, 10146, 2500, 320, 8721, 539, 19353, 8594, 282, 9650, 267, 518, 41604, 6807, 2931, 269, 589, 12737, 13678, 518, 6353, 49407]","[""<|startoftext|>"", ""collar</w>"", ""-</w>"", ""wearing</w>"", ""yard</w>"", ""-</w>"", ""guardian</w>"", ""carries</w>"", ""a</w>"", ""wag"", ""ging</w>"", ""tail</w>"", ""extending</w>"", ""from</w>"", ""strong</w>"", ""hind"", ""quarters</w>"", ""across</w>"", ""a</w>"", ""patch</w>"", ""of</w>"", ""dense</w>"", ""brush</w>"", "";</w>"", ""meanwhile</w>"", "",</w>"", ""the</w>"", ""viewpoint</w>"", ""remains</w>"", ""level</w>"", "".</w>"", ""this</w>"", ""sentence</w>"", ""describes</w>"", ""the</w>"", ""concept</w>"", ""<|endoftext|>""]",6353,concept</w>,35,37,77,False
fixed_suffix,description,"Narrow-muzzled dusk-prowler carries small black feet beneath narrow lower legs across a pale winter field; meanwhile, soft light preserves surface detail.","Narrow-muzzled dusk-prowler carries small black feet beneath narrow lower legs across a pale winter field; meanwhile, soft light preserves surface detail. This sentence describes the concept","[49406, 16652, 268, 670, 39075, 19708, 268, 38737, 1803, 17982, 2442, 1449, 4804, 16850, 16652, 4909, 7072, 2500, 320, 12518, 2541, 1570, 282, 9650, 267, 3773, 1395, 44881, 7744, 7657, 269, 589, 12737, 13678, 518, 6353, 49407]","[""<|startoftext|>"", ""narrow</w>"", ""-</w>"", ""mu"", ""zzled</w>"", ""dusk</w>"", ""-</w>"", ""prow"", ""ler</w>"", ""carries</w>"", ""small</w>"", ""black</w>"", ""feet</w>"", ""beneath</w>"", ""narrow</w>"", ""lower</w>"", ""legs</w>"", ""across</w>"", ""a</w>"", ""pale</w>"", ""winter</w>"", ""field</w>"", "";</w>"", ""meanwhile</w>"", "",</w>"", ""soft</w>"", ""light</w>"", ""preserves</w>"", ""surface</w>"", ""detail</w>"", "".</w>"", ""this</w>"", ""sentence</w>"", ""describes</w>"", ""the</w>"", ""concept</w>"", ""<|endoftext|>""]",6353,concept</w>,35,37,77,False
fixed_suffix,description,"Within a shaded woodland edge, thick-furred cave-sleeper demonstrates thick muscular legs supporting deliberate steps, where the setting supports the behavior.","Within a shaded woodland edge, thick-furred cave-sleeper demonstrates thick muscular legs supporting deliberate steps, where the setting supports the behavior. This sentence describes the concept","[49406, 4154, 320, 43506, 17447, 5461, 267, 11006, 268, 2395, 736, 9654, 268, 28709, 24806, 11006, 30606, 7072, 3976, 38271, 5408, 267, 1234, 518, 5264, 8336, 518, 10461, 269, 589, 12737, 13678, 518, 6353, 49407]","[""<|startoftext|>"", ""within</w>"", ""a</w>"", ""shaded</w>"", ""woodland</w>"", ""edge</w>"", "",</w>"", ""thick</w>"", ""-</w>"", ""fur"", ""red</w>"", ""cave</w>"", ""-</w>"", ""sleeper</w>"", ""demonstrates</w>"", ""thick</w>"", ""muscular</w>"", ""legs</w>"", ""supporting</w>"", ""deliberate</w>"", ""steps</w>"", "",</w>"", ""where</w>"", ""the</w>"", ""setting</w>"", ""supports</w>"", ""the</w>"", ""behavior</w>"", "".</w>"", ""this</w>"", ""sentence</w>"", ""describes</w>"", ""the</w>"", ""concept</w>"", ""<|endoftext|>""]",6353,concept</w>,33,35,77,False
fixed_suffix,description,"Thick-coated howling sentinel carries large snow-spreading feet and straight forelegs across soft morning light; meanwhile, its full body stays visible.","Thick-coated howling sentinel carries large snow-spreading feet and straight forelegs across soft morning light; meanwhile, its full body stays visible. This sentence describes the concept","[49406, 11006, 268, 23401, 41771, 23123, 17982, 3638, 2583, 268, 11821, 4804, 537, 4241, 1484, 7072, 2500, 3773, 1119, 1395, 282, 9650, 267, 902, 1476, 1774, 13311, 8626, 269, 589, 12737, 13678, 518, 6353, 49407]","[""<|startoftext|>"", ""thick</w>"", ""-</w>"", ""coated</w>"", ""howling</w>"", ""sentinel</w>"", ""carries</w>"", ""large</w>"", ""snow</w>"", ""-</w>"", ""spreading</w>"", ""feet</w>"", ""and</w>"", ""straight</w>"", ""fore"", ""legs</w>"", ""across</w>"", ""soft</w>"", ""morning</w>"", ""light</w>"", "";</w>"", ""meanwhile</w>"", "",</w>"", ""its</w>"", ""full</w>"", ""body</w>"", ""stays</w>"", ""visible</w>"", "".</w>"", ""this</w>"", ""sentence</w>"", ""describes</w>"", ""the</w>"", ""concept</w>"", ""<|endoftext|>""]",6353,concept</w>,33,35,77,False
fixed_suffix,description,"Soft-coated burrow dweller displays powerful folded rear legs beneath a round body beside a sunlit garden path, while soft light preserves surface detail.","Soft-coated burrow dweller displays powerful folded rear legs beneath a round body beside a sunlit garden path, while soft light preserves surface detail. This sentence describes the concept","[49406, 3773, 268, 23401, 1039, 1044, 27549, 528, 15648, 4875, 25233, 10223, 7072, 16850, 320, 2522, 1774, 13519, 320, 968, 4350, 2756, 5035, 267, 1519, 3773, 1395, 44881, 7744, 7657, 269, 589, 12737, 13678, 518, 6353, 49407]","[""<|startoftext|>"", ""soft</w>"", ""-</w>"", ""coated</w>"", ""bur"", ""row</w>"", ""dwell"", ""er</w>"", ""displays</w>"", ""powerful</w>"", ""folded</w>"", ""rear</w>"", ""legs</w>"", ""beneath</w>"", ""a</w>"", ""round</w>"", ""body</w>"", ""beside</w>"", ""a</w>"", ""sun"", ""lit</w>"", ""garden</w>"", ""path</w>"", "",</w>"", ""while</w>"", ""soft</w>"", ""light</w>"", ""preserves</w>"", ""surface</w>"", ""detail</w>"", "".</w>"", ""this</w>"", ""sentence</w>"", ""describes</w>"", ""the</w>"", ""concept</w>"", ""<|endoftext|>""]",6353,concept</w>,35,37,77,False
fixed_suffix,description,"A clear view shows slender-legged forest grazer with a raised white tail above springing hind legs, as surrounding plants provide scale.","A clear view shows slender-legged forest grazer with a raised white tail above springing hind legs, as surrounding plants provide scale. This sentence describes the concept","[49406, 320, 3143, 1093, 2665, 40331, 268, 25830, 4167, 782, 3716, 593, 320, 6027, 1579, 4132, 4348, 1536, 4066, 23293, 7072, 267, 601, 12544, 5829, 4832, 5879, 269, 589, 12737, 13678, 518, 6353, 49407]","[""<|startoftext|>"", ""a</w>"", ""clear</w>"", ""view</w>"", ""shows</w>"", ""slender</w>"", ""-</w>"", ""legged</w>"", ""forest</w>"", ""gra"", ""zer</w>"", ""with</w>"", ""a</w>"", ""raised</w>"", ""white</w>"", ""tail</w>"", ""above</w>"", ""spr"", ""inging</w>"", ""hind</w>"", ""legs</w>"", "",</w>"", ""as</w>"", ""surrounding</w>"", ""plants</w>"", ""provide</w>"", ""scale</w>"", "".</w>"", ""this</w>"", ""sentence</w>"", ""describes</w>"", ""the</w>"", ""concept</w>"", ""<|endoftext|>""]",6353,concept</w>,32,34,77,False
fixed_suffix,description,"Single-hoofed riding companion displays long lower legs ending in single hard hooves beside a patch of dense brush, while the viewpoint remains level.","Single-hoofed riding companion displays long lower legs ending in single hard hooves beside a patch of dense brush, while the viewpoint remains level. This sentence describes the concept","[49406, 2688, 268, 2300, 7035, 6765, 14963, 15648, 1538, 4909, 7072, 2695, 530, 2688, 1626, 2300, 1003, 13519, 320, 8721, 539, 19353, 8594, 267, 1519, 518, 41604, 6807, 2931, 269, 589, 12737, 13678, 518, 6353, 49407]","[""<|startoftext|>"", ""single</w>"", ""-</w>"", ""hoo"", ""fed</w>"", ""riding</w>"", ""companion</w>"", ""displays</w>"", ""long</w>"", ""lower</w>"", ""legs</w>"", ""ending</w>"", ""in</w>"", ""single</w>"", ""hard</w>"", ""hoo"", ""ves</w>"", ""beside</w>"", ""a</w>"", ""patch</w>"", ""of</w>"", ""dense</w>"", ""brush</w>"", "",</w>"", ""while</w>"", ""the</w>"", ""viewpoint</w>"", ""remains</w>"", ""level</w>"", "".</w>"", ""this</w>"", ""sentence</w>"", ""describes</w>"", ""the</w>"", ""concept</w>"", ""<|endoftext|>""]",6353,concept</w>,34,36,77,False
fixed_suffix,description,"Against scattered autumn leaves, curved retractable claws hidden above soft toe pads defines striped hearthside-prowler; the pose shows balanced proportions.","Against scattered autumn leaves, curved retractable claws hidden above soft toe pads defines striped hearthside-prowler; the pose shows balanced proportions. This sentence describes the concept","[49406, 1601, 22090, 6110, 5579, 267, 25789, 32735, 2175, 29161, 7029, 4348, 3773, 11344, 17353, 28218, 22192, 31563, 1145, 268, 38737, 1803, 282, 518, 4230, 2665, 15273, 39391, 269, 589, 12737, 13678, 518, 6353, 49407]","[""<|startoftext|>"", ""against</w>"", ""scattered</w>"", ""autumn</w>"", ""leaves</w>"", "",</w>"", ""curved</w>"", ""retrac"", ""table</w>"", ""claws</w>"", ""hidden</w>"", ""above</w>"", ""soft</w>"", ""toe</w>"", ""pads</w>"", ""defines</w>"", ""striped</w>"", ""hearth"", ""side</w>"", ""-</w>"", ""prow"", ""ler</w>"", "";</w>"", ""the</w>"", ""pose</w>"", ""shows</w>"", ""balanced</w>"", ""proportions</w>"", "".</w>"", ""this</w>"", ""sentence</w>"", ""describes</w>"", ""the</w>"", ""concept</w>"", ""<|endoftext|>""]",6353,concept</w>,33,35,77,False
fixed_suffix,description,"Within a rocky meadow, floppy-eared home-guardian demonstrates a wagging tail extending from strong hindquarters, where nearby tracks indicate scale.","Within a rocky meadow, floppy-eared home-guardian demonstrates a wagging tail extending from strong hindquarters, where nearby tracks indicate scale. This sentence describes the concept","[49406, 4154, 320, 9648, 17195, 267, 38267, 268, 9127, 1137, 268, 9498, 24806, 320, 5764, 3905, 4132, 25652, 633, 2389, 34460, 10146, 267, 1234, 13314, 7579, 26679, 5879, 269, 589, 12737, 13678, 518, 6353, 49407]","[""<|startoftext|>"", ""within</w>"", ""a</w>"", ""rocky</w>"", ""meadow</w>"", "",</w>"", ""floppy</w>"", ""-</w>"", ""eared</w>"", ""home</w>"", ""-</w>"", ""guardian</w>"", ""demonstrates</w>"", ""a</w>"", ""wag"", ""ging</w>"", ""tail</w>"", ""extending</w>"", ""from</w>"", ""strong</w>"", ""hind"", ""quarters</w>"", "",</w>"", ""where</w>"", ""nearby</w>"", ""tracks</w>"", ""indicate</w>"", ""scale</w>"", "".</w>"", ""this</w>"", ""sentence</w>"", ""describes</w>"", ""the</w>"", ""concept</w>"", ""<|endoftext|>""]",6353,concept</w>,33,35,77,False
fixed_suffix,description,"Sharp-eared field-stalker becomes recognizable through slender springing limbs suited to sudden pounces, while the background preserves its outline.","Sharp-eared field-stalker becomes recognizable through slender springing limbs suited to sudden pounces, while the background preserves its outline. This sentence describes the concept","[49406, 8157, 268, 9127, 1570, 268, 26777, 6766, 47240, 1417, 40331, 1536, 4066, 34886, 25919, 531, 15433, 79, 30299, 267, 1519, 518, 5994, 44881, 902, 26894, 269, 589, 12737, 13678, 518, 6353, 49407]","[""<|startoftext|>"", ""sharp</w>"", ""-</w>"", ""eared</w>"", ""field</w>"", ""-</w>"", ""stalker</w>"", ""becomes</w>"", ""recognizable</w>"", ""through</w>"", ""slender</w>"", ""spr"", ""inging</w>"", ""limbs</w>"", ""suited</w>"", ""to</w>"", ""sudden</w>"", ""p"", ""ounces</w>"", "",</w>"", ""while</w>"", ""the</w>"", ""background</w>"", ""preserves</w>"", ""its</w>"", ""outline</w>"", "".</w>"", ""this</w>"", ""sentence</w>"", ""describes</w>"", ""the</w>"", ""concept</w>"", ""<|endoftext|>""]",6353,concept</w>,31,33,77,False
fixed_suffix,description,"Massive front feet planted across rough ground distinguishes powerful berry-gatherer near a shallow stream bank, where the pose shows balanced proportions.","Massive front feet planted across rough ground distinguishes powerful berry-gatherer near a shallow stream bank, where the pose shows balanced proportions. This sentence describes the concept","[49406, 4818, 2184, 4804, 14286, 2500, 8511, 2461, 15053, 2502, 4875, 3488, 268, 1275, 599, 3407, 2252, 320, 23730, 3322, 2723, 267, 1234, 518, 4230, 2665, 15273, 39391, 269, 589, 12737, 13678, 518, 6353, 49407]","[""<|startoftext|>"", ""massive</w>"", ""front</w>"", ""feet</w>"", ""planted</w>"", ""across</w>"", ""rough</w>"", ""ground</w>"", ""distingui"", ""shes</w>"", ""powerful</w>"", ""berry</w>"", ""-</w>"", ""ga"", ""the"", ""rer</w>"", ""near</w>"", ""a</w>"", ""shallow</w>"", ""stream</w>"", ""bank</w>"", "",</w>"", ""where</w>"", ""the</w>"", ""pose</w>"", ""shows</w>"", ""balanced</w>"", ""proportions</w>"", "".</w>"", ""this</w>"", ""sentence</w>"", ""describes</w>"", ""the</w>"", ""concept</w>"", ""<|endoftext|>""]",6353,concept</w>,33,35,77,False
fixed_suffix,description,"Broad-pawed northern pack tracker displays broad paws beneath long endurance-built legs beside a broad dirt trail, while nearby tracks indicate scale.","Broad-pawed northern pack tracker displays broad paws beneath long endurance-built legs beside a broad dirt trail, while nearby tracks indicate scale. This sentence describes the concept","[49406, 12623, 268, 765, 3478, 5049, 3420, 18123, 15648, 12623, 16714, 16850, 1538, 21027, 268, 3874, 7072, 13519, 320, 12623, 11795, 4921, 267, 1519, 13314, 7579, 26679, 5879, 269, 589, 12737, 13678, 518, 6353, 49407]","[""<|startoftext|>"", ""broad</w>"", ""-</w>"", ""pa"", ""wed</w>"", ""northern</w>"", ""pack</w>"", ""tracker</w>"", ""displays</w>"", ""broad</w>"", ""paws</w>"", ""beneath</w>"", ""long</w>"", ""endurance</w>"", ""-</w>"", ""built</w>"", ""legs</w>"", ""beside</w>"", ""a</w>"", ""broad</w>"", ""dirt</w>"", ""trail</w>"", "",</w>"", ""while</w>"", ""nearby</w>"", ""tracks</w>"", ""indicate</w>"", ""scale</w>"", "".</w>"", ""this</w>"", ""sentence</w>"", ""describes</w>"", ""the</w>"", ""concept</w>"", ""<|endoftext|>""]",6353,concept</w>,33,35,77,False
fixed_suffix,description,"Long-eared grassland nibbler carries long hind limbs prepared for sudden bounds across low evening light; meanwhile, its full body stays visible.","Long-eared grassland nibbler carries long hind limbs prepared for sudden bounds across low evening light; meanwhile, its full body stays visible. This sentence describes the concept","[49406, 1538, 268, 9127, 11584, 973, 697, 65, 11979, 17982, 1538, 23293, 34886, 7677, 556, 15433, 37469, 2500, 1042, 2285, 1395, 282, 9650, 267, 902, 1476, 1774, 13311, 8626, 269, 589, 12737, 13678, 518, 6353, 49407]","[""<|startoftext|>"", ""long</w>"", ""-</w>"", ""eared</w>"", ""grass"", ""land</w>"", ""ni"", ""b"", ""bler</w>"", ""carries</w>"", ""long</w>"", ""hind</w>"", ""limbs</w>"", ""prepared</w>"", ""for</w>"", ""sudden</w>"", ""bounds</w>"", ""across</w>"", ""low</w>"", ""evening</w>"", ""light</w>"", "";</w>"", ""meanwhile</w>"", "",</w>"", ""its</w>"", ""full</w>"", ""body</w>"", ""stays</w>"", ""visible</w>"", "".</w>"", ""this</w>"", ""sentence</w>"", ""describes</w>"", ""the</w>"", ""concept</w>"", ""<|endoftext|>""]",6353,concept</w>,34,36,77,False
fixed_suffix,description,"Split-hoofed trail visitor carries a raised white tail above springing hind legs across a calm farmyard; meanwhile, soft light preserves surface detail.","Split-hoofed trail visitor carries a raised white tail above springing hind legs across a calm farmyard; meanwhile, soft light preserves surface detail. This sentence describes the concept","[49406, 9109, 268, 2300, 7035, 4921, 13881, 17982, 320, 6027, 1579, 4132, 4348, 1536, 4066, 23293, 7072, 2500, 320, 7011, 1578, 1152, 746, 282, 9650, 267, 3773, 1395, 44881, 7744, 7657, 269, 589, 12737, 13678, 518, 6353, 49407]","[""<|startoftext|>"", ""split</w>"", ""-</w>"", ""hoo"", ""fed</w>"", ""trail</w>"", ""visitor</w>"", ""carries</w>"", ""a</w>"", ""raised</w>"", ""white</w>"", ""tail</w>"", ""above</w>"", ""spr"", ""inging</w>"", ""hind</w>"", ""legs</w>"", ""across</w>"", ""a</w>"", ""calm</w>"", ""far"", ""my"", ""ard</w>"", "";</w>"", ""meanwhile</w>"", "",</w>"", ""soft</w>"", ""light</w>"", ""preserves</w>"", ""surface</w>"", ""detail</w>"", "".</w>"", ""this</w>"", ""sentence</w>"", ""describes</w>"", ""the</w>"", ""concept</w>"", ""<|endoftext|>""]",6353,concept</w>,36,38,77,False
fixed_suffix,description,"A sweeping tail balancing four narrow hooves distinguishes tall long-faced grazer near a weathered wooden gate, where the setting supports the behavior.","A sweeping tail balancing four narrow hooves distinguishes tall long-faced grazer near a weathered wooden gate, where the setting supports the behavior. This sentence describes the concept","[49406, 320, 25719, 4132, 23541, 2721, 16652, 2300, 1003, 15053, 2502, 7771, 1538, 268, 10941, 782, 3716, 2252, 320, 598, 34091, 9057, 3302, 267, 1234, 518, 5264, 8336, 518, 10461, 269, 589, 12737, 13678, 518, 6353, 49407]","[""<|startoftext|>"", ""a</w>"", ""sweeping</w>"", ""tail</w>"", ""balancing</w>"", ""four</w>"", ""narrow</w>"", ""hoo"", ""ves</w>"", ""distingui"", ""shes</w>"", ""tall</w>"", ""long</w>"", ""-</w>"", ""faced</w>"", ""gra"", ""zer</w>"", ""near</w>"", ""a</w>"", ""we"", ""athered</w>"", ""wooden</w>"", ""gate</w>"", "",</w>"", ""where</w>"", ""the</w>"", ""setting</w>"", ""supports</w>"", ""the</w>"", ""behavior</w>"", "".</w>"", ""this</w>"", ""sentence</w>"", ""describes</w>"", ""the</w>"", ""concept</w>"", ""<|endoftext|>""]",6353,concept</w>,35,37,77,False
fixed_suffix,description,A striped household mouser carries a compact low torso with a flexible spine.,A striped household mouser carries a compact low torso with a flexible spine. This sentence describes the concept,"[49406, 320, 22192, 12412, 24837, 528, 17982, 320, 13690, 1042, 937, 706, 593, 320, 14502, 19646, 269, 589, 12737, 13678, 518, 6353, 49407]","[""<|startoftext|>"", ""a</w>"", ""striped</w>"", ""household</w>"", ""mous"", ""er</w>"", ""carries</w>"", ""a</w>"", ""compact</w>"", ""low</w>"", ""tor"", ""so</w>"", ""with</w>"", ""a</w>"", ""flexible</w>"", ""spine</w>"", "".</w>"", ""this</w>"", ""sentence</w>"", ""describes</w>"", ""the</w>"", ""concept</w>"", ""<|endoftext|>""]",6353,concept</w>,21,23,77,False
fixed_suffix,description,A tail-wagging family companion carries strong shoulders above an athletic household silhouette.,A tail-wagging family companion carries strong shoulders above an athletic household silhouette. This sentence describes the concept,"[49406, 320, 4132, 268, 5764, 3905, 1315, 14963, 17982, 2389, 18738, 4348, 550, 9028, 12412, 26149, 269, 589, 12737, 13678, 518, 6353, 49407]","[""<|startoftext|>"", ""a</w>"", ""tail</w>"", ""-</w>"", ""wag"", ""ging</w>"", ""family</w>"", ""companion</w>"", ""carries</w>"", ""strong</w>"", ""shoulders</w>"", ""above</w>"", ""an</w>"", ""athletic</w>"", ""household</w>"", ""silhouette</w>"", "".</w>"", ""this</w>"", ""sentence</w>"", ""describes</w>"", ""the</w>"", ""concept</w>"", ""<|endoftext|>""]",6353,concept</w>,21,23,77,False
fixed_suffix,description,A light elongated frame beneath a full tail marks a russet snowline hunter.,A light elongated frame beneath a full tail marks a russet snowline hunter. This sentence describes the concept,"[49406, 320, 1395, 44363, 943, 6481, 16850, 320, 1476, 4132, 5466, 320, 35811, 1167, 3880, 1148, 6099, 269, 589, 12737, 13678, 518, 6353, 49407]","[""<|startoftext|>"", ""a</w>"", ""light</w>"", ""elong"", ""ated</w>"", ""frame</w>"", ""beneath</w>"", ""a</w>"", ""full</w>"", ""tail</w>"", ""marks</w>"", ""a</w>"", ""rus"", ""set</w>"", ""snow"", ""line</w>"", ""hunter</w>"", "".</w>"", ""this</w>"", ""sentence</w>"", ""describes</w>"", ""the</w>"", ""concept</w>"", ""<|endoftext|>""]",6353,concept</w>,22,24,77,False
fixed_suffix,description,A broad-pawed wilderness forager has a towering woodland silhouette built for strength.,A broad-pawed wilderness forager has a towering woodland silhouette built for strength. This sentence describes the concept,"[49406, 320, 12623, 268, 765, 3478, 16506, 645, 10443, 791, 320, 39444, 17447, 26149, 3874, 556, 5959, 269, 589, 12737, 13678, 518, 6353, 49407]","[""<|startoftext|>"", ""a</w>"", ""broad</w>"", ""-</w>"", ""pa"", ""wed</w>"", ""wilderness</w>"", ""for"", ""ager</w>"", ""has</w>"", ""a</w>"", ""towering</w>"", ""woodland</w>"", ""silhouette</w>"", ""built</w>"", ""for</w>"", ""strength</w>"", "".</w>"", ""this</w>"", ""sentence</w>"", ""describes</w>"", ""the</w>"", ""concept</w>"", ""<|endoftext|>""]",6353,concept</w>,22,24,77,False
fixed_suffix,description,Powerful shoulders narrowing toward the flanks defines a howling snow hunter.,Powerful shoulders narrowing toward the flanks defines a howling snow hunter. This sentence describes the concept,"[49406, 4875, 18738, 2977, 12807, 8508, 518, 14572, 662, 28218, 320, 41771, 2583, 6099, 269, 589, 12737, 13678, 518, 6353, 49407]","[""<|startoftext|>"", ""powerful</w>"", ""shoulders</w>"", ""nar"", ""rowing</w>"", ""toward</w>"", ""the</w>"", ""flan"", ""ks</w>"", ""defines</w>"", ""a</w>"", ""howling</w>"", ""snow</w>"", ""hunter</w>"", "".</w>"", ""this</w>"", ""sentence</w>"", ""describes</w>"", ""the</w>"", ""concept</w>"", ""<|endoftext|>""]",6353,concept</w>,19,21,77,False
fixed_suffix,description,A burrow resident carries a lightweight frame with prominent folded haunches.,A burrow resident carries a lightweight frame with prominent folded haunches. This sentence describes the concept,"[49406, 320, 1039, 1044, 9016, 17982, 320, 16278, 6481, 593, 19172, 25233, 9676, 1910, 269, 589, 12737, 13678, 518, 6353, 49407]","[""<|startoftext|>"", ""a</w>"", ""bur"", ""row</w>"", ""resident</w>"", ""carries</w>"", ""a</w>"", ""lightweight</w>"", ""frame</w>"", ""with</w>"", ""prominent</w>"", ""folded</w>"", ""haun"", ""ches</w>"", "".</w>"", ""this</w>"", ""sentence</w>"", ""describes</w>"", ""the</w>"", ""concept</w>"", ""<|endoftext|>""]",6353,concept</w>,19,21,77,False
fixed_suffix,description,An antlered woodland browser shows an athletic herd grazer with a deep chest.,An antlered woodland browser shows an athletic herd grazer with a deep chest. This sentence describes the concept,"[49406, 550, 1103, 534, 736, 17447, 19768, 2665, 550, 9028, 18589, 782, 3716, 593, 320, 3383, 10563, 269, 589, 12737, 13678, 518, 6353, 49407]","[""<|startoftext|>"", ""an</w>"", ""ant"", ""le"", ""red</w>"", ""woodland</w>"", ""browser</w>"", ""shows</w>"", ""an</w>"", ""athletic</w>"", ""herd</w>"", ""gra"", ""zer</w>"", ""with</w>"", ""a</w>"", ""deep</w>"", ""chest</w>"", "".</w>"", ""this</w>"", ""sentence</w>"", ""describes</w>"", ""the</w>"", ""concept</w>"", ""<|endoftext|>""]",6353,concept</w>,22,24,77,False
fixed_suffix,description,A muscular farmyard runner carries a powerful hindquarter line beneath the saddle area.,A muscular farmyard runner carries a powerful hindquarter line beneath the saddle area. This sentence describes the concept,"[49406, 320, 30606, 1578, 1152, 746, 7913, 17982, 320, 4875, 34460, 6632, 1148, 16850, 518, 20283, 2445, 269, 589, 12737, 13678, 518, 6353, 49407]","[""<|startoftext|>"", ""a</w>"", ""muscular</w>"", ""far"", ""my"", ""ard</w>"", ""runner</w>"", ""carries</w>"", ""a</w>"", ""powerful</w>"", ""hind"", ""quarter</w>"", ""line</w>"", ""beneath</w>"", ""the</w>"", ""saddle</w>"", ""area</w>"", "".</w>"", ""this</w>"", ""sentence</w>"", ""describes</w>"", ""the</w>"", ""concept</w>"", ""<|endoftext|>""]",6353,concept</w>,22,24,77,False
fixed_suffix,description,A lightweight household frame and narrow shoulders identifies a purring house prowler.,A lightweight household frame and narrow shoulders identifies a purring house prowler. This sentence describes the concept,"[49406, 320, 16278, 12412, 6481, 537, 16652, 18738, 35712, 320, 1727, 2540, 1212, 38737, 1803, 269, 589, 12737, 13678, 518, 6353, 49407]","[""<|startoftext|>"", ""a</w>"", ""lightweight</w>"", ""household</w>"", ""frame</w>"", ""and</w>"", ""narrow</w>"", ""shoulders</w>"", ""identifies</w>"", ""a</w>"", ""pur"", ""ring</w>"", ""house</w>"", ""prow"", ""ler</w>"", "".</w>"", ""this</w>"", ""sentence</w>"", ""describes</w>"", ""the</w>"", ""concept</w>"", ""<|endoftext|>""]",6353,concept</w>,20,22,77,False
fixed_suffix,description,A panting ball retriever shows a sturdy medium frame with a broad chest.,A panting ball retriever shows a sturdy medium frame with a broad chest. This sentence describes the concept,"[49406, 320, 1072, 694, 1069, 28394, 2665, 320, 43780, 8675, 6481, 593, 320, 12623, 10563, 269, 589, 12737, 13678, 518, 6353, 49407]","[""<|startoftext|>"", ""a</w>"", ""pan"", ""ting</w>"", ""ball</w>"", ""retriever</w>"", ""shows</w>"", ""a</w>"", ""sturdy</w>"", ""medium</w>"", ""frame</w>"", ""with</w>"", ""a</w>"", ""broad</w>"", ""chest</w>"", "".</w>"", ""this</w>"", ""sentence</w>"", ""describes</w>"", ""the</w>"", ""concept</w>"", ""<|endoftext|>""]",6353,concept</w>,20,22,77,False
fixed_suffix,description,A slender red hunter carries a huge bushy tail with a bright white tip.,A slender red hunter carries a huge bushy tail with a bright white tip. This sentence describes the concept,"[49406, 320, 40331, 736, 6099, 17982, 320, 2699, 609, 9682, 4132, 593, 320, 4852, 1579, 4623, 269, 589, 12737, 13678, 518, 6353, 49407]","[""<|startoftext|>"", ""a</w>"", ""slender</w>"", ""red</w>"", ""hunter</w>"", ""carries</w>"", ""a</w>"", ""huge</w>"", ""bu"", ""shy</w>"", ""tail</w>"", ""with</w>"", ""a</w>"", ""bright</w>"", ""white</w>"", ""tip</w>"", "".</w>"", ""this</w>"", ""sentence</w>"", ""describes</w>"", ""the</w>"", ""concept</w>"", ""<|endoftext|>""]",6353,concept</w>,21,23,77,False
fixed_suffix,description,A round-eared forest giant shows a massive torso rising over powerful shoulders.,A round-eared forest giant shows a massive torso rising over powerful shoulders. This sentence describes the concept,"[49406, 320, 2522, 268, 9127, 4167, 4687, 2665, 320, 4818, 937, 706, 5448, 962, 4875, 18738, 269, 589, 12737, 13678, 518, 6353, 49407]","[""<|startoftext|>"", ""a</w>"", ""round</w>"", ""-</w>"", ""eared</w>"", ""forest</w>"", ""giant</w>"", ""shows</w>"", ""a</w>"", ""massive</w>"", ""tor"", ""so</w>"", ""rising</w>"", ""over</w>"", ""powerful</w>"", ""shoulders</w>"", "".</w>"", ""this</w>"", ""sentence</w>"", ""describes</w>"", ""the</w>"", ""concept</w>"", ""<|endoftext|>""]",6353,concept</w>,21,23,77,False
fixed_suffix,description,A sturdy wild gray pack hunter shows a tall athletic silhouette heavier than a yard companion.,A sturdy wild gray pack hunter shows a tall athletic silhouette heavier than a yard companion. This sentence describes the concept,"[49406, 320, 43780, 3220, 7048, 3420, 6099, 2665, 320, 7771, 9028, 26149, 31253, 1126, 320, 4313, 14963, 269, 589, 12737, 13678, 518, 6353, 49407]","[""<|startoftext|>"", ""a</w>"", ""sturdy</w>"", ""wild</w>"", ""gray</w>"", ""pack</w>"", ""hunter</w>"", ""shows</w>"", ""a</w>"", ""tall</w>"", ""athletic</w>"", ""silhouette</w>"", ""heavier</w>"", ""than</w>"", ""a</w>"", ""yard</w>"", ""companion</w>"", "".</w>"", ""this</w>"", ""sentence</w>"", ""describes</w>"", ""the</w>"", ""concept</w>"", ""<|endoftext|>""]",6353,concept</w>,22,24,77,False
fixed_suffix,description,A garden nibbler shows a small pear-shaped silhouette and short neck.,A garden nibbler shows a small pear-shaped silhouette and short neck. This sentence describes the concept,"[49406, 320, 2756, 697, 65, 11979, 2665, 320, 2442, 18820, 268, 10127, 26149, 537, 3005, 6906, 269, 589, 12737, 13678, 518, 6353, 49407]","[""<|startoftext|>"", ""a</w>"", ""garden</w>"", ""ni"", ""b"", ""bler</w>"", ""shows</w>"", ""a</w>"", ""small</w>"", ""pear</w>"", ""-</w>"", ""shaped</w>"", ""silhouette</w>"", ""and</w>"", ""short</w>"", ""neck</w>"", "".</w>"", ""this</w>"", ""sentence</w>"", ""describes</w>"", ""the</w>"", ""concept</w>"", ""<|endoftext|>""]",6353,concept</w>,21,23,77,False
fixed_suffix,description,A lean woodland frame with a short tail identifies a split-hoofed grazer.,A lean woodland frame with a short tail identifies a split-hoofed grazer. This sentence describes the concept,"[49406, 320, 8208, 17447, 6481, 593, 320, 3005, 4132, 35712, 320, 9109, 268, 2300, 7035, 782, 3716, 269, 589, 12737, 13678, 518, 6353, 49407]","[""<|startoftext|>"", ""a</w>"", ""lean</w>"", ""woodland</w>"", ""frame</w>"", ""with</w>"", ""a</w>"", ""short</w>"", ""tail</w>"", ""identifies</w>"", ""a</w>"", ""split</w>"", ""-</w>"", ""hoo"", ""fed</w>"", ""gra"", ""zer</w>"", "".</w>"", ""this</w>"", ""sentence</w>"", ""describes</w>"", ""the</w>"", ""concept</w>"", ""<|endoftext|>""]",6353,concept</w>,22,24,77,False
fixed_suffix,description,A long-faced grazer shows a powerful hindquarter line beneath the saddle area.,A long-faced grazer shows a powerful hindquarter line beneath the saddle area. This sentence describes the concept,"[49406, 320, 1538, 268, 10941, 782, 3716, 2665, 320, 4875, 34460, 6632, 1148, 16850, 518, 20283, 2445, 269, 589, 12737, 13678, 518, 6353, 49407]","[""<|startoftext|>"", ""a</w>"", ""long</w>"", ""-</w>"", ""faced</w>"", ""gra"", ""zer</w>"", ""shows</w>"", ""a</w>"", ""powerful</w>"", ""hind"", ""quarter</w>"", ""line</w>"", ""beneath</w>"", ""the</w>"", ""saddle</w>"", ""area</w>"", "".</w>"", ""this</w>"", ""sentence</w>"", ""describes</w>"", ""the</w>"", ""concept</w>"", ""<|endoftext|>""]",6353,concept</w>,22,24,77,False
fixed_suffix,description,"Beside low evening light, striped hearthside-prowler reveals a lightweight household frame and narrow shoulders.","Beside low evening light, striped hearthside-prowler reveals a lightweight household frame and narrow shoulders. This sentence describes the concept","[49406, 13519, 1042, 2285, 1395, 267, 22192, 31563, 1145, 268, 38737, 1803, 6621, 320, 16278, 12412, 6481, 537, 16652, 18738, 269, 589, 12737, 13678, 518, 6353, 49407]","[""<|startoftext|>"", ""beside</w>"", ""low</w>"", ""evening</w>"", ""light</w>"", "",</w>"", ""striped</w>"", ""hearth"", ""side</w>"", ""-</w>"", ""prow"", ""ler</w>"", ""reveals</w>"", ""a</w>"", ""lightweight</w>"", ""household</w>"", ""frame</w>"", ""and</w>"", ""narrow</w>"", ""shoulders</w>"", "".</w>"", ""this</w>"", ""sentence</w>"", ""describes</w>"", ""the</w>"", ""concept</w>"", ""<|endoftext|>""]",6353,concept</w>,25,27,77,False
fixed_suffix,description,Leash-following walking-partner displays a sturdy medium frame with a broad chest beside a narrow riverside path.,Leash-following walking-partner displays a sturdy medium frame with a broad chest beside a narrow riverside path. This sentence describes the concept,"[49406, 36192, 268, 3473, 3941, 268, 4568, 15648, 320, 43780, 8675, 6481, 593, 320, 12623, 10563, 13519, 320, 16652, 15809, 5035, 269, 589, 12737, 13678, 518, 6353, 49407]","[""<|startoftext|>"", ""leash</w>"", ""-</w>"", ""following</w>"", ""walking</w>"", ""-</w>"", ""partner</w>"", ""displays</w>"", ""a</w>"", ""sturdy</w>"", ""medium</w>"", ""frame</w>"", ""with</w>"", ""a</w>"", ""broad</w>"", ""chest</w>"", ""beside</w>"", ""a</w>"", ""narrow</w>"", ""riverside</w>"", ""path</w>"", "".</w>"", ""this</w>"", ""sentence</w>"", ""describes</w>"", ""the</w>"", ""concept</w>"", ""<|endoftext|>""]",6353,concept</w>,26,28,77,False
fixed_suffix,description,Orange-chested hedgerow-stalker displays a small woodland silhouette built for quick turns beside soft morning light.,Orange-chested hedgerow-stalker displays a small woodland silhouette built for quick turns beside soft morning light. This sentence describes the concept,"[49406, 4287, 268, 983, 1356, 18271, 1291, 2250, 268, 26777, 15648, 320, 2442, 17447, 26149, 3874, 556, 3712, 3185, 13519, 3773, 1119, 1395, 269, 589, 12737, 13678, 518, 6353, 49407]","[""<|startoftext|>"", ""orange</w>"", ""-</w>"", ""che"", ""sted</w>"", ""hed"", ""ger"", ""ow</w>"", ""-</w>"", ""stalker</w>"", ""displays</w>"", ""a</w>"", ""small</w>"", ""woodland</w>"", ""silhouette</w>"", ""built</w>"", ""for</w>"", ""quick</w>"", ""turns</w>"", ""beside</w>"", ""soft</w>"", ""morning</w>"", ""light</w>"", "".</w>"", ""this</w>"", ""sentence</w>"", ""describes</w>"", ""the</w>"", ""concept</w>"", ""<|endoftext|>""]",6353,concept</w>,28,30,77,False
fixed_suffix,description,"Beside a quiet fence line, towering honey-seeker reveals a massive torso rising over powerful shoulders.","Beside a quiet fence line, towering honey-seeker reveals a massive torso rising over powerful shoulders. This sentence describes the concept","[49406, 13519, 320, 7557, 12679, 1148, 267, 39444, 6406, 268, 28011, 6621, 320, 4818, 937, 706, 5448, 962, 4875, 18738, 269, 589, 12737, 13678, 518, 6353, 49407]","[""<|startoftext|>"", ""beside</w>"", ""a</w>"", ""quiet</w>"", ""fence</w>"", ""line</w>"", "",</w>"", ""towering</w>"", ""honey</w>"", ""-</w>"", ""seeker</w>"", ""reveals</w>"", ""a</w>"", ""massive</w>"", ""tor"", ""so</w>"", ""rising</w>"", ""over</w>"", ""powerful</w>"", ""shoulders</w>"", "".</w>"", ""this</w>"", ""sentence</w>"", ""describes</w>"", ""the</w>"", ""concept</w>"", ""<|endoftext|>""]",6353,concept</w>,25,27,77,False
fixed_suffix,description,Thick-coated howling sentinel becomes recognizable through powerful shoulders narrowing toward the flanks near a shallow stream bank.,Thick-coated howling sentinel becomes recognizable through powerful shoulders narrowing toward the flanks near a shallow stream bank. This sentence describes the concept,"[49406, 11006, 268, 23401, 41771, 23123, 6766, 47240, 1417, 4875, 18738, 2977, 12807, 8508, 518, 14572, 662, 2252, 320, 23730, 3322, 2723, 269, 589, 12737, 13678, 518, 6353, 49407]","[""<|startoftext|>"", ""thick</w>"", ""-</w>"", ""coated</w>"", ""howling</w>"", ""sentinel</w>"", ""becomes</w>"", ""recognizable</w>"", ""through</w>"", ""powerful</w>"", ""shoulders</w>"", ""nar"", ""rowing</w>"", ""toward</w>"", ""the</w>"", ""flan"", ""ks</w>"", ""near</w>"", ""a</w>"", ""shallow</w>"", ""stream</w>"", ""bank</w>"", "".</w>"", ""this</w>"", ""sentence</w>"", ""describes</w>"", ""the</w>"", ""concept</w>"", ""<|endoftext|>""]",6353,concept</w>,27,29,77,False
fixed_suffix,description,White-tailed garden visitor carries a compact rounded body held close to the ground across a patch of dense brush.,White-tailed garden visitor carries a compact rounded body held close to the ground across a patch of dense brush. This sentence describes the concept,"[49406, 1579, 268, 20626, 2756, 13881, 17982, 320, 13690, 26973, 1774, 4042, 2660, 531, 518, 2461, 2500, 320, 8721, 539, 19353, 8594, 269, 589, 12737, 13678, 518, 6353, 49407]","[""<|startoftext|>"", ""white</w>"", ""-</w>"", ""tailed</w>"", ""garden</w>"", ""visitor</w>"", ""carries</w>"", ""a</w>"", ""compact</w>"", ""rounded</w>"", ""body</w>"", ""held</w>"", ""close</w>"", ""to</w>"", ""the</w>"", ""ground</w>"", ""across</w>"", ""a</w>"", ""patch</w>"", ""of</w>"", ""dense</w>"", ""brush</w>"", "".</w>"", ""this</w>"", ""sentence</w>"", ""describes</w>"", ""the</w>"", ""concept</w>"", ""<|endoftext|>""]",6353,concept</w>,27,29,77,False
fixed_suffix,description,"Against a rocky meadow, a tall narrow torso on unusually slender legs defines large-eared woodland browser.","Against a rocky meadow, a tall narrow torso on unusually slender legs defines large-eared woodland browser. This sentence describes the concept","[49406, 1601, 320, 9648, 17195, 267, 320, 7771, 16652, 937, 706, 525, 36465, 40331, 7072, 28218, 3638, 268, 9127, 17447, 19768, 269, 589, 12737, 13678, 518, 6353, 49407]","[""<|startoftext|>"", ""against</w>"", ""a</w>"", ""rocky</w>"", ""meadow</w>"", "",</w>"", ""a</w>"", ""tall</w>"", ""narrow</w>"", ""tor"", ""so</w>"", ""on</w>"", ""unusually</w>"", ""slender</w>"", ""legs</w>"", ""defines</w>"", ""large</w>"", ""-</w>"", ""eared</w>"", ""woodland</w>"", ""browser</w>"", "".</w>"", ""this</w>"", ""sentence</w>"", ""describes</w>"", ""the</w>"", ""concept</w>"", ""<|endoftext|>""]",6353,concept</w>,26,28,77,False
fixed_suffix,description,"Against a misty hillside, a high-shouldered silhouette above slender lower legs defines powerful paddock runner.","Against a misty hillside, a high-shouldered silhouette above slender lower legs defines powerful paddock runner. This sentence describes the concept","[49406, 1601, 320, 18799, 37194, 267, 320, 1400, 268, 29847, 3776, 26149, 4348, 40331, 4909, 7072, 28218, 4875, 29590, 7913, 269, 589, 12737, 13678, 518, 6353, 49407]","[""<|startoftext|>"", ""against</w>"", ""a</w>"", ""misty</w>"", ""hillside</w>"", "",</w>"", ""a</w>"", ""high</w>"", ""-</w>"", ""shoul"", ""dered</w>"", ""silhouette</w>"", ""above</w>"", ""slender</w>"", ""lower</w>"", ""legs</w>"", ""defines</w>"", ""powerful</w>"", ""paddock</w>"", ""runner</w>"", "".</w>"", ""this</w>"", ""sentence</w>"", ""describes</w>"", ""the</w>"", ""concept</w>"", ""<|endoftext|>""]",6353,concept</w>,25,27,77,False
fixed_suffix,description,"Beside a misty hillside, striped hearthside-prowler reveals a rounded chest tapering toward agile hindquarters; its full body stays visible.","Beside a misty hillside, striped hearthside-prowler reveals a rounded chest tapering toward agile hindquarters; its full body stays visible. This sentence describes the concept","[49406, 13519, 320, 18799, 37194, 267, 22192, 31563, 1145, 268, 38737, 1803, 6621, 320, 26973, 10563, 648, 29746, 8508, 16276, 34460, 10146, 282, 902, 1476, 1774, 13311, 8626, 269, 589, 12737, 13678, 518, 6353, 49407]","[""<|startoftext|>"", ""beside</w>"", ""a</w>"", ""misty</w>"", ""hillside</w>"", "",</w>"", ""striped</w>"", ""hearth"", ""side</w>"", ""-</w>"", ""prow"", ""ler</w>"", ""reveals</w>"", ""a</w>"", ""rounded</w>"", ""chest</w>"", ""ta"", ""pering</w>"", ""toward</w>"", ""agile</w>"", ""hind"", ""quarters</w>"", "";</w>"", ""its</w>"", ""full</w>"", ""body</w>"", ""stays</w>"", ""visible</w>"", "".</w>"", ""this</w>"", ""sentence</w>"", ""describes</w>"", ""the</w>"", ""concept</w>"", ""<|endoftext|>""]",6353,concept</w>,33,35,77,False
fixed_suffix,description,"Against scattered autumn leaves, a balanced torso built for running beside people defines floppy-eared home-guardian; ground contact stays clear.","Against scattered autumn leaves, a balanced torso built for running beside people defines floppy-eared home-guardian; ground contact stays clear. This sentence describes the concept","[49406, 1601, 22090, 6110, 5579, 267, 320, 15273, 937, 706, 3874, 556, 2761, 13519, 1047, 28218, 38267, 268, 9127, 1137, 268, 9498, 282, 2461, 3523, 13311, 3143, 269, 589, 12737, 13678, 518, 6353, 49407]","[""<|startoftext|>"", ""against</w>"", ""scattered</w>"", ""autumn</w>"", ""leaves</w>"", "",</w>"", ""a</w>"", ""balanced</w>"", ""tor"", ""so</w>"", ""built</w>"", ""for</w>"", ""running</w>"", ""beside</w>"", ""people</w>"", ""defines</w>"", ""floppy</w>"", ""-</w>"", ""eared</w>"", ""home</w>"", ""-</w>"", ""guardian</w>"", "";</w>"", ""ground</w>"", ""contact</w>"", ""stays</w>"", ""clear</w>"", "".</w>"", ""this</w>"", ""sentence</w>"", ""describes</w>"", ""the</w>"", ""concept</w>"", ""<|endoftext|>""]",6353,concept</w>,32,34,77,False
fixed_suffix,description,"A clear view shows bushy-tailed den-visitor with a small woodland silhouette built for quick turns, as the setting supports the behavior.","A clear view shows bushy-tailed den-visitor with a small woodland silhouette built for quick turns, as the setting supports the behavior. This sentence describes the concept","[49406, 320, 3143, 1093, 2665, 609, 9682, 268, 20626, 1181, 268, 13881, 593, 320, 2442, 17447, 26149, 3874, 556, 3712, 3185, 267, 601, 518, 5264, 8336, 518, 10461, 269, 589, 12737, 13678, 518, 6353, 49407]","[""<|startoftext|>"", ""a</w>"", ""clear</w>"", ""view</w>"", ""shows</w>"", ""bu"", ""shy</w>"", ""-</w>"", ""tailed</w>"", ""den</w>"", ""-</w>"", ""visitor</w>"", ""with</w>"", ""a</w>"", ""small</w>"", ""woodland</w>"", ""silhouette</w>"", ""built</w>"", ""for</w>"", ""quick</w>"", ""turns</w>"", "",</w>"", ""as</w>"", ""the</w>"", ""setting</w>"", ""supports</w>"", ""the</w>"", ""behavior</w>"", "".</w>"", ""this</w>"", ""sentence</w>"", ""describes</w>"", ""the</w>"", ""concept</w>"", ""<|endoftext|>""]",6353,concept</w>,33,35,77,False
fixed_suffix,description,"Long-clawed wilderness-resident carries a massive torso rising over powerful shoulders across a shaded woodland edge; meanwhile, the background preserves its outline.","Long-clawed wilderness-resident carries a massive torso rising over powerful shoulders across a shaded woodland edge; meanwhile, the background preserves its outline. This sentence describes the concept","[49406, 1538, 268, 940, 3478, 16506, 268, 9016, 17982, 320, 4818, 937, 706, 5448, 962, 4875, 18738, 2500, 320, 43506, 17447, 5461, 282, 9650, 267, 518, 5994, 44881, 902, 26894, 269, 589, 12737, 13678, 518, 6353, 49407]","[""<|startoftext|>"", ""long</w>"", ""-</w>"", ""cla"", ""wed</w>"", ""wilderness</w>"", ""-</w>"", ""resident</w>"", ""carries</w>"", ""a</w>"", ""massive</w>"", ""tor"", ""so</w>"", ""rising</w>"", ""over</w>"", ""powerful</w>"", ""shoulders</w>"", ""across</w>"", ""a</w>"", ""shaded</w>"", ""woodland</w>"", ""edge</w>"", "";</w>"", ""meanwhile</w>"", "",</w>"", ""the</w>"", ""background</w>"", ""preserves</w>"", ""its</w>"", ""outline</w>"", "".</w>"", ""this</w>"", ""sentence</w>"", ""describes</w>"", ""the</w>"", ""concept</w>"", ""<|endoftext|>""]",6353,concept</w>,35,37,77,False
fixed_suffix,description,"Within a patch of dense brush, wild gray pack predator demonstrates a rangy body built for sustained travel, where the moment appears unstaged.","Within a patch of dense brush, wild gray pack predator demonstrates a rangy body built for sustained travel, where the moment appears unstaged. This sentence describes the concept","[49406, 4154, 320, 8721, 539, 19353, 8594, 267, 3220, 7048, 3420, 20653, 24806, 320, 4043, 344, 1774, 3874, 556, 22699, 1949, 267, 1234, 518, 2495, 8743, 569, 19906, 269, 589, 12737, 13678, 518, 6353, 49407]","[""<|startoftext|>"", ""within</w>"", ""a</w>"", ""patch</w>"", ""of</w>"", ""dense</w>"", ""brush</w>"", "",</w>"", ""wild</w>"", ""gray</w>"", ""pack</w>"", ""predator</w>"", ""demonstrates</w>"", ""a</w>"", ""rang"", ""y</w>"", ""body</w>"", ""built</w>"", ""for</w>"", ""sustained</w>"", ""travel</w>"", "",</w>"", ""where</w>"", ""the</w>"", ""moment</w>"", ""appears</w>"", ""un"", ""staged</w>"", "".</w>"", ""this</w>"", ""sentence</w>"", ""describes</w>"", ""the</w>"", ""concept</w>"", ""<|endoftext|>""]",6353,concept</w>,33,35,77,False
fixed_suffix,description,"Within a rocky meadow, short-tailed garden browser demonstrates a compact rounded body held close to the ground, where nearby tracks indicate scale.","Within a rocky meadow, short-tailed garden browser demonstrates a compact rounded body held close to the ground, where nearby tracks indicate scale. This sentence describes the concept","[49406, 4154, 320, 9648, 17195, 267, 3005, 268, 20626, 2756, 19768, 24806, 320, 13690, 26973, 1774, 4042, 2660, 531, 518, 2461, 267, 1234, 13314, 7579, 26679, 5879, 269, 589, 12737, 13678, 518, 6353, 49407]","[""<|startoftext|>"", ""within</w>"", ""a</w>"", ""rocky</w>"", ""meadow</w>"", "",</w>"", ""short</w>"", ""-</w>"", ""tailed</w>"", ""garden</w>"", ""browser</w>"", ""demonstrates</w>"", ""a</w>"", ""compact</w>"", ""rounded</w>"", ""body</w>"", ""held</w>"", ""close</w>"", ""to</w>"", ""the</w>"", ""ground</w>"", "",</w>"", ""where</w>"", ""nearby</w>"", ""tracks</w>"", ""indicate</w>"", ""scale</w>"", "".</w>"", ""this</w>"", ""sentence</w>"", ""describes</w>"", ""the</w>"", ""concept</w>"", ""<|endoftext|>""]",6353,concept</w>,32,34,77,False
fixed_suffix,description,"A clear view shows alert brown forest browser with a long-necked body balanced above fine limbs, as the head and torso remain visible.","A clear view shows alert brown forest browser with a long-necked body balanced above fine limbs, as the head and torso remain visible. This sentence describes the concept","[49406, 320, 3143, 1093, 2665, 4662, 2866, 4167, 19768, 593, 320, 1538, 268, 557, 3441, 1774, 15273, 4348, 3797, 34886, 267, 601, 518, 1375, 537, 937, 706, 6415, 8626, 269, 589, 12737, 13678, 518, 6353, 49407]","[""<|startoftext|>"", ""a</w>"", ""clear</w>"", ""view</w>"", ""shows</w>"", ""alert</w>"", ""brown</w>"", ""forest</w>"", ""browser</w>"", ""with</w>"", ""a</w>"", ""long</w>"", ""-</w>"", ""ne"", ""cked</w>"", ""body</w>"", ""balanced</w>"", ""above</w>"", ""fine</w>"", ""limbs</w>"", "",</w>"", ""as</w>"", ""the</w>"", ""head</w>"", ""and</w>"", ""tor"", ""so</w>"", ""remain</w>"", ""visible</w>"", "".</w>"", ""this</w>"", ""sentence</w>"", ""describes</w>"", ""the</w>"", ""concept</w>"", ""<|endoftext|>""]",6353,concept</w>,34,36,77,False
fixed_suffix,description,"A clear view shows upright-eared pasture grazer with a tall deep-chested body with a long neck, as ground contact stays clear.","A clear view shows upright-eared pasture grazer with a tall deep-chested body with a long neck, as ground contact stays clear. This sentence describes the concept","[49406, 320, 3143, 1093, 2665, 29818, 268, 9127, 34764, 782, 3716, 593, 320, 7771, 3383, 268, 983, 1356, 1774, 593, 320, 1538, 6906, 267, 601, 2461, 3523, 13311, 3143, 269, 589, 12737, 13678, 518, 6353, 49407]","[""<|startoftext|>"", ""a</w>"", ""clear</w>"", ""view</w>"", ""shows</w>"", ""upright</w>"", ""-</w>"", ""eared</w>"", ""pasture</w>"", ""gra"", ""zer</w>"", ""with</w>"", ""a</w>"", ""tall</w>"", ""deep</w>"", ""-</w>"", ""che"", ""sted</w>"", ""body</w>"", ""with</w>"", ""a</w>"", ""long</w>"", ""neck</w>"", "",</w>"", ""as</w>"", ""ground</w>"", ""contact</w>"", ""stays</w>"", ""clear</w>"", "".</w>"", ""this</w>"", ""sentence</w>"", ""describes</w>"", ""the</w>"", ""concept</w>"", ""<|endoftext|>""]",6353,concept</w>,34,36,77,False
fixed_suffix,description,"Whiskered house-prowler displays a neatly proportioned body suited to tight indoor spaces beside a calm farmyard, while the posture remains natural.","Whiskered house-prowler displays a neatly proportioned body suited to tight indoor spaces beside a calm farmyard, while the posture remains natural. This sentence describes the concept","[49406, 6024, 26690, 1212, 268, 38737, 1803, 15648, 320, 43201, 597, 35016, 9083, 1774, 25919, 531, 9123, 9546, 9006, 13519, 320, 7011, 1578, 1152, 746, 267, 1519, 518, 29681, 6807, 3288, 269, 589, 12737, 13678, 518, 6353, 49407]","[""<|startoftext|>"", ""whis"", ""kered</w>"", ""house</w>"", ""-</w>"", ""prow"", ""ler</w>"", ""displays</w>"", ""a</w>"", ""neat"", ""ly</w>"", ""propor"", ""tioned</w>"", ""body</w>"", ""suited</w>"", ""to</w>"", ""tight</w>"", ""indoor</w>"", ""spaces</w>"", ""beside</w>"", ""a</w>"", ""calm</w>"", ""far"", ""my"", ""ard</w>"", "",</w>"", ""while</w>"", ""the</w>"", ""posture</w>"", ""remains</w>"", ""natural</w>"", "".</w>"", ""this</w>"", ""sentence</w>"", ""describes</w>"", ""the</w>"", ""concept</w>"", ""<|endoftext|>""]",6353,concept</w>,36,38,77,False
fixed_suffix,description,"A clear view shows wagging household-companion with a solid companion-sized body carried on four even legs, as the head and torso remain visible.","A clear view shows wagging household-companion with a solid companion-sized body carried on four even legs, as the head and torso remain visible. This sentence describes the concept","[49406, 320, 3143, 1093, 2665, 5764, 3905, 12412, 268, 14963, 593, 320, 6148, 14963, 268, 9832, 1774, 12960, 525, 2721, 1427, 7072, 267, 601, 518, 1375, 537, 937, 706, 6415, 8626, 269, 589, 12737, 13678, 518, 6353, 49407]","[""<|startoftext|>"", ""a</w>"", ""clear</w>"", ""view</w>"", ""shows</w>"", ""wag"", ""ging</w>"", ""household</w>"", ""-</w>"", ""companion</w>"", ""with</w>"", ""a</w>"", ""solid</w>"", ""companion</w>"", ""-</w>"", ""sized</w>"", ""body</w>"", ""carried</w>"", ""on</w>"", ""four</w>"", ""even</w>"", ""legs</w>"", "",</w>"", ""as</w>"", ""the</w>"", ""head</w>"", ""and</w>"", ""tor"", ""so</w>"", ""remain</w>"", ""visible</w>"", "".</w>"", ""this</w>"", ""sentence</w>"", ""describes</w>"", ""the</w>"", ""concept</w>"", ""<|endoftext|>""]",6353,concept</w>,36,38,77,False
fixed_suffix,description,"Orange-chested hedgerow-stalker becomes recognizable through a graceful ground-hugging body with delicate proportions, while soft light preserves surface detail.","Orange-chested hedgerow-stalker becomes recognizable through a graceful ground-hugging body with delicate proportions, while soft light preserves surface detail. This sentence describes the concept","[49406, 4287, 268, 983, 1356, 18271, 1291, 2250, 268, 26777, 6766, 47240, 1417, 320, 25242, 2461, 268, 27058, 1774, 593, 18768, 39391, 267, 1519, 3773, 1395, 44881, 7744, 7657, 269, 589, 12737, 13678, 518, 6353, 49407]","[""<|startoftext|>"", ""orange</w>"", ""-</w>"", ""che"", ""sted</w>"", ""hed"", ""ger"", ""ow</w>"", ""-</w>"", ""stalker</w>"", ""becomes</w>"", ""recognizable</w>"", ""through</w>"", ""a</w>"", ""graceful</w>"", ""ground</w>"", ""-</w>"", ""hugging</w>"", ""body</w>"", ""with</w>"", ""delicate</w>"", ""proportions</w>"", "",</w>"", ""while</w>"", ""soft</w>"", ""light</w>"", ""preserves</w>"", ""surface</w>"", ""detail</w>"", "".</w>"", ""this</w>"", ""sentence</w>"", ""describes</w>"", ""the</w>"", ""concept</w>"", ""<|endoftext|>""]",6353,concept</w>,34,36,77,False
fixed_suffix,description,"A massive torso rising over powerful shoulders distinguishes round-eared timberland-giant near a shallow stream bank, where nearby tracks indicate scale.","A massive torso rising over powerful shoulders distinguishes round-eared timberland-giant near a shallow stream bank, where nearby tracks indicate scale. This sentence describes the concept","[49406, 320, 4818, 937, 706, 5448, 962, 4875, 18738, 15053, 2502, 2522, 268, 9127, 14441, 973, 268, 4687, 2252, 320, 23730, 3322, 2723, 267, 1234, 13314, 7579, 26679, 5879, 269, 589, 12737, 13678, 518, 6353, 49407]","[""<|startoftext|>"", ""a</w>"", ""massive</w>"", ""tor"", ""so</w>"", ""rising</w>"", ""over</w>"", ""powerful</w>"", ""shoulders</w>"", ""distingui"", ""shes</w>"", ""round</w>"", ""-</w>"", ""eared</w>"", ""timber"", ""land</w>"", ""-</w>"", ""giant</w>"", ""near</w>"", ""a</w>"", ""shallow</w>"", ""stream</w>"", ""bank</w>"", "",</w>"", ""where</w>"", ""nearby</w>"", ""tracks</w>"", ""indicate</w>"", ""scale</w>"", "".</w>"", ""this</w>"", ""sentence</w>"", ""describes</w>"", ""the</w>"", ""concept</w>"", ""<|endoftext|>""]",6353,concept</w>,34,36,77,False
fixed_suffix,description,"Bushy-tailed mountain pack tracker becomes recognizable through a rangy body built for sustained travel, while the head and torso remain visible.","Bushy-tailed mountain pack tracker becomes recognizable through a rangy body built for sustained travel, while the head and torso remain visible. This sentence describes the concept","[49406, 609, 9682, 268, 20626, 3965, 3420, 18123, 6766, 47240, 1417, 320, 4043, 344, 1774, 3874, 556, 22699, 1949, 267, 1519, 518, 1375, 537, 937, 706, 6415, 8626, 269, 589, 12737, 13678, 518, 6353, 49407]","[""<|startoftext|>"", ""bu"", ""shy</w>"", ""-</w>"", ""tailed</w>"", ""mountain</w>"", ""pack</w>"", ""tracker</w>"", ""becomes</w>"", ""recognizable</w>"", ""through</w>"", ""a</w>"", ""rang"", ""y</w>"", ""body</w>"", ""built</w>"", ""for</w>"", ""sustained</w>"", ""travel</w>"", "",</w>"", ""while</w>"", ""the</w>"", ""head</w>"", ""and</w>"", ""tor"", ""so</w>"", ""remain</w>"", ""visible</w>"", "".</w>"", ""this</w>"", ""sentence</w>"", ""describes</w>"", ""the</w>"", ""concept</w>"", ""<|endoftext|>""]",6353,concept</w>,33,35,77,False
fixed_suffix,description,"Long-eared grassland nibbler displays a low oval profile ending in a tiny tail beside a shallow stream bank, while the pose shows balanced proportions.","Long-eared grassland nibbler displays a low oval profile ending in a tiny tail beside a shallow stream bank, while the pose shows balanced proportions. This sentence describes the concept","[49406, 1538, 268, 9127, 11584, 973, 697, 65, 11979, 15648, 320, 1042, 15039, 6444, 2695, 530, 320, 5591, 4132, 13519, 320, 23730, 3322, 2723, 267, 1519, 518, 4230, 2665, 15273, 39391, 269, 589, 12737, 13678, 518, 6353, 49407]","[""<|startoftext|>"", ""long</w>"", ""-</w>"", ""eared</w>"", ""grass"", ""land</w>"", ""ni"", ""b"", ""bler</w>"", ""displays</w>"", ""a</w>"", ""low</w>"", ""oval</w>"", ""profile</w>"", ""ending</w>"", ""in</w>"", ""a</w>"", ""tiny</w>"", ""tail</w>"", ""beside</w>"", ""a</w>"", ""shallow</w>"", ""stream</w>"", ""bank</w>"", "",</w>"", ""while</w>"", ""the</w>"", ""pose</w>"", ""shows</w>"", ""balanced</w>"", ""proportions</w>"", "".</w>"", ""this</w>"", ""sentence</w>"", ""describes</w>"", ""the</w>"", ""concept</w>"", ""<|endoftext|>""]",6353,concept</w>,36,38,77,False
fixed_suffix,description,"Within a misty hillside, branch-antlered woodland traveler demonstrates a lean woodland frame with a short tail, where nearby tracks indicate scale.","Within a misty hillside, branch-antlered woodland traveler demonstrates a lean woodland frame with a short tail, where nearby tracks indicate scale. This sentence describes the concept","[49406, 4154, 320, 18799, 37194, 267, 7998, 268, 1103, 534, 736, 17447, 17794, 24806, 320, 8208, 17447, 6481, 593, 320, 3005, 4132, 267, 1234, 13314, 7579, 26679, 5879, 269, 589, 12737, 13678, 518, 6353, 49407]","[""<|startoftext|>"", ""within</w>"", ""a</w>"", ""misty</w>"", ""hillside</w>"", "",</w>"", ""branch</w>"", ""-</w>"", ""ant"", ""le"", ""red</w>"", ""woodland</w>"", ""traveler</w>"", ""demonstrates</w>"", ""a</w>"", ""lean</w>"", ""woodland</w>"", ""frame</w>"", ""with</w>"", ""a</w>"", ""short</w>"", ""tail</w>"", "",</w>"", ""where</w>"", ""nearby</w>"", ""tracks</w>"", ""indicate</w>"", ""scale</w>"", "".</w>"", ""this</w>"", ""sentence</w>"", ""describes</w>"", ""the</w>"", ""concept</w>"", ""<|endoftext|>""]",6353,concept</w>,33,35,77,False
fixed_suffix,description,"Against soft morning light, a powerful hindquarter line beneath the saddle area defines flowing-tailed field grazer; the head and torso remain visible.","Against soft morning light, a powerful hindquarter line beneath the saddle area defines flowing-tailed field grazer; the head and torso remain visible. This sentence describes the concept","[49406, 1601, 3773, 1119, 1395, 267, 320, 4875, 34460, 6632, 1148, 16850, 518, 20283, 2445, 28218, 14922, 268, 20626, 1570, 782, 3716, 282, 518, 1375, 537, 937, 706, 6415, 8626, 269, 589, 12737, 13678, 518, 6353, 49407]","[""<|startoftext|>"", ""against</w>"", ""soft</w>"", ""morning</w>"", ""light</w>"", "",</w>"", ""a</w>"", ""powerful</w>"", ""hind"", ""quarter</w>"", ""line</w>"", ""beneath</w>"", ""the</w>"", ""saddle</w>"", ""area</w>"", ""defines</w>"", ""flowing</w>"", ""-</w>"", ""tailed</w>"", ""field</w>"", ""gra"", ""zer</w>"", "";</w>"", ""the</w>"", ""head</w>"", ""and</w>"", ""tor"", ""so</w>"", ""remain</w>"", ""visible</w>"", "".</w>"", ""this</w>"", ""sentence</w>"", ""describes</w>"", ""the</w>"", ""concept</w>"", ""<|endoftext|>""]",6353,concept</w>,35,37,77,False
fixed_suffix,description,A retractable-clawed mouser has the floor before springing onto furniture.,A retractable-clawed mouser has the floor before springing onto furniture. This sentence describes the concept,"[49406, 320, 32735, 2175, 268, 940, 3478, 24837, 528, 791, 518, 4125, 1348, 1536, 4066, 3141, 7993, 269, 589, 12737, 13678, 518, 6353, 49407]","[""<|startoftext|>"", ""a</w>"", ""retrac"", ""table</w>"", ""-</w>"", ""cla"", ""wed</w>"", ""mous"", ""er</w>"", ""has</w>"", ""the</w>"", ""floor</w>"", ""before</w>"", ""spr"", ""inging</w>"", ""onto</w>"", ""furniture</w>"", "".</w>"", ""this</w>"", ""sentence</w>"", ""describes</w>"", ""the</w>"", ""concept</w>"", ""<|endoftext|>""]",6353,concept</w>,22,24,77,False
fixed_suffix,description,A footpath while pulling lightly against a leash identifies a collared gate watcher.,A footpath while pulling lightly against a leash identifies a collared gate watcher. This sentence describes the concept,"[49406, 320, 48858, 1519, 12897, 26878, 1601, 320, 36192, 35712, 320, 2929, 736, 3302, 35971, 269, 589, 12737, 13678, 518, 6353, 49407]","[""<|startoftext|>"", ""a</w>"", ""footpath</w>"", ""while</w>"", ""pulling</w>"", ""lightly</w>"", ""against</w>"", ""a</w>"", ""leash</w>"", ""identifies</w>"", ""a</w>"", ""colla"", ""red</w>"", ""gate</w>"", ""watcher</w>"", "".</w>"", ""this</w>"", ""sentence</w>"", ""describes</w>"", ""the</w>"", ""concept</w>"", ""<|endoftext|>""]",6353,concept</w>,20,22,77,False
fixed_suffix,description,A sharp-eared field stalker has woodland cover using a low cautious trot.,A sharp-eared field stalker has woodland cover using a low cautious trot. This sentence describes the concept,"[49406, 320, 8157, 268, 9127, 1570, 26777, 791, 17447, 2202, 1996, 320, 1042, 36579, 30453, 269, 589, 12737, 13678, 518, 6353, 49407]","[""<|startoftext|>"", ""a</w>"", ""sharp</w>"", ""-</w>"", ""eared</w>"", ""field</w>"", ""stalker</w>"", ""has</w>"", ""woodland</w>"", ""cover</w>"", ""using</w>"", ""a</w>"", ""low</w>"", ""cautious</w>"", ""trot</w>"", "".</w>"", ""this</w>"", ""sentence</w>"", ""describes</w>"", ""the</w>"", ""concept</w>"", ""<|endoftext|>""]",6353,concept</w>,20,22,77,False
fixed_suffix,description,A heavy-pawed mountain roamer carries a fallen trunk through surprising climbing strength.,A heavy-pawed mountain roamer carries a fallen trunk through surprising climbing strength. This sentence describes the concept,"[49406, 320, 4200, 268, 765, 3478, 3965, 532, 16147, 17982, 320, 8688, 18347, 1417, 14964, 9877, 5959, 269, 589, 12737, 13678, 518, 6353, 49407]","[""<|startoftext|>"", ""a</w>"", ""heavy</w>"", ""-</w>"", ""pa"", ""wed</w>"", ""mountain</w>"", ""ro"", ""amer</w>"", ""carries</w>"", ""a</w>"", ""fallen</w>"", ""trunk</w>"", ""through</w>"", ""surprising</w>"", ""climbing</w>"", ""strength</w>"", "".</w>"", ""this</w>"", ""sentence</w>"", ""describes</w>"", ""the</w>"", ""concept</w>"", ""<|endoftext|>""]",6353,concept</w>,22,24,77,False
fixed_suffix,description,A bushy-tailed pack tracker has silent stepping between closely spaced pines.,A bushy-tailed pack tracker has silent stepping between closely spaced pines. This sentence describes the concept,"[49406, 320, 609, 9682, 268, 20626, 3420, 18123, 791, 8487, 15906, 1957, 13478, 10336, 538, 20338, 269, 589, 12737, 13678, 518, 6353, 49407]","[""<|startoftext|>"", ""a</w>"", ""bu"", ""shy</w>"", ""-</w>"", ""tailed</w>"", ""pack</w>"", ""tracker</w>"", ""has</w>"", ""silent</w>"", ""stepping</w>"", ""between</w>"", ""closely</w>"", ""spac"", ""ed</w>"", ""pines</w>"", "".</w>"", ""this</w>"", ""sentence</w>"", ""describes</w>"", ""the</w>"", ""concept</w>"", ""<|endoftext|>""]",6353,concept</w>,21,23,77,False
fixed_suffix,description,Small cautious hops followed by complete stillness identifies a velvet-eared browser.,Small cautious hops followed by complete stillness identifies a velvet-eared browser. This sentence describes the concept,"[49406, 2442, 36579, 21137, 6499, 638, 3263, 522, 11145, 35712, 320, 11063, 268, 9127, 19768, 269, 589, 12737, 13678, 518, 6353, 49407]","[""<|startoftext|>"", ""small</w>"", ""cautious</w>"", ""hops</w>"", ""followed</w>"", ""by</w>"", ""complete</w>"", ""st"", ""illness</w>"", ""identifies</w>"", ""a</w>"", ""velvet</w>"", ""-</w>"", ""eared</w>"", ""browser</w>"", "".</w>"", ""this</w>"", ""sentence</w>"", ""describes</w>"", ""the</w>"", ""concept</w>"", ""<|endoftext|>""]",6353,concept</w>,20,22,77,False
fixed_suffix,description,High bounding leaps across fallen woodland branches marks a large-eared woodland grazer.,High bounding leaps across fallen woodland branches marks a large-eared woodland grazer. This sentence describes the concept,"[49406, 1400, 5993, 796, 48080, 2500, 8688, 17447, 15843, 5466, 320, 3638, 268, 9127, 17447, 782, 3716, 269, 589, 12737, 13678, 518, 6353, 49407]","[""<|startoftext|>"", ""high</w>"", ""boun"", ""ding</w>"", ""leaps</w>"", ""across</w>"", ""fallen</w>"", ""woodland</w>"", ""branches</w>"", ""marks</w>"", ""a</w>"", ""large</w>"", ""-</w>"", ""eared</w>"", ""woodland</w>"", ""gra"", ""zer</w>"", "".</w>"", ""this</w>"", ""sentence</w>"", ""describes</w>"", ""the</w>"", ""concept</w>"", ""<|endoftext|>""]",6353,concept</w>,22,24,77,False
fixed_suffix,description,A collected trot around the training ring defines a flowing-tailed field grazer.,A collected trot around the training ring defines a flowing-tailed field grazer. This sentence describes the concept,"[49406, 320, 11980, 30453, 1630, 518, 2199, 2540, 28218, 320, 14922, 268, 20626, 1570, 782, 3716, 269, 589, 12737, 13678, 518, 6353, 49407]","[""<|startoftext|>"", ""a</w>"", ""collected</w>"", ""trot</w>"", ""around</w>"", ""the</w>"", ""training</w>"", ""ring</w>"", ""defines</w>"", ""a</w>"", ""flowing</w>"", ""-</w>"", ""tailed</w>"", ""field</w>"", ""gra"", ""zer</w>"", "".</w>"", ""this</w>"", ""sentence</w>"", ""describes</w>"", ""the</w>"", ""concept</w>"", ""<|endoftext|>""]",6353,concept</w>,21,23,77,False
fixed_suffix,description,A long-whiskered home companion reveals the room with a low stalking posture.,A long-whiskered home companion reveals the room with a low stalking posture. This sentence describes the concept,"[49406, 320, 1538, 268, 6024, 26690, 1137, 14963, 6621, 518, 1530, 593, 320, 1042, 24721, 29681, 269, 589, 12737, 13678, 518, 6353, 49407]","[""<|startoftext|>"", ""a</w>"", ""long</w>"", ""-</w>"", ""whis"", ""kered</w>"", ""home</w>"", ""companion</w>"", ""reveals</w>"", ""the</w>"", ""room</w>"", ""with</w>"", ""a</w>"", ""low</w>"", ""stalking</w>"", ""posture</w>"", "".</w>"", ""this</w>"", ""sentence</w>"", ""describes</w>"", ""the</w>"", ""concept</w>"", ""<|endoftext|>""]",6353,concept</w>,21,23,77,False
fixed_suffix,description,A footpath while pulling lightly against a leash marks a keen-nosed scent tracker.,A footpath while pulling lightly against a leash marks a keen-nosed scent tracker. This sentence describes the concept,"[49406, 320, 48858, 1519, 12897, 26878, 1601, 320, 36192, 5466, 320, 13218, 268, 578, 1252, 7683, 18123, 269, 589, 12737, 13678, 518, 6353, 49407]","[""<|startoftext|>"", ""a</w>"", ""footpath</w>"", ""while</w>"", ""pulling</w>"", ""lightly</w>"", ""against</w>"", ""a</w>"", ""leash</w>"", ""marks</w>"", ""a</w>"", ""keen</w>"", ""-</w>"", ""no"", ""sed</w>"", ""scent</w>"", ""tracker</w>"", "".</w>"", ""this</w>"", ""sentence</w>"", ""describes</w>"", ""the</w>"", ""concept</w>"", ""<|endoftext|>""]",6353,concept</w>,22,24,77,False
fixed_suffix,description,A bushy-tailed den visitor shows snow before diving headfirst toward hidden movement.,A bushy-tailed den visitor shows snow before diving headfirst toward hidden movement. This sentence describes the concept,"[49406, 320, 609, 9682, 268, 20626, 1181, 13881, 2665, 2583, 1348, 9886, 1603, 874, 8508, 7029, 5208, 269, 589, 12737, 13678, 518, 6353, 49407]","[""<|startoftext|>"", ""a</w>"", ""bu"", ""shy</w>"", ""-</w>"", ""tailed</w>"", ""den</w>"", ""visitor</w>"", ""shows</w>"", ""snow</w>"", ""before</w>"", ""diving</w>"", ""head"", ""first</w>"", ""toward</w>"", ""hidden</w>"", ""movement</w>"", "".</w>"", ""this</w>"", ""sentence</w>"", ""describes</w>"", ""the</w>"", ""concept</w>"", ""<|endoftext|>""]",6353,concept</w>,22,24,77,False
fixed_suffix,description,A steep slope despite its bulky frame defines a towering honey seeker.,A steep slope despite its bulky frame defines a towering honey seeker. This sentence describes the concept,"[49406, 320, 20714, 22769, 5325, 902, 2572, 2383, 6481, 28218, 320, 39444, 6406, 28011, 269, 589, 12737, 13678, 518, 6353, 49407]","[""<|startoftext|>"", ""a</w>"", ""steep</w>"", ""slope</w>"", ""despite</w>"", ""its</w>"", ""bul"", ""ky</w>"", ""frame</w>"", ""defines</w>"", ""a</w>"", ""towering</w>"", ""honey</w>"", ""seeker</w>"", "".</w>"", ""this</w>"", ""sentence</w>"", ""describes</w>"", ""the</w>"", ""concept</w>"", ""<|endoftext|>""]",6353,concept</w>,19,21,77,False
fixed_suffix,description,A rapid pursuit over broken mountain ground defines a howling snow hunter.,A rapid pursuit over broken mountain ground defines a howling snow hunter. This sentence describes the concept,"[49406, 320, 12205, 16469, 962, 5107, 3965, 2461, 28218, 320, 41771, 2583, 6099, 269, 589, 12737, 13678, 518, 6353, 49407]","[""<|startoftext|>"", ""a</w>"", ""rapid</w>"", ""pursuit</w>"", ""over</w>"", ""broken</w>"", ""mountain</w>"", ""ground</w>"", ""defines</w>"", ""a</w>"", ""howling</w>"", ""snow</w>"", ""hunter</w>"", "".</w>"", ""this</w>"", ""sentence</w>"", ""describes</w>"", ""the</w>"", ""concept</w>"", ""<|endoftext|>""]",6353,concept</w>,18,20,77,False
fixed_suffix,description,Rapid bounding toward a nearby burrow entrance marks a long-eared grazer.,Rapid bounding toward a nearby burrow entrance marks a long-eared grazer. This sentence describes the concept,"[49406, 12205, 5993, 796, 8508, 320, 13314, 1039, 1044, 9129, 5466, 320, 1538, 268, 9127, 782, 3716, 269, 589, 12737, 13678, 518, 6353, 49407]","[""<|startoftext|>"", ""rapid</w>"", ""boun"", ""ding</w>"", ""toward</w>"", ""a</w>"", ""nearby</w>"", ""bur"", ""row</w>"", ""entrance</w>"", ""marks</w>"", ""a</w>"", ""long</w>"", ""-</w>"", ""eared</w>"", ""gra"", ""zer</w>"", "".</w>"", ""this</w>"", ""sentence</w>"", ""describes</w>"", ""the</w>"", ""concept</w>"", ""<|endoftext|>""]",6353,concept</w>,22,24,77,False
fixed_suffix,description,A branch-antlered visitor carries high bounding leaps across fallen woodland branches.,A branch-antlered visitor carries high bounding leaps across fallen woodland branches. This sentence describes the concept,"[49406, 320, 7998, 268, 1103, 534, 736, 13881, 17982, 1400, 5993, 796, 48080, 2500, 8688, 17447, 15843, 269, 589, 12737, 13678, 518, 6353, 49407]","[""<|startoftext|>"", ""a</w>"", ""branch</w>"", ""-</w>"", ""ant"", ""le"", ""red</w>"", ""visitor</w>"", ""carries</w>"", ""high</w>"", ""boun"", ""ding</w>"", ""leaps</w>"", ""across</w>"", ""fallen</w>"", ""woodland</w>"", ""branches</w>"", "".</w>"", ""this</w>"", ""sentence</w>"", ""describes</w>"", ""the</w>"", ""concept</w>"", ""<|endoftext|>""]",6353,concept</w>,22,24,77,False
fixed_suffix,description,An extended gallop across open pasture identifies a bridled stable companion.,An extended gallop across open pasture identifies a bridled stable companion. This sentence describes the concept,"[49406, 550, 9614, 2001, 17066, 2500, 1488, 34764, 35712, 320, 16995, 912, 10492, 14963, 269, 589, 12737, 13678, 518, 6353, 49407]","[""<|startoftext|>"", ""an</w>"", ""extended</w>"", ""gal"", ""lop</w>"", ""across</w>"", ""open</w>"", ""pasture</w>"", ""identifies</w>"", ""a</w>"", ""brid"", ""led</w>"", ""stable</w>"", ""companion</w>"", "".</w>"", ""this</w>"", ""sentence</w>"", ""describes</w>"", ""the</w>"", ""concept</w>"", ""<|endoftext|>""]",6353,concept</w>,19,21,77,False
fixed_suffix,description,A windowsill while its tail corrects balance distinguishes retractable-clawed climber near low evening light.,A windowsill while its tail corrects balance distinguishes retractable-clawed climber near low evening light. This sentence describes the concept,"[49406, 320, 3110, 6300, 660, 1519, 902, 4132, 5011, 590, 6827, 15053, 2502, 32735, 2175, 268, 940, 3478, 36910, 2252, 1042, 2285, 1395, 269, 589, 12737, 13678, 518, 6353, 49407]","[""<|startoftext|>"", ""a</w>"", ""windo"", ""ws"", ""ill</w>"", ""while</w>"", ""its</w>"", ""tail</w>"", ""correc"", ""ts</w>"", ""balance</w>"", ""distingui"", ""shes</w>"", ""retrac"", ""table</w>"", ""-</w>"", ""cla"", ""wed</w>"", ""climber</w>"", ""near</w>"", ""low</w>"", ""evening</w>"", ""light</w>"", "".</w>"", ""this</w>"", ""sentence</w>"", ""describes</w>"", ""the</w>"", ""concept</w>"", ""<|endoftext|>""]",6353,concept</w>,28,30,77,False
fixed_suffix,description,Tongue-out family-companion displays open grass before turning sharply after a ball beside a narrow riverside path.,Tongue-out family-companion displays open grass before turning sharply after a ball beside a narrow riverside path. This sentence describes the concept,"[49406, 13626, 268, 620, 1315, 268, 14963, 15648, 1488, 5922, 1348, 4976, 37185, 953, 320, 1069, 13519, 320, 16652, 15809, 5035, 269, 589, 12737, 13678, 518, 6353, 49407]","[""<|startoftext|>"", ""tongue</w>"", ""-</w>"", ""out</w>"", ""family</w>"", ""-</w>"", ""companion</w>"", ""displays</w>"", ""open</w>"", ""grass</w>"", ""before</w>"", ""turning</w>"", ""sharply</w>"", ""after</w>"", ""a</w>"", ""ball</w>"", ""beside</w>"", ""a</w>"", ""narrow</w>"", ""riverside</w>"", ""path</w>"", "".</w>"", ""this</w>"", ""sentence</w>"", ""describes</w>"", ""the</w>"", ""concept</w>"", ""<|endoftext|>""]",6353,concept</w>,26,28,77,False
fixed_suffix,description,"Within a sunlit garden path, russet snowline-hunter demonstrates a meadow through quick elastic bounds.","Within a sunlit garden path, russet snowline-hunter demonstrates a meadow through quick elastic bounds. This sentence describes the concept","[49406, 4154, 320, 968, 4350, 2756, 5035, 267, 35811, 1167, 3880, 1148, 268, 6099, 24806, 320, 17195, 1417, 3712, 30282, 37469, 269, 589, 12737, 13678, 518, 6353, 49407]","[""<|startoftext|>"", ""within</w>"", ""a</w>"", ""sun"", ""lit</w>"", ""garden</w>"", ""path</w>"", "",</w>"", ""rus"", ""set</w>"", ""snow"", ""line</w>"", ""-</w>"", ""hunter</w>"", ""demonstrates</w>"", ""a</w>"", ""meadow</w>"", ""through</w>"", ""quick</w>"", ""elastic</w>"", ""bounds</w>"", "".</w>"", ""this</w>"", ""sentence</w>"", ""describes</w>"", ""the</w>"", ""concept</w>"", ""<|endoftext|>""]",6353,concept</w>,26,28,77,False
fixed_suffix,description,Short-tailed mountain-roamer becomes recognizable through a fallen trunk through surprising climbing strength near a shaded woodland edge.,Short-tailed mountain-roamer becomes recognizable through a fallen trunk through surprising climbing strength near a shaded woodland edge. This sentence describes the concept,"[49406, 3005, 268, 20626, 3965, 268, 532, 16147, 6766, 47240, 1417, 320, 8688, 18347, 1417, 14964, 9877, 5959, 2252, 320, 43506, 17447, 5461, 269, 589, 12737, 13678, 518, 6353, 49407]","[""<|startoftext|>"", ""short</w>"", ""-</w>"", ""tailed</w>"", ""mountain</w>"", ""-</w>"", ""ro"", ""amer</w>"", ""becomes</w>"", ""recognizable</w>"", ""through</w>"", ""a</w>"", ""fallen</w>"", ""trunk</w>"", ""through</w>"", ""surprising</w>"", ""climbing</w>"", ""strength</w>"", ""near</w>"", ""a</w>"", ""shaded</w>"", ""woodland</w>"", ""edge</w>"", "".</w>"", ""this</w>"", ""sentence</w>"", ""describes</w>"", ""the</w>"", ""concept</w>"", ""<|endoftext|>""]",6353,concept</w>,28,30,77,False
fixed_suffix,description,Long-legged snow pack hunter becomes recognizable through silent stepping between closely spaced pines near a misty hillside.,Long-legged snow pack hunter becomes recognizable through silent stepping between closely spaced pines near a misty hillside. This sentence describes the concept,"[49406, 1538, 268, 25830, 2583, 3420, 6099, 6766, 47240, 1417, 8487, 15906, 1957, 13478, 10336, 538, 20338, 2252, 320, 18799, 37194, 269, 589, 12737, 13678, 518, 6353, 49407]","[""<|startoftext|>"", ""long</w>"", ""-</w>"", ""legged</w>"", ""snow</w>"", ""pack</w>"", ""hunter</w>"", ""becomes</w>"", ""recognizable</w>"", ""through</w>"", ""silent</w>"", ""stepping</w>"", ""between</w>"", ""closely</w>"", ""spac"", ""ed</w>"", ""pines</w>"", ""near</w>"", ""a</w>"", ""misty</w>"", ""hillside</w>"", "".</w>"", ""this</w>"", ""sentence</w>"", ""describes</w>"", ""the</w>"", ""concept</w>"", ""<|endoftext|>""]",6353,concept</w>,26,28,77,False
fixed_suffix,description,Twitch-nosed ground dweller carries small cautious hops followed by complete stillness across a patch of dense brush.,Twitch-nosed ground dweller carries small cautious hops followed by complete stillness across a patch of dense brush. This sentence describes the concept,"[49406, 9153, 268, 578, 1252, 2461, 27549, 528, 17982, 2442, 36579, 21137, 6499, 638, 3263, 522, 11145, 2500, 320, 8721, 539, 19353, 8594, 269, 589, 12737, 13678, 518, 6353, 49407]","[""<|startoftext|>"", ""twitch</w>"", ""-</w>"", ""no"", ""sed</w>"", ""ground</w>"", ""dwell"", ""er</w>"", ""carries</w>"", ""small</w>"", ""cautious</w>"", ""hops</w>"", ""followed</w>"", ""by</w>"", ""complete</w>"", ""st"", ""illness</w>"", ""across</w>"", ""a</w>"", ""patch</w>"", ""of</w>"", ""dense</w>"", ""brush</w>"", "".</w>"", ""this</w>"", ""sentence</w>"", ""describes</w>"", ""the</w>"", ""concept</w>"", ""<|endoftext|>""]",6353,concept</w>,28,30,77,False
fixed_suffix,description,"Against a rocky meadow, a sudden white-tail retreat into dense cover defines branch-antlered woodland traveler.","Against a rocky meadow, a sudden white-tail retreat into dense cover defines branch-antlered woodland traveler. This sentence describes the concept","[49406, 1601, 320, 9648, 17195, 267, 320, 15433, 1579, 268, 4132, 11210, 1095, 19353, 2202, 28218, 7998, 268, 1103, 534, 736, 17447, 17794, 269, 589, 12737, 13678, 518, 6353, 49407]","[""<|startoftext|>"", ""against</w>"", ""a</w>"", ""rocky</w>"", ""meadow</w>"", "",</w>"", ""a</w>"", ""sudden</w>"", ""white</w>"", ""-</w>"", ""tail</w>"", ""retreat</w>"", ""into</w>"", ""dense</w>"", ""cover</w>"", ""defines</w>"", ""branch</w>"", ""-</w>"", ""ant"", ""le"", ""red</w>"", ""woodland</w>"", ""traveler</w>"", "".</w>"", ""this</w>"", ""sentence</w>"", ""describes</w>"", ""the</w>"", ""concept</w>"", ""<|endoftext|>""]",6353,concept</w>,28,30,77,False
fixed_suffix,description,"Against a narrow riverside path, a flowing canter with mane and tail lifted defines long-faced bridled trail companion.","Against a narrow riverside path, a flowing canter with mane and tail lifted defines long-faced bridled trail companion. This sentence describes the concept","[49406, 1601, 320, 16652, 15809, 5035, 267, 320, 14922, 950, 652, 593, 16044, 537, 4132, 16783, 28218, 1538, 268, 10941, 16995, 912, 4921, 14963, 269, 589, 12737, 13678, 518, 6353, 49407]","[""<|startoftext|>"", ""against</w>"", ""a</w>"", ""narrow</w>"", ""riverside</w>"", ""path</w>"", "",</w>"", ""a</w>"", ""flowing</w>"", ""can"", ""ter</w>"", ""with</w>"", ""mane</w>"", ""and</w>"", ""tail</w>"", ""lifted</w>"", ""defines</w>"", ""long</w>"", ""-</w>"", ""faced</w>"", ""brid"", ""led</w>"", ""trail</w>"", ""companion</w>"", "".</w>"", ""this</w>"", ""sentence</w>"", ""describes</w>"", ""the</w>"", ""concept</w>"", ""<|endoftext|>""]",6353,concept</w>,29,31,77,False
fixed_suffix,description,"A clear view shows padded-paw windowsill-watcher with a windowsill while its tail corrects balance, as ground contact stays clear.","A clear view shows padded-paw windowsill-watcher with a windowsill while its tail corrects balance, as ground contact stays clear. This sentence describes the concept","[49406, 320, 3143, 1093, 2665, 42253, 268, 16016, 3110, 6300, 660, 268, 35971, 593, 320, 3110, 6300, 660, 1519, 902, 4132, 5011, 590, 6827, 267, 601, 2461, 3523, 13311, 3143, 269, 589, 12737, 13678, 518, 6353, 49407]","[""<|startoftext|>"", ""a</w>"", ""clear</w>"", ""view</w>"", ""shows</w>"", ""padded</w>"", ""-</w>"", ""paw</w>"", ""windo"", ""ws"", ""ill</w>"", ""-</w>"", ""watcher</w>"", ""with</w>"", ""a</w>"", ""windo"", ""ws"", ""ill</w>"", ""while</w>"", ""its</w>"", ""tail</w>"", ""correc"", ""ts</w>"", ""balance</w>"", "",</w>"", ""as</w>"", ""ground</w>"", ""contact</w>"", ""stays</w>"", ""clear</w>"", "".</w>"", ""this</w>"", ""sentence</w>"", ""describes</w>"", ""the</w>"", ""concept</w>"", ""<|endoftext|>""]",6353,concept</w>,35,37,77,False
fixed_suffix,description,"Leash-following walking-partner carries the yard in an eager bounding gait across a patch of dense brush; meanwhile, the posture remains natural.","Leash-following walking-partner carries the yard in an eager bounding gait across a patch of dense brush; meanwhile, the posture remains natural. This sentence describes the concept","[49406, 36192, 268, 3473, 3941, 268, 4568, 17982, 518, 4313, 530, 550, 21551, 5993, 796, 1275, 585, 2500, 320, 8721, 539, 19353, 8594, 282, 9650, 267, 518, 29681, 6807, 3288, 269, 589, 12737, 13678, 518, 6353, 49407]","[""<|startoftext|>"", ""leash</w>"", ""-</w>"", ""following</w>"", ""walking</w>"", ""-</w>"", ""partner</w>"", ""carries</w>"", ""the</w>"", ""yard</w>"", ""in</w>"", ""an</w>"", ""eager</w>"", ""boun"", ""ding</w>"", ""ga"", ""it</w>"", ""across</w>"", ""a</w>"", ""patch</w>"", ""of</w>"", ""dense</w>"", ""brush</w>"", "";</w>"", ""meanwhile</w>"", "",</w>"", ""the</w>"", ""posture</w>"", ""remains</w>"", ""natural</w>"", "".</w>"", ""this</w>"", ""sentence</w>"", ""describes</w>"", ""the</w>"", ""concept</w>"", ""<|endoftext|>""]",6353,concept</w>,35,37,77,False
fixed_suffix,description,"Beside a pale winter field, amber-eyed meadow-prowler reveals woodland cover using a low cautious trot; the viewpoint remains level.","Beside a pale winter field, amber-eyed meadow-prowler reveals woodland cover using a low cautious trot; the viewpoint remains level. This sentence describes the concept","[49406, 13519, 320, 12518, 2541, 1570, 267, 9986, 268, 15512, 17195, 268, 38737, 1803, 6621, 17447, 2202, 1996, 320, 1042, 36579, 30453, 282, 518, 41604, 6807, 2931, 269, 589, 12737, 13678, 518, 6353, 49407]","[""<|startoftext|>"", ""beside</w>"", ""a</w>"", ""pale</w>"", ""winter</w>"", ""field</w>"", "",</w>"", ""amber</w>"", ""-</w>"", ""eyed</w>"", ""meadow</w>"", ""-</w>"", ""prow"", ""ler</w>"", ""reveals</w>"", ""woodland</w>"", ""cover</w>"", ""using</w>"", ""a</w>"", ""low</w>"", ""cautious</w>"", ""trot</w>"", "";</w>"", ""the</w>"", ""viewpoint</w>"", ""remains</w>"", ""level</w>"", "".</w>"", ""this</w>"", ""sentence</w>"", ""describes</w>"", ""the</w>"", ""concept</w>"", ""<|endoftext|>""]",6353,concept</w>,32,34,77,False
fixed_suffix,description,"Round-eared timberland-giant displays a steep slope despite its bulky frame beside a quiet fence line, while soft light preserves surface detail.","Round-eared timberland-giant displays a steep slope despite its bulky frame beside a quiet fence line, while soft light preserves surface detail. This sentence describes the concept","[49406, 2522, 268, 9127, 14441, 973, 268, 4687, 15648, 320, 20714, 22769, 5325, 902, 2572, 2383, 6481, 13519, 320, 7557, 12679, 1148, 267, 1519, 3773, 1395, 44881, 7744, 7657, 269, 589, 12737, 13678, 518, 6353, 49407]","[""<|startoftext|>"", ""round</w>"", ""-</w>"", ""eared</w>"", ""timber"", ""land</w>"", ""-</w>"", ""giant</w>"", ""displays</w>"", ""a</w>"", ""steep</w>"", ""slope</w>"", ""despite</w>"", ""its</w>"", ""bul"", ""ky</w>"", ""frame</w>"", ""beside</w>"", ""a</w>"", ""quiet</w>"", ""fence</w>"", ""line</w>"", "",</w>"", ""while</w>"", ""soft</w>"", ""light</w>"", ""preserves</w>"", ""surface</w>"", ""detail</w>"", "".</w>"", ""this</w>"", ""sentence</w>"", ""describes</w>"", ""the</w>"", ""concept</w>"", ""<|endoftext|>""]",6353,concept</w>,34,36,77,False
fixed_suffix,description,"Within a patch of dense brush, pale-muzzled forest pack hunter demonstrates an efficient ground-covering trot through snow, where the setting supports the behavior.","Within a patch of dense brush, pale-muzzled forest pack hunter demonstrates an efficient ground-covering trot through snow, where the setting supports the behavior. This sentence describes the concept","[49406, 4154, 320, 8721, 539, 19353, 8594, 267, 12518, 268, 670, 39075, 4167, 3420, 6099, 24806, 550, 11334, 2461, 268, 9462, 30453, 1417, 2583, 267, 1234, 518, 5264, 8336, 518, 10461, 269, 589, 12737, 13678, 518, 6353, 49407]","[""<|startoftext|>"", ""within</w>"", ""a</w>"", ""patch</w>"", ""of</w>"", ""dense</w>"", ""brush</w>"", "",</w>"", ""pale</w>"", ""-</w>"", ""mu"", ""zzled</w>"", ""forest</w>"", ""pack</w>"", ""hunter</w>"", ""demonstrates</w>"", ""an</w>"", ""efficient</w>"", ""ground</w>"", ""-</w>"", ""covering</w>"", ""trot</w>"", ""through</w>"", ""snow</w>"", "",</w>"", ""where</w>"", ""the</w>"", ""setting</w>"", ""supports</w>"", ""the</w>"", ""behavior</w>"", "".</w>"", ""this</w>"", ""sentence</w>"", ""describes</w>"", ""the</w>"", ""concept</w>"", ""<|endoftext|>""]",6353,concept</w>,36,38,77,False
fixed_suffix,description,"Soft-coated burrow dweller becomes recognizable through a sudden zigzag escape across short grass, while the background preserves its outline.","Soft-coated burrow dweller becomes recognizable through a sudden zigzag escape across short grass, while the background preserves its outline. This sentence describes the concept","[49406, 3773, 268, 23401, 1039, 1044, 27549, 528, 6766, 47240, 1417, 320, 15433, 15950, 29346, 7568, 2500, 3005, 5922, 267, 1519, 518, 5994, 44881, 902, 26894, 269, 589, 12737, 13678, 518, 6353, 49407]","[""<|startoftext|>"", ""soft</w>"", ""-</w>"", ""coated</w>"", ""bur"", ""row</w>"", ""dwell"", ""er</w>"", ""becomes</w>"", ""recognizable</w>"", ""through</w>"", ""a</w>"", ""sudden</w>"", ""zig"", ""zag</w>"", ""escape</w>"", ""across</w>"", ""short</w>"", ""grass</w>"", "",</w>"", ""while</w>"", ""the</w>"", ""background</w>"", ""preserves</w>"", ""its</w>"", ""outline</w>"", "".</w>"", ""this</w>"", ""sentence</w>"", ""describes</w>"", ""the</w>"", ""concept</w>"", ""<|endoftext|>""]",6353,concept</w>,31,33,77,False
fixed_suffix,description,"Spotted forest youngster displays a sudden white-tail retreat into dense cover beside a shaded woodland edge, while soft light preserves surface detail.","Spotted forest youngster displays a sudden white-tail retreat into dense cover beside a shaded woodland edge, while soft light preserves surface detail. This sentence describes the concept","[49406, 4533, 4167, 35881, 15648, 320, 15433, 1579, 268, 4132, 11210, 1095, 19353, 2202, 13519, 320, 43506, 17447, 5461, 267, 1519, 3773, 1395, 44881, 7744, 7657, 269, 589, 12737, 13678, 518, 6353, 49407]","[""<|startoftext|>"", ""spotted</w>"", ""forest</w>"", ""youngster</w>"", ""displays</w>"", ""a</w>"", ""sudden</w>"", ""white</w>"", ""-</w>"", ""tail</w>"", ""retreat</w>"", ""into</w>"", ""dense</w>"", ""cover</w>"", ""beside</w>"", ""a</w>"", ""shaded</w>"", ""woodland</w>"", ""edge</w>"", "",</w>"", ""while</w>"", ""soft</w>"", ""light</w>"", ""preserves</w>"", ""surface</w>"", ""detail</w>"", "".</w>"", ""this</w>"", ""sentence</w>"", ""describes</w>"", ""the</w>"", ""concept</w>"", ""<|endoftext|>""]",6353,concept</w>,31,33,77,False
fixed_suffix,description,"Broad-chested stable resident carries an extended gallop across open pasture across a narrow riverside path; meanwhile, the posture remains natural.","Broad-chested stable resident carries an extended gallop across open pasture across a narrow riverside path; meanwhile, the posture remains natural. This sentence describes the concept","[49406, 12623, 268, 983, 1356, 10492, 9016, 17982, 550, 9614, 2001, 17066, 2500, 1488, 34764, 2500, 320, 16652, 15809, 5035, 282, 9650, 267, 518, 29681, 6807, 3288, 269, 589, 12737, 13678, 518, 6353, 49407]","[""<|startoftext|>"", ""broad</w>"", ""-</w>"", ""che"", ""sted</w>"", ""stable</w>"", ""resident</w>"", ""carries</w>"", ""an</w>"", ""extended</w>"", ""gal"", ""lop</w>"", ""across</w>"", ""open</w>"", ""pasture</w>"", ""across</w>"", ""a</w>"", ""narrow</w>"", ""riverside</w>"", ""path</w>"", "";</w>"", ""meanwhile</w>"", "",</w>"", ""the</w>"", ""posture</w>"", ""remains</w>"", ""natural</w>"", "".</w>"", ""this</w>"", ""sentence</w>"", ""describes</w>"", ""the</w>"", ""concept</w>"", ""<|endoftext|>""]",6353,concept</w>,32,34,77,False
fixed_suffix,description,"Within a shallow stream bank, striped hearthside-prowler demonstrates the room with a low stalking posture, where the head and torso remain visible.","Within a shallow stream bank, striped hearthside-prowler demonstrates the room with a low stalking posture, where the head and torso remain visible. This sentence describes the concept","[49406, 4154, 320, 23730, 3322, 2723, 267, 22192, 31563, 1145, 268, 38737, 1803, 24806, 518, 1530, 593, 320, 1042, 24721, 29681, 267, 1234, 518, 1375, 537, 937, 706, 6415, 8626, 269, 589, 12737, 13678, 518, 6353, 49407]","[""<|startoftext|>"", ""within</w>"", ""a</w>"", ""shallow</w>"", ""stream</w>"", ""bank</w>"", "",</w>"", ""striped</w>"", ""hearth"", ""side</w>"", ""-</w>"", ""prow"", ""ler</w>"", ""demonstrates</w>"", ""the</w>"", ""room</w>"", ""with</w>"", ""a</w>"", ""low</w>"", ""stalking</w>"", ""posture</w>"", "",</w>"", ""where</w>"", ""the</w>"", ""head</w>"", ""and</w>"", ""tor"", ""so</w>"", ""remain</w>"", ""visible</w>"", "".</w>"", ""this</w>"", ""sentence</w>"", ""describes</w>"", ""the</w>"", ""concept</w>"", ""<|endoftext|>""]",6353,concept</w>,35,37,77,False
fixed_suffix,description,"A clear view shows floppy-eared home-guardian with a footpath while pulling lightly against a leash, as ground contact stays clear.","A clear view shows floppy-eared home-guardian with a footpath while pulling lightly against a leash, as ground contact stays clear. This sentence describes the concept","[49406, 320, 3143, 1093, 2665, 38267, 268, 9127, 1137, 268, 9498, 593, 320, 48858, 1519, 12897, 26878, 1601, 320, 36192, 267, 601, 2461, 3523, 13311, 3143, 269, 589, 12737, 13678, 518, 6353, 49407]","[""<|startoftext|>"", ""a</w>"", ""clear</w>"", ""view</w>"", ""shows</w>"", ""floppy</w>"", ""-</w>"", ""eared</w>"", ""home</w>"", ""-</w>"", ""guardian</w>"", ""with</w>"", ""a</w>"", ""footpath</w>"", ""while</w>"", ""pulling</w>"", ""lightly</w>"", ""against</w>"", ""a</w>"", ""leash</w>"", "",</w>"", ""as</w>"", ""ground</w>"", ""contact</w>"", ""stays</w>"", ""clear</w>"", "".</w>"", ""this</w>"", ""sentence</w>"", ""describes</w>"", ""the</w>"", ""concept</w>"", ""<|endoftext|>""]",6353,concept</w>,31,33,77,False
fixed_suffix,description,"Narrow-muzzled dusk-prowler carries the field with its full tail held level across a shaded woodland edge; meanwhile, the posture remains natural.","Narrow-muzzled dusk-prowler carries the field with its full tail held level across a shaded woodland edge; meanwhile, the posture remains natural. This sentence describes the concept","[49406, 16652, 268, 670, 39075, 19708, 268, 38737, 1803, 17982, 518, 1570, 593, 902, 1476, 4132, 4042, 2931, 2500, 320, 43506, 17447, 5461, 282, 9650, 267, 518, 29681, 6807, 3288, 269, 589, 12737, 13678, 518, 6353, 49407]","[""<|startoftext|>"", ""narrow</w>"", ""-</w>"", ""mu"", ""zzled</w>"", ""dusk</w>"", ""-</w>"", ""prow"", ""ler</w>"", ""carries</w>"", ""the</w>"", ""field</w>"", ""with</w>"", ""its</w>"", ""full</w>"", ""tail</w>"", ""held</w>"", ""level</w>"", ""across</w>"", ""a</w>"", ""shaded</w>"", ""woodland</w>"", ""edge</w>"", "";</w>"", ""meanwhile</w>"", "",</w>"", ""the</w>"", ""posture</w>"", ""remains</w>"", ""natural</w>"", "".</w>"", ""this</w>"", ""sentence</w>"", ""describes</w>"", ""the</w>"", ""concept</w>"", ""<|endoftext|>""]",6353,concept</w>,35,37,77,False
fixed_suffix,description,"Powerful berry-gatherer carries a fallen trunk through surprising climbing strength across a narrow riverside path; meanwhile, the viewpoint remains level.","Powerful berry-gatherer carries a fallen trunk through surprising climbing strength across a narrow riverside path; meanwhile, the viewpoint remains level. This sentence describes the concept","[49406, 4875, 3488, 268, 1275, 599, 3407, 17982, 320, 8688, 18347, 1417, 14964, 9877, 5959, 2500, 320, 16652, 15809, 5035, 282, 9650, 267, 518, 41604, 6807, 2931, 269, 589, 12737, 13678, 518, 6353, 49407]","[""<|startoftext|>"", ""powerful</w>"", ""berry</w>"", ""-</w>"", ""ga"", ""the"", ""rer</w>"", ""carries</w>"", ""a</w>"", ""fallen</w>"", ""trunk</w>"", ""through</w>"", ""surprising</w>"", ""climbing</w>"", ""strength</w>"", ""across</w>"", ""a</w>"", ""narrow</w>"", ""riverside</w>"", ""path</w>"", "";</w>"", ""meanwhile</w>"", "",</w>"", ""the</w>"", ""viewpoint</w>"", ""remains</w>"", ""level</w>"", "".</w>"", ""this</w>"", ""sentence</w>"", ""describes</w>"", ""the</w>"", ""concept</w>"", ""<|endoftext|>""]",6353,concept</w>,32,34,77,False
fixed_suffix,description,"Large gray howling pack hunter displays an efficient ground-covering trot through snow beside a weathered wooden gate, while soft light preserves surface detail.","Large gray howling pack hunter displays an efficient ground-covering trot through snow beside a weathered wooden gate, while soft light preserves surface detail. This sentence describes the concept","[49406, 3638, 7048, 41771, 3420, 6099, 15648, 550, 11334, 2461, 268, 9462, 30453, 1417, 2583, 13519, 320, 598, 34091, 9057, 3302, 267, 1519, 3773, 1395, 44881, 7744, 7657, 269, 589, 12737, 13678, 518, 6353, 49407]","[""<|startoftext|>"", ""large</w>"", ""gray</w>"", ""howling</w>"", ""pack</w>"", ""hunter</w>"", ""displays</w>"", ""an</w>"", ""efficient</w>"", ""ground</w>"", ""-</w>"", ""covering</w>"", ""trot</w>"", ""through</w>"", ""snow</w>"", ""beside</w>"", ""a</w>"", ""we"", ""athered</w>"", ""wooden</w>"", ""gate</w>"", "",</w>"", ""while</w>"", ""soft</w>"", ""light</w>"", ""preserves</w>"", ""surface</w>"", ""detail</w>"", "".</w>"", ""this</w>"", ""sentence</w>"", ""describes</w>"", ""the</w>"", ""concept</w>"", ""<|endoftext|>""]",6353,concept</w>,33,35,77,False
fixed_suffix,description,"Within a rocky meadow, round-eyed grassland nibbler demonstrates small cautious hops followed by complete stillness, where nearby tracks indicate scale.","Within a rocky meadow, round-eyed grassland nibbler demonstrates small cautious hops followed by complete stillness, where nearby tracks indicate scale. This sentence describes the concept","[49406, 4154, 320, 9648, 17195, 267, 2522, 268, 15512, 11584, 973, 697, 65, 11979, 24806, 2442, 36579, 21137, 6499, 638, 3263, 522, 11145, 267, 1234, 13314, 7579, 26679, 5879, 269, 589, 12737, 13678, 518, 6353, 49407]","[""<|startoftext|>"", ""within</w>"", ""a</w>"", ""rocky</w>"", ""meadow</w>"", "",</w>"", ""round</w>"", ""-</w>"", ""eyed</w>"", ""grass"", ""land</w>"", ""ni"", ""b"", ""bler</w>"", ""demonstrates</w>"", ""small</w>"", ""cautious</w>"", ""hops</w>"", ""followed</w>"", ""by</w>"", ""complete</w>"", ""st"", ""illness</w>"", "",</w>"", ""where</w>"", ""nearby</w>"", ""tracks</w>"", ""indicate</w>"", ""scale</w>"", "".</w>"", ""this</w>"", ""sentence</w>"", ""describes</w>"", ""the</w>"", ""concept</w>"", ""<|endoftext|>""]",6353,concept</w>,34,36,77,False
fixed_suffix,description,"Swift running across an open clearing distinguishes split-hoofed trail visitor near a shaded woodland edge, where the viewpoint remains level.","Swift running across an open clearing distinguishes split-hoofed trail visitor near a shaded woodland edge, where the viewpoint remains level. This sentence describes the concept","[49406, 8229, 2761, 2500, 550, 1488, 15481, 15053, 2502, 9109, 268, 2300, 7035, 4921, 13881, 2252, 320, 43506, 17447, 5461, 267, 1234, 518, 41604, 6807, 2931, 269, 589, 12737, 13678, 518, 6353, 49407]","[""<|startoftext|>"", ""swift</w>"", ""running</w>"", ""across</w>"", ""an</w>"", ""open</w>"", ""clearing</w>"", ""distingui"", ""shes</w>"", ""split</w>"", ""-</w>"", ""hoo"", ""fed</w>"", ""trail</w>"", ""visitor</w>"", ""near</w>"", ""a</w>"", ""shaded</w>"", ""woodland</w>"", ""edge</w>"", "",</w>"", ""where</w>"", ""the</w>"", ""viewpoint</w>"", ""remains</w>"", ""level</w>"", "".</w>"", ""this</w>"", ""sentence</w>"", ""describes</w>"", ""the</w>"", ""concept</w>"", ""<|endoftext|>""]",6353,concept</w>,31,33,77,False
fixed_suffix,description,"Tall long-faced grazer displays a flowing canter with mane and tail lifted beside a patch of dense brush, while soft light preserves surface detail.","Tall long-faced grazer displays a flowing canter with mane and tail lifted beside a patch of dense brush, while soft light preserves surface detail. This sentence describes the concept","[49406, 7771, 1538, 268, 10941, 782, 3716, 15648, 320, 14922, 950, 652, 593, 16044, 537, 4132, 16783, 13519, 320, 8721, 539, 19353, 8594, 267, 1519, 3773, 1395, 44881, 7744, 7657, 269, 589, 12737, 13678, 518, 6353, 49407]","[""<|startoftext|>"", ""tall</w>"", ""long</w>"", ""-</w>"", ""faced</w>"", ""gra"", ""zer</w>"", ""displays</w>"", ""a</w>"", ""flowing</w>"", ""can"", ""ter</w>"", ""with</w>"", ""mane</w>"", ""and</w>"", ""tail</w>"", ""lifted</w>"", ""beside</w>"", ""a</w>"", ""patch</w>"", ""of</w>"", ""dense</w>"", ""brush</w>"", "",</w>"", ""while</w>"", ""soft</w>"", ""light</w>"", ""preserves</w>"", ""surface</w>"", ""detail</w>"", "".</w>"", ""this</w>"", ""sentence</w>"", ""describes</w>"", ""the</w>"", ""concept</w>"", ""<|endoftext|>""]",6353,concept</w>,35,37,77,False
fixed_suffix,description,Moving string with focused paw taps identifies an upright-tailed lap companion.,Moving string with focused paw taps identifies an upright-tailed lap companion. This sentence describes the concept,"[49406, 3584, 9696, 593, 9319, 16016, 23267, 35712, 550, 29818, 268, 20626, 8639, 14963, 269, 589, 12737, 13678, 518, 6353, 49407]","[""<|startoftext|>"", ""moving</w>"", ""string</w>"", ""with</w>"", ""focused</w>"", ""paw</w>"", ""taps</w>"", ""identifies</w>"", ""an</w>"", ""upright</w>"", ""-</w>"", ""tailed</w>"", ""lap</w>"", ""companion</w>"", "".</w>"", ""this</w>"", ""sentence</w>"", ""describes</w>"", ""the</w>"", ""concept</w>"", ""<|endoftext|>""]",6353,concept</w>,19,21,77,False
fixed_suffix,description,A broad-pawed walking partner shows the floor beside a familiar person's chair.,A broad-pawed walking partner shows the floor beside a familiar person's chair. This sentence describes the concept,"[49406, 320, 12623, 268, 765, 3478, 3941, 4568, 2665, 518, 4125, 13519, 320, 10020, 2533, 568, 4269, 269, 589, 12737, 13678, 518, 6353, 49407]","[""<|startoftext|>"", ""a</w>"", ""broad</w>"", ""-</w>"", ""pa"", ""wed</w>"", ""walking</w>"", ""partner</w>"", ""shows</w>"", ""the</w>"", ""floor</w>"", ""beside</w>"", ""a</w>"", ""familiar</w>"", ""person</w>"", ""'s</w>"", ""chair</w>"", "".</w>"", ""this</w>"", ""sentence</w>"", ""describes</w>"", ""the</w>"", ""concept</w>"", ""<|endoftext|>""]",6353,concept</w>,22,24,77,False
fixed_suffix,description,An amber-eyed meadow prowler shows faint ground sounds with tilted ears.,An amber-eyed meadow prowler shows faint ground sounds with tilted ears. This sentence describes the concept,"[49406, 550, 9986, 268, 15512, 17195, 38737, 1803, 2665, 30807, 2461, 5694, 593, 6124, 775, 9861, 269, 589, 12737, 13678, 518, 6353, 49407]","[""<|startoftext|>"", ""an</w>"", ""amber</w>"", ""-</w>"", ""eyed</w>"", ""meadow</w>"", ""prow"", ""ler</w>"", ""shows</w>"", ""faint</w>"", ""ground</w>"", ""sounds</w>"", ""with</w>"", ""til"", ""ted</w>"", ""ears</w>"", "".</w>"", ""this</w>"", ""sentence</w>"", ""describes</w>"", ""the</w>"", ""concept</w>"", ""<|endoftext|>""]",6353,concept</w>,21,23,77,False
fixed_suffix,description,A bulky streamside fisher reveals river shallows during a patient fishing period.,A bulky streamside fisher reveals river shallows during a patient fishing period. This sentence describes the concept,"[49406, 320, 2572, 2383, 8659, 1145, 9176, 6621, 2473, 552, 9966, 1590, 320, 6262, 4935, 6131, 269, 589, 12737, 13678, 518, 6353, 49407]","[""<|startoftext|>"", ""a</w>"", ""bul"", ""ky</w>"", ""stream"", ""side</w>"", ""fisher</w>"", ""reveals</w>"", ""river</w>"", ""sh"", ""allows</w>"", ""during</w>"", ""a</w>"", ""patient</w>"", ""fishing</w>"", ""period</w>"", "".</w>"", ""this</w>"", ""sentence</w>"", ""describes</w>"", ""the</w>"", ""concept</w>"", ""<|endoftext|>""]",6353,concept</w>,21,23,77,False
fixed_suffix,description,A gray pack hunter shows food sharing among an organized family group.,A gray pack hunter shows food sharing among an organized family group. This sentence describes the concept,"[49406, 320, 7048, 3420, 6099, 2665, 1559, 3567, 4265, 550, 10681, 1315, 1771, 269, 589, 12737, 13678, 518, 6353, 49407]","[""<|startoftext|>"", ""a</w>"", ""gray</w>"", ""pack</w>"", ""hunter</w>"", ""shows</w>"", ""food</w>"", ""sharing</w>"", ""among</w>"", ""an</w>"", ""organized</w>"", ""family</w>"", ""group</w>"", "".</w>"", ""this</w>"", ""sentence</w>"", ""describes</w>"", ""the</w>"", ""concept</w>"", ""<|endoftext|>""]",6353,concept</w>,18,20,77,False
fixed_suffix,description,A soft-coated meadow nibbler carries chewing leafy stems while remaining near cover.,A soft-coated meadow nibbler carries chewing leafy stems while remaining near cover. This sentence describes the concept,"[49406, 320, 3773, 268, 23401, 17195, 697, 65, 11979, 17982, 31486, 42616, 31503, 1519, 11392, 2252, 2202, 269, 589, 12737, 13678, 518, 6353, 49407]","[""<|startoftext|>"", ""a</w>"", ""soft</w>"", ""-</w>"", ""coated</w>"", ""meadow</w>"", ""ni"", ""b"", ""bler</w>"", ""carries</w>"", ""chewing</w>"", ""leafy</w>"", ""stems</w>"", ""while</w>"", ""remaining</w>"", ""near</w>"", ""cover</w>"", "".</w>"", ""this</w>"", ""sentence</w>"", ""describes</w>"", ""the</w>"", ""concept</w>"", ""<|endoftext|>""]",6353,concept</w>,22,24,77,False
fixed_suffix,description,A long-legged browser shows quiet feeding before dawn near dense cover.,A long-legged browser shows quiet feeding before dawn near dense cover. This sentence describes the concept,"[49406, 320, 1538, 268, 25830, 19768, 2665, 7557, 9879, 1348, 7689, 2252, 19353, 2202, 269, 589, 12737, 13678, 518, 6353, 49407]","[""<|startoftext|>"", ""a</w>"", ""long</w>"", ""-</w>"", ""legged</w>"", ""browser</w>"", ""shows</w>"", ""quiet</w>"", ""feeding</w>"", ""before</w>"", ""dawn</w>"", ""near</w>"", ""dense</w>"", ""cover</w>"", "".</w>"", ""this</w>"", ""sentence</w>"", ""describes</w>"", ""the</w>"", ""concept</w>"", ""<|endoftext|>""]",6353,concept</w>,19,21,77,False
fixed_suffix,description,A muscular farmyard runner has resting upright near familiar herd companions.,A muscular farmyard runner has resting upright near familiar herd companions. This sentence describes the concept,"[49406, 320, 30606, 1578, 1152, 746, 7913, 791, 18044, 29818, 2252, 10020, 18589, 37124, 269, 589, 12737, 13678, 518, 6353, 49407]","[""<|startoftext|>"", ""a</w>"", ""muscular</w>"", ""far"", ""my"", ""ard</w>"", ""runner</w>"", ""has</w>"", ""resting</w>"", ""upright</w>"", ""near</w>"", ""familiar</w>"", ""herd</w>"", ""companions</w>"", "".</w>"", ""this</w>"", ""sentence</w>"", ""describes</w>"", ""the</w>"", ""concept</w>"", ""<|endoftext|>""]",6353,concept</w>,19,21,77,False
fixed_suffix,description,Moving string with focused paw taps marks a purring house prowler.,Moving string with focused paw taps marks a purring house prowler. This sentence describes the concept,"[49406, 3584, 9696, 593, 9319, 16016, 23267, 5466, 320, 1727, 2540, 1212, 38737, 1803, 269, 589, 12737, 13678, 518, 6353, 49407]","[""<|startoftext|>"", ""moving</w>"", ""string</w>"", ""with</w>"", ""focused</w>"", ""paw</w>"", ""taps</w>"", ""marks</w>"", ""a</w>"", ""pur"", ""ring</w>"", ""house</w>"", ""prow"", ""ler</w>"", "".</w>"", ""this</w>"", ""sentence</w>"", ""describes</w>"", ""the</w>"", ""concept</w>"", ""<|endoftext|>""]",6353,concept</w>,19,21,77,False
fixed_suffix,description,New surroundings through persistent sniffing defines a leash-wearing companion.,New surroundings through persistent sniffing defines a leash-wearing companion. This sentence describes the concept,"[49406, 686, 26915, 1417, 29028, 7186, 16592, 28218, 320, 36192, 268, 3309, 14963, 269, 589, 12737, 13678, 518, 6353, 49407]","[""<|startoftext|>"", ""new</w>"", ""surroundings</w>"", ""through</w>"", ""persistent</w>"", ""sni"", ""ffing</w>"", ""defines</w>"", ""a</w>"", ""leash</w>"", ""-</w>"", ""wearing</w>"", ""companion</w>"", "".</w>"", ""this</w>"", ""sentence</w>"", ""describes</w>"", ""the</w>"", ""concept</w>"", ""<|endoftext|>""]",6353,concept</w>,18,20,77,False
fixed_suffix,description,Faint ground sounds with tilted ears identifies a russet snowline hunter.,Faint ground sounds with tilted ears identifies a russet snowline hunter. This sentence describes the concept,"[49406, 30807, 2461, 5694, 593, 6124, 775, 9861, 35712, 320, 35811, 1167, 3880, 1148, 6099, 269, 589, 12737, 13678, 518, 6353, 49407]","[""<|startoftext|>"", ""faint</w>"", ""ground</w>"", ""sounds</w>"", ""with</w>"", ""til"", ""ted</w>"", ""ears</w>"", ""identifies</w>"", ""a</w>"", ""rus"", ""set</w>"", ""snow"", ""line</w>"", ""hunter</w>"", "".</w>"", ""this</w>"", ""sentence</w>"", ""describes</w>"", ""the</w>"", ""concept</w>"", ""<|endoftext|>""]",6353,concept</w>,20,22,77,False
fixed_suffix,description,Loose logs while searching for insects identifies a broad-muzzled river hunter.,Loose logs while searching for insects identifies a broad-muzzled river hunter. This sentence describes the concept,"[49406, 9786, 22745, 1519, 10626, 556, 18714, 35712, 320, 12623, 268, 670, 39075, 2473, 6099, 269, 589, 12737, 13678, 518, 6353, 49407]","[""<|startoftext|>"", ""loose</w>"", ""logs</w>"", ""while</w>"", ""searching</w>"", ""for</w>"", ""insects</w>"", ""identifies</w>"", ""a</w>"", ""broad</w>"", ""-</w>"", ""mu"", ""zzled</w>"", ""river</w>"", ""hunter</w>"", "".</w>"", ""this</w>"", ""sentence</w>"", ""describes</w>"", ""the</w>"", ""concept</w>"", ""<|endoftext|>""]",6353,concept</w>,20,22,77,False
fixed_suffix,description,A bushy-tailed pack tracker has patient tracking across old snow prints.,A bushy-tailed pack tracker has patient tracking across old snow prints. This sentence describes the concept,"[49406, 320, 609, 9682, 268, 20626, 3420, 18123, 791, 6262, 10428, 2500, 896, 2583, 7704, 269, 589, 12737, 13678, 518, 6353, 49407]","[""<|startoftext|>"", ""a</w>"", ""bu"", ""shy</w>"", ""-</w>"", ""tailed</w>"", ""pack</w>"", ""tracker</w>"", ""has</w>"", ""patient</w>"", ""tracking</w>"", ""across</w>"", ""old</w>"", ""snow</w>"", ""prints</w>"", "".</w>"", ""this</w>"", ""sentence</w>"", ""describes</w>"", ""the</w>"", ""concept</w>"", ""<|endoftext|>""]",6353,concept</w>,20,22,77,False
fixed_suffix,description,Chewing leafy stems while remaining near cover is visible on a white-tailed garden browser.,Chewing leafy stems while remaining near cover is visible on a white-tailed garden browser. This sentence describes the concept,"[49406, 31486, 42616, 31503, 1519, 11392, 2252, 2202, 533, 8626, 525, 320, 1579, 268, 20626, 2756, 19768, 269, 589, 12737, 13678, 518, 6353, 49407]","[""<|startoftext|>"", ""chewing</w>"", ""leafy</w>"", ""stems</w>"", ""while</w>"", ""remaining</w>"", ""near</w>"", ""cover</w>"", ""is</w>"", ""visible</w>"", ""on</w>"", ""a</w>"", ""white</w>"", ""-</w>"", ""tailed</w>"", ""garden</w>"", ""browser</w>"", "".</w>"", ""this</w>"", ""sentence</w>"", ""describes</w>"", ""the</w>"", ""concept</w>"", ""<|endoftext|>""]",6353,concept</w>,22,24,77,False
fixed_suffix,description,A forest herd grazer reveals quiet feeding before dawn near dense cover.,A forest herd grazer reveals quiet feeding before dawn near dense cover. This sentence describes the concept,"[49406, 320, 4167, 18589, 782, 3716, 6621, 7557, 9879, 1348, 7689, 2252, 19353, 2202, 269, 589, 12737, 13678, 518, 6353, 49407]","[""<|startoftext|>"", ""a</w>"", ""forest</w>"", ""herd</w>"", ""gra"", ""zer</w>"", ""reveals</w>"", ""quiet</w>"", ""feeding</w>"", ""before</w>"", ""dawn</w>"", ""near</w>"", ""dense</w>"", ""cover</w>"", "".</w>"", ""this</w>"", ""sentence</w>"", ""describes</w>"", ""the</w>"", ""concept</w>"", ""<|endoftext|>""]",6353,concept</w>,19,21,77,False
fixed_suffix,description,A single-hoofed riding companion reveals slow chewing beside a pasture water trough.,A single-hoofed riding companion reveals slow chewing beside a pasture water trough. This sentence describes the concept,"[49406, 320, 2688, 268, 2300, 7035, 6765, 14963, 6621, 5444, 31486, 13519, 320, 34764, 1573, 39761, 269, 589, 12737, 13678, 518, 6353, 49407]","[""<|startoftext|>"", ""a</w>"", ""single</w>"", ""-</w>"", ""hoo"", ""fed</w>"", ""riding</w>"", ""companion</w>"", ""reveals</w>"", ""slow</w>"", ""chewing</w>"", ""beside</w>"", ""a</w>"", ""pasture</w>"", ""water</w>"", ""trough</w>"", "".</w>"", ""this</w>"", ""sentence</w>"", ""describes</w>"", ""the</w>"", ""concept</w>"", ""<|endoftext|>""]",6353,concept</w>,21,23,77,False
fixed_suffix,description,A clear view shows purring room-explorer with a warm patch before curling tightly near a rocky meadow.,A clear view shows purring room-explorer with a warm patch before curling tightly near a rocky meadow. This sentence describes the concept,"[49406, 320, 3143, 1093, 2665, 1727, 2540, 1530, 268, 15776, 593, 320, 3616, 8721, 1348, 18543, 37568, 2252, 320, 9648, 17195, 269, 589, 12737, 13678, 518, 6353, 49407]","[""<|startoftext|>"", ""a</w>"", ""clear</w>"", ""view</w>"", ""shows</w>"", ""pur"", ""ring</w>"", ""room</w>"", ""-</w>"", ""explorer</w>"", ""with</w>"", ""a</w>"", ""warm</w>"", ""patch</w>"", ""before</w>"", ""curling</w>"", ""tightly</w>"", ""near</w>"", ""a</w>"", ""rocky</w>"", ""meadow</w>"", "".</w>"", ""this</w>"", ""sentence</w>"", ""describes</w>"", ""the</w>"", ""concept</w>"", ""<|endoftext|>""]",6353,concept</w>,26,28,77,False
fixed_suffix,description,Leash-following walking-partner becomes recognizable through a buried object with repeated digging near a shaded woodland edge.,Leash-following walking-partner becomes recognizable through a buried object with repeated digging near a shaded woodland edge. This sentence describes the concept,"[49406, 36192, 268, 3473, 3941, 268, 4568, 6766, 47240, 1417, 320, 14233, 14115, 593, 27904, 14971, 2252, 320, 43506, 17447, 5461, 269, 589, 12737, 13678, 518, 6353, 49407]","[""<|startoftext|>"", ""leash</w>"", ""-</w>"", ""following</w>"", ""walking</w>"", ""-</w>"", ""partner</w>"", ""becomes</w>"", ""recognizable</w>"", ""through</w>"", ""a</w>"", ""buried</w>"", ""object</w>"", ""with</w>"", ""repeated</w>"", ""digging</w>"", ""near</w>"", ""a</w>"", ""shaded</w>"", ""woodland</w>"", ""edge</w>"", "".</w>"", ""this</w>"", ""sentence</w>"", ""describes</w>"", ""the</w>"", ""concept</w>"", ""<|endoftext|>""]",6353,concept</w>,26,28,77,False
fixed_suffix,description,Faint ground sounds with tilted ears distinguishes narrow-muzzled dusk-prowler near a rocky meadow.,Faint ground sounds with tilted ears distinguishes narrow-muzzled dusk-prowler near a rocky meadow. This sentence describes the concept,"[49406, 30807, 2461, 5694, 593, 6124, 775, 9861, 15053, 2502, 16652, 268, 670, 39075, 19708, 268, 38737, 1803, 2252, 320, 9648, 17195, 269, 589, 12737, 13678, 518, 6353, 49407]","[""<|startoftext|>"", ""faint</w>"", ""ground</w>"", ""sounds</w>"", ""with</w>"", ""til"", ""ted</w>"", ""ears</w>"", ""distingui"", ""shes</w>"", ""narrow</w>"", ""-</w>"", ""mu"", ""zzled</w>"", ""dusk</w>"", ""-</w>"", ""prow"", ""ler</w>"", ""near</w>"", ""a</w>"", ""rocky</w>"", ""meadow</w>"", "".</w>"", ""this</w>"", ""sentence</w>"", ""describes</w>"", ""the</w>"", ""concept</w>"", ""<|endoftext|>""]",6353,concept</w>,27,29,77,False
fixed_suffix,description,Heavy-pawed backcountry-wanderer carries berry bushes during long seasonal feeding across a sunlit garden path.,Heavy-pawed backcountry-wanderer carries berry bushes during long seasonal feeding across a sunlit garden path. This sentence describes the concept,"[49406, 4200, 268, 765, 3478, 1663, 2157, 268, 2060, 11289, 17982, 3488, 37578, 1590, 1538, 14215, 9879, 2500, 320, 968, 4350, 2756, 5035, 269, 589, 12737, 13678, 518, 6353, 49407]","[""<|startoftext|>"", ""heavy</w>"", ""-</w>"", ""pa"", ""wed</w>"", ""back"", ""country</w>"", ""-</w>"", ""wan"", ""derer</w>"", ""carries</w>"", ""berry</w>"", ""bushes</w>"", ""during</w>"", ""long</w>"", ""seasonal</w>"", ""feeding</w>"", ""across</w>"", ""a</w>"", ""sun"", ""lit</w>"", ""garden</w>"", ""path</w>"", "".</w>"", ""this</w>"", ""sentence</w>"", ""describes</w>"", ""the</w>"", ""concept</w>"", ""<|endoftext|>""]",6353,concept</w>,28,30,77,False
fixed_suffix,description,Large gray howling pack hunter becomes recognizable through careful scent inspection along a territorial boundary near a shallow stream bank.,Large gray howling pack hunter becomes recognizable through careful scent inspection along a territorial boundary near a shallow stream bank. This sentence describes the concept,"[49406, 3638, 7048, 41771, 3420, 6099, 6766, 47240, 1417, 11999, 7683, 15142, 2528, 320, 39163, 21344, 2252, 320, 23730, 3322, 2723, 269, 589, 12737, 13678, 518, 6353, 49407]","[""<|startoftext|>"", ""large</w>"", ""gray</w>"", ""howling</w>"", ""pack</w>"", ""hunter</w>"", ""becomes</w>"", ""recognizable</w>"", ""through</w>"", ""careful</w>"", ""scent</w>"", ""inspection</w>"", ""along</w>"", ""a</w>"", ""territorial</w>"", ""boundary</w>"", ""near</w>"", ""a</w>"", ""shallow</w>"", ""stream</w>"", ""bank</w>"", "".</w>"", ""this</w>"", ""sentence</w>"", ""describes</w>"", ""the</w>"", ""concept</w>"", ""<|endoftext|>""]",6353,concept</w>,26,28,77,False
fixed_suffix,description,Steady nibbling of clover beside the burrow distinguishes white-tailed garden visitor near a calm farmyard.,Steady nibbling of clover beside the burrow distinguishes white-tailed garden visitor near a calm farmyard. This sentence describes the concept,"[49406, 12937, 697, 65, 7097, 539, 22812, 13519, 518, 1039, 1044, 15053, 2502, 1579, 268, 20626, 2756, 13881, 2252, 320, 7011, 1578, 1152, 746, 269, 589, 12737, 13678, 518, 6353, 49407]","[""<|startoftext|>"", ""steady</w>"", ""ni"", ""b"", ""bling</w>"", ""of</w>"", ""clover</w>"", ""beside</w>"", ""the</w>"", ""bur"", ""row</w>"", ""distingui"", ""shes</w>"", ""white</w>"", ""-</w>"", ""tailed</w>"", ""garden</w>"", ""visitor</w>"", ""near</w>"", ""a</w>"", ""calm</w>"", ""far"", ""my"", ""ard</w>"", "".</w>"", ""this</w>"", ""sentence</w>"", ""describes</w>"", ""the</w>"", ""concept</w>"", ""<|endoftext|>""]",6353,concept</w>,29,31,77,False
fixed_suffix,description,Stripping soft bark during a sparse winter distinguishes brown woodland browser with branching antlers near a rocky meadow.,Stripping soft bark during a sparse winter distinguishes brown woodland browser with branching antlers near a rocky meadow. This sentence describes the concept,"[49406, 48588, 3773, 16560, 1590, 320, 3378, 611, 2541, 15053, 2502, 2866, 17447, 19768, 593, 3684, 1439, 47720, 2252, 320, 9648, 17195, 269, 589, 12737, 13678, 518, 6353, 49407]","[""<|startoftext|>"", ""stripping</w>"", ""soft</w>"", ""bark</w>"", ""during</w>"", ""a</w>"", ""spar"", ""se</w>"", ""winter</w>"", ""distingui"", ""shes</w>"", ""brown</w>"", ""woodland</w>"", ""browser</w>"", ""with</w>"", ""bran"", ""ching</w>"", ""antlers</w>"", ""near</w>"", ""a</w>"", ""rocky</w>"", ""meadow</w>"", "".</w>"", ""this</w>"", ""sentence</w>"", ""describes</w>"", ""the</w>"", ""concept</w>"", ""<|endoftext|>""]",6353,concept</w>,27,29,77,False
fixed_suffix,description,Single-hoofed riding companion displays steady grazing with lips clipping short grass beside a quiet fence line.,Single-hoofed riding companion displays steady grazing with lips clipping short grass beside a quiet fence line. This sentence describes the concept,"[49406, 2688, 268, 2300, 7035, 6765, 14963, 15648, 12937, 29889, 593, 8847, 47484, 3005, 5922, 13519, 320, 7557, 12679, 1148, 269, 589, 12737, 13678, 518, 6353, 49407]","[""<|startoftext|>"", ""single</w>"", ""-</w>"", ""hoo"", ""fed</w>"", ""riding</w>"", ""companion</w>"", ""displays</w>"", ""steady</w>"", ""grazing</w>"", ""with</w>"", ""lips</w>"", ""clipping</w>"", ""short</w>"", ""grass</w>"", ""beside</w>"", ""a</w>"", ""quiet</w>"", ""fence</w>"", ""line</w>"", "".</w>"", ""this</w>"", ""sentence</w>"", ""describes</w>"", ""the</w>"", ""concept</w>"", ""<|endoftext|>""]",6353,concept</w>,25,27,77,False
fixed_suffix,description,"Within a shaded woodland edge, curled-tail home-companion demonstrates moving string with focused paw taps, where the posture remains natural.","Within a shaded woodland edge, curled-tail home-companion demonstrates moving string with focused paw taps, where the posture remains natural. This sentence describes the concept","[49406, 4154, 320, 43506, 17447, 5461, 267, 43734, 268, 4132, 1137, 268, 14963, 24806, 3584, 9696, 593, 9319, 16016, 23267, 267, 1234, 518, 29681, 6807, 3288, 269, 589, 12737, 13678, 518, 6353, 49407]","[""<|startoftext|>"", ""within</w>"", ""a</w>"", ""shaded</w>"", ""woodland</w>"", ""edge</w>"", "",</w>"", ""curled</w>"", ""-</w>"", ""tail</w>"", ""home</w>"", ""-</w>"", ""companion</w>"", ""demonstrates</w>"", ""moving</w>"", ""string</w>"", ""with</w>"", ""focused</w>"", ""paw</w>"", ""taps</w>"", "",</w>"", ""where</w>"", ""the</w>"", ""posture</w>"", ""remains</w>"", ""natural</w>"", "".</w>"", ""this</w>"", ""sentence</w>"", ""describes</w>"", ""the</w>"", ""concept</w>"", ""<|endoftext|>""]",6353,concept</w>,31,33,77,False
fixed_suffix,description,"Tongue-out family-companion displays new surroundings through persistent sniffing beside a shallow stream bank, while its full body stays visible.","Tongue-out family-companion displays new surroundings through persistent sniffing beside a shallow stream bank, while its full body stays visible. This sentence describes the concept","[49406, 13626, 268, 620, 1315, 268, 14963, 15648, 686, 26915, 1417, 29028, 7186, 16592, 13519, 320, 23730, 3322, 2723, 267, 1519, 902, 1476, 1774, 13311, 8626, 269, 589, 12737, 13678, 518, 6353, 49407]","[""<|startoftext|>"", ""tongue</w>"", ""-</w>"", ""out</w>"", ""family</w>"", ""-</w>"", ""companion</w>"", ""displays</w>"", ""new</w>"", ""surroundings</w>"", ""through</w>"", ""persistent</w>"", ""sni"", ""ffing</w>"", ""beside</w>"", ""a</w>"", ""shallow</w>"", ""stream</w>"", ""bank</w>"", "",</w>"", ""while</w>"", ""its</w>"", ""full</w>"", ""body</w>"", ""stays</w>"", ""visible</w>"", "".</w>"", ""this</w>"", ""sentence</w>"", ""describes</w>"", ""the</w>"", ""concept</w>"", ""<|endoftext|>""]",6353,concept</w>,31,33,77,False
fixed_suffix,description,"Within soft morning light, bushy-tailed den-visitor demonstrates open ground during quiet twilight patrols, where the pose shows balanced proportions.","Within soft morning light, bushy-tailed den-visitor demonstrates open ground during quiet twilight patrols, where the pose shows balanced proportions. This sentence describes the concept","[49406, 4154, 3773, 1119, 1395, 267, 609, 9682, 268, 20626, 1181, 268, 13881, 24806, 1488, 2461, 1590, 7557, 14512, 35978, 267, 1234, 518, 4230, 2665, 15273, 39391, 269, 589, 12737, 13678, 518, 6353, 49407]","[""<|startoftext|>"", ""within</w>"", ""soft</w>"", ""morning</w>"", ""light</w>"", "",</w>"", ""bu"", ""shy</w>"", ""-</w>"", ""tailed</w>"", ""den</w>"", ""-</w>"", ""visitor</w>"", ""demonstrates</w>"", ""open</w>"", ""ground</w>"", ""during</w>"", ""quiet</w>"", ""twilight</w>"", ""patrols</w>"", "",</w>"", ""where</w>"", ""the</w>"", ""pose</w>"", ""shows</w>"", ""balanced</w>"", ""proportions</w>"", "".</w>"", ""this</w>"", ""sentence</w>"", ""describes</w>"", ""the</w>"", ""concept</w>"", ""<|endoftext|>""]",6353,concept</w>,32,34,77,False
fixed_suffix,description,"Loose logs while searching for insects distinguishes long-clawed wilderness-resident near a shaded woodland edge, where the setting supports the behavior.","Loose logs while searching for insects distinguishes long-clawed wilderness-resident near a shaded woodland edge, where the setting supports the behavior. This sentence describes the concept","[49406, 9786, 22745, 1519, 10626, 556, 18714, 15053, 2502, 1538, 268, 940, 3478, 16506, 268, 9016, 2252, 320, 43506, 17447, 5461, 267, 1234, 518, 5264, 8336, 518, 10461, 269, 589, 12737, 13678, 518, 6353, 49407]","[""<|startoftext|>"", ""loose</w>"", ""logs</w>"", ""while</w>"", ""searching</w>"", ""for</w>"", ""insects</w>"", ""distingui"", ""shes</w>"", ""long</w>"", ""-</w>"", ""cla"", ""wed</w>"", ""wilderness</w>"", ""-</w>"", ""resident</w>"", ""near</w>"", ""a</w>"", ""shaded</w>"", ""woodland</w>"", ""edge</w>"", "",</w>"", ""where</w>"", ""the</w>"", ""setting</w>"", ""supports</w>"", ""the</w>"", ""behavior</w>"", "".</w>"", ""this</w>"", ""sentence</w>"", ""describes</w>"", ""the</w>"", ""concept</w>"", ""<|endoftext|>""]",6353,concept</w>,33,35,77,False
fixed_suffix,description,"Food sharing among an organized family group distinguishes long-legged snow pack hunter near scattered autumn leaves, where its full body stays visible.","Food sharing among an organized family group distinguishes long-legged snow pack hunter near scattered autumn leaves, where its full body stays visible. This sentence describes the concept","[49406, 1559, 3567, 4265, 550, 10681, 1315, 1771, 15053, 2502, 1538, 268, 25830, 2583, 3420, 6099, 2252, 22090, 6110, 5579, 267, 1234, 902, 1476, 1774, 13311, 8626, 269, 589, 12737, 13678, 518, 6353, 49407]","[""<|startoftext|>"", ""food</w>"", ""sharing</w>"", ""among</w>"", ""an</w>"", ""organized</w>"", ""family</w>"", ""group</w>"", ""distingui"", ""shes</w>"", ""long</w>"", ""-</w>"", ""legged</w>"", ""snow</w>"", ""pack</w>"", ""hunter</w>"", ""near</w>"", ""scattered</w>"", ""autumn</w>"", ""leaves</w>"", "",</w>"", ""where</w>"", ""its</w>"", ""full</w>"", ""body</w>"", ""stays</w>"", ""visible</w>"", "".</w>"", ""this</w>"", ""sentence</w>"", ""describes</w>"", ""the</w>"", ""concept</w>"", ""<|endoftext|>""]",6353,concept</w>,32,34,77,False
fixed_suffix,description,"A clear view shows short-tailed garden browser with steady nibbling of clover beside the burrow, as ground contact stays clear.","A clear view shows short-tailed garden browser with steady nibbling of clover beside the burrow, as ground contact stays clear. This sentence describes the concept","[49406, 320, 3143, 1093, 2665, 3005, 268, 20626, 2756, 19768, 593, 12937, 697, 65, 7097, 539, 22812, 13519, 518, 1039, 1044, 267, 601, 2461, 3523, 13311, 3143, 269, 589, 12737, 13678, 518, 6353, 49407]","[""<|startoftext|>"", ""a</w>"", ""clear</w>"", ""view</w>"", ""shows</w>"", ""short</w>"", ""-</w>"", ""tailed</w>"", ""garden</w>"", ""browser</w>"", ""with</w>"", ""steady</w>"", ""ni"", ""b"", ""bling</w>"", ""of</w>"", ""clover</w>"", ""beside</w>"", ""the</w>"", ""bur"", ""row</w>"", "",</w>"", ""as</w>"", ""ground</w>"", ""contact</w>"", ""stays</w>"", ""clear</w>"", "".</w>"", ""this</w>"", ""sentence</w>"", ""describes</w>"", ""the</w>"", ""concept</w>"", ""<|endoftext|>""]",6353,concept</w>,32,34,77,False
fixed_suffix,description,"A clear view shows branch-antlered woodland traveler with stripping soft bark during a sparse winter, as surrounding plants provide scale.","A clear view shows branch-antlered woodland traveler with stripping soft bark during a sparse winter, as surrounding plants provide scale. This sentence describes the concept","[49406, 320, 3143, 1093, 2665, 7998, 268, 1103, 534, 736, 17447, 17794, 593, 48588, 3773, 16560, 1590, 320, 3378, 611, 2541, 267, 601, 12544, 5829, 4832, 5879, 269, 589, 12737, 13678, 518, 6353, 49407]","[""<|startoftext|>"", ""a</w>"", ""clear</w>"", ""view</w>"", ""shows</w>"", ""branch</w>"", ""-</w>"", ""ant"", ""le"", ""red</w>"", ""woodland</w>"", ""traveler</w>"", ""with</w>"", ""stripping</w>"", ""soft</w>"", ""bark</w>"", ""during</w>"", ""a</w>"", ""spar"", ""se</w>"", ""winter</w>"", "",</w>"", ""as</w>"", ""surrounding</w>"", ""plants</w>"", ""provide</w>"", ""scale</w>"", "".</w>"", ""this</w>"", ""sentence</w>"", ""describes</w>"", ""the</w>"", ""concept</w>"", ""<|endoftext|>""]",6353,concept</w>,32,34,77,False
fixed_suffix,description,"Against a misty hillside, slow chewing beside a pasture water trough defines saddle-trained trail companion; the head and torso remain visible.","Against a misty hillside, slow chewing beside a pasture water trough defines saddle-trained trail companion; the head and torso remain visible. This sentence describes the concept","[49406, 1601, 320, 18799, 37194, 267, 5444, 31486, 13519, 320, 34764, 1573, 39761, 28218, 20283, 268, 10874, 4921, 14963, 282, 518, 1375, 537, 937, 706, 6415, 8626, 269, 589, 12737, 13678, 518, 6353, 49407]","[""<|startoftext|>"", ""against</w>"", ""a</w>"", ""misty</w>"", ""hillside</w>"", "",</w>"", ""slow</w>"", ""chewing</w>"", ""beside</w>"", ""a</w>"", ""pasture</w>"", ""water</w>"", ""trough</w>"", ""defines</w>"", ""saddle</w>"", ""-</w>"", ""trained</w>"", ""trail</w>"", ""companion</w>"", "";</w>"", ""the</w>"", ""head</w>"", ""and</w>"", ""tor"", ""so</w>"", ""remain</w>"", ""visible</w>"", "".</w>"", ""this</w>"", ""sentence</w>"", ""describes</w>"", ""the</w>"", ""concept</w>"", ""<|endoftext|>""]",6353,concept</w>,32,34,77,False
fixed_suffix,description,"Whiskered house-prowler becomes recognizable through its face and forelegs with careful grooming strokes, while the moment appears unstaged.","Whiskered house-prowler becomes recognizable through its face and forelegs with careful grooming strokes, while the moment appears unstaged. This sentence describes the concept","[49406, 6024, 26690, 1212, 268, 38737, 1803, 6766, 47240, 1417, 902, 1710, 537, 1484, 7072, 593, 11999, 25575, 26595, 267, 1519, 518, 2495, 8743, 569, 19906, 269, 589, 12737, 13678, 518, 6353, 49407]","[""<|startoftext|>"", ""whis"", ""kered</w>"", ""house</w>"", ""-</w>"", ""prow"", ""ler</w>"", ""becomes</w>"", ""recognizable</w>"", ""through</w>"", ""its</w>"", ""face</w>"", ""and</w>"", ""fore"", ""legs</w>"", ""with</w>"", ""careful</w>"", ""grooming</w>"", ""strokes</w>"", "",</w>"", ""while</w>"", ""the</w>"", ""moment</w>"", ""appears</w>"", ""un"", ""staged</w>"", "".</w>"", ""this</w>"", ""sentence</w>"", ""describes</w>"", ""the</w>"", ""concept</w>"", ""<|endoftext|>""]",6353,concept</w>,31,33,77,False
fixed_suffix,description,"A buried object with repeated digging distinguishes broad-pawed gate-watcher near a weathered wooden gate, where the setting supports the behavior.","A buried object with repeated digging distinguishes broad-pawed gate-watcher near a weathered wooden gate, where the setting supports the behavior. This sentence describes the concept","[49406, 320, 14233, 14115, 593, 27904, 14971, 15053, 2502, 12623, 268, 765, 3478, 3302, 268, 35971, 2252, 320, 598, 34091, 9057, 3302, 267, 1234, 518, 5264, 8336, 518, 10461, 269, 589, 12737, 13678, 518, 6353, 49407]","[""<|startoftext|>"", ""a</w>"", ""buried</w>"", ""object</w>"", ""with</w>"", ""repeated</w>"", ""digging</w>"", ""distingui"", ""shes</w>"", ""broad</w>"", ""-</w>"", ""pa"", ""wed</w>"", ""gate</w>"", ""-</w>"", ""watcher</w>"", ""near</w>"", ""a</w>"", ""we"", ""athered</w>"", ""wooden</w>"", ""gate</w>"", "",</w>"", ""where</w>"", ""the</w>"", ""setting</w>"", ""supports</w>"", ""the</w>"", ""behavior</w>"", "".</w>"", ""this</w>"", ""sentence</w>"", ""describes</w>"", ""the</w>"", ""concept</w>"", ""<|endoftext|>""]",6353,concept</w>,34,36,77,False
fixed_suffix,description,"Red-coated woodland-hunter carries spare food beneath loose leaves and soil across a pale winter field; meanwhile, the viewpoint remains level.","Red-coated woodland-hunter carries spare food beneath loose leaves and soil across a pale winter field; meanwhile, the viewpoint remains level. This sentence describes the concept","[49406, 736, 268, 23401, 17447, 268, 6099, 17982, 12615, 1559, 16850, 9786, 5579, 537, 9216, 2500, 320, 12518, 2541, 1570, 282, 9650, 267, 518, 41604, 6807, 2931, 269, 589, 12737, 13678, 518, 6353, 49407]","[""<|startoftext|>"", ""red</w>"", ""-</w>"", ""coated</w>"", ""woodland</w>"", ""-</w>"", ""hunter</w>"", ""carries</w>"", ""spare</w>"", ""food</w>"", ""beneath</w>"", ""loose</w>"", ""leaves</w>"", ""and</w>"", ""soil</w>"", ""across</w>"", ""a</w>"", ""pale</w>"", ""winter</w>"", ""field</w>"", "";</w>"", ""meanwhile</w>"", "",</w>"", ""the</w>"", ""viewpoint</w>"", ""remains</w>"", ""level</w>"", "".</w>"", ""this</w>"", ""sentence</w>"", ""describes</w>"", ""the</w>"", ""concept</w>"", ""<|endoftext|>""]",6353,concept</w>,32,34,77,False
fixed_suffix,description,"A clear view shows massive shaggy-forager with river shallows during a patient fishing period, as the moment appears unstaged.","A clear view shows massive shaggy-forager with river shallows during a patient fishing period, as the moment appears unstaged. This sentence describes the concept","[49406, 320, 3143, 1093, 2665, 4818, 42662, 268, 645, 10443, 593, 2473, 552, 9966, 1590, 320, 6262, 4935, 6131, 267, 601, 518, 2495, 8743, 569, 19906, 269, 589, 12737, 13678, 518, 6353, 49407]","[""<|startoftext|>"", ""a</w>"", ""clear</w>"", ""view</w>"", ""shows</w>"", ""massive</w>"", ""shaggy</w>"", ""-</w>"", ""for"", ""ager</w>"", ""with</w>"", ""river</w>"", ""sh"", ""allows</w>"", ""during</w>"", ""a</w>"", ""patient</w>"", ""fishing</w>"", ""period</w>"", "",</w>"", ""as</w>"", ""the</w>"", ""moment</w>"", ""appears</w>"", ""un"", ""staged</w>"", "".</w>"", ""this</w>"", ""sentence</w>"", ""describes</w>"", ""the</w>"", ""concept</w>"", ""<|endoftext|>""]",6353,concept</w>,31,33,77,False
fixed_suffix,description,"Between brief watchful pauses, large gray howling pack hunter displays food sharing among an organized family group near soft morning light, while nearby tracks indicate scale.","Between brief watchful pauses, large gray howling pack hunter displays food sharing among an organized family group near soft morning light, while nearby tracks indicate scale. This sentence describes the concept","[49406, 1957, 8954, 7046, 857, 1834, 1386, 267, 3638, 7048, 41771, 3420, 6099, 15648, 1559, 3567, 4265, 550, 10681, 1315, 1771, 2252, 3773, 1119, 1395, 267, 1519, 13314, 7579, 26679, 5879, 269, 589, 12737, 13678, 518, 6353, 49407]","[""<|startoftext|>"", ""between</w>"", ""brief</w>"", ""watch"", ""ful</w>"", ""pau"", ""ses</w>"", "",</w>"", ""large</w>"", ""gray</w>"", ""howling</w>"", ""pack</w>"", ""hunter</w>"", ""displays</w>"", ""food</w>"", ""sharing</w>"", ""among</w>"", ""an</w>"", ""organized</w>"", ""family</w>"", ""group</w>"", ""near</w>"", ""soft</w>"", ""morning</w>"", ""light</w>"", "",</w>"", ""while</w>"", ""nearby</w>"", ""tracks</w>"", ""indicate</w>"", ""scale</w>"", "".</w>"", ""this</w>"", ""sentence</w>"", ""describes</w>"", ""the</w>"", ""concept</w>"", ""<|endoftext|>""]",6353,concept</w>,36,38,77,False
fixed_suffix,description,"A shallow scrape exposing roots and fresh shoots distinguishes soft-coated burrow dweller near a sunlit garden path, where the viewpoint remains level.","A shallow scrape exposing roots and fresh shoots distinguishes soft-coated burrow dweller near a sunlit garden path, where the viewpoint remains level. This sentence describes the concept","[49406, 320, 23730, 663, 10070, 28362, 8084, 537, 2975, 14144, 15053, 2502, 3773, 268, 23401, 1039, 1044, 27549, 528, 2252, 320, 968, 4350, 2756, 5035, 267, 1234, 518, 41604, 6807, 2931, 269, 589, 12737, 13678, 518, 6353, 49407]","[""<|startoftext|>"", ""a</w>"", ""shallow</w>"", ""sc"", ""rape</w>"", ""exposing</w>"", ""roots</w>"", ""and</w>"", ""fresh</w>"", ""shoots</w>"", ""distingui"", ""shes</w>"", ""soft</w>"", ""-</w>"", ""coated</w>"", ""bur"", ""row</w>"", ""dwell"", ""er</w>"", ""near</w>"", ""a</w>"", ""sun"", ""lit</w>"", ""garden</w>"", ""path</w>"", "",</w>"", ""where</w>"", ""the</w>"", ""viewpoint</w>"", ""remains</w>"", ""level</w>"", "".</w>"", ""this</w>"", ""sentence</w>"", ""describes</w>"", ""the</w>"", ""concept</w>"", ""<|endoftext|>""]",6353,concept</w>,36,38,77,False
fixed_suffix,description,"Beside a shaded woodland edge, slender-legged forest grazer reveals browsing tender leaves from low branches; soft light preserves surface detail.","Beside a shaded woodland edge, slender-legged forest grazer reveals browsing tender leaves from low branches; soft light preserves surface detail. This sentence describes the concept","[49406, 13519, 320, 43506, 17447, 5461, 267, 40331, 268, 25830, 4167, 782, 3716, 6621, 29318, 9838, 5579, 633, 1042, 15843, 282, 3773, 1395, 44881, 7744, 7657, 269, 589, 12737, 13678, 518, 6353, 49407]","[""<|startoftext|>"", ""beside</w>"", ""a</w>"", ""shaded</w>"", ""woodland</w>"", ""edge</w>"", "",</w>"", ""slender</w>"", ""-</w>"", ""legged</w>"", ""forest</w>"", ""gra"", ""zer</w>"", ""reveals</w>"", ""browsing</w>"", ""tender</w>"", ""leaves</w>"", ""from</w>"", ""low</w>"", ""branches</w>"", "";</w>"", ""soft</w>"", ""light</w>"", ""preserves</w>"", ""surface</w>"", ""detail</w>"", "".</w>"", ""this</w>"", ""sentence</w>"", ""describes</w>"", ""the</w>"", ""concept</w>"", ""<|endoftext|>""]",6353,concept</w>,31,33,77,False
fixed_suffix,description,"Swift-maned open-field runner becomes recognizable through searching hay with a flexible upper lip, while the setting supports the behavior.","Swift-maned open-field runner becomes recognizable through searching hay with a flexible upper lip, while the setting supports the behavior. This sentence describes the concept","[49406, 8229, 268, 723, 538, 1488, 268, 1570, 7913, 6766, 47240, 1417, 10626, 11367, 593, 320, 14502, 7067, 8546, 267, 1519, 518, 5264, 8336, 518, 10461, 269, 589, 12737, 13678, 518, 6353, 49407]","[""<|startoftext|>"", ""swift</w>"", ""-</w>"", ""man"", ""ed</w>"", ""open</w>"", ""-</w>"", ""field</w>"", ""runner</w>"", ""becomes</w>"", ""recognizable</w>"", ""through</w>"", ""searching</w>"", ""hay</w>"", ""with</w>"", ""a</w>"", ""flexible</w>"", ""upper</w>"", ""lip</w>"", "",</w>"", ""while</w>"", ""the</w>"", ""setting</w>"", ""supports</w>"", ""the</w>"", ""behavior</w>"", "".</w>"", ""this</w>"", ""sentence</w>"", ""describes</w>"", ""the</w>"", ""concept</w>"", ""<|endoftext|>""]",6353,concept</w>,31,33,77,False
fixed_suffix,description,A retractable-clawed mouser shows a garden wall overlooking moving leaves.,A retractable-clawed mouser shows a garden wall overlooking moving leaves. This sentence describes the concept,"[49406, 320, 32735, 2175, 268, 940, 3478, 24837, 528, 2665, 320, 2756, 2569, 17319, 3584, 5579, 269, 589, 12737, 13678, 518, 6353, 49407]","[""<|startoftext|>"", ""a</w>"", ""retrac"", ""table</w>"", ""-</w>"", ""cla"", ""wed</w>"", ""mous"", ""er</w>"", ""shows</w>"", ""a</w>"", ""garden</w>"", ""wall</w>"", ""overlooking</w>"", ""moving</w>"", ""leaves</w>"", "".</w>"", ""this</w>"", ""sentence</w>"", ""describes</w>"", ""the</w>"", ""concept</w>"", ""<|endoftext|>""]",6353,concept</w>,21,23,77,False
fixed_suffix,description,A neighborhood path beside a handled leash marks a collared gate watcher.,A neighborhood path beside a handled leash marks a collared gate watcher. This sentence describes the concept,"[49406, 320, 9471, 5035, 13519, 320, 26824, 36192, 5466, 320, 2929, 736, 3302, 35971, 269, 589, 12737, 13678, 518, 6353, 49407]","[""<|startoftext|>"", ""a</w>"", ""neighborhood</w>"", ""path</w>"", ""beside</w>"", ""a</w>"", ""handled</w>"", ""leash</w>"", ""marks</w>"", ""a</w>"", ""colla"", ""red</w>"", ""gate</w>"", ""watcher</w>"", "".</w>"", ""this</w>"", ""sentence</w>"", ""describes</w>"", ""the</w>"", ""concept</w>"", ""<|endoftext|>""]",6353,concept</w>,19,21,77,False
fixed_suffix,description,A woodland margin beside open grass identifies an orange-chested hedge stalker.,A woodland margin beside open grass identifies an orange-chested hedge stalker. This sentence describes the concept,"[49406, 320, 17447, 21357, 13519, 1488, 5922, 35712, 550, 4287, 268, 983, 1356, 20294, 26777, 269, 589, 12737, 13678, 518, 6353, 49407]","[""<|startoftext|>"", ""a</w>"", ""woodland</w>"", ""margin</w>"", ""beside</w>"", ""open</w>"", ""grass</w>"", ""identifies</w>"", ""an</w>"", ""orange</w>"", ""-</w>"", ""che"", ""sted</w>"", ""hedge</w>"", ""stalker</w>"", "".</w>"", ""this</w>"", ""sentence</w>"", ""describes</w>"", ""the</w>"", ""concept</w>"", ""<|endoftext|>""]",6353,concept</w>,20,22,77,False
fixed_suffix,description,A heavy-pawed mountain roamer reveals a mountain forest containing berry thickets.,A heavy-pawed mountain roamer reveals a mountain forest containing berry thickets. This sentence describes the concept,"[49406, 320, 4200, 268, 765, 3478, 3965, 532, 16147, 6621, 320, 3965, 4167, 20281, 3488, 26107, 1632, 269, 589, 12737, 13678, 518, 6353, 49407]","[""<|startoftext|>"", ""a</w>"", ""heavy</w>"", ""-</w>"", ""pa"", ""wed</w>"", ""mountain</w>"", ""ro"", ""amer</w>"", ""reveals</w>"", ""a</w>"", ""mountain</w>"", ""forest</w>"", ""containing</w>"", ""berry</w>"", ""thic"", ""kets</w>"", "".</w>"", ""this</w>"", ""sentence</w>"", ""describes</w>"", ""the</w>"", ""concept</w>"", ""<|endoftext|>""]",6353,concept</w>,22,24,77,False
fixed_suffix,description,A snowy conifer forest crossed by pack tracks marks a sharp-eared snow tracker.,A snowy conifer forest crossed by pack tracks marks a sharp-eared snow tracker. This sentence describes the concept,"[49406, 320, 14191, 39031, 2897, 4167, 11731, 638, 3420, 7579, 5466, 320, 8157, 268, 9127, 2583, 18123, 269, 589, 12737, 13678, 518, 6353, 49407]","[""<|startoftext|>"", ""a</w>"", ""snowy</w>"", ""coni"", ""fer</w>"", ""forest</w>"", ""crossed</w>"", ""by</w>"", ""pack</w>"", ""tracks</w>"", ""marks</w>"", ""a</w>"", ""sharp</w>"", ""-</w>"", ""eared</w>"", ""snow</w>"", ""tracker</w>"", "".</w>"", ""this</w>"", ""sentence</w>"", ""describes</w>"", ""the</w>"", ""concept</w>"", ""<|endoftext|>""]",6353,concept</w>,22,24,77,False
fixed_suffix,description,A sandy bank containing several narrow tunnels identifies a clover grazer.,A sandy bank containing several narrow tunnels identifies a clover grazer. This sentence describes the concept,"[49406, 320, 10355, 2723, 20281, 5560, 16652, 29814, 35712, 320, 22812, 782, 3716, 269, 589, 12737, 13678, 518, 6353, 49407]","[""<|startoftext|>"", ""a</w>"", ""sandy</w>"", ""bank</w>"", ""containing</w>"", ""several</w>"", ""narrow</w>"", ""tunnels</w>"", ""identifies</w>"", ""a</w>"", ""clover</w>"", ""gra"", ""zer</w>"", "".</w>"", ""this</w>"", ""sentence</w>"", ""describes</w>"", ""the</w>"", ""concept</w>"", ""<|endoftext|>""]",6353,concept</w>,18,20,77,False
fixed_suffix,description,A branch-antlered forest browser carries a forest edge filled with tender browse.,A branch-antlered forest browser carries a forest edge filled with tender browse. This sentence describes the concept,"[49406, 320, 7998, 268, 1103, 534, 736, 4167, 19768, 17982, 320, 4167, 5461, 5589, 593, 9838, 19060, 269, 589, 12737, 13678, 518, 6353, 49407]","[""<|startoftext|>"", ""a</w>"", ""branch</w>"", ""-</w>"", ""ant"", ""le"", ""red</w>"", ""forest</w>"", ""browser</w>"", ""carries</w>"", ""a</w>"", ""forest</w>"", ""edge</w>"", ""filled</w>"", ""with</w>"", ""tender</w>"", ""browse</w>"", "".</w>"", ""this</w>"", ""sentence</w>"", ""describes</w>"", ""the</w>"", ""concept</w>"", ""<|endoftext|>""]",6353,concept</w>,22,24,77,False
fixed_suffix,description,A quiet barn aisle lined with hay defines a broad-chested paddock runner.,A quiet barn aisle lined with hay defines a broad-chested paddock runner. This sentence describes the concept,"[49406, 320, 7557, 10942, 26917, 11842, 593, 11367, 28218, 320, 12623, 268, 983, 1356, 29590, 7913, 269, 589, 12737, 13678, 518, 6353, 49407]","[""<|startoftext|>"", ""a</w>"", ""quiet</w>"", ""barn</w>"", ""aisle</w>"", ""lined</w>"", ""with</w>"", ""hay</w>"", ""defines</w>"", ""a</w>"", ""broad</w>"", ""-</w>"", ""che"", ""sted</w>"", ""paddock</w>"", ""runner</w>"", "".</w>"", ""this</w>"", ""sentence</w>"", ""describes</w>"", ""the</w>"", ""concept</w>"", ""<|endoftext|>""]",6353,concept</w>,21,23,77,False
fixed_suffix,description,A long-whiskered home companion shows a sunny windowsill above indoor plants.,A long-whiskered home companion shows a sunny windowsill above indoor plants. This sentence describes the concept,"[49406, 320, 1538, 268, 6024, 26690, 1137, 14963, 2665, 320, 5438, 3110, 6300, 660, 4348, 9546, 5829, 269, 589, 12737, 13678, 518, 6353, 49407]","[""<|startoftext|>"", ""a</w>"", ""long</w>"", ""-</w>"", ""whis"", ""kered</w>"", ""home</w>"", ""companion</w>"", ""shows</w>"", ""a</w>"", ""sunny</w>"", ""windo"", ""ws"", ""ill</w>"", ""above</w>"", ""indoor</w>"", ""plants</w>"", "".</w>"", ""this</w>"", ""sentence</w>"", ""describes</w>"", ""the</w>"", ""concept</w>"", ""<|endoftext|>""]",6353,concept</w>,22,24,77,False
fixed_suffix,description,A floppy-eared home guardian has an open field suited to running and retrieval.,A floppy-eared home guardian has an open field suited to running and retrieval. This sentence describes the concept,"[49406, 320, 38267, 268, 9127, 1137, 9498, 791, 550, 1488, 1570, 25919, 531, 2761, 537, 16918, 9703, 269, 589, 12737, 13678, 518, 6353, 49407]","[""<|startoftext|>"", ""a</w>"", ""floppy</w>"", ""-</w>"", ""eared</w>"", ""home</w>"", ""guardian</w>"", ""has</w>"", ""an</w>"", ""open</w>"", ""field</w>"", ""suited</w>"", ""to</w>"", ""running</w>"", ""and</w>"", ""retri"", ""eval</w>"", "".</w>"", ""this</w>"", ""sentence</w>"", ""describes</w>"", ""the</w>"", ""concept</w>"", ""<|endoftext|>""]",6353,concept</w>,22,24,77,False
fixed_suffix,description,A bushy-tailed den visitor has a snowy field containing faint prey tracks.,A bushy-tailed den visitor has a snowy field containing faint prey tracks. This sentence describes the concept,"[49406, 320, 609, 9682, 268, 20626, 1181, 13881, 791, 320, 14191, 1570, 20281, 30807, 17131, 7579, 269, 589, 12737, 13678, 518, 6353, 49407]","[""<|startoftext|>"", ""a</w>"", ""bu"", ""shy</w>"", ""-</w>"", ""tailed</w>"", ""den</w>"", ""visitor</w>"", ""has</w>"", ""a</w>"", ""snowy</w>"", ""field</w>"", ""containing</w>"", ""faint</w>"", ""prey</w>"", ""tracks</w>"", "".</w>"", ""this</w>"", ""sentence</w>"", ""describes</w>"", ""the</w>"", ""concept</w>"", ""<|endoftext|>""]",6353,concept</w>,21,23,77,False
fixed_suffix,description,A powerful berry gatherer shows a dense woodland trail marked by broad tracks.,A powerful berry gatherer shows a dense woodland trail marked by broad tracks. This sentence describes the concept,"[49406, 320, 4875, 3488, 1275, 599, 3407, 2665, 320, 19353, 17447, 4921, 12360, 638, 12623, 7579, 269, 589, 12737, 13678, 518, 6353, 49407]","[""<|startoftext|>"", ""a</w>"", ""powerful</w>"", ""berry</w>"", ""ga"", ""the"", ""rer</w>"", ""shows</w>"", ""a</w>"", ""dense</w>"", ""woodland</w>"", ""trail</w>"", ""marked</w>"", ""by</w>"", ""broad</w>"", ""tracks</w>"", "".</w>"", ""this</w>"", ""sentence</w>"", ""describes</w>"", ""the</w>"", ""concept</w>"", ""<|endoftext|>""]",6353,concept</w>,21,23,77,False
fixed_suffix,description,A pale-muzzled pack sentinel shows an open tundra ridge beneath cold wind.,A pale-muzzled pack sentinel shows an open tundra ridge beneath cold wind. This sentence describes the concept,"[49406, 320, 12518, 268, 670, 39075, 3420, 23123, 2665, 550, 1488, 39899, 6352, 16850, 3153, 3630, 269, 589, 12737, 13678, 518, 6353, 49407]","[""<|startoftext|>"", ""a</w>"", ""pale</w>"", ""-</w>"", ""mu"", ""zzled</w>"", ""pack</w>"", ""sentinel</w>"", ""shows</w>"", ""an</w>"", ""open</w>"", ""tundra</w>"", ""ridge</w>"", ""beneath</w>"", ""cold</w>"", ""wind</w>"", "".</w>"", ""this</w>"", ""sentence</w>"", ""describes</w>"", ""the</w>"", ""concept</w>"", ""<|endoftext|>""]",6353,concept</w>,21,23,77,False
fixed_suffix,description,A garden edge beside low leafy cover identifies a round-eyed clover browser.,A garden edge beside low leafy cover identifies a round-eyed clover browser. This sentence describes the concept,"[49406, 320, 2756, 5461, 13519, 1042, 42616, 2202, 35712, 320, 2522, 268, 15512, 22812, 19768, 269, 589, 12737, 13678, 518, 6353, 49407]","[""<|startoftext|>"", ""a</w>"", ""garden</w>"", ""edge</w>"", ""beside</w>"", ""low</w>"", ""leafy</w>"", ""cover</w>"", ""identifies</w>"", ""a</w>"", ""round</w>"", ""-</w>"", ""eyed</w>"", ""clover</w>"", ""browser</w>"", "".</w>"", ""this</w>"", ""sentence</w>"", ""describes</w>"", ""the</w>"", ""concept</w>"", ""<|endoftext|>""]",6353,concept</w>,20,22,77,False
fixed_suffix,description,An autumn ridge beneath scattered oak trees identifies a long-legged clearing grazer.,An autumn ridge beneath scattered oak trees identifies a long-legged clearing grazer. This sentence describes the concept,"[49406, 550, 6110, 6352, 16850, 22090, 7221, 4682, 35712, 320, 1538, 268, 25830, 15481, 782, 3716, 269, 589, 12737, 13678, 518, 6353, 49407]","[""<|startoftext|>"", ""an</w>"", ""autumn</w>"", ""ridge</w>"", ""beneath</w>"", ""scattered</w>"", ""oak</w>"", ""trees</w>"", ""identifies</w>"", ""a</w>"", ""long</w>"", ""-</w>"", ""legged</w>"", ""clearing</w>"", ""gra"", ""zer</w>"", "".</w>"", ""this</w>"", ""sentence</w>"", ""describes</w>"", ""the</w>"", ""concept</w>"", ""<|endoftext|>""]",6353,concept</w>,21,23,77,False
fixed_suffix,description,A saddle companion reveals a training ring surrounded by low rails.,A saddle companion reveals a training ring surrounded by low rails. This sentence describes the concept,"[49406, 320, 20283, 14963, 6621, 320, 2199, 2540, 13589, 638, 1042, 23427, 269, 589, 12737, 13678, 518, 6353, 49407]","[""<|startoftext|>"", ""a</w>"", ""saddle</w>"", ""companion</w>"", ""reveals</w>"", ""a</w>"", ""training</w>"", ""ring</w>"", ""surrounded</w>"", ""by</w>"", ""low</w>"", ""rails</w>"", "".</w>"", ""this</w>"", ""sentence</w>"", ""describes</w>"", ""the</w>"", ""concept</w>"", ""<|endoftext|>""]",6353,concept</w>,17,19,77,False
fixed_suffix,description,Slit-eyed indoor-hunter becomes recognizable through a sunny windowsill above indoor plants near a rocky meadow.,Slit-eyed indoor-hunter becomes recognizable through a sunny windowsill above indoor plants near a rocky meadow. This sentence describes the concept,"[49406, 47011, 268, 15512, 9546, 268, 6099, 6766, 47240, 1417, 320, 5438, 3110, 6300, 660, 4348, 9546, 5829, 2252, 320, 9648, 17195, 269, 589, 12737, 13678, 518, 6353, 49407]","[""<|startoftext|>"", ""slit</w>"", ""-</w>"", ""eyed</w>"", ""indoor</w>"", ""-</w>"", ""hunter</w>"", ""becomes</w>"", ""recognizable</w>"", ""through</w>"", ""a</w>"", ""sunny</w>"", ""windo"", ""ws"", ""ill</w>"", ""above</w>"", ""indoor</w>"", ""plants</w>"", ""near</w>"", ""a</w>"", ""rocky</w>"", ""meadow</w>"", "".</w>"", ""this</w>"", ""sentence</w>"", ""describes</w>"", ""the</w>"", ""concept</w>"", ""<|endoftext|>""]",6353,concept</w>,27,29,77,False
fixed_suffix,description,A neighborhood path beside a handled leash distinguishes tongue-out family-companion near low evening light.,A neighborhood path beside a handled leash distinguishes tongue-out family-companion near low evening light. This sentence describes the concept,"[49406, 320, 9471, 5035, 13519, 320, 26824, 36192, 15053, 2502, 13626, 268, 620, 1315, 268, 14963, 2252, 1042, 2285, 1395, 269, 589, 12737, 13678, 518, 6353, 49407]","[""<|startoftext|>"", ""a</w>"", ""neighborhood</w>"", ""path</w>"", ""beside</w>"", ""a</w>"", ""handled</w>"", ""leash</w>"", ""distingui"", ""shes</w>"", ""tongue</w>"", ""-</w>"", ""out</w>"", ""family</w>"", ""-</w>"", ""companion</w>"", ""near</w>"", ""low</w>"", ""evening</w>"", ""light</w>"", "".</w>"", ""this</w>"", ""sentence</w>"", ""describes</w>"", ""the</w>"", ""concept</w>"", ""<|endoftext|>""]",6353,concept</w>,25,27,77,False
fixed_suffix,description,Orange-chested hedgerow-stalker carries a woodland margin beside open grass across a calm farmyard.,Orange-chested hedgerow-stalker carries a woodland margin beside open grass across a calm farmyard. This sentence describes the concept,"[49406, 4287, 268, 983, 1356, 18271, 1291, 2250, 268, 26777, 17982, 320, 17447, 21357, 13519, 1488, 5922, 2500, 320, 7011, 1578, 1152, 746, 269, 589, 12737, 13678, 518, 6353, 49407]","[""<|startoftext|>"", ""orange</w>"", ""-</w>"", ""che"", ""sted</w>"", ""hed"", ""ger"", ""ow</w>"", ""-</w>"", ""stalker</w>"", ""carries</w>"", ""a</w>"", ""woodland</w>"", ""margin</w>"", ""beside</w>"", ""open</w>"", ""grass</w>"", ""across</w>"", ""a</w>"", ""calm</w>"", ""far"", ""my"", ""ard</w>"", "".</w>"", ""this</w>"", ""sentence</w>"", ""describes</w>"", ""the</w>"", ""concept</w>"", ""<|endoftext|>""]",6353,concept</w>,28,30,77,False
fixed_suffix,description,"Against soft morning light, a mountain forest containing berry thickets defines bulky streamside-fisher.","Against soft morning light, a mountain forest containing berry thickets defines bulky streamside-fisher. This sentence describes the concept","[49406, 1601, 3773, 1119, 1395, 267, 320, 3965, 4167, 20281, 3488, 26107, 1632, 28218, 2572, 2383, 8659, 1145, 268, 9176, 269, 589, 12737, 13678, 518, 6353, 49407]","[""<|startoftext|>"", ""against</w>"", ""soft</w>"", ""morning</w>"", ""light</w>"", "",</w>"", ""a</w>"", ""mountain</w>"", ""forest</w>"", ""containing</w>"", ""berry</w>"", ""thic"", ""kets</w>"", ""defines</w>"", ""bul"", ""ky</w>"", ""stream"", ""side</w>"", ""-</w>"", ""fisher</w>"", "".</w>"", ""this</w>"", ""sentence</w>"", ""describes</w>"", ""the</w>"", ""concept</w>"", ""<|endoftext|>""]",6353,concept</w>,25,27,77,False
fixed_suffix,description,A snowy conifer forest crossed by pack tracks distinguishes social mountain hunter near a quiet fence line.,A snowy conifer forest crossed by pack tracks distinguishes social mountain hunter near a quiet fence line. This sentence describes the concept,"[49406, 320, 14191, 39031, 2897, 4167, 11731, 638, 3420, 7579, 15053, 2502, 2346, 3965, 6099, 2252, 320, 7557, 12679, 1148, 269, 589, 12737, 13678, 518, 6353, 49407]","[""<|startoftext|>"", ""a</w>"", ""snowy</w>"", ""coni"", ""fer</w>"", ""forest</w>"", ""crossed</w>"", ""by</w>"", ""pack</w>"", ""tracks</w>"", ""distingui"", ""shes</w>"", ""social</w>"", ""mountain</w>"", ""hunter</w>"", ""near</w>"", ""a</w>"", ""quiet</w>"", ""fence</w>"", ""line</w>"", "".</w>"", ""this</w>"", ""sentence</w>"", ""describes</w>"", ""the</w>"", ""concept</w>"", ""<|endoftext|>""]",6353,concept</w>,25,27,77,False
fixed_suffix,description,Round-eyed meadow nibbler with tall ears carries a garden edge beside low leafy cover across an open grassy clearing.,Round-eyed meadow nibbler with tall ears carries a garden edge beside low leafy cover across an open grassy clearing. This sentence describes the concept,"[49406, 2522, 268, 15512, 17195, 697, 65, 11979, 593, 7771, 9861, 17982, 320, 2756, 5461, 13519, 1042, 42616, 2202, 2500, 550, 1488, 44140, 15481, 269, 589, 12737, 13678, 518, 6353, 49407]","[""<|startoftext|>"", ""round</w>"", ""-</w>"", ""eyed</w>"", ""meadow</w>"", ""ni"", ""b"", ""bler</w>"", ""with</w>"", ""tall</w>"", ""ears</w>"", ""carries</w>"", ""a</w>"", ""garden</w>"", ""edge</w>"", ""beside</w>"", ""low</w>"", ""leafy</w>"", ""cover</w>"", ""across</w>"", ""an</w>"", ""open</w>"", ""grassy</w>"", ""clearing</w>"", "".</w>"", ""this</w>"", ""sentence</w>"", ""describes</w>"", ""the</w>"", ""concept</w>"", ""<|endoftext|>""]",6353,concept</w>,29,31,77,False
fixed_suffix,description,"Within soft morning light, branch-antlered woodland traveler demonstrates a forest edge filled with tender browse.","Within soft morning light, branch-antlered woodland traveler demonstrates a forest edge filled with tender browse. This sentence describes the concept","[49406, 4154, 3773, 1119, 1395, 267, 7998, 268, 1103, 534, 736, 17447, 17794, 24806, 320, 4167, 5461, 5589, 593, 9838, 19060, 269, 589, 12737, 13678, 518, 6353, 49407]","[""<|startoftext|>"", ""within</w>"", ""soft</w>"", ""morning</w>"", ""light</w>"", "",</w>"", ""branch</w>"", ""-</w>"", ""ant"", ""le"", ""red</w>"", ""woodland</w>"", ""traveler</w>"", ""demonstrates</w>"", ""a</w>"", ""forest</w>"", ""edge</w>"", ""filled</w>"", ""with</w>"", ""tender</w>"", ""browse</w>"", "".</w>"", ""this</w>"", ""sentence</w>"", ""describes</w>"", ""the</w>"", ""concept</w>"", ""<|endoftext|>""]",6353,concept</w>,26,28,77,False
fixed_suffix,description,Swift-maned open-field runner displays a quiet barn aisle lined with hay beside a quiet fence line.,Swift-maned open-field runner displays a quiet barn aisle lined with hay beside a quiet fence line. This sentence describes the concept,"[49406, 8229, 268, 723, 538, 1488, 268, 1570, 7913, 15648, 320, 7557, 10942, 26917, 11842, 593, 11367, 13519, 320, 7557, 12679, 1148, 269, 589, 12737, 13678, 518, 6353, 49407]","[""<|startoftext|>"", ""swift</w>"", ""-</w>"", ""man"", ""ed</w>"", ""open</w>"", ""-</w>"", ""field</w>"", ""runner</w>"", ""displays</w>"", ""a</w>"", ""quiet</w>"", ""barn</w>"", ""aisle</w>"", ""lined</w>"", ""with</w>"", ""hay</w>"", ""beside</w>"", ""a</w>"", ""quiet</w>"", ""fence</w>"", ""line</w>"", "".</w>"", ""this</w>"", ""sentence</w>"", ""describes</w>"", ""the</w>"", ""concept</w>"", ""<|endoftext|>""]",6353,concept</w>,27,29,77,False
fixed_suffix,description,"A sunny windowsill above indoor plants distinguishes whiskered house-prowler near a narrow riverside path, where the background preserves its outline.","A sunny windowsill above indoor plants distinguishes whiskered house-prowler near a narrow riverside path, where the background preserves its outline. This sentence describes the concept","[49406, 320, 5438, 3110, 6300, 660, 4348, 9546, 5829, 15053, 2502, 6024, 26690, 1212, 268, 38737, 1803, 2252, 320, 16652, 15809, 5035, 267, 1234, 518, 5994, 44881, 902, 26894, 269, 589, 12737, 13678, 518, 6353, 49407]","[""<|startoftext|>"", ""a</w>"", ""sunny</w>"", ""windo"", ""ws"", ""ill</w>"", ""above</w>"", ""indoor</w>"", ""plants</w>"", ""distingui"", ""shes</w>"", ""whis"", ""kered</w>"", ""house</w>"", ""-</w>"", ""prow"", ""ler</w>"", ""near</w>"", ""a</w>"", ""narrow</w>"", ""riverside</w>"", ""path</w>"", "",</w>"", ""where</w>"", ""the</w>"", ""background</w>"", ""preserves</w>"", ""its</w>"", ""outline</w>"", "".</w>"", ""this</w>"", ""sentence</w>"", ""describes</w>"", ""the</w>"", ""concept</w>"", ""<|endoftext|>""]",6353,concept</w>,34,36,77,False
fixed_suffix,description,"Against a shallow stream bank, a fenced backyard containing scattered toys defines panting ball-chaser; the pose shows balanced proportions.","Against a shallow stream bank, a fenced backyard containing scattered toys defines panting ball-chaser; the pose shows balanced proportions. This sentence describes the concept","[49406, 1601, 320, 23730, 3322, 2723, 267, 320, 5509, 2323, 12608, 20281, 22090, 7162, 28218, 1072, 694, 1069, 268, 29560, 282, 518, 4230, 2665, 15273, 39391, 269, 589, 12737, 13678, 518, 6353, 49407]","[""<|startoftext|>"", ""against</w>"", ""a</w>"", ""shallow</w>"", ""stream</w>"", ""bank</w>"", "",</w>"", ""a</w>"", ""fen"", ""ced</w>"", ""backyard</w>"", ""containing</w>"", ""scattered</w>"", ""toys</w>"", ""defines</w>"", ""pan"", ""ting</w>"", ""ball</w>"", ""-</w>"", ""chaser</w>"", "";</w>"", ""the</w>"", ""pose</w>"", ""shows</w>"", ""balanced</w>"", ""proportions</w>"", "".</w>"", ""this</w>"", ""sentence</w>"", ""describes</w>"", ""the</w>"", ""concept</w>"", ""<|endoftext|>""]",6353,concept</w>,31,33,77,False
fixed_suffix,description,"Against a pale winter field, a quiet meadow during early dawn defines amber-eyed meadow-prowler; the posture remains natural.","Against a pale winter field, a quiet meadow during early dawn defines amber-eyed meadow-prowler; the posture remains natural. This sentence describes the concept","[49406, 1601, 320, 12518, 2541, 1570, 267, 320, 7557, 17195, 1590, 2090, 7689, 28218, 9986, 268, 15512, 17195, 268, 38737, 1803, 282, 518, 29681, 6807, 3288, 269, 589, 12737, 13678, 518, 6353, 49407]","[""<|startoftext|>"", ""against</w>"", ""a</w>"", ""pale</w>"", ""winter</w>"", ""field</w>"", "",</w>"", ""a</w>"", ""quiet</w>"", ""meadow</w>"", ""during</w>"", ""early</w>"", ""dawn</w>"", ""defines</w>"", ""amber</w>"", ""-</w>"", ""eyed</w>"", ""meadow</w>"", ""-</w>"", ""prow"", ""ler</w>"", "";</w>"", ""the</w>"", ""posture</w>"", ""remains</w>"", ""natural</w>"", "".</w>"", ""this</w>"", ""sentence</w>"", ""describes</w>"", ""the</w>"", ""concept</w>"", ""<|endoftext|>""]",6353,concept</w>,31,33,77,False
fixed_suffix,description,"Heavy-pawed backcountry-wanderer displays a mountain forest containing berry thickets beside a quiet fence line, while the viewpoint remains level.","Heavy-pawed backcountry-wanderer displays a mountain forest containing berry thickets beside a quiet fence line, while the viewpoint remains level. This sentence describes the concept","[49406, 4200, 268, 765, 3478, 1663, 2157, 268, 2060, 11289, 15648, 320, 3965, 4167, 20281, 3488, 26107, 1632, 13519, 320, 7557, 12679, 1148, 267, 1519, 518, 41604, 6807, 2931, 269, 589, 12737, 13678, 518, 6353, 49407]","[""<|startoftext|>"", ""heavy</w>"", ""-</w>"", ""pa"", ""wed</w>"", ""back"", ""country</w>"", ""-</w>"", ""wan"", ""derer</w>"", ""displays</w>"", ""a</w>"", ""mountain</w>"", ""forest</w>"", ""containing</w>"", ""berry</w>"", ""thic"", ""kets</w>"", ""beside</w>"", ""a</w>"", ""quiet</w>"", ""fence</w>"", ""line</w>"", "",</w>"", ""while</w>"", ""the</w>"", ""viewpoint</w>"", ""remains</w>"", ""level</w>"", "".</w>"", ""this</w>"", ""sentence</w>"", ""describes</w>"", ""the</w>"", ""concept</w>"", ""<|endoftext|>""]",6353,concept</w>,34,36,77,False
fixed_suffix,description,"A clear view shows amber-eyed pack sentinel with a snowy conifer forest crossed by pack tracks, as ground contact stays clear.","A clear view shows amber-eyed pack sentinel with a snowy conifer forest crossed by pack tracks, as ground contact stays clear. This sentence describes the concept","[49406, 320, 3143, 1093, 2665, 9986, 268, 15512, 3420, 23123, 593, 320, 14191, 39031, 2897, 4167, 11731, 638, 3420, 7579, 267, 601, 2461, 3523, 13311, 3143, 269, 589, 12737, 13678, 518, 6353, 49407]","[""<|startoftext|>"", ""a</w>"", ""clear</w>"", ""view</w>"", ""shows</w>"", ""amber</w>"", ""-</w>"", ""eyed</w>"", ""pack</w>"", ""sentinel</w>"", ""with</w>"", ""a</w>"", ""snowy</w>"", ""coni"", ""fer</w>"", ""forest</w>"", ""crossed</w>"", ""by</w>"", ""pack</w>"", ""tracks</w>"", "",</w>"", ""as</w>"", ""ground</w>"", ""contact</w>"", ""stays</w>"", ""clear</w>"", "".</w>"", ""this</w>"", ""sentence</w>"", ""describes</w>"", ""the</w>"", ""concept</w>"", ""<|endoftext|>""]",6353,concept</w>,31,33,77,False
fixed_suffix,description,"Soft-coated burrow dweller carries a garden edge beside low leafy cover across a patch of dense brush; meanwhile, the posture remains natural.","Soft-coated burrow dweller carries a garden edge beside low leafy cover across a patch of dense brush; meanwhile, the posture remains natural. This sentence describes the concept","[49406, 3773, 268, 23401, 1039, 1044, 27549, 528, 17982, 320, 2756, 5461, 13519, 1042, 42616, 2202, 2500, 320, 8721, 539, 19353, 8594, 282, 9650, 267, 518, 29681, 6807, 3288, 269, 589, 12737, 13678, 518, 6353, 49407]","[""<|startoftext|>"", ""soft</w>"", ""-</w>"", ""coated</w>"", ""bur"", ""row</w>"", ""dwell"", ""er</w>"", ""carries</w>"", ""a</w>"", ""garden</w>"", ""edge</w>"", ""beside</w>"", ""low</w>"", ""leafy</w>"", ""cover</w>"", ""across</w>"", ""a</w>"", ""patch</w>"", ""of</w>"", ""dense</w>"", ""brush</w>"", "";</w>"", ""meanwhile</w>"", "",</w>"", ""the</w>"", ""posture</w>"", ""remains</w>"", ""natural</w>"", "".</w>"", ""this</w>"", ""sentence</w>"", ""describes</w>"", ""the</w>"", ""concept</w>"", ""<|endoftext|>""]",6353,concept</w>,34,36,77,False
fixed_suffix,description,"Brown woodland browser with branching antlers becomes recognizable through a forest edge filled with tender browse, while the head and torso remain visible.","Brown woodland browser with branching antlers becomes recognizable through a forest edge filled with tender browse, while the head and torso remain visible. This sentence describes the concept","[49406, 2866, 17447, 19768, 593, 3684, 1439, 47720, 6766, 47240, 1417, 320, 4167, 5461, 5589, 593, 9838, 19060, 267, 1519, 518, 1375, 537, 937, 706, 6415, 8626, 269, 589, 12737, 13678, 518, 6353, 49407]","[""<|startoftext|>"", ""brown</w>"", ""woodland</w>"", ""browser</w>"", ""with</w>"", ""bran"", ""ching</w>"", ""antlers</w>"", ""becomes</w>"", ""recognizable</w>"", ""through</w>"", ""a</w>"", ""forest</w>"", ""edge</w>"", ""filled</w>"", ""with</w>"", ""tender</w>"", ""browse</w>"", "",</w>"", ""while</w>"", ""the</w>"", ""head</w>"", ""and</w>"", ""tor"", ""so</w>"", ""remain</w>"", ""visible</w>"", "".</w>"", ""this</w>"", ""sentence</w>"", ""describes</w>"", ""the</w>"", ""concept</w>"", ""<|endoftext|>""]",6353,concept</w>,32,34,77,False
fixed_suffix,description,"Beside a calm farmyard, tall saddle-trained riding companion reveals a quiet barn aisle lined with hay; the moment appears unstaged.","Beside a calm farmyard, tall saddle-trained riding companion reveals a quiet barn aisle lined with hay; the moment appears unstaged. This sentence describes the concept","[49406, 13519, 320, 7011, 1578, 1152, 746, 267, 7771, 20283, 268, 10874, 6765, 14963, 6621, 320, 7557, 10942, 26917, 11842, 593, 11367, 282, 518, 2495, 8743, 569, 19906, 269, 589, 12737, 13678, 518, 6353, 49407]","[""<|startoftext|>"", ""beside</w>"", ""a</w>"", ""calm</w>"", ""far"", ""my"", ""ard</w>"", "",</w>"", ""tall</w>"", ""saddle</w>"", ""-</w>"", ""trained</w>"", ""riding</w>"", ""companion</w>"", ""reveals</w>"", ""a</w>"", ""quiet</w>"", ""barn</w>"", ""aisle</w>"", ""lined</w>"", ""with</w>"", ""hay</w>"", "";</w>"", ""the</w>"", ""moment</w>"", ""appears</w>"", ""un"", ""staged</w>"", "".</w>"", ""this</w>"", ""sentence</w>"", ""describes</w>"", ""the</w>"", ""concept</w>"", ""<|endoftext|>""]",6353,concept</w>,33,35,77,False
fixed_suffix,description,"Beside a misty hillside, padded-paw windowsill-watcher reveals a dim hallway containing scattered household shadows; nearby tracks indicate scale.","Beside a misty hillside, padded-paw windowsill-watcher reveals a dim hallway containing scattered household shadows; nearby tracks indicate scale. This sentence describes the concept","[49406, 13519, 320, 18799, 37194, 267, 42253, 268, 16016, 3110, 6300, 660, 268, 35971, 6621, 320, 17523, 26845, 20281, 22090, 12412, 12971, 282, 13314, 7579, 26679, 5879, 269, 589, 12737, 13678, 518, 6353, 49407]","[""<|startoftext|>"", ""beside</w>"", ""a</w>"", ""misty</w>"", ""hillside</w>"", "",</w>"", ""padded</w>"", ""-</w>"", ""paw</w>"", ""windo"", ""ws"", ""ill</w>"", ""-</w>"", ""watcher</w>"", ""reveals</w>"", ""a</w>"", ""dim</w>"", ""hallway</w>"", ""containing</w>"", ""scattered</w>"", ""household</w>"", ""shadows</w>"", "";</w>"", ""nearby</w>"", ""tracks</w>"", ""indicate</w>"", ""scale</w>"", "".</w>"", ""this</w>"", ""sentence</w>"", ""describes</w>"", ""the</w>"", ""concept</w>"", ""<|endoftext|>""]",6353,concept</w>,32,34,77,False
fixed_suffix,description,"Broad-pawed gate-watcher carries an open field suited to running and retrieval across a patch of dense brush; meanwhile, the viewpoint remains level.","Broad-pawed gate-watcher carries an open field suited to running and retrieval across a patch of dense brush; meanwhile, the viewpoint remains level. This sentence describes the concept","[49406, 12623, 268, 765, 3478, 3302, 268, 35971, 17982, 550, 1488, 1570, 25919, 531, 2761, 537, 16918, 9703, 2500, 320, 8721, 539, 19353, 8594, 282, 9650, 267, 518, 41604, 6807, 2931, 269, 589, 12737, 13678, 518, 6353, 49407]","[""<|startoftext|>"", ""broad</w>"", ""-</w>"", ""pa"", ""wed</w>"", ""gate</w>"", ""-</w>"", ""watcher</w>"", ""carries</w>"", ""an</w>"", ""open</w>"", ""field</w>"", ""suited</w>"", ""to</w>"", ""running</w>"", ""and</w>"", ""retri"", ""eval</w>"", ""across</w>"", ""a</w>"", ""patch</w>"", ""of</w>"", ""dense</w>"", ""brush</w>"", "";</w>"", ""meanwhile</w>"", "",</w>"", ""the</w>"", ""viewpoint</w>"", ""remains</w>"", ""level</w>"", "".</w>"", ""this</w>"", ""sentence</w>"", ""describes</w>"", ""the</w>"", ""concept</w>"", ""<|endoftext|>""]",6353,concept</w>,36,38,77,False
fixed_suffix,description,"Within a sunlit garden path, bushy-tailed den-visitor demonstrates a woodland margin beside open grass, where the moment appears unstaged.","Within a sunlit garden path, bushy-tailed den-visitor demonstrates a woodland margin beside open grass, where the moment appears unstaged. This sentence describes the concept","[49406, 4154, 320, 968, 4350, 2756, 5035, 267, 609, 9682, 268, 20626, 1181, 268, 13881, 24806, 320, 17447, 21357, 13519, 1488, 5922, 267, 1234, 518, 2495, 8743, 569, 19906, 269, 589, 12737, 13678, 518, 6353, 49407]","[""<|startoftext|>"", ""within</w>"", ""a</w>"", ""sun"", ""lit</w>"", ""garden</w>"", ""path</w>"", "",</w>"", ""bu"", ""shy</w>"", ""-</w>"", ""tailed</w>"", ""den</w>"", ""-</w>"", ""visitor</w>"", ""demonstrates</w>"", ""a</w>"", ""woodland</w>"", ""margin</w>"", ""beside</w>"", ""open</w>"", ""grass</w>"", "",</w>"", ""where</w>"", ""the</w>"", ""moment</w>"", ""appears</w>"", ""un"", ""staged</w>"", "".</w>"", ""this</w>"", ""sentence</w>"", ""describes</w>"", ""the</w>"", ""concept</w>"", ""<|endoftext|>""]",6353,concept</w>,34,36,77,False
fixed_suffix,description,"A cold river crowded by migrating fish distinguishes long-clawed wilderness-resident near a shallow stream bank, where nearby tracks indicate scale.","A cold river crowded by migrating fish distinguishes long-clawed wilderness-resident near a shallow stream bank, where nearby tracks indicate scale. This sentence describes the concept","[49406, 320, 3153, 2473, 20182, 638, 43604, 2759, 15053, 2502, 1538, 268, 940, 3478, 16506, 268, 9016, 2252, 320, 23730, 3322, 2723, 267, 1234, 13314, 7579, 26679, 5879, 269, 589, 12737, 13678, 518, 6353, 49407]","[""<|startoftext|>"", ""a</w>"", ""cold</w>"", ""river</w>"", ""crowded</w>"", ""by</w>"", ""migrating</w>"", ""fish</w>"", ""distingui"", ""shes</w>"", ""long</w>"", ""-</w>"", ""cla"", ""wed</w>"", ""wilderness</w>"", ""-</w>"", ""resident</w>"", ""near</w>"", ""a</w>"", ""shallow</w>"", ""stream</w>"", ""bank</w>"", "",</w>"", ""where</w>"", ""nearby</w>"", ""tracks</w>"", ""indicate</w>"", ""scale</w>"", "".</w>"", ""this</w>"", ""sentence</w>"", ""describes</w>"", ""the</w>"", ""concept</w>"", ""<|endoftext|>""]",6353,concept</w>,33,35,77,False
fixed_suffix,description,"Deep-chested roaming predator becomes recognizable through a snowy conifer forest crossed by pack tracks, while its full body stays visible.","Deep-chested roaming predator becomes recognizable through a snowy conifer forest crossed by pack tracks, while its full body stays visible. This sentence describes the concept","[49406, 3383, 268, 983, 1356, 29240, 20653, 6766, 47240, 1417, 320, 14191, 39031, 2897, 4167, 11731, 638, 3420, 7579, 267, 1519, 902, 1476, 1774, 13311, 8626, 269, 589, 12737, 13678, 518, 6353, 49407]","[""<|startoftext|>"", ""deep</w>"", ""-</w>"", ""che"", ""sted</w>"", ""roaming</w>"", ""predator</w>"", ""becomes</w>"", ""recognizable</w>"", ""through</w>"", ""a</w>"", ""snowy</w>"", ""coni"", ""fer</w>"", ""forest</w>"", ""crossed</w>"", ""by</w>"", ""pack</w>"", ""tracks</w>"", "",</w>"", ""while</w>"", ""its</w>"", ""full</w>"", ""body</w>"", ""stays</w>"", ""visible</w>"", "".</w>"", ""this</w>"", ""sentence</w>"", ""describes</w>"", ""the</w>"", ""concept</w>"", ""<|endoftext|>""]",6353,concept</w>,31,33,77,False
fixed_suffix,description,"Beside a sunlit garden path, compact meadow forager reveals a grassy meadow dotted with hidden burrow openings; soft light preserves surface detail.","Beside a sunlit garden path, compact meadow forager reveals a grassy meadow dotted with hidden burrow openings; soft light preserves surface detail. This sentence describes the concept","[49406, 13519, 320, 968, 4350, 2756, 5035, 267, 13690, 17195, 645, 10443, 6621, 320, 44140, 17195, 47950, 593, 7029, 1039, 1044, 27643, 282, 3773, 1395, 44881, 7744, 7657, 269, 589, 12737, 13678, 518, 6353, 49407]","[""<|startoftext|>"", ""beside</w>"", ""a</w>"", ""sun"", ""lit</w>"", ""garden</w>"", ""path</w>"", "",</w>"", ""compact</w>"", ""meadow</w>"", ""for"", ""ager</w>"", ""reveals</w>"", ""a</w>"", ""grassy</w>"", ""meadow</w>"", ""dotted</w>"", ""with</w>"", ""hidden</w>"", ""bur"", ""row</w>"", ""openings</w>"", "";</w>"", ""soft</w>"", ""light</w>"", ""preserves</w>"", ""surface</w>"", ""detail</w>"", "".</w>"", ""this</w>"", ""sentence</w>"", ""describes</w>"", ""the</w>"", ""concept</w>"", ""<|endoftext|>""]",6353,concept</w>,33,35,77,False
fixed_suffix,description,"An autumn ridge beneath scattered oak trees distinguishes long-legged herd grazer near a shaded woodland edge, where the posture remains natural.","An autumn ridge beneath scattered oak trees distinguishes long-legged herd grazer near a shaded woodland edge, where the posture remains natural. This sentence describes the concept","[49406, 550, 6110, 6352, 16850, 22090, 7221, 4682, 15053, 2502, 1538, 268, 25830, 18589, 782, 3716, 2252, 320, 43506, 17447, 5461, 267, 1234, 518, 29681, 6807, 3288, 269, 589, 12737, 13678, 518, 6353, 49407]","[""<|startoftext|>"", ""an</w>"", ""autumn</w>"", ""ridge</w>"", ""beneath</w>"", ""scattered</w>"", ""oak</w>"", ""trees</w>"", ""distingui"", ""shes</w>"", ""long</w>"", ""-</w>"", ""legged</w>"", ""herd</w>"", ""gra"", ""zer</w>"", ""near</w>"", ""a</w>"", ""shaded</w>"", ""woodland</w>"", ""edge</w>"", "",</w>"", ""where</w>"", ""the</w>"", ""posture</w>"", ""remains</w>"", ""natural</w>"", "".</w>"", ""this</w>"", ""sentence</w>"", ""describes</w>"", ""the</w>"", ""concept</w>"", ""<|endoftext|>""]",6353,concept</w>,32,34,77,False
fixed_suffix,description,"Against a calm farmyard, a fenced pasture beside a wooden stable defines saddle-trained trail companion; the background preserves its outline.","Against a calm farmyard, a fenced pasture beside a wooden stable defines saddle-trained trail companion; the background preserves its outline. This sentence describes the concept","[49406, 1601, 320, 7011, 1578, 1152, 746, 267, 320, 5509, 2323, 34764, 13519, 320, 9057, 10492, 28218, 20283, 268, 10874, 4921, 14963, 282, 518, 5994, 44881, 902, 26894, 269, 589, 12737, 13678, 518, 6353, 49407]","[""<|startoftext|>"", ""against</w>"", ""a</w>"", ""calm</w>"", ""far"", ""my"", ""ard</w>"", "",</w>"", ""a</w>"", ""fen"", ""ced</w>"", ""pasture</w>"", ""beside</w>"", ""a</w>"", ""wooden</w>"", ""stable</w>"", ""defines</w>"", ""saddle</w>"", ""-</w>"", ""trained</w>"", ""trail</w>"", ""companion</w>"", "";</w>"", ""the</w>"", ""background</w>"", ""preserves</w>"", ""its</w>"", ""outline</w>"", "".</w>"", ""this</w>"", ""sentence</w>"", ""describes</w>"", ""the</w>"", ""concept</w>"", ""<|endoftext|>""]",6353,concept</w>,33,35,77,False
fixed_suffix,description,Gentle brushing while remaining loosely curled identifies a soft-pawed indoor hunter.,Gentle brushing while remaining loosely curled identifies a soft-pawed indoor hunter. This sentence describes the concept,"[49406, 13577, 35072, 1519, 11392, 731, 8402, 43734, 35712, 320, 3773, 268, 765, 3478, 9546, 6099, 269, 589, 12737, 13678, 518, 6353, 49407]","[""<|startoftext|>"", ""gentle</w>"", ""brushing</w>"", ""while</w>"", ""remaining</w>"", ""loo"", ""sely</w>"", ""curled</w>"", ""identifies</w>"", ""a</w>"", ""soft</w>"", ""-</w>"", ""pa"", ""wed</w>"", ""indoor</w>"", ""hunter</w>"", "".</w>"", ""this</w>"", ""sentence</w>"", ""describes</w>"", ""the</w>"", ""concept</w>"", ""<|endoftext|>""]",6353,concept</w>,21,23,77,False
fixed_suffix,description,A broad-pawed walking partner reveals a walking partner by matching their pace.,A broad-pawed walking partner reveals a walking partner by matching their pace. This sentence describes the concept,"[49406, 320, 12623, 268, 765, 3478, 3941, 4568, 6621, 320, 3941, 4568, 638, 11840, 911, 9450, 269, 589, 12737, 13678, 518, 6353, 49407]","[""<|startoftext|>"", ""a</w>"", ""broad</w>"", ""-</w>"", ""pa"", ""wed</w>"", ""walking</w>"", ""partner</w>"", ""reveals</w>"", ""a</w>"", ""walking</w>"", ""partner</w>"", ""by</w>"", ""matching</w>"", ""their</w>"", ""pace</w>"", "".</w>"", ""this</w>"", ""sentence</w>"", ""describes</w>"", ""the</w>"", ""concept</w>"", ""<|endoftext|>""]",6353,concept</w>,21,23,77,False
fixed_suffix,description,An amber-eyed meadow prowler reveals a distant observer before retreating into brush.,An amber-eyed meadow prowler reveals a distant observer before retreating into brush. This sentence describes the concept,"[49406, 550, 9986, 268, 15512, 17195, 38737, 1803, 6621, 320, 18949, 22077, 1348, 515, 13842, 1095, 8594, 269, 589, 12737, 13678, 518, 6353, 49407]","[""<|startoftext|>"", ""an</w>"", ""amber</w>"", ""-</w>"", ""eyed</w>"", ""meadow</w>"", ""prow"", ""ler</w>"", ""reveals</w>"", ""a</w>"", ""distant</w>"", ""observer</w>"", ""before</w>"", ""re"", ""treating</w>"", ""into</w>"", ""brush</w>"", "".</w>"", ""this</w>"", ""sentence</w>"", ""describes</w>"", ""the</w>"", ""concept</w>"", ""<|endoftext|>""]",6353,concept</w>,22,24,77,False
fixed_suffix,description,A distant hiker before turning toward cover marks a thick-furred woodland giant.,A distant hiker before turning toward cover marks a thick-furred woodland giant. This sentence describes the concept,"[49406, 320, 18949, 40947, 1348, 4976, 8508, 2202, 5466, 320, 11006, 268, 2395, 736, 17447, 4687, 269, 589, 12737, 13678, 518, 6353, 49407]","[""<|startoftext|>"", ""a</w>"", ""distant</w>"", ""hiker</w>"", ""before</w>"", ""turning</w>"", ""toward</w>"", ""cover</w>"", ""marks</w>"", ""a</w>"", ""thick</w>"", ""-</w>"", ""fur"", ""red</w>"", ""woodland</w>"", ""giant</w>"", "".</w>"", ""this</w>"", ""sentence</w>"", ""describes</w>"", ""the</w>"", ""concept</w>"", ""<|endoftext|>""]",6353,concept</w>,21,23,77,False
fixed_suffix,description,Careful sniffing around an abandoned sled track defines a long-legged wilderness hunter.,Careful sniffing around an abandoned sled track defines a long-legged wilderness hunter. This sentence describes the concept,"[49406, 11999, 7186, 16592, 1630, 550, 11227, 28438, 2700, 28218, 320, 1538, 268, 25830, 16506, 6099, 269, 589, 12737, 13678, 518, 6353, 49407]","[""<|startoftext|>"", ""careful</w>"", ""sni"", ""ffing</w>"", ""around</w>"", ""an</w>"", ""abandoned</w>"", ""sled</w>"", ""track</w>"", ""defines</w>"", ""a</w>"", ""long</w>"", ""-</w>"", ""legged</w>"", ""wilderness</w>"", ""hunter</w>"", "".</w>"", ""this</w>"", ""sentence</w>"", ""describes</w>"", ""the</w>"", ""concept</w>"", ""<|endoftext|>""]",6353,concept</w>,21,23,77,False
fixed_suffix,description,Gentle sniffing of a hand holding leafy greens defines a short-tailed garden visitor.,Gentle sniffing of a hand holding leafy greens defines a short-tailed garden visitor. This sentence describes the concept,"[49406, 13577, 7186, 16592, 539, 320, 2463, 5050, 42616, 10235, 28218, 320, 3005, 268, 20626, 2756, 13881, 269, 589, 12737, 13678, 518, 6353, 49407]","[""<|startoftext|>"", ""gentle</w>"", ""sni"", ""ffing</w>"", ""of</w>"", ""a</w>"", ""hand</w>"", ""holding</w>"", ""leafy</w>"", ""greens</w>"", ""defines</w>"", ""a</w>"", ""short</w>"", ""-</w>"", ""tailed</w>"", ""garden</w>"", ""visitor</w>"", "".</w>"", ""this</w>"", ""sentence</w>"", ""describes</w>"", ""the</w>"", ""concept</w>"", ""<|endoftext|>""]",6353,concept</w>,22,24,77,False
fixed_suffix,description,Alert watching of a distant roadside vehicle defines a pale-rumped grazer.,Alert watching of a distant roadside vehicle defines a pale-rumped grazer. This sentence describes the concept,"[49406, 4662, 2113, 539, 320, 18949, 26928, 5299, 28218, 320, 12518, 268, 681, 28134, 782, 3716, 269, 589, 12737, 13678, 518, 6353, 49407]","[""<|startoftext|>"", ""alert</w>"", ""watching</w>"", ""of</w>"", ""a</w>"", ""distant</w>"", ""roadside</w>"", ""vehicle</w>"", ""defines</w>"", ""a</w>"", ""pale</w>"", ""-</w>"", ""ru"", ""mped</w>"", ""gra"", ""zer</w>"", "".</w>"", ""this</w>"", ""sentence</w>"", ""describes</w>"", ""the</w>"", ""concept</w>"", ""<|endoftext|>""]",6353,concept</w>,21,23,77,False
fixed_suffix,description,An upright-eared pasture grazer has steady response to a rider's rein signal.,An upright-eared pasture grazer has steady response to a rider's rein signal. This sentence describes the concept,"[49406, 550, 29818, 268, 9127, 34764, 782, 3716, 791, 12937, 5399, 531, 320, 9707, 568, 45009, 10781, 269, 589, 12737, 13678, 518, 6353, 49407]","[""<|startoftext|>"", ""an</w>"", ""upright</w>"", ""-</w>"", ""eared</w>"", ""pasture</w>"", ""gra"", ""zer</w>"", ""has</w>"", ""steady</w>"", ""response</w>"", ""to</w>"", ""a</w>"", ""rider</w>"", ""'s</w>"", ""rein</w>"", ""signal</w>"", "".</w>"", ""this</w>"", ""sentence</w>"", ""describes</w>"", ""the</w>"", ""concept</w>"", ""<|endoftext|>""]",6353,concept</w>,22,24,77,False
fixed_suffix,description,A whiskered lap companion has nearby footsteps before following between rooms.,A whiskered lap companion has nearby footsteps before following between rooms. This sentence describes the concept,"[49406, 320, 6024, 26690, 8639, 14963, 791, 13314, 27289, 1348, 3473, 1957, 6328, 269, 589, 12737, 13678, 518, 6353, 49407]","[""<|startoftext|>"", ""a</w>"", ""whis"", ""kered</w>"", ""lap</w>"", ""companion</w>"", ""has</w>"", ""nearby</w>"", ""footsteps</w>"", ""before</w>"", ""following</w>"", ""between</w>"", ""rooms</w>"", "".</w>"", ""this</w>"", ""sentence</w>"", ""describes</w>"", ""the</w>"", ""concept</w>"", ""<|endoftext|>""]",6353,concept</w>,18,20,77,False
fixed_suffix,description,A wagging yard guardian has a handler's gesture before sitting attentively.,A wagging yard guardian has a handler's gesture before sitting attentively. This sentence describes the concept,"[49406, 320, 5764, 3905, 4313, 9498, 791, 320, 29097, 568, 21780, 1348, 4919, 1017, 1938, 1708, 269, 589, 12737, 13678, 518, 6353, 49407]","[""<|startoftext|>"", ""a</w>"", ""wag"", ""ging</w>"", ""yard</w>"", ""guardian</w>"", ""has</w>"", ""a</w>"", ""handler</w>"", ""'s</w>"", ""gesture</w>"", ""before</w>"", ""sitting</w>"", ""att"", ""enti"", ""vely</w>"", "".</w>"", ""this</w>"", ""sentence</w>"", ""describes</w>"", ""the</w>"", ""concept</w>"", ""<|endoftext|>""]",6353,concept</w>,21,23,77,False
fixed_suffix,description,A distant observer before retreating into brush marks a russet snowline hunter.,A distant observer before retreating into brush marks a russet snowline hunter. This sentence describes the concept,"[49406, 320, 18949, 22077, 1348, 515, 13842, 1095, 8594, 5466, 320, 35811, 1167, 3880, 1148, 6099, 269, 589, 12737, 13678, 518, 6353, 49407]","[""<|startoftext|>"", ""a</w>"", ""distant</w>"", ""observer</w>"", ""before</w>"", ""re"", ""treating</w>"", ""into</w>"", ""brush</w>"", ""marks</w>"", ""a</w>"", ""rus"", ""set</w>"", ""snow"", ""line</w>"", ""hunter</w>"", "".</w>"", ""this</w>"", ""sentence</w>"", ""describes</w>"", ""the</w>"", ""concept</w>"", ""<|endoftext|>""]",6353,concept</w>,21,23,77,False
fixed_suffix,description,An empty trail after detecting approaching voices identifies a massive shaggy forager.,An empty trail after detecting approaching voices identifies a massive shaggy forager. This sentence describes the concept,"[49406, 550, 7893, 4921, 953, 41290, 12164, 9144, 35712, 320, 4818, 42662, 645, 10443, 269, 589, 12737, 13678, 518, 6353, 49407]","[""<|startoftext|>"", ""an</w>"", ""empty</w>"", ""trail</w>"", ""after</w>"", ""detecting</w>"", ""approaching</w>"", ""voices</w>"", ""identifies</w>"", ""a</w>"", ""massive</w>"", ""shaggy</w>"", ""for"", ""ager</w>"", "".</w>"", ""this</w>"", ""sentence</w>"", ""describes</w>"", ""the</w>"", ""concept</w>"", ""<|endoftext|>""]",6353,concept</w>,19,21,77,False
fixed_suffix,description,A wild gray pack hunter shows careful sniffing around an abandoned sled track.,A wild gray pack hunter shows careful sniffing around an abandoned sled track. This sentence describes the concept,"[49406, 320, 3220, 7048, 3420, 6099, 2665, 11999, 7186, 16592, 1630, 550, 11227, 28438, 2700, 269, 589, 12737, 13678, 518, 6353, 49407]","[""<|startoftext|>"", ""a</w>"", ""wild</w>"", ""gray</w>"", ""pack</w>"", ""hunter</w>"", ""shows</w>"", ""careful</w>"", ""sni"", ""ffing</w>"", ""around</w>"", ""an</w>"", ""abandoned</w>"", ""sled</w>"", ""track</w>"", "".</w>"", ""this</w>"", ""sentence</w>"", ""describes</w>"", ""the</w>"", ""concept</w>"", ""<|endoftext|>""]",6353,concept</w>,20,22,77,False
fixed_suffix,description,A relaxed long-eared grazer displays curious inspection of a cardboard tunnel.,A relaxed long-eared grazer displays curious inspection of a cardboard tunnel. This sentence describes the concept,"[49406, 320, 18999, 1538, 268, 9127, 782, 3716, 15648, 9865, 15142, 539, 320, 19845, 11096, 269, 589, 12737, 13678, 518, 6353, 49407]","[""<|startoftext|>"", ""a</w>"", ""relaxed</w>"", ""long</w>"", ""-</w>"", ""eared</w>"", ""gra"", ""zer</w>"", ""displays</w>"", ""curious</w>"", ""inspection</w>"", ""of</w>"", ""a</w>"", ""cardboard</w>"", ""tunnel</w>"", "".</w>"", ""this</w>"", ""sentence</w>"", ""describes</w>"", ""the</w>"", ""concept</w>"", ""<|endoftext|>""]",6353,concept</w>,20,22,77,False
fixed_suffix,description,Careful approach toward a salt block marks a white-tailed meadow grazer.,Careful approach toward a salt block marks a white-tailed meadow grazer. This sentence describes the concept,"[49406, 11999, 6241, 8508, 320, 6611, 4593, 5466, 320, 1579, 268, 20626, 17195, 782, 3716, 269, 589, 12737, 13678, 518, 6353, 49407]","[""<|startoftext|>"", ""careful</w>"", ""approach</w>"", ""toward</w>"", ""a</w>"", ""salt</w>"", ""block</w>"", ""marks</w>"", ""a</w>"", ""white</w>"", ""-</w>"", ""tailed</w>"", ""meadow</w>"", ""gra"", ""zer</w>"", "".</w>"", ""this</w>"", ""sentence</w>"", ""describes</w>"", ""the</w>"", ""concept</w>"", ""<|endoftext|>""]",6353,concept</w>,20,22,77,False
fixed_suffix,description,Careful stepping into a waiting trailer defines a long-maned pasture runner.,Careful stepping into a waiting trailer defines a long-maned pasture runner. This sentence describes the concept,"[49406, 11999, 15906, 1095, 320, 2680, 4700, 28218, 320, 1538, 268, 723, 538, 34764, 7913, 269, 589, 12737, 13678, 518, 6353, 49407]","[""<|startoftext|>"", ""careful</w>"", ""stepping</w>"", ""into</w>"", ""a</w>"", ""waiting</w>"", ""trailer</w>"", ""defines</w>"", ""a</w>"", ""long</w>"", ""-</w>"", ""man"", ""ed</w>"", ""pasture</w>"", ""runner</w>"", "".</w>"", ""this</w>"", ""sentence</w>"", ""describes</w>"", ""the</w>"", ""concept</w>"", ""<|endoftext|>""]",6353,concept</w>,20,22,77,False
fixed_suffix,description,"Beside soft morning light, purring room-explorer reveals an offered hand before rubbing its cheek.","Beside soft morning light, purring room-explorer reveals an offered hand before rubbing its cheek. This sentence describes the concept","[49406, 13519, 3773, 1119, 1395, 267, 1727, 2540, 1530, 268, 15776, 6621, 550, 9395, 2463, 1348, 41262, 902, 21227, 269, 589, 12737, 13678, 518, 6353, 49407]","[""<|startoftext|>"", ""beside</w>"", ""soft</w>"", ""morning</w>"", ""light</w>"", "",</w>"", ""pur"", ""ring</w>"", ""room</w>"", ""-</w>"", ""explorer</w>"", ""reveals</w>"", ""an</w>"", ""offered</w>"", ""hand</w>"", ""before</w>"", ""rubbing</w>"", ""its</w>"", ""cheek</w>"", "".</w>"", ""this</w>"", ""sentence</w>"", ""describes</w>"", ""the</w>"", ""concept</w>"", ""<|endoftext|>""]",6353,concept</w>,24,26,77,False
fixed_suffix,description,A walking partner by matching their pace distinguishes broad-pawed gate-watcher near low evening light.,A walking partner by matching their pace distinguishes broad-pawed gate-watcher near low evening light. This sentence describes the concept,"[49406, 320, 3941, 4568, 638, 11840, 911, 9450, 15053, 2502, 12623, 268, 765, 3478, 3302, 268, 35971, 2252, 1042, 2285, 1395, 269, 589, 12737, 13678, 518, 6353, 49407]","[""<|startoftext|>"", ""a</w>"", ""walking</w>"", ""partner</w>"", ""by</w>"", ""matching</w>"", ""their</w>"", ""pace</w>"", ""distingui"", ""shes</w>"", ""broad</w>"", ""-</w>"", ""pa"", ""wed</w>"", ""gate</w>"", ""-</w>"", ""watcher</w>"", ""near</w>"", ""low</w>"", ""evening</w>"", ""light</w>"", "".</w>"", ""this</w>"", ""sentence</w>"", ""describes</w>"", ""the</w>"", ""concept</w>"", ""<|endoftext|>""]",6353,concept</w>,26,28,77,False
fixed_suffix,description,Sharp-eared field-stalker carries a roadside light with a brief cautious pause across a calm farmyard.,Sharp-eared field-stalker carries a roadside light with a brief cautious pause across a calm farmyard. This sentence describes the concept,"[49406, 8157, 268, 9127, 1570, 268, 26777, 17982, 320, 26928, 1395, 593, 320, 8954, 36579, 19439, 2500, 320, 7011, 1578, 1152, 746, 269, 589, 12737, 13678, 518, 6353, 49407]","[""<|startoftext|>"", ""sharp</w>"", ""-</w>"", ""eared</w>"", ""field</w>"", ""-</w>"", ""stalker</w>"", ""carries</w>"", ""a</w>"", ""roadside</w>"", ""light</w>"", ""with</w>"", ""a</w>"", ""brief</w>"", ""cautious</w>"", ""pause</w>"", ""across</w>"", ""a</w>"", ""calm</w>"", ""far"", ""my"", ""ard</w>"", "".</w>"", ""this</w>"", ""sentence</w>"", ""describes</w>"", ""the</w>"", ""concept</w>"", ""<|endoftext|>""]",6353,concept</w>,27,29,77,False
fixed_suffix,description,Long-clawed wilderness-resident carries an empty trail after detecting approaching voices across a rocky meadow.,Long-clawed wilderness-resident carries an empty trail after detecting approaching voices across a rocky meadow. This sentence describes the concept,"[49406, 1538, 268, 940, 3478, 16506, 268, 9016, 17982, 550, 7893, 4921, 953, 41290, 12164, 9144, 2500, 320, 9648, 17195, 269, 589, 12737, 13678, 518, 6353, 49407]","[""<|startoftext|>"", ""long</w>"", ""-</w>"", ""cla"", ""wed</w>"", ""wilderness</w>"", ""-</w>"", ""resident</w>"", ""carries</w>"", ""an</w>"", ""empty</w>"", ""trail</w>"", ""after</w>"", ""detecting</w>"", ""approaching</w>"", ""voices</w>"", ""across</w>"", ""a</w>"", ""rocky</w>"", ""meadow</w>"", "".</w>"", ""this</w>"", ""sentence</w>"", ""describes</w>"", ""the</w>"", ""concept</w>"", ""<|endoftext|>""]",6353,concept</w>,25,27,77,False
fixed_suffix,description,"Within a quiet fence line, pale-muzzled forest pack hunter demonstrates cautious inspection of a distant trail camera.","Within a quiet fence line, pale-muzzled forest pack hunter demonstrates cautious inspection of a distant trail camera. This sentence describes the concept","[49406, 4154, 320, 7557, 12679, 1148, 267, 12518, 268, 670, 39075, 4167, 3420, 6099, 24806, 36579, 15142, 539, 320, 18949, 4921, 3934, 269, 589, 12737, 13678, 518, 6353, 49407]","[""<|startoftext|>"", ""within</w>"", ""a</w>"", ""quiet</w>"", ""fence</w>"", ""line</w>"", "",</w>"", ""pale</w>"", ""-</w>"", ""mu"", ""zzled</w>"", ""forest</w>"", ""pack</w>"", ""hunter</w>"", ""demonstrates</w>"", ""cautious</w>"", ""inspection</w>"", ""of</w>"", ""a</w>"", ""distant</w>"", ""trail</w>"", ""camera</w>"", "".</w>"", ""this</w>"", ""sentence</w>"", ""describes</w>"", ""the</w>"", ""concept</w>"", ""<|endoftext|>""]",6353,concept</w>,27,29,77,False
fixed_suffix,description,"Beside a shallow stream bank, small hopping burrow forager reveals quick retreat beneath a low garden bench.","Beside a shallow stream bank, small hopping burrow forager reveals quick retreat beneath a low garden bench. This sentence describes the concept","[49406, 13519, 320, 23730, 3322, 2723, 267, 2442, 27606, 1039, 1044, 645, 10443, 6621, 3712, 11210, 16850, 320, 1042, 2756, 8771, 269, 589, 12737, 13678, 518, 6353, 49407]","[""<|startoftext|>"", ""beside</w>"", ""a</w>"", ""shallow</w>"", ""stream</w>"", ""bank</w>"", "",</w>"", ""small</w>"", ""hopping</w>"", ""bur"", ""row</w>"", ""for"", ""ager</w>"", ""reveals</w>"", ""quick</w>"", ""retreat</w>"", ""beneath</w>"", ""a</w>"", ""low</w>"", ""garden</w>"", ""bench</w>"", "".</w>"", ""this</w>"", ""sentence</w>"", ""describes</w>"", ""the</w>"", ""concept</w>"", ""<|endoftext|>""]",6353,concept</w>,26,28,77,False
fixed_suffix,description,Brown woodland browser with branching antlers displays a sudden retreat from boots on the trail beside soft morning light.,Brown woodland browser with branching antlers displays a sudden retreat from boots on the trail beside soft morning light. This sentence describes the concept,"[49406, 2866, 17447, 19768, 593, 3684, 1439, 47720, 15648, 320, 15433, 11210, 633, 7319, 525, 518, 4921, 13519, 3773, 1119, 1395, 269, 589, 12737, 13678, 518, 6353, 49407]","[""<|startoftext|>"", ""brown</w>"", ""woodland</w>"", ""browser</w>"", ""with</w>"", ""bran"", ""ching</w>"", ""antlers</w>"", ""displays</w>"", ""a</w>"", ""sudden</w>"", ""retreat</w>"", ""from</w>"", ""boots</w>"", ""on</w>"", ""the</w>"", ""trail</w>"", ""beside</w>"", ""soft</w>"", ""morning</w>"", ""light</w>"", "".</w>"", ""this</w>"", ""sentence</w>"", ""describes</w>"", ""the</w>"", ""concept</w>"", ""<|endoftext|>""]",6353,concept</w>,26,28,77,False
fixed_suffix,description,A clear view shows powerful paddock runner with steady response to a rider's rein signal near a broad dirt trail.,A clear view shows powerful paddock runner with steady response to a rider's rein signal near a broad dirt trail. This sentence describes the concept,"[49406, 320, 3143, 1093, 2665, 4875, 29590, 7913, 593, 12937, 5399, 531, 320, 9707, 568, 45009, 10781, 2252, 320, 12623, 11795, 4921, 269, 589, 12737, 13678, 518, 6353, 49407]","[""<|startoftext|>"", ""a</w>"", ""clear</w>"", ""view</w>"", ""shows</w>"", ""powerful</w>"", ""paddock</w>"", ""runner</w>"", ""with</w>"", ""steady</w>"", ""response</w>"", ""to</w>"", ""a</w>"", ""rider</w>"", ""'s</w>"", ""rein</w>"", ""signal</w>"", ""near</w>"", ""a</w>"", ""broad</w>"", ""dirt</w>"", ""trail</w>"", "".</w>"", ""this</w>"", ""sentence</w>"", ""describes</w>"", ""the</w>"", ""concept</w>"", ""<|endoftext|>""]",6353,concept</w>,27,29,77,False
fixed_suffix,description,"Within a broad dirt trail, striped hearthside-prowler demonstrates gentle brushing while remaining loosely curled, where the pose shows balanced proportions.","Within a broad dirt trail, striped hearthside-prowler demonstrates gentle brushing while remaining loosely curled, where the pose shows balanced proportions. This sentence describes the concept","[49406, 4154, 320, 12623, 11795, 4921, 267, 22192, 31563, 1145, 268, 38737, 1803, 24806, 13577, 35072, 1519, 11392, 731, 8402, 43734, 267, 1234, 518, 4230, 2665, 15273, 39391, 269, 589, 12737, 13678, 518, 6353, 49407]","[""<|startoftext|>"", ""within</w>"", ""a</w>"", ""broad</w>"", ""dirt</w>"", ""trail</w>"", "",</w>"", ""striped</w>"", ""hearth"", ""side</w>"", ""-</w>"", ""prow"", ""ler</w>"", ""demonstrates</w>"", ""gentle</w>"", ""brushing</w>"", ""while</w>"", ""remaining</w>"", ""loo"", ""sely</w>"", ""curled</w>"", "",</w>"", ""where</w>"", ""the</w>"", ""pose</w>"", ""shows</w>"", ""balanced</w>"", ""proportions</w>"", "".</w>"", ""this</w>"", ""sentence</w>"", ""describes</w>"", ""the</w>"", ""concept</w>"", ""<|endoftext|>""]",6353,concept</w>,33,35,77,False
fixed_suffix,description,"A returning person with vigorous tail sweeps distinguishes tongue-out family-companion near a narrow riverside path, where the posture remains natural.","A returning person with vigorous tail sweeps distinguishes tongue-out family-companion near a narrow riverside path, where the posture remains natural. This sentence describes the concept","[49406, 320, 9290, 2533, 593, 26781, 879, 4132, 26887, 15053, 2502, 13626, 268, 620, 1315, 268, 14963, 2252, 320, 16652, 15809, 5035, 267, 1234, 518, 29681, 6807, 3288, 269, 589, 12737, 13678, 518, 6353, 49407]","[""<|startoftext|>"", ""a</w>"", ""returning</w>"", ""person</w>"", ""with</w>"", ""vigor"", ""ous</w>"", ""tail</w>"", ""sweeps</w>"", ""distingui"", ""shes</w>"", ""tongue</w>"", ""-</w>"", ""out</w>"", ""family</w>"", ""-</w>"", ""companion</w>"", ""near</w>"", ""a</w>"", ""narrow</w>"", ""riverside</w>"", ""path</w>"", "",</w>"", ""where</w>"", ""the</w>"", ""posture</w>"", ""remains</w>"", ""natural</w>"", "".</w>"", ""this</w>"", ""sentence</w>"", ""describes</w>"", ""the</w>"", ""concept</w>"", ""<|endoftext|>""]",6353,concept</w>,33,35,77,False
fixed_suffix,description,"A clear view shows bushy-tailed den-visitor with discarded food while remaining ready to flee, as the head and torso remain visible.","A clear view shows bushy-tailed den-visitor with discarded food while remaining ready to flee, as the head and torso remain visible. This sentence describes the concept","[49406, 320, 3143, 1093, 2665, 609, 9682, 268, 20626, 1181, 268, 13881, 593, 45197, 1559, 1519, 11392, 1112, 531, 30167, 267, 601, 518, 1375, 537, 937, 706, 6415, 8626, 269, 589, 12737, 13678, 518, 6353, 49407]","[""<|startoftext|>"", ""a</w>"", ""clear</w>"", ""view</w>"", ""shows</w>"", ""bu"", ""shy</w>"", ""-</w>"", ""tailed</w>"", ""den</w>"", ""-</w>"", ""visitor</w>"", ""with</w>"", ""discarded</w>"", ""food</w>"", ""while</w>"", ""remaining</w>"", ""ready</w>"", ""to</w>"", ""flee</w>"", "",</w>"", ""as</w>"", ""the</w>"", ""head</w>"", ""and</w>"", ""tor"", ""so</w>"", ""remain</w>"", ""visible</w>"", "".</w>"", ""this</w>"", ""sentence</w>"", ""describes</w>"", ""the</w>"", ""concept</w>"", ""<|endoftext|>""]",6353,concept</w>,34,36,77,False
fixed_suffix,description,"Short-tailed mountain-roamer becomes recognizable through a roadside vehicle while remaining beyond the barrier, while the moment appears unstaged.","Short-tailed mountain-roamer becomes recognizable through a roadside vehicle while remaining beyond the barrier, while the moment appears unstaged. This sentence describes the concept","[49406, 3005, 268, 20626, 3965, 268, 532, 16147, 6766, 47240, 1417, 320, 26928, 5299, 1519, 11392, 4432, 518, 15706, 267, 1519, 518, 2495, 8743, 569, 19906, 269, 589, 12737, 13678, 518, 6353, 49407]","[""<|startoftext|>"", ""short</w>"", ""-</w>"", ""tailed</w>"", ""mountain</w>"", ""-</w>"", ""ro"", ""amer</w>"", ""becomes</w>"", ""recognizable</w>"", ""through</w>"", ""a</w>"", ""roadside</w>"", ""vehicle</w>"", ""while</w>"", ""remaining</w>"", ""beyond</w>"", ""the</w>"", ""barrier</w>"", "",</w>"", ""while</w>"", ""the</w>"", ""moment</w>"", ""appears</w>"", ""un"", ""staged</w>"", "".</w>"", ""this</w>"", ""sentence</w>"", ""describes</w>"", ""the</w>"", ""concept</w>"", ""<|endoftext|>""]",6353,concept</w>,31,33,77,False
fixed_suffix,description,"Beside a narrow riverside path, wild gray pack predator reveals careful sniffing around an abandoned sled track; the setting supports the behavior.","Beside a narrow riverside path, wild gray pack predator reveals careful sniffing around an abandoned sled track; the setting supports the behavior. This sentence describes the concept","[49406, 13519, 320, 16652, 15809, 5035, 267, 3220, 7048, 3420, 20653, 6621, 11999, 7186, 16592, 1630, 550, 11227, 28438, 2700, 282, 518, 5264, 8336, 518, 10461, 269, 589, 12737, 13678, 518, 6353, 49407]","[""<|startoftext|>"", ""beside</w>"", ""a</w>"", ""narrow</w>"", ""riverside</w>"", ""path</w>"", "",</w>"", ""wild</w>"", ""gray</w>"", ""pack</w>"", ""predator</w>"", ""reveals</w>"", ""careful</w>"", ""sni"", ""ffing</w>"", ""around</w>"", ""an</w>"", ""abandoned</w>"", ""sled</w>"", ""track</w>"", "";</w>"", ""the</w>"", ""setting</w>"", ""supports</w>"", ""the</w>"", ""behavior</w>"", "".</w>"", ""this</w>"", ""sentence</w>"", ""describes</w>"", ""the</w>"", ""concept</w>"", ""<|endoftext|>""]",6353,concept</w>,31,33,77,False
fixed_suffix,description,"Within a patch of dense brush, short-tailed garden browser demonstrates soft pawing at the edge of a woven enclosure, where the viewpoint remains level.","Within a patch of dense brush, short-tailed garden browser demonstrates soft pawing at the edge of a woven enclosure, where the viewpoint remains level. This sentence describes the concept","[49406, 4154, 320, 8721, 539, 19353, 8594, 267, 3005, 268, 20626, 2756, 19768, 24806, 3773, 765, 1340, 536, 518, 5461, 539, 320, 19830, 37419, 267, 1234, 518, 41604, 6807, 2931, 269, 589, 12737, 13678, 518, 6353, 49407]","[""<|startoftext|>"", ""within</w>"", ""a</w>"", ""patch</w>"", ""of</w>"", ""dense</w>"", ""brush</w>"", "",</w>"", ""short</w>"", ""-</w>"", ""tailed</w>"", ""garden</w>"", ""browser</w>"", ""demonstrates</w>"", ""soft</w>"", ""pa"", ""wing</w>"", ""at</w>"", ""the</w>"", ""edge</w>"", ""of</w>"", ""a</w>"", ""woven</w>"", ""enclosure</w>"", "",</w>"", ""where</w>"", ""the</w>"", ""viewpoint</w>"", ""remains</w>"", ""level</w>"", "".</w>"", ""this</w>"", ""sentence</w>"", ""describes</w>"", ""the</w>"", ""concept</w>"", ""<|endoftext|>""]",6353,concept</w>,35,37,77,False
fixed_suffix,description,"Beside a rocky meadow, branch-antlered woodland traveler reveals alert watching of a distant roadside vehicle; ground contact stays clear.","Beside a rocky meadow, branch-antlered woodland traveler reveals alert watching of a distant roadside vehicle; ground contact stays clear. This sentence describes the concept","[49406, 13519, 320, 9648, 17195, 267, 7998, 268, 1103, 534, 736, 17447, 17794, 6621, 4662, 2113, 539, 320, 18949, 26928, 5299, 282, 2461, 3523, 13311, 3143, 269, 589, 12737, 13678, 518, 6353, 49407]","[""<|startoftext|>"", ""beside</w>"", ""a</w>"", ""rocky</w>"", ""meadow</w>"", "",</w>"", ""branch</w>"", ""-</w>"", ""ant"", ""le"", ""red</w>"", ""woodland</w>"", ""traveler</w>"", ""reveals</w>"", ""alert</w>"", ""watching</w>"", ""of</w>"", ""a</w>"", ""distant</w>"", ""roadside</w>"", ""vehicle</w>"", "";</w>"", ""ground</w>"", ""contact</w>"", ""stays</w>"", ""clear</w>"", "".</w>"", ""this</w>"", ""sentence</w>"", ""describes</w>"", ""the</w>"", ""concept</w>"", ""<|endoftext|>""]",6353,concept</w>,31,33,77,False
fixed_suffix,description,"Patient standing beside a grooming brush distinguishes muscular farmyard traveler near a shaded woodland edge, where the setting supports the behavior.","Patient standing beside a grooming brush distinguishes muscular farmyard traveler near a shaded woodland edge, where the setting supports the behavior. This sentence describes the concept","[49406, 6262, 2862, 13519, 320, 25575, 8594, 15053, 2502, 30606, 1578, 1152, 746, 17794, 2252, 320, 43506, 17447, 5461, 267, 1234, 518, 5264, 8336, 518, 10461, 269, 589, 12737, 13678, 518, 6353, 49407]","[""<|startoftext|>"", ""patient</w>"", ""standing</w>"", ""beside</w>"", ""a</w>"", ""grooming</w>"", ""brush</w>"", ""distingui"", ""shes</w>"", ""muscular</w>"", ""far"", ""my"", ""ard</w>"", ""traveler</w>"", ""near</w>"", ""a</w>"", ""shaded</w>"", ""woodland</w>"", ""edge</w>"", "",</w>"", ""where</w>"", ""the</w>"", ""setting</w>"", ""supports</w>"", ""the</w>"", ""behavior</w>"", "".</w>"", ""this</w>"", ""sentence</w>"", ""describes</w>"", ""the</w>"", ""concept</w>"", ""<|endoftext|>""]",6353,concept</w>,31,33,77,False
fixed_suffix,description,"Against a misty hillside, a familiar voice with an upright tail defines striped hearthside-prowler; its full body stays visible.","Against a misty hillside, a familiar voice with an upright tail defines striped hearthside-prowler; its full body stays visible. This sentence describes the concept","[49406, 1601, 320, 18799, 37194, 267, 320, 10020, 3386, 593, 550, 29818, 4132, 28218, 22192, 31563, 1145, 268, 38737, 1803, 282, 902, 1476, 1774, 13311, 8626, 269, 589, 12737, 13678, 518, 6353, 49407]","[""<|startoftext|>"", ""against</w>"", ""a</w>"", ""misty</w>"", ""hillside</w>"", "",</w>"", ""a</w>"", ""familiar</w>"", ""voice</w>"", ""with</w>"", ""an</w>"", ""upright</w>"", ""tail</w>"", ""defines</w>"", ""striped</w>"", ""hearth"", ""side</w>"", ""-</w>"", ""prow"", ""ler</w>"", "";</w>"", ""its</w>"", ""full</w>"", ""body</w>"", ""stays</w>"", ""visible</w>"", "".</w>"", ""this</w>"", ""sentence</w>"", ""describes</w>"", ""the</w>"", ""concept</w>"", ""<|endoftext|>""]",6353,concept</w>,31,33,77,False
fixed_suffix,description,"Beside scattered autumn leaves, wet-nosed trail-helper reveals a handler's gesture before sitting attentively; ground contact stays clear.","Beside scattered autumn leaves, wet-nosed trail-helper reveals a handler's gesture before sitting attentively; ground contact stays clear. This sentence describes the concept","[49406, 13519, 22090, 6110, 5579, 267, 6682, 268, 578, 1252, 4921, 268, 29321, 6621, 320, 29097, 568, 21780, 1348, 4919, 1017, 1938, 1708, 282, 2461, 3523, 13311, 3143, 269, 589, 12737, 13678, 518, 6353, 49407]","[""<|startoftext|>"", ""beside</w>"", ""scattered</w>"", ""autumn</w>"", ""leaves</w>"", "",</w>"", ""wet</w>"", ""-</w>"", ""no"", ""sed</w>"", ""trail</w>"", ""-</w>"", ""helper</w>"", ""reveals</w>"", ""a</w>"", ""handler</w>"", ""'s</w>"", ""gesture</w>"", ""before</w>"", ""sitting</w>"", ""att"", ""enti"", ""vely</w>"", "";</w>"", ""ground</w>"", ""contact</w>"", ""stays</w>"", ""clear</w>"", "".</w>"", ""this</w>"", ""sentence</w>"", ""describes</w>"", ""the</w>"", ""concept</w>"", ""<|endoftext|>""]",6353,concept</w>,33,35,77,False
fixed_suffix,description,"Within soft morning light, amber-eyed meadow-prowler demonstrates a roadside light with a brief cautious pause, where nearby tracks indicate scale.","Within soft morning light, amber-eyed meadow-prowler demonstrates a roadside light with a brief cautious pause, where nearby tracks indicate scale. This sentence describes the concept","[49406, 4154, 3773, 1119, 1395, 267, 9986, 268, 15512, 17195, 268, 38737, 1803, 24806, 320, 26928, 1395, 593, 320, 8954, 36579, 19439, 267, 1234, 13314, 7579, 26679, 5879, 269, 589, 12737, 13678, 518, 6353, 49407]","[""<|startoftext|>"", ""within</w>"", ""soft</w>"", ""morning</w>"", ""light</w>"", "",</w>"", ""amber</w>"", ""-</w>"", ""eyed</w>"", ""meadow</w>"", ""-</w>"", ""prow"", ""ler</w>"", ""demonstrates</w>"", ""a</w>"", ""roadside</w>"", ""light</w>"", ""with</w>"", ""a</w>"", ""brief</w>"", ""cautious</w>"", ""pause</w>"", "",</w>"", ""where</w>"", ""nearby</w>"", ""tracks</w>"", ""indicate</w>"", ""scale</w>"", "".</w>"", ""this</w>"", ""sentence</w>"", ""describes</w>"", ""the</w>"", ""concept</w>"", ""<|endoftext|>""]",6353,concept</w>,33,35,77,False
fixed_suffix,description,"Long-clawed wilderness-resident displays a ranger's observation from across the river beside a quiet fence line, while the viewpoint remains level.","Long-clawed wilderness-resident displays a ranger's observation from across the river beside a quiet fence line, while the viewpoint remains level. This sentence describes the concept","[49406, 1538, 268, 940, 3478, 16506, 268, 9016, 15648, 320, 13593, 568, 20250, 633, 2500, 518, 2473, 13519, 320, 7557, 12679, 1148, 267, 1519, 518, 41604, 6807, 2931, 269, 589, 12737, 13678, 518, 6353, 49407]","[""<|startoftext|>"", ""long</w>"", ""-</w>"", ""cla"", ""wed</w>"", ""wilderness</w>"", ""-</w>"", ""resident</w>"", ""displays</w>"", ""a</w>"", ""ranger</w>"", ""'s</w>"", ""observation</w>"", ""from</w>"", ""across</w>"", ""the</w>"", ""river</w>"", ""beside</w>"", ""a</w>"", ""quiet</w>"", ""fence</w>"", ""line</w>"", "",</w>"", ""while</w>"", ""the</w>"", ""viewpoint</w>"", ""remains</w>"", ""level</w>"", "".</w>"", ""this</w>"", ""sentence</w>"", ""describes</w>"", ""the</w>"", ""concept</w>"", ""<|endoftext|>""]",6353,concept</w>,33,35,77,False
fixed_suffix,description,"Careful sniffing around an abandoned sled track distinguishes bushy-tailed mountain pack tracker near an open grassy clearing, where ground contact stays clear.","Careful sniffing around an abandoned sled track distinguishes bushy-tailed mountain pack tracker near an open grassy clearing, where ground contact stays clear. This sentence describes the concept","[49406, 11999, 7186, 16592, 1630, 550, 11227, 28438, 2700, 15053, 2502, 609, 9682, 268, 20626, 3965, 3420, 18123, 2252, 550, 1488, 44140, 15481, 267, 1234, 2461, 3523, 13311, 3143, 269, 589, 12737, 13678, 518, 6353, 49407]","[""<|startoftext|>"", ""careful</w>"", ""sni"", ""ffing</w>"", ""around</w>"", ""an</w>"", ""abandoned</w>"", ""sled</w>"", ""track</w>"", ""distingui"", ""shes</w>"", ""bu"", ""shy</w>"", ""-</w>"", ""tailed</w>"", ""mountain</w>"", ""pack</w>"", ""tracker</w>"", ""near</w>"", ""an</w>"", ""open</w>"", ""grassy</w>"", ""clearing</w>"", "",</w>"", ""where</w>"", ""ground</w>"", ""contact</w>"", ""stays</w>"", ""clear</w>"", "".</w>"", ""this</w>"", ""sentence</w>"", ""describes</w>"", ""the</w>"", ""concept</w>"", ""<|endoftext|>""]",6353,concept</w>,34,36,77,False
fixed_suffix,description,"Quiet resting beside a ceramic food dish distinguishes white-tailed garden visitor near a sunlit garden path, where the posture remains natural.","Quiet resting beside a ceramic food dish distinguishes white-tailed garden visitor near a sunlit garden path, where the posture remains natural. This sentence describes the concept","[49406, 7557, 18044, 13519, 320, 15112, 1559, 4531, 15053, 2502, 1579, 268, 20626, 2756, 13881, 2252, 320, 968, 4350, 2756, 5035, 267, 1234, 518, 29681, 6807, 3288, 269, 589, 12737, 13678, 518, 6353, 49407]","[""<|startoftext|>"", ""quiet</w>"", ""resting</w>"", ""beside</w>"", ""a</w>"", ""ceramic</w>"", ""food</w>"", ""dish</w>"", ""distingui"", ""shes</w>"", ""white</w>"", ""-</w>"", ""tailed</w>"", ""garden</w>"", ""visitor</w>"", ""near</w>"", ""a</w>"", ""sun"", ""lit</w>"", ""garden</w>"", ""path</w>"", "",</w>"", ""where</w>"", ""the</w>"", ""posture</w>"", ""remains</w>"", ""natural</w>"", "".</w>"", ""this</w>"", ""sentence</w>"", ""describes</w>"", ""the</w>"", ""concept</w>"", ""<|endoftext|>""]",6353,concept</w>,32,34,77,False
fixed_suffix,description,"Beside a broad dirt trail, branch-antlered woodland traveler reveals a sudden retreat from boots on the trail; its full body stays visible.","Beside a broad dirt trail, branch-antlered woodland traveler reveals a sudden retreat from boots on the trail; its full body stays visible. This sentence describes the concept","[49406, 13519, 320, 12623, 11795, 4921, 267, 7998, 268, 1103, 534, 736, 17447, 17794, 6621, 320, 15433, 11210, 633, 7319, 525, 518, 4921, 282, 902, 1476, 1774, 13311, 8626, 269, 589, 12737, 13678, 518, 6353, 49407]","[""<|startoftext|>"", ""beside</w>"", ""a</w>"", ""broad</w>"", ""dirt</w>"", ""trail</w>"", "",</w>"", ""branch</w>"", ""-</w>"", ""ant"", ""le"", ""red</w>"", ""woodland</w>"", ""traveler</w>"", ""reveals</w>"", ""a</w>"", ""sudden</w>"", ""retreat</w>"", ""from</w>"", ""boots</w>"", ""on</w>"", ""the</w>"", ""trail</w>"", "";</w>"", ""its</w>"", ""full</w>"", ""body</w>"", ""stays</w>"", ""visible</w>"", "".</w>"", ""this</w>"", ""sentence</w>"", ""describes</w>"", ""the</w>"", ""concept</w>"", ""<|endoftext|>""]",6353,concept</w>,34,36,77,False
fixed_suffix,description,"Calm acceptance of a saddle and bridle distinguishes broad-chested stable resident near a shallow stream bank, where the pose shows balanced proportions.","Calm acceptance of a saddle and bridle distinguishes broad-chested stable resident near a shallow stream bank, where the pose shows balanced proportions. This sentence describes the concept","[49406, 7011, 17090, 539, 320, 20283, 537, 1036, 3287, 15053, 2502, 12623, 268, 983, 1356, 10492, 9016, 2252, 320, 23730, 3322, 2723, 267, 1234, 518, 4230, 2665, 15273, 39391, 269, 589, 12737, 13678, 518, 6353, 49407]","[""<|startoftext|>"", ""calm</w>"", ""acceptance</w>"", ""of</w>"", ""a</w>"", ""saddle</w>"", ""and</w>"", ""bri"", ""dle</w>"", ""distingui"", ""shes</w>"", ""broad</w>"", ""-</w>"", ""che"", ""sted</w>"", ""stable</w>"", ""resident</w>"", ""near</w>"", ""a</w>"", ""shallow</w>"", ""stream</w>"", ""bank</w>"", "",</w>"", ""where</w>"", ""the</w>"", ""pose</w>"", ""shows</w>"", ""balanced</w>"", ""proportions</w>"", "".</w>"", ""this</w>"", ""sentence</w>"", ""describes</w>"", ""the</w>"", ""concept</w>"", ""<|endoftext|>""]",6353,concept</w>,34,36,77,False
fixed_suffix,description,Focused watching of birds beyond a closed window identifies a slit-eyed room hunter.,Focused watching of birds beyond a closed window identifies a slit-eyed room hunter. This sentence describes the concept,"[49406, 9319, 2113, 539, 4337, 4432, 320, 4552, 4879, 35712, 320, 47011, 268, 15512, 1530, 6099, 269, 589, 12737, 13678, 518, 6353, 49407]","[""<|startoftext|>"", ""focused</w>"", ""watching</w>"", ""of</w>"", ""birds</w>"", ""beyond</w>"", ""a</w>"", ""closed</w>"", ""window</w>"", ""identifies</w>"", ""a</w>"", ""slit</w>"", ""-</w>"", ""eyed</w>"", ""room</w>"", ""hunter</w>"", "".</w>"", ""this</w>"", ""sentence</w>"", ""describes</w>"", ""the</w>"", ""concept</w>"", ""<|endoftext|>""]",6353,concept</w>,21,23,77,False
fixed_suffix,description,Careful sniffing during a new animal greeting defines a collared gate watcher.,Careful sniffing during a new animal greeting defines a collared gate watcher. This sentence describes the concept,"[49406, 11999, 7186, 16592, 1590, 320, 686, 4668, 17754, 28218, 320, 2929, 736, 3302, 35971, 269, 589, 12737, 13678, 518, 6353, 49407]","[""<|startoftext|>"", ""careful</w>"", ""sni"", ""ffing</w>"", ""during</w>"", ""a</w>"", ""new</w>"", ""animal</w>"", ""greeting</w>"", ""defines</w>"", ""a</w>"", ""colla"", ""red</w>"", ""gate</w>"", ""watcher</w>"", "".</w>"", ""this</w>"", ""sentence</w>"", ""describes</w>"", ""the</w>"", ""concept</w>"", ""<|endoftext|>""]",6353,concept</w>,20,22,77,False
fixed_suffix,description,Brief nose contact near a shared den identifies a russet snowline hunter.,Brief nose contact near a shared den identifies a russet snowline hunter. This sentence describes the concept,"[49406, 8954, 8231, 3523, 2252, 320, 5368, 1181, 35712, 320, 35811, 1167, 3880, 1148, 6099, 269, 589, 12737, 13678, 518, 6353, 49407]","[""<|startoftext|>"", ""brief</w>"", ""nose</w>"", ""contact</w>"", ""near</w>"", ""a</w>"", ""shared</w>"", ""den</w>"", ""identifies</w>"", ""a</w>"", ""rus"", ""set</w>"", ""snow"", ""line</w>"", ""hunter</w>"", "".</w>"", ""this</w>"", ""sentence</w>"", ""describes</w>"", ""the</w>"", ""concept</w>"", ""<|endoftext|>""]",6353,concept</w>,20,22,77,False
fixed_suffix,description,Wide avoidance of another massive forest forager marks a long-clawed cave sleeper.,Wide avoidance of another massive forest forager marks a long-clawed cave sleeper. This sentence describes the concept,"[49406, 3184, 47983, 539, 1380, 4818, 4167, 645, 10443, 5466, 320, 1538, 268, 940, 3478, 9654, 28709, 269, 589, 12737, 13678, 518, 6353, 49407]","[""<|startoftext|>"", ""wide</w>"", ""avoidance</w>"", ""of</w>"", ""another</w>"", ""massive</w>"", ""forest</w>"", ""for"", ""ager</w>"", ""marks</w>"", ""a</w>"", ""long</w>"", ""-</w>"", ""cla"", ""wed</w>"", ""cave</w>"", ""sleeper</w>"", "".</w>"", ""this</w>"", ""sentence</w>"", ""describes</w>"", ""the</w>"", ""concept</w>"", ""<|endoftext|>""]",6353,concept</w>,22,24,77,False
fixed_suffix,description,A forest pack sentinel carries nose-to-muzzle greeting within the family group.,A forest pack sentinel carries nose-to-muzzle greeting within the family group. This sentence describes the concept,"[49406, 320, 4167, 3420, 23123, 17982, 8231, 268, 531, 268, 670, 7873, 17754, 4154, 518, 1315, 1771, 269, 589, 12737, 13678, 518, 6353, 49407]","[""<|startoftext|>"", ""a</w>"", ""forest</w>"", ""pack</w>"", ""sentinel</w>"", ""carries</w>"", ""nose</w>"", ""-</w>"", ""to</w>"", ""-</w>"", ""mu"", ""zzle</w>"", ""greeting</w>"", ""within</w>"", ""the</w>"", ""family</w>"", ""group</w>"", "".</w>"", ""this</w>"", ""sentence</w>"", ""describes</w>"", ""the</w>"", ""concept</w>"", ""<|endoftext|>""]",6353,concept</w>,22,24,77,False
fixed_suffix,description,Close huddling with smaller meadow companions is visible on a white-tailed garden browser.,Close huddling with smaller meadow companions is visible on a white-tailed garden browser. This sentence describes the concept,"[49406, 2660, 845, 30981, 593, 12431, 17195, 37124, 533, 8626, 525, 320, 1579, 268, 20626, 2756, 19768, 269, 589, 12737, 13678, 518, 6353, 49407]","[""<|startoftext|>"", ""close</w>"", ""hu"", ""ddling</w>"", ""with</w>"", ""smaller</w>"", ""meadow</w>"", ""companions</w>"", ""is</w>"", ""visible</w>"", ""on</w>"", ""a</w>"", ""white</w>"", ""-</w>"", ""tailed</w>"", ""garden</w>"", ""browser</w>"", "".</w>"", ""this</w>"", ""sentence</w>"", ""describes</w>"", ""the</w>"", ""concept</w>"", ""<|endoftext|>""]",6353,concept</w>,22,24,77,False
fixed_suffix,description,A forest herd grazer reveals an antler display toward a competing male.,A forest herd grazer reveals an antler display toward a competing male. This sentence describes the concept,"[49406, 320, 4167, 18589, 782, 3716, 6621, 550, 1103, 1803, 4456, 8508, 320, 13068, 2801, 269, 589, 12737, 13678, 518, 6353, 49407]","[""<|startoftext|>"", ""a</w>"", ""forest</w>"", ""herd</w>"", ""gra"", ""zer</w>"", ""reveals</w>"", ""an</w>"", ""ant"", ""ler</w>"", ""display</w>"", ""toward</w>"", ""a</w>"", ""competing</w>"", ""male</w>"", "".</w>"", ""this</w>"", ""sentence</w>"", ""describes</w>"", ""the</w>"", ""concept</w>"", ""<|endoftext|>""]",6353,concept</w>,20,22,77,False
fixed_suffix,description,Close following behind the herd leader identifies a flowing-tailed field grazer.,Close following behind the herd leader identifies a flowing-tailed field grazer. This sentence describes the concept,"[49406, 2660, 3473, 2403, 518, 18589, 3236, 35712, 320, 14922, 268, 20626, 1570, 782, 3716, 269, 589, 12737, 13678, 518, 6353, 49407]","[""<|startoftext|>"", ""close</w>"", ""following</w>"", ""behind</w>"", ""the</w>"", ""herd</w>"", ""leader</w>"", ""identifies</w>"", ""a</w>"", ""flowing</w>"", ""-</w>"", ""tailed</w>"", ""field</w>"", ""gra"", ""zer</w>"", "".</w>"", ""this</w>"", ""sentence</w>"", ""describes</w>"", ""the</w>"", ""concept</w>"", ""<|endoftext|>""]",6353,concept</w>,20,22,77,False
fixed_suffix,description,A cautious nose greeting with a familiar room companion defines a purring house prowler.,A cautious nose greeting with a familiar room companion defines a purring house prowler. This sentence describes the concept,"[49406, 320, 36579, 8231, 17754, 593, 320, 10020, 1530, 14963, 28218, 320, 1727, 2540, 1212, 38737, 1803, 269, 589, 12737, 13678, 518, 6353, 49407]","[""<|startoftext|>"", ""a</w>"", ""cautious</w>"", ""nose</w>"", ""greeting</w>"", ""with</w>"", ""a</w>"", ""familiar</w>"", ""room</w>"", ""companion</w>"", ""defines</w>"", ""a</w>"", ""pur"", ""ring</w>"", ""house</w>"", ""prow"", ""ler</w>"", "".</w>"", ""this</w>"", ""sentence</w>"", ""describes</w>"", ""the</w>"", ""concept</w>"", ""<|endoftext|>""]",6353,concept</w>,22,24,77,False
fixed_suffix,description,A floppy-eared home guardian shows quiet resting against another household companion.,A floppy-eared home guardian shows quiet resting against another household companion. This sentence describes the concept,"[49406, 320, 38267, 268, 9127, 1137, 9498, 2665, 7557, 18044, 1601, 1380, 12412, 14963, 269, 589, 12737, 13678, 518, 6353, 49407]","[""<|startoftext|>"", ""a</w>"", ""floppy</w>"", ""-</w>"", ""eared</w>"", ""home</w>"", ""guardian</w>"", ""shows</w>"", ""quiet</w>"", ""resting</w>"", ""against</w>"", ""another</w>"", ""household</w>"", ""companion</w>"", "".</w>"", ""this</w>"", ""sentence</w>"", ""describes</w>"", ""the</w>"", ""concept</w>"", ""<|endoftext|>""]",6353,concept</w>,19,21,77,False
fixed_suffix,description,Defensive circling around younger den residents identifies a russet snowline hunter.,Defensive circling around younger den residents identifies a russet snowline hunter. This sentence describes the concept,"[49406, 10824, 46036, 1630, 10414, 1181, 6008, 35712, 320, 35811, 1167, 3880, 1148, 6099, 269, 589, 12737, 13678, 518, 6353, 49407]","[""<|startoftext|>"", ""defensive</w>"", ""circling</w>"", ""around</w>"", ""younger</w>"", ""den</w>"", ""residents</w>"", ""identifies</w>"", ""a</w>"", ""rus"", ""set</w>"", ""snow"", ""line</w>"", ""hunter</w>"", "".</w>"", ""this</w>"", ""sentence</w>"", ""describes</w>"", ""the</w>"", ""concept</w>"", ""<|endoftext|>""]",6353,concept</w>,19,21,77,False
fixed_suffix,description,A bulky streamside fisher shows careful watching of grazing animals across the slope.,A bulky streamside fisher shows careful watching of grazing animals across the slope. This sentence describes the concept,"[49406, 320, 2572, 2383, 8659, 1145, 9176, 2665, 11999, 2113, 539, 29889, 4995, 2500, 518, 22769, 269, 589, 12737, 13678, 518, 6353, 49407]","[""<|startoftext|>"", ""a</w>"", ""bul"", ""ky</w>"", ""stream"", ""side</w>"", ""fisher</w>"", ""shows</w>"", ""careful</w>"", ""watching</w>"", ""of</w>"", ""grazing</w>"", ""animals</w>"", ""across</w>"", ""the</w>"", ""slope</w>"", "".</w>"", ""this</w>"", ""sentence</w>"", ""describes</w>"", ""the</w>"", ""concept</w>"", ""<|endoftext|>""]",6353,concept</w>,21,23,77,False
fixed_suffix,description,Protective positioning near younger pack members identifies a howling snow hunter.,Protective positioning near younger pack members identifies a howling snow hunter. This sentence describes the concept,"[49406, 17028, 30657, 2252, 10414, 3420, 2567, 35712, 320, 41771, 2583, 6099, 269, 589, 12737, 13678, 518, 6353, 49407]","[""<|startoftext|>"", ""protective</w>"", ""positioning</w>"", ""near</w>"", ""younger</w>"", ""pack</w>"", ""members</w>"", ""identifies</w>"", ""a</w>"", ""howling</w>"", ""snow</w>"", ""hunter</w>"", "".</w>"", ""this</w>"", ""sentence</w>"", ""describes</w>"", ""the</w>"", ""concept</w>"", ""<|endoftext|>""]",6353,concept</w>,17,19,77,False
fixed_suffix,description,A warning foot thump near feeding companions marks a round-eyed clover browser.,A warning foot thump near feeding companions marks a round-eyed clover browser. This sentence describes the concept,"[49406, 320, 4994, 4738, 3837, 1246, 2252, 9879, 37124, 5466, 320, 2522, 268, 15512, 22812, 19768, 269, 589, 12737, 13678, 518, 6353, 49407]","[""<|startoftext|>"", ""a</w>"", ""warning</w>"", ""foot</w>"", ""thu"", ""mp</w>"", ""near</w>"", ""feeding</w>"", ""companions</w>"", ""marks</w>"", ""a</w>"", ""round</w>"", ""-</w>"", ""eyed</w>"", ""clover</w>"", ""browser</w>"", "".</w>"", ""this</w>"", ""sentence</w>"", ""describes</w>"", ""the</w>"", ""concept</w>"", ""<|endoftext|>""]",6353,concept</w>,21,23,77,False
fixed_suffix,description,An alert brown woodland browser carries an antler display toward a competing male.,An alert brown woodland browser carries an antler display toward a competing male. This sentence describes the concept,"[49406, 550, 4662, 2866, 17447, 19768, 17982, 550, 1103, 1803, 4456, 8508, 320, 13068, 2801, 269, 589, 12737, 13678, 518, 6353, 49407]","[""<|startoftext|>"", ""an</w>"", ""alert</w>"", ""brown</w>"", ""woodland</w>"", ""browser</w>"", ""carries</w>"", ""an</w>"", ""ant"", ""ler</w>"", ""display</w>"", ""toward</w>"", ""a</w>"", ""competing</w>"", ""male</w>"", "".</w>"", ""this</w>"", ""sentence</w>"", ""describes</w>"", ""the</w>"", ""concept</w>"", ""<|endoftext|>""]",6353,concept</w>,20,22,77,False
fixed_suffix,description,A farm runner shows ear-pinned warning toward a newcomer at feed.,A farm runner shows ear-pinned warning toward a newcomer at feed. This sentence describes the concept,"[49406, 320, 3985, 7913, 2665, 8373, 268, 12165, 4994, 8508, 320, 30648, 536, 5839, 269, 589, 12737, 13678, 518, 6353, 49407]","[""<|startoftext|>"", ""a</w>"", ""farm</w>"", ""runner</w>"", ""shows</w>"", ""ear</w>"", ""-</w>"", ""pinned</w>"", ""warning</w>"", ""toward</w>"", ""a</w>"", ""newcomer</w>"", ""at</w>"", ""feed</w>"", "".</w>"", ""this</w>"", ""sentence</w>"", ""describes</w>"", ""the</w>"", ""concept</w>"", ""<|endoftext|>""]",6353,concept</w>,19,21,77,False
fixed_suffix,description,"Beside soft morning light, curled-tail home-companion reveals silent stalking of a tiny moving insect.","Beside soft morning light, curled-tail home-companion reveals silent stalking of a tiny moving insect. This sentence describes the concept","[49406, 13519, 3773, 1119, 1395, 267, 43734, 268, 4132, 1137, 268, 14963, 6621, 8487, 24721, 539, 320, 5591, 3584, 21297, 269, 589, 12737, 13678, 518, 6353, 49407]","[""<|startoftext|>"", ""beside</w>"", ""soft</w>"", ""morning</w>"", ""light</w>"", "",</w>"", ""curled</w>"", ""-</w>"", ""tail</w>"", ""home</w>"", ""-</w>"", ""companion</w>"", ""reveals</w>"", ""silent</w>"", ""stalking</w>"", ""of</w>"", ""a</w>"", ""tiny</w>"", ""moving</w>"", ""insect</w>"", "".</w>"", ""this</w>"", ""sentence</w>"", ""describes</w>"", ""the</w>"", ""concept</w>"", ""<|endoftext|>""]",6353,concept</w>,25,27,77,False
fixed_suffix,description,Collar-wearing yard-guardian becomes recognizable through careful sniffing during a new animal greeting near a shaded woodland edge.,Collar-wearing yard-guardian becomes recognizable through careful sniffing during a new animal greeting near a shaded woodland edge. This sentence describes the concept,"[49406, 13497, 268, 3309, 4313, 268, 9498, 6766, 47240, 1417, 11999, 7186, 16592, 1590, 320, 686, 4668, 17754, 2252, 320, 43506, 17447, 5461, 269, 589, 12737, 13678, 518, 6353, 49407]","[""<|startoftext|>"", ""collar</w>"", ""-</w>"", ""wearing</w>"", ""yard</w>"", ""-</w>"", ""guardian</w>"", ""becomes</w>"", ""recognizable</w>"", ""through</w>"", ""careful</w>"", ""sni"", ""ffing</w>"", ""during</w>"", ""a</w>"", ""new</w>"", ""animal</w>"", ""greeting</w>"", ""near</w>"", ""a</w>"", ""shaded</w>"", ""woodland</w>"", ""edge</w>"", "".</w>"", ""this</w>"", ""sentence</w>"", ""describes</w>"", ""the</w>"", ""concept</w>"", ""<|endoftext|>""]",6353,concept</w>,28,30,77,False
fixed_suffix,description,"Against a shallow stream bank, brief nose contact near a shared den defines amber-eyed meadow-prowler.","Against a shallow stream bank, brief nose contact near a shared den defines amber-eyed meadow-prowler. This sentence describes the concept","[49406, 1601, 320, 23730, 3322, 2723, 267, 8954, 8231, 3523, 2252, 320, 5368, 1181, 28218, 9986, 268, 15512, 17195, 268, 38737, 1803, 269, 589, 12737, 13678, 518, 6353, 49407]","[""<|startoftext|>"", ""against</w>"", ""a</w>"", ""shallow</w>"", ""stream</w>"", ""bank</w>"", "",</w>"", ""brief</w>"", ""nose</w>"", ""contact</w>"", ""near</w>"", ""a</w>"", ""shared</w>"", ""den</w>"", ""defines</w>"", ""amber</w>"", ""-</w>"", ""eyed</w>"", ""meadow</w>"", ""-</w>"", ""prow"", ""ler</w>"", "".</w>"", ""this</w>"", ""sentence</w>"", ""describes</w>"", ""the</w>"", ""concept</w>"", ""<|endoftext|>""]",6353,concept</w>,27,29,77,False
fixed_suffix,description,Round-eared timberland-giant displays patient waiting near fish moving through shallows beside soft morning light.,Round-eared timberland-giant displays patient waiting near fish moving through shallows beside soft morning light. This sentence describes the concept,"[49406, 2522, 268, 9127, 14441, 973, 268, 4687, 15648, 6262, 2680, 2252, 2759, 3584, 1417, 552, 9966, 13519, 3773, 1119, 1395, 269, 589, 12737, 13678, 518, 6353, 49407]","[""<|startoftext|>"", ""round</w>"", ""-</w>"", ""eared</w>"", ""timber"", ""land</w>"", ""-</w>"", ""giant</w>"", ""displays</w>"", ""patient</w>"", ""waiting</w>"", ""near</w>"", ""fish</w>"", ""moving</w>"", ""through</w>"", ""sh"", ""allows</w>"", ""beside</w>"", ""soft</w>"", ""morning</w>"", ""light</w>"", "".</w>"", ""this</w>"", ""sentence</w>"", ""describes</w>"", ""the</w>"", ""concept</w>"", ""<|endoftext|>""]",6353,concept</w>,26,28,77,False
fixed_suffix,description,A tense boundary display toward a rival group distinguishes thick-coated howling sentinel near a shaded woodland edge.,A tense boundary display toward a rival group distinguishes thick-coated howling sentinel near a shaded woodland edge. This sentence describes the concept,"[49406, 320, 23518, 21344, 4456, 8508, 320, 15629, 1771, 15053, 2502, 11006, 268, 23401, 41771, 23123, 2252, 320, 43506, 17447, 5461, 269, 589, 12737, 13678, 518, 6353, 49407]","[""<|startoftext|>"", ""a</w>"", ""tense</w>"", ""boundary</w>"", ""display</w>"", ""toward</w>"", ""a</w>"", ""rival</w>"", ""group</w>"", ""distingui"", ""shes</w>"", ""thick</w>"", ""-</w>"", ""coated</w>"", ""howling</w>"", ""sentinel</w>"", ""near</w>"", ""a</w>"", ""shaded</w>"", ""woodland</w>"", ""edge</w>"", "".</w>"", ""this</w>"", ""sentence</w>"", ""describes</w>"", ""the</w>"", ""concept</w>"", ""<|endoftext|>""]",6353,concept</w>,26,28,77,False
fixed_suffix,description,A clear view shows short-tailed garden browser with nose touching with another long-eared grazer near a misty hillside.,A clear view shows short-tailed garden browser with nose touching with another long-eared grazer near a misty hillside. This sentence describes the concept,"[49406, 320, 3143, 1093, 2665, 3005, 268, 20626, 2756, 19768, 593, 8231, 14088, 593, 1380, 1538, 268, 9127, 782, 3716, 2252, 320, 18799, 37194, 269, 589, 12737, 13678, 518, 6353, 49407]","[""<|startoftext|>"", ""a</w>"", ""clear</w>"", ""view</w>"", ""shows</w>"", ""short</w>"", ""-</w>"", ""tailed</w>"", ""garden</w>"", ""browser</w>"", ""with</w>"", ""nose</w>"", ""touching</w>"", ""with</w>"", ""another</w>"", ""long</w>"", ""-</w>"", ""eared</w>"", ""gra"", ""zer</w>"", ""near</w>"", ""a</w>"", ""misty</w>"", ""hillside</w>"", "".</w>"", ""this</w>"", ""sentence</w>"", ""describes</w>"", ""the</w>"", ""concept</w>"", ""<|endoftext|>""]",6353,concept</w>,29,31,77,False
fixed_suffix,description,"Against a patch of dense brush, an antler display toward a competing male defines branch-antlered woodland traveler.","Against a patch of dense brush, an antler display toward a competing male defines branch-antlered woodland traveler. This sentence describes the concept","[49406, 1601, 320, 8721, 539, 19353, 8594, 267, 550, 1103, 1803, 4456, 8508, 320, 13068, 2801, 28218, 7998, 268, 1103, 534, 736, 17447, 17794, 269, 589, 12737, 13678, 518, 6353, 49407]","[""<|startoftext|>"", ""against</w>"", ""a</w>"", ""patch</w>"", ""of</w>"", ""dense</w>"", ""brush</w>"", "",</w>"", ""an</w>"", ""ant"", ""ler</w>"", ""display</w>"", ""toward</w>"", ""a</w>"", ""competing</w>"", ""male</w>"", ""defines</w>"", ""branch</w>"", ""-</w>"", ""ant"", ""le"", ""red</w>"", ""woodland</w>"", ""traveler</w>"", "".</w>"", ""this</w>"", ""sentence</w>"", ""describes</w>"", ""the</w>"", ""concept</w>"", ""<|endoftext|>""]",6353,concept</w>,29,31,77,False
fixed_suffix,description,"Beside a rocky meadow, upright-eared pasture grazer reveals parallel grazing beside several herd companions.","Beside a rocky meadow, upright-eared pasture grazer reveals parallel grazing beside several herd companions. This sentence describes the concept","[49406, 13519, 320, 9648, 17195, 267, 29818, 268, 9127, 34764, 782, 3716, 6621, 18201, 29889, 13519, 5560, 18589, 37124, 269, 589, 12737, 13678, 518, 6353, 49407]","[""<|startoftext|>"", ""beside</w>"", ""a</w>"", ""rocky</w>"", ""meadow</w>"", "",</w>"", ""upright</w>"", ""-</w>"", ""eared</w>"", ""pasture</w>"", ""gra"", ""zer</w>"", ""reveals</w>"", ""parallel</w>"", ""grazing</w>"", ""beside</w>"", ""several</w>"", ""herd</w>"", ""companions</w>"", "".</w>"", ""this</w>"", ""sentence</w>"", ""describes</w>"", ""the</w>"", ""concept</w>"", ""<|endoftext|>""]",6353,concept</w>,24,26,77,False
fixed_suffix,description,"Focused watching of birds beyond a closed window distinguishes retractable-clawed climber near a pale winter field, where the posture remains natural.","Focused watching of birds beyond a closed window distinguishes retractable-clawed climber near a pale winter field, where the posture remains natural. This sentence describes the concept","[49406, 9319, 2113, 539, 4337, 4432, 320, 4552, 4879, 15053, 2502, 32735, 2175, 268, 940, 3478, 36910, 2252, 320, 12518, 2541, 1570, 267, 1234, 518, 29681, 6807, 3288, 269, 589, 12737, 13678, 518, 6353, 49407]","[""<|startoftext|>"", ""focused</w>"", ""watching</w>"", ""of</w>"", ""birds</w>"", ""beyond</w>"", ""a</w>"", ""closed</w>"", ""window</w>"", ""distingui"", ""shes</w>"", ""retrac"", ""table</w>"", ""-</w>"", ""cla"", ""wed</w>"", ""climber</w>"", ""near</w>"", ""a</w>"", ""pale</w>"", ""winter</w>"", ""field</w>"", "",</w>"", ""where</w>"", ""the</w>"", ""posture</w>"", ""remains</w>"", ""natural</w>"", "".</w>"", ""this</w>"", ""sentence</w>"", ""describes</w>"", ""the</w>"", ""concept</w>"", ""<|endoftext|>""]",6353,concept</w>,33,35,77,False
fixed_suffix,description,"Within a shallow stream bank, panting ball-chaser demonstrates coordinated running beside a familiar walking partner, where its full body stays visible.","Within a shallow stream bank, panting ball-chaser demonstrates coordinated running beside a familiar walking partner, where its full body stays visible. This sentence describes the concept","[49406, 4154, 320, 23730, 3322, 2723, 267, 1072, 694, 1069, 268, 29560, 24806, 32540, 2761, 13519, 320, 10020, 3941, 4568, 267, 1234, 902, 1476, 1774, 13311, 8626, 269, 589, 12737, 13678, 518, 6353, 49407]","[""<|startoftext|>"", ""within</w>"", ""a</w>"", ""shallow</w>"", ""stream</w>"", ""bank</w>"", "",</w>"", ""pan"", ""ting</w>"", ""ball</w>"", ""-</w>"", ""chaser</w>"", ""demonstrates</w>"", ""coordinated</w>"", ""running</w>"", ""beside</w>"", ""a</w>"", ""familiar</w>"", ""walking</w>"", ""partner</w>"", "",</w>"", ""where</w>"", ""its</w>"", ""full</w>"", ""body</w>"", ""stays</w>"", ""visible</w>"", "".</w>"", ""this</w>"", ""sentence</w>"", ""describes</w>"", ""the</w>"", ""concept</w>"", ""<|endoftext|>""]",6353,concept</w>,32,34,77,False
fixed_suffix,description,"Beside a patch of dense brush, russet snowline-hunter reveals cautious distance from larger woodland predators; the moment appears unstaged.","Beside a patch of dense brush, russet snowline-hunter reveals cautious distance from larger woodland predators; the moment appears unstaged. This sentence describes the concept","[49406, 13519, 320, 8721, 539, 19353, 8594, 267, 35811, 1167, 3880, 1148, 268, 6099, 6621, 36579, 7964, 633, 12567, 17447, 25569, 282, 518, 2495, 8743, 569, 19906, 269, 589, 12737, 13678, 518, 6353, 49407]","[""<|startoftext|>"", ""beside</w>"", ""a</w>"", ""patch</w>"", ""of</w>"", ""dense</w>"", ""brush</w>"", "",</w>"", ""rus"", ""set</w>"", ""snow"", ""line</w>"", ""-</w>"", ""hunter</w>"", ""reveals</w>"", ""cautious</w>"", ""distance</w>"", ""from</w>"", ""larger</w>"", ""woodland</w>"", ""predators</w>"", "";</w>"", ""the</w>"", ""moment</w>"", ""appears</w>"", ""un"", ""staged</w>"", "".</w>"", ""this</w>"", ""sentence</w>"", ""describes</w>"", ""the</w>"", ""concept</w>"", ""<|endoftext|>""]",6353,concept</w>,32,34,77,False
fixed_suffix,description,"A clear view shows bulky streamside-fisher with wide avoidance of another massive forest forager, as the posture remains natural.","A clear view shows bulky streamside-fisher with wide avoidance of another massive forest forager, as the posture remains natural. This sentence describes the concept","[49406, 320, 3143, 1093, 2665, 2572, 2383, 8659, 1145, 268, 9176, 593, 3184, 47983, 539, 1380, 4818, 4167, 645, 10443, 267, 601, 518, 29681, 6807, 3288, 269, 589, 12737, 13678, 518, 6353, 49407]","[""<|startoftext|>"", ""a</w>"", ""clear</w>"", ""view</w>"", ""shows</w>"", ""bul"", ""ky</w>"", ""stream"", ""side</w>"", ""-</w>"", ""fisher</w>"", ""with</w>"", ""wide</w>"", ""avoidance</w>"", ""of</w>"", ""another</w>"", ""massive</w>"", ""forest</w>"", ""for"", ""ager</w>"", "",</w>"", ""as</w>"", ""the</w>"", ""posture</w>"", ""remains</w>"", ""natural</w>"", "".</w>"", ""this</w>"", ""sentence</w>"", ""describes</w>"", ""the</w>"", ""concept</w>"", ""<|endoftext|>""]",6353,concept</w>,31,33,77,False
fixed_suffix,description,"Beside low evening light, amber-eyed pack sentinel reveals protective positioning near younger pack members; the head and torso remain visible.","Beside low evening light, amber-eyed pack sentinel reveals protective positioning near younger pack members; the head and torso remain visible. This sentence describes the concept","[49406, 13519, 1042, 2285, 1395, 267, 9986, 268, 15512, 3420, 23123, 6621, 17028, 30657, 2252, 10414, 3420, 2567, 282, 518, 1375, 537, 937, 706, 6415, 8626, 269, 589, 12737, 13678, 518, 6353, 49407]","[""<|startoftext|>"", ""beside</w>"", ""low</w>"", ""evening</w>"", ""light</w>"", "",</w>"", ""amber</w>"", ""-</w>"", ""eyed</w>"", ""pack</w>"", ""sentinel</w>"", ""reveals</w>"", ""protective</w>"", ""positioning</w>"", ""near</w>"", ""younger</w>"", ""pack</w>"", ""members</w>"", "";</w>"", ""the</w>"", ""head</w>"", ""and</w>"", ""tor"", ""so</w>"", ""remain</w>"", ""visible</w>"", "".</w>"", ""this</w>"", ""sentence</w>"", ""describes</w>"", ""the</w>"", ""concept</w>"", ""<|endoftext|>""]",6353,concept</w>,31,33,77,False
fixed_suffix,description,"Against an open grassy clearing, close huddling with smaller meadow companions defines small long-eared burrow grazer; the pose shows balanced proportions.","Against an open grassy clearing, close huddling with smaller meadow companions defines small long-eared burrow grazer; the pose shows balanced proportions. This sentence describes the concept","[49406, 1601, 550, 1488, 44140, 15481, 267, 2660, 845, 30981, 593, 12431, 17195, 37124, 28218, 2442, 1538, 268, 9127, 1039, 1044, 782, 3716, 282, 518, 4230, 2665, 15273, 39391, 269, 589, 12737, 13678, 518, 6353, 49407]","[""<|startoftext|>"", ""against</w>"", ""an</w>"", ""open</w>"", ""grassy</w>"", ""clearing</w>"", "",</w>"", ""close</w>"", ""hu"", ""ddling</w>"", ""with</w>"", ""smaller</w>"", ""meadow</w>"", ""companions</w>"", ""defines</w>"", ""small</w>"", ""long</w>"", ""-</w>"", ""eared</w>"", ""bur"", ""row</w>"", ""gra"", ""zer</w>"", "";</w>"", ""the</w>"", ""pose</w>"", ""shows</w>"", ""balanced</w>"", ""proportions</w>"", "".</w>"", ""this</w>"", ""sentence</w>"", ""describes</w>"", ""the</w>"", ""concept</w>"", ""<|endoftext|>""]",6353,concept</w>,34,36,77,False
fixed_suffix,description,"Within soft morning light, slender-legged forest grazer demonstrates an antler display toward a competing male, where nearby tracks indicate scale.","Within soft morning light, slender-legged forest grazer demonstrates an antler display toward a competing male, where nearby tracks indicate scale. This sentence describes the concept","[49406, 4154, 3773, 1119, 1395, 267, 40331, 268, 25830, 4167, 782, 3716, 24806, 550, 1103, 1803, 4456, 8508, 320, 13068, 2801, 267, 1234, 13314, 7579, 26679, 5879, 269, 589, 12737, 13678, 518, 6353, 49407]","[""<|startoftext|>"", ""within</w>"", ""soft</w>"", ""morning</w>"", ""light</w>"", "",</w>"", ""slender</w>"", ""-</w>"", ""legged</w>"", ""forest</w>"", ""gra"", ""zer</w>"", ""demonstrates</w>"", ""an</w>"", ""ant"", ""ler</w>"", ""display</w>"", ""toward</w>"", ""a</w>"", ""competing</w>"", ""male</w>"", "",</w>"", ""where</w>"", ""nearby</w>"", ""tracks</w>"", ""indicate</w>"", ""scale</w>"", "".</w>"", ""this</w>"", ""sentence</w>"", ""describes</w>"", ""the</w>"", ""concept</w>"", ""<|endoftext|>""]",6353,concept</w>,32,34,77,False
fixed_suffix,description,"Broad-chested stable resident displays mutual neck grooming with a familiar partner beside a quiet fence line, while the viewpoint remains level.","Broad-chested stable resident displays mutual neck grooming with a familiar partner beside a quiet fence line, while the viewpoint remains level. This sentence describes the concept","[49406, 12623, 268, 983, 1356, 10492, 9016, 15648, 15055, 6906, 25575, 593, 320, 10020, 4568, 13519, 320, 7557, 12679, 1148, 267, 1519, 518, 41604, 6807, 2931, 269, 589, 12737, 13678, 518, 6353, 49407]","[""<|startoftext|>"", ""broad</w>"", ""-</w>"", ""che"", ""sted</w>"", ""stable</w>"", ""resident</w>"", ""displays</w>"", ""mutual</w>"", ""neck</w>"", ""grooming</w>"", ""with</w>"", ""a</w>"", ""familiar</w>"", ""partner</w>"", ""beside</w>"", ""a</w>"", ""quiet</w>"", ""fence</w>"", ""line</w>"", "",</w>"", ""while</w>"", ""the</w>"", ""viewpoint</w>"", ""remains</w>"", ""level</w>"", "".</w>"", ""this</w>"", ""sentence</w>"", ""describes</w>"", ""the</w>"", ""concept</w>"", ""<|endoftext|>""]",6353,concept</w>,31,33,77,False
fixed_suffix,description,"During a clearly visible group moment, whiskered house-prowler becomes recognizable through silent stalking of a tiny moving insect, while ground contact stays clear.","During a clearly visible group moment, whiskered house-prowler becomes recognizable through silent stalking of a tiny moving insect, while ground contact stays clear. This sentence describes the concept","[49406, 1590, 320, 7767, 8626, 1771, 2495, 267, 6024, 26690, 1212, 268, 38737, 1803, 6766, 47240, 1417, 8487, 24721, 539, 320, 5591, 3584, 21297, 267, 1519, 2461, 3523, 13311, 3143, 269, 589, 12737, 13678, 518, 6353, 49407]","[""<|startoftext|>"", ""during</w>"", ""a</w>"", ""clearly</w>"", ""visible</w>"", ""group</w>"", ""moment</w>"", "",</w>"", ""whis"", ""kered</w>"", ""house</w>"", ""-</w>"", ""prow"", ""ler</w>"", ""becomes</w>"", ""recognizable</w>"", ""through</w>"", ""silent</w>"", ""stalking</w>"", ""of</w>"", ""a</w>"", ""tiny</w>"", ""moving</w>"", ""insect</w>"", "",</w>"", ""while</w>"", ""ground</w>"", ""contact</w>"", ""stays</w>"", ""clear</w>"", "".</w>"", ""this</w>"", ""sentence</w>"", ""describes</w>"", ""the</w>"", ""concept</w>"", ""<|endoftext|>""]",6353,concept</w>,35,37,77,False
fixed_suffix,description,"Quiet resting against another household companion distinguishes broad-pawed gate-watcher near a calm farmyard, where the setting supports the behavior.","Quiet resting against another household companion distinguishes broad-pawed gate-watcher near a calm farmyard, where the setting supports the behavior. This sentence describes the concept","[49406, 7557, 18044, 1601, 1380, 12412, 14963, 15053, 2502, 12623, 268, 765, 3478, 3302, 268, 35971, 2252, 320, 7011, 1578, 1152, 746, 267, 1234, 518, 5264, 8336, 518, 10461, 269, 589, 12737, 13678, 518, 6353, 49407]","[""<|startoftext|>"", ""quiet</w>"", ""resting</w>"", ""against</w>"", ""another</w>"", ""household</w>"", ""companion</w>"", ""distingui"", ""shes</w>"", ""broad</w>"", ""-</w>"", ""pa"", ""wed</w>"", ""gate</w>"", ""-</w>"", ""watcher</w>"", ""near</w>"", ""a</w>"", ""calm</w>"", ""far"", ""my"", ""ard</w>"", "",</w>"", ""where</w>"", ""the</w>"", ""setting</w>"", ""supports</w>"", ""the</w>"", ""behavior</w>"", "".</w>"", ""this</w>"", ""sentence</w>"", ""describes</w>"", ""the</w>"", ""concept</w>"", ""<|endoftext|>""]",6353,concept</w>,34,36,77,False
fixed_suffix,description,"Within a sunlit garden path, amber-eyed meadow-prowler demonstrates defensive circling around younger den residents, where the background preserves its outline.","Within a sunlit garden path, amber-eyed meadow-prowler demonstrates defensive circling around younger den residents, where the background preserves its outline. This sentence describes the concept","[49406, 4154, 320, 968, 4350, 2756, 5035, 267, 9986, 268, 15512, 17195, 268, 38737, 1803, 24806, 10824, 46036, 1630, 10414, 1181, 6008, 267, 1234, 518, 5994, 44881, 902, 26894, 269, 589, 12737, 13678, 518, 6353, 49407]","[""<|startoftext|>"", ""within</w>"", ""a</w>"", ""sun"", ""lit</w>"", ""garden</w>"", ""path</w>"", "",</w>"", ""amber</w>"", ""-</w>"", ""eyed</w>"", ""meadow</w>"", ""-</w>"", ""prow"", ""ler</w>"", ""demonstrates</w>"", ""defensive</w>"", ""circling</w>"", ""around</w>"", ""younger</w>"", ""den</w>"", ""residents</w>"", "",</w>"", ""where</w>"", ""the</w>"", ""background</w>"", ""preserves</w>"", ""its</w>"", ""outline</w>"", "".</w>"", ""this</w>"", ""sentence</w>"", ""describes</w>"", ""the</w>"", ""concept</w>"", ""<|endoftext|>""]",6353,concept</w>,34,36,77,False
fixed_suffix,description,"During a clearly visible group moment, wide avoidance of another massive forest forager distinguishes massive shaggy-forager; meanwhile, the moment appears unstaged.","During a clearly visible group moment, wide avoidance of another massive forest forager distinguishes massive shaggy-forager; meanwhile, the moment appears unstaged. This sentence describes the concept","[49406, 1590, 320, 7767, 8626, 1771, 2495, 267, 3184, 47983, 539, 1380, 4818, 4167, 645, 10443, 15053, 2502, 4818, 42662, 268, 645, 10443, 282, 9650, 267, 518, 2495, 8743, 569, 19906, 269, 589, 12737, 13678, 518, 6353, 49407]","[""<|startoftext|>"", ""during</w>"", ""a</w>"", ""clearly</w>"", ""visible</w>"", ""group</w>"", ""moment</w>"", "",</w>"", ""wide</w>"", ""avoidance</w>"", ""of</w>"", ""another</w>"", ""massive</w>"", ""forest</w>"", ""for"", ""ager</w>"", ""distingui"", ""shes</w>"", ""massive</w>"", ""shaggy</w>"", ""-</w>"", ""for"", ""ager</w>"", "";</w>"", ""meanwhile</w>"", "",</w>"", ""the</w>"", ""moment</w>"", ""appears</w>"", ""un"", ""staged</w>"", "".</w>"", ""this</w>"", ""sentence</w>"", ""describes</w>"", ""the</w>"", ""concept</w>"", ""<|endoftext|>""]",6353,concept</w>,36,38,77,False
fixed_suffix,description,"Within a patch of dense brush, wild gray pack predator demonstrates protective positioning near younger pack members, where the setting supports the behavior.","Within a patch of dense brush, wild gray pack predator demonstrates protective positioning near younger pack members, where the setting supports the behavior. This sentence describes the concept","[49406, 4154, 320, 8721, 539, 19353, 8594, 267, 3220, 7048, 3420, 20653, 24806, 17028, 30657, 2252, 10414, 3420, 2567, 267, 1234, 518, 5264, 8336, 518, 10461, 269, 589, 12737, 13678, 518, 6353, 49407]","[""<|startoftext|>"", ""within</w>"", ""a</w>"", ""patch</w>"", ""of</w>"", ""dense</w>"", ""brush</w>"", "",</w>"", ""wild</w>"", ""gray</w>"", ""pack</w>"", ""predator</w>"", ""demonstrates</w>"", ""protective</w>"", ""positioning</w>"", ""near</w>"", ""younger</w>"", ""pack</w>"", ""members</w>"", "",</w>"", ""where</w>"", ""the</w>"", ""setting</w>"", ""supports</w>"", ""the</w>"", ""behavior</w>"", "".</w>"", ""this</w>"", ""sentence</w>"", ""describes</w>"", ""the</w>"", ""concept</w>"", ""<|endoftext|>""]",6353,concept</w>,31,33,77,False
fixed_suffix,description,"Beside an open grassy clearing, round-eyed grassland nibbler reveals parallel grazing beside several burrow residents; its full body stays visible.","Beside an open grassy clearing, round-eyed grassland nibbler reveals parallel grazing beside several burrow residents; its full body stays visible. This sentence describes the concept","[49406, 13519, 550, 1488, 44140, 15481, 267, 2522, 268, 15512, 11584, 973, 697, 65, 11979, 6621, 18201, 29889, 13519, 5560, 1039, 1044, 6008, 282, 902, 1476, 1774, 13311, 8626, 269, 589, 12737, 13678, 518, 6353, 49407]","[""<|startoftext|>"", ""beside</w>"", ""an</w>"", ""open</w>"", ""grassy</w>"", ""clearing</w>"", "",</w>"", ""round</w>"", ""-</w>"", ""eyed</w>"", ""grass"", ""land</w>"", ""ni"", ""b"", ""bler</w>"", ""reveals</w>"", ""parallel</w>"", ""grazing</w>"", ""beside</w>"", ""several</w>"", ""bur"", ""row</w>"", ""residents</w>"", "";</w>"", ""its</w>"", ""full</w>"", ""body</w>"", ""stays</w>"", ""visible</w>"", "".</w>"", ""this</w>"", ""sentence</w>"", ""describes</w>"", ""the</w>"", ""concept</w>"", ""<|endoftext|>""]",6353,concept</w>,34,36,77,False
fixed_suffix,description,"Within a misty hillside, branch-antlered woodland traveler demonstrates protective standing near a spotted youngster, where the pose shows balanced proportions.","Within a misty hillside, branch-antlered woodland traveler demonstrates protective standing near a spotted youngster, where the pose shows balanced proportions. This sentence describes the concept","[49406, 4154, 320, 18799, 37194, 267, 7998, 268, 1103, 534, 736, 17447, 17794, 24806, 17028, 2862, 2252, 320, 4533, 35881, 267, 1234, 518, 4230, 2665, 15273, 39391, 269, 589, 12737, 13678, 518, 6353, 49407]","[""<|startoftext|>"", ""within</w>"", ""a</w>"", ""misty</w>"", ""hillside</w>"", "",</w>"", ""branch</w>"", ""-</w>"", ""ant"", ""le"", ""red</w>"", ""woodland</w>"", ""traveler</w>"", ""demonstrates</w>"", ""protective</w>"", ""standing</w>"", ""near</w>"", ""a</w>"", ""spotted</w>"", ""youngster</w>"", "",</w>"", ""where</w>"", ""the</w>"", ""pose</w>"", ""shows</w>"", ""balanced</w>"", ""proportions</w>"", "".</w>"", ""this</w>"", ""sentence</w>"", ""describes</w>"", ""the</w>"", ""concept</w>"", ""<|endoftext|>""]",6353,concept</w>,32,34,77,False
fixed_suffix,description,"Long-maned stable grazer with powerful legs carries playful running beside a younger pasture companion across a shallow stream bank; meanwhile, nearby tracks indicate scale.","Long-maned stable grazer with powerful legs carries playful running beside a younger pasture companion across a shallow stream bank; meanwhile, nearby tracks indicate scale. This sentence describes the concept","[49406, 1538, 268, 723, 538, 10492, 782, 3716, 593, 4875, 7072, 17982, 23871, 2761, 13519, 320, 10414, 34764, 14963, 2500, 320, 23730, 3322, 2723, 282, 9650, 267, 13314, 7579, 26679, 5879, 269, 589, 12737, 13678, 518, 6353, 49407]","[""<|startoftext|>"", ""long</w>"", ""-</w>"", ""man"", ""ed</w>"", ""stable</w>"", ""gra"", ""zer</w>"", ""with</w>"", ""powerful</w>"", ""legs</w>"", ""carries</w>"", ""playful</w>"", ""running</w>"", ""beside</w>"", ""a</w>"", ""younger</w>"", ""pasture</w>"", ""companion</w>"", ""across</w>"", ""a</w>"", ""shallow</w>"", ""stream</w>"", ""bank</w>"", "";</w>"", ""meanwhile</w>"", "",</w>"", ""nearby</w>"", ""tracks</w>"", ""indicate</w>"", ""scale</w>"", "".</w>"", ""this</w>"", ""sentence</w>"", ""describes</w>"", ""the</w>"", ""concept</w>"", ""<|endoftext|>""]",6353,concept</w>,36,38,77,False
fixed_suffix,description,Soft chirping notes while watching distant birds marks a soft-pawed indoor hunter.,Soft chirping notes while watching distant birds marks a soft-pawed indoor hunter. This sentence describes the concept,"[49406, 3773, 15564, 2089, 5795, 1519, 2113, 18949, 4337, 5466, 320, 3773, 268, 765, 3478, 9546, 6099, 269, 589, 12737, 13678, 518, 6353, 49407]","[""<|startoftext|>"", ""soft</w>"", ""chir"", ""ping</w>"", ""notes</w>"", ""while</w>"", ""watching</w>"", ""distant</w>"", ""birds</w>"", ""marks</w>"", ""a</w>"", ""soft</w>"", ""-</w>"", ""pa"", ""wed</w>"", ""indoor</w>"", ""hunter</w>"", "".</w>"", ""this</w>"", ""sentence</w>"", ""describes</w>"", ""the</w>"", ""concept</w>"", ""<|endoftext|>""]",6353,concept</w>,22,24,77,False
fixed_suffix,description,A tail-wagging family companion reveals a low rumble when unfamiliar movement approaches.,A tail-wagging family companion reveals a low rumble when unfamiliar movement approaches. This sentence describes the concept,"[49406, 320, 4132, 268, 5764, 3905, 1315, 14963, 6621, 320, 1042, 18900, 827, 569, 10020, 5208, 14962, 269, 589, 12737, 13678, 518, 6353, 49407]","[""<|startoftext|>"", ""a</w>"", ""tail</w>"", ""-</w>"", ""wag"", ""ging</w>"", ""family</w>"", ""companion</w>"", ""reveals</w>"", ""a</w>"", ""low</w>"", ""rumble</w>"", ""when</w>"", ""un"", ""familiar</w>"", ""movement</w>"", ""approaches</w>"", "".</w>"", ""this</w>"", ""sentence</w>"", ""describes</w>"", ""the</w>"", ""concept</w>"", ""<|endoftext|>""]",6353,concept</w>,22,24,77,False
fixed_suffix,description,An amber-eyed meadow prowler carries a brief high call across evening woodland.,An amber-eyed meadow prowler carries a brief high call across evening woodland. This sentence describes the concept,"[49406, 550, 9986, 268, 15512, 17195, 38737, 1803, 17982, 320, 8954, 1400, 1620, 2500, 2285, 17447, 269, 589, 12737, 13678, 518, 6353, 49407]","[""<|startoftext|>"", ""an</w>"", ""amber</w>"", ""-</w>"", ""eyed</w>"", ""meadow</w>"", ""prow"", ""ler</w>"", ""carries</w>"", ""a</w>"", ""brief</w>"", ""high</w>"", ""call</w>"", ""across</w>"", ""evening</w>"", ""woodland</w>"", "".</w>"", ""this</w>"", ""sentence</w>"", ""describes</w>"", ""the</w>"", ""concept</w>"", ""<|endoftext|>""]",6353,concept</w>,21,23,77,False
fixed_suffix,description,A deep warning rumble in dense woodland defines a thick-furred woodland giant.,A deep warning rumble in dense woodland defines a thick-furred woodland giant. This sentence describes the concept,"[49406, 320, 3383, 4994, 18900, 530, 19353, 17447, 28218, 320, 11006, 268, 2395, 736, 17447, 4687, 269, 589, 12737, 13678, 518, 6353, 49407]","[""<|startoftext|>"", ""a</w>"", ""deep</w>"", ""warning</w>"", ""rumble</w>"", ""in</w>"", ""dense</w>"", ""woodland</w>"", ""defines</w>"", ""a</w>"", ""thick</w>"", ""-</w>"", ""fur"", ""red</w>"", ""woodland</w>"", ""giant</w>"", "".</w>"", ""this</w>"", ""sentence</w>"", ""describes</w>"", ""the</w>"", ""concept</w>"", ""<|endoftext|>""]",6353,concept</w>,21,23,77,False
fixed_suffix,description,Upright ears locating distant movement under snow is visible on a howling snow hunter.,Upright ears locating distant movement under snow is visible on a howling snow hunter. This sentence describes the concept,"[49406, 29818, 9861, 1378, 1074, 18949, 5208, 1798, 2583, 533, 8626, 525, 320, 41771, 2583, 6099, 269, 589, 12737, 13678, 518, 6353, 49407]","[""<|startoftext|>"", ""upright</w>"", ""ears</w>"", ""loc"", ""ating</w>"", ""distant</w>"", ""movement</w>"", ""under</w>"", ""snow</w>"", ""is</w>"", ""visible</w>"", ""on</w>"", ""a</w>"", ""howling</w>"", ""snow</w>"", ""hunter</w>"", "".</w>"", ""this</w>"", ""sentence</w>"", ""describes</w>"", ""the</w>"", ""concept</w>"", ""<|endoftext|>""]",6353,concept</w>,21,23,77,False
fixed_suffix,description,A burrow resident has a sharp hind-foot thump warning the colony.,A burrow resident has a sharp hind-foot thump warning the colony. This sentence describes the concept,"[49406, 320, 1039, 1044, 9016, 791, 320, 8157, 23293, 268, 4738, 3837, 1246, 4994, 518, 18767, 269, 589, 12737, 13678, 518, 6353, 49407]","[""<|startoftext|>"", ""a</w>"", ""bur"", ""row</w>"", ""resident</w>"", ""has</w>"", ""a</w>"", ""sharp</w>"", ""hind</w>"", ""-</w>"", ""foot</w>"", ""thu"", ""mp</w>"", ""warning</w>"", ""the</w>"", ""colony</w>"", "".</w>"", ""this</w>"", ""sentence</w>"", ""describes</w>"", ""the</w>"", ""concept</w>"", ""<|endoftext|>""]",6353,concept</w>,21,23,77,False
fixed_suffix,description,Careful scent testing of the moving air identifies a long-legged clearing grazer.,Careful scent testing of the moving air identifies a long-legged clearing grazer. This sentence describes the concept,"[49406, 11999, 7683, 4967, 539, 518, 3584, 1922, 35712, 320, 1538, 268, 25830, 15481, 782, 3716, 269, 589, 12737, 13678, 518, 6353, 49407]","[""<|startoftext|>"", ""careful</w>"", ""scent</w>"", ""testing</w>"", ""of</w>"", ""the</w>"", ""moving</w>"", ""air</w>"", ""identifies</w>"", ""a</w>"", ""long</w>"", ""-</w>"", ""legged</w>"", ""clearing</w>"", ""gra"", ""zer</w>"", "".</w>"", ""this</w>"", ""sentence</w>"", ""describes</w>"", ""the</w>"", ""concept</w>"", ""<|endoftext|>""]",6353,concept</w>,21,23,77,False
fixed_suffix,description,A clear neigh carrying beyond the stable identifies a swift-maned field traveler.,A clear neigh carrying beyond the stable identifies a swift-maned field traveler. This sentence describes the concept,"[49406, 320, 3143, 557, 5451, 9920, 4432, 518, 10492, 35712, 320, 8229, 268, 723, 538, 1570, 17794, 269, 589, 12737, 13678, 518, 6353, 49407]","[""<|startoftext|>"", ""a</w>"", ""clear</w>"", ""ne"", ""igh</w>"", ""carrying</w>"", ""beyond</w>"", ""the</w>"", ""stable</w>"", ""identifies</w>"", ""a</w>"", ""swift</w>"", ""-</w>"", ""man"", ""ed</w>"", ""field</w>"", ""traveler</w>"", "".</w>"", ""this</w>"", ""sentence</w>"", ""describes</w>"", ""the</w>"", ""concept</w>"", ""<|endoftext|>""]",6353,concept</w>,22,24,77,False
fixed_suffix,description,A whiskered lap companion shows a rising trill during a familiar greeting.,A whiskered lap companion shows a rising trill during a familiar greeting. This sentence describes the concept,"[49406, 320, 6024, 26690, 8639, 14963, 2665, 320, 5448, 39297, 1590, 320, 10020, 17754, 269, 589, 12737, 13678, 518, 6353, 49407]","[""<|startoftext|>"", ""a</w>"", ""whis"", ""kered</w>"", ""lap</w>"", ""companion</w>"", ""shows</w>"", ""a</w>"", ""rising</w>"", ""trill</w>"", ""during</w>"", ""a</w>"", ""familiar</w>"", ""greeting</w>"", "".</w>"", ""this</w>"", ""sentence</w>"", ""describes</w>"", ""the</w>"", ""concept</w>"", ""<|endoftext|>""]",6353,concept</w>,19,21,77,False
fixed_suffix,description,Quick breathy whines beside a closed door identifies a leash-wearing companion.,Quick breathy whines beside a closed door identifies a leash-wearing companion. This sentence describes the concept,"[49406, 3712, 9508, 344, 573, 2137, 13519, 320, 4552, 2489, 35712, 320, 36192, 268, 3309, 14963, 269, 589, 12737, 13678, 518, 6353, 49407]","[""<|startoftext|>"", ""quick</w>"", ""breath"", ""y</w>"", ""wh"", ""ines</w>"", ""beside</w>"", ""a</w>"", ""closed</w>"", ""door</w>"", ""identifies</w>"", ""a</w>"", ""leash</w>"", ""-</w>"", ""wearing</w>"", ""companion</w>"", "".</w>"", ""this</w>"", ""sentence</w>"", ""describes</w>"", ""the</w>"", ""concept</w>"", ""<|endoftext|>""]",6353,concept</w>,21,23,77,False
fixed_suffix,description,Short warning barks from dense cover marks an orange-chested hedge stalker.,Short warning barks from dense cover marks an orange-chested hedge stalker. This sentence describes the concept,"[49406, 3005, 4994, 1040, 662, 633, 19353, 2202, 5466, 550, 4287, 268, 983, 1356, 20294, 26777, 269, 589, 12737, 13678, 518, 6353, 49407]","[""<|startoftext|>"", ""short</w>"", ""warning</w>"", ""bar"", ""ks</w>"", ""from</w>"", ""dense</w>"", ""cover</w>"", ""marks</w>"", ""an</w>"", ""orange</w>"", ""-</w>"", ""che"", ""sted</w>"", ""hedge</w>"", ""stalker</w>"", "".</w>"", ""this</w>"", ""sentence</w>"", ""describes</w>"", ""the</w>"", ""concept</w>"", ""<|endoftext|>""]",6353,concept</w>,21,23,77,False
fixed_suffix,description,A round-eared forest giant has a deep warning rumble in dense woodland.,A round-eared forest giant has a deep warning rumble in dense woodland. This sentence describes the concept,"[49406, 320, 2522, 268, 9127, 4167, 4687, 791, 320, 3383, 4994, 18900, 530, 19353, 17447, 269, 589, 12737, 13678, 518, 6353, 49407]","[""<|startoftext|>"", ""a</w>"", ""round</w>"", ""-</w>"", ""eared</w>"", ""forest</w>"", ""giant</w>"", ""has</w>"", ""a</w>"", ""deep</w>"", ""warning</w>"", ""rumble</w>"", ""in</w>"", ""dense</w>"", ""woodland</w>"", "".</w>"", ""this</w>"", ""sentence</w>"", ""describes</w>"", ""the</w>"", ""concept</w>"", ""<|endoftext|>""]",6353,concept</w>,20,22,77,False
fixed_suffix,description,A gray pack hunter carries a deep warning growl beneath raised neck fur.,A gray pack hunter carries a deep warning growl beneath raised neck fur. This sentence describes the concept,"[49406, 320, 7048, 3420, 6099, 17982, 320, 3383, 4994, 3179, 331, 16850, 6027, 6906, 9686, 269, 589, 12737, 13678, 518, 6353, 49407]","[""<|startoftext|>"", ""a</w>"", ""gray</w>"", ""pack</w>"", ""hunter</w>"", ""carries</w>"", ""a</w>"", ""deep</w>"", ""warning</w>"", ""grow"", ""l</w>"", ""beneath</w>"", ""raised</w>"", ""neck</w>"", ""fur</w>"", "".</w>"", ""this</w>"", ""sentence</w>"", ""describes</w>"", ""the</w>"", ""concept</w>"", ""<|endoftext|>""]",6353,concept</w>,20,22,77,False
fixed_suffix,description,Wide ears detecting movement beyond the hedge defines a long-eared meadow grazer.,Wide ears detecting movement beyond the hedge defines a long-eared meadow grazer. This sentence describes the concept,"[49406, 3184, 9861, 41290, 5208, 4432, 518, 20294, 28218, 320, 1538, 268, 9127, 17195, 782, 3716, 269, 589, 12737, 13678, 518, 6353, 49407]","[""<|startoftext|>"", ""wide</w>"", ""ears</w>"", ""detecting</w>"", ""movement</w>"", ""beyond</w>"", ""the</w>"", ""hedge</w>"", ""defines</w>"", ""a</w>"", ""long</w>"", ""-</w>"", ""eared</w>"", ""meadow</w>"", ""gra"", ""zer</w>"", "".</w>"", ""this</w>"", ""sentence</w>"", ""describes</w>"", ""the</w>"", ""concept</w>"", ""<|endoftext|>""]",6353,concept</w>,21,23,77,False
fixed_suffix,description,Large ears turning toward a broken twig defines a white-tailed meadow grazer.,Large ears turning toward a broken twig defines a white-tailed meadow grazer. This sentence describes the concept,"[49406, 3638, 9861, 4976, 8508, 320, 5107, 5537, 326, 28218, 320, 1579, 268, 20626, 17195, 782, 3716, 269, 589, 12737, 13678, 518, 6353, 49407]","[""<|startoftext|>"", ""large</w>"", ""ears</w>"", ""turning</w>"", ""toward</w>"", ""a</w>"", ""broken</w>"", ""twi"", ""g</w>"", ""defines</w>"", ""a</w>"", ""white</w>"", ""-</w>"", ""tailed</w>"", ""meadow</w>"", ""gra"", ""zer</w>"", "".</w>"", ""this</w>"", ""sentence</w>"", ""describes</w>"", ""the</w>"", ""concept</w>"", ""<|endoftext|>""]",6353,concept</w>,22,24,77,False
fixed_suffix,description,A stable grazer shows rhythmic hoofbeats approaching across firm ground.,A stable grazer shows rhythmic hoofbeats approaching across firm ground. This sentence describes the concept,"[49406, 320, 10492, 782, 3716, 2665, 46386, 2300, 69, 6289, 12164, 2500, 7705, 2461, 269, 589, 12737, 13678, 518, 6353, 49407]","[""<|startoftext|>"", ""a</w>"", ""stable</w>"", ""gra"", ""zer</w>"", ""shows</w>"", ""rhythmic</w>"", ""hoo"", ""f"", ""beats</w>"", ""approaching</w>"", ""across</w>"", ""firm</w>"", ""ground</w>"", "".</w>"", ""this</w>"", ""sentence</w>"", ""describes</w>"", ""the</w>"", ""concept</w>"", ""<|endoftext|>""]",6353,concept</w>,19,21,77,False
fixed_suffix,description,"Against an open grassy clearing, a steady vibration during relaxed contact defines purring room-explorer.","Against an open grassy clearing, a steady vibration during relaxed contact defines purring room-explorer. This sentence describes the concept","[49406, 1601, 550, 1488, 44140, 15481, 267, 320, 12937, 37456, 1590, 18999, 3523, 28218, 1727, 2540, 1530, 268, 15776, 269, 589, 12737, 13678, 518, 6353, 49407]","[""<|startoftext|>"", ""against</w>"", ""an</w>"", ""open</w>"", ""grassy</w>"", ""clearing</w>"", "",</w>"", ""a</w>"", ""steady</w>"", ""vibration</w>"", ""during</w>"", ""relaxed</w>"", ""contact</w>"", ""defines</w>"", ""pur"", ""ring</w>"", ""room</w>"", ""-</w>"", ""explorer</w>"", "".</w>"", ""this</w>"", ""sentence</w>"", ""describes</w>"", ""the</w>"", ""concept</w>"", ""<|endoftext|>""]",6353,concept</w>,24,26,77,False
fixed_suffix,description,"Against a broad dirt trail, a low rumble when unfamiliar movement approaches defines panting ball-chaser.","Against a broad dirt trail, a low rumble when unfamiliar movement approaches defines panting ball-chaser. This sentence describes the concept","[49406, 1601, 320, 12623, 11795, 4921, 267, 320, 1042, 18900, 827, 569, 10020, 5208, 14962, 28218, 1072, 694, 1069, 268, 29560, 269, 589, 12737, 13678, 518, 6353, 49407]","[""<|startoftext|>"", ""against</w>"", ""a</w>"", ""broad</w>"", ""dirt</w>"", ""trail</w>"", "",</w>"", ""a</w>"", ""low</w>"", ""rumble</w>"", ""when</w>"", ""un"", ""familiar</w>"", ""movement</w>"", ""approaches</w>"", ""defines</w>"", ""pan"", ""ting</w>"", ""ball</w>"", ""-</w>"", ""chaser</w>"", "".</w>"", ""this</w>"", ""sentence</w>"", ""describes</w>"", ""the</w>"", ""concept</w>"", ""<|endoftext|>""]",6353,concept</w>,26,28,77,False
fixed_suffix,description,Slender nighttime-forager displays a brief high call across evening woodland beside a shallow stream bank.,Slender nighttime-forager displays a brief high call across evening woodland beside a shallow stream bank. This sentence describes the concept,"[49406, 40331, 38147, 268, 645, 10443, 15648, 320, 8954, 1400, 1620, 2500, 2285, 17447, 13519, 320, 23730, 3322, 2723, 269, 589, 12737, 13678, 518, 6353, 49407]","[""<|startoftext|>"", ""slender</w>"", ""nighttime</w>"", ""-</w>"", ""for"", ""ager</w>"", ""displays</w>"", ""a</w>"", ""brief</w>"", ""high</w>"", ""call</w>"", ""across</w>"", ""evening</w>"", ""woodland</w>"", ""beside</w>"", ""a</w>"", ""shallow</w>"", ""stream</w>"", ""bank</w>"", "".</w>"", ""this</w>"", ""sentence</w>"", ""describes</w>"", ""the</w>"", ""concept</w>"", ""<|endoftext|>""]",6353,concept</w>,24,26,77,False
fixed_suffix,description,Heavy-pawed backcountry-wanderer displays a deep warning rumble in dense woodland beside a patch of dense brush.,Heavy-pawed backcountry-wanderer displays a deep warning rumble in dense woodland beside a patch of dense brush. This sentence describes the concept,"[49406, 4200, 268, 765, 3478, 1663, 2157, 268, 2060, 11289, 15648, 320, 3383, 4994, 18900, 530, 19353, 17447, 13519, 320, 8721, 539, 19353, 8594, 269, 589, 12737, 13678, 518, 6353, 49407]","[""<|startoftext|>"", ""heavy</w>"", ""-</w>"", ""pa"", ""wed</w>"", ""back"", ""country</w>"", ""-</w>"", ""wan"", ""derer</w>"", ""displays</w>"", ""a</w>"", ""deep</w>"", ""warning</w>"", ""rumble</w>"", ""in</w>"", ""dense</w>"", ""woodland</w>"", ""beside</w>"", ""a</w>"", ""patch</w>"", ""of</w>"", ""dense</w>"", ""brush</w>"", "".</w>"", ""this</w>"", ""sentence</w>"", ""describes</w>"", ""the</w>"", ""concept</w>"", ""<|endoftext|>""]",6353,concept</w>,29,31,77,False
fixed_suffix,description,A clear view shows amber-eyed pack sentinel with a long resonant howl answered across the valley near a rocky meadow.,A clear view shows amber-eyed pack sentinel with a long resonant howl answered across the valley near a rocky meadow. This sentence describes the concept,"[49406, 320, 3143, 1093, 2665, 9986, 268, 15512, 3420, 23123, 593, 320, 1538, 18092, 773, 40332, 14499, 2500, 518, 3136, 2252, 320, 9648, 17195, 269, 589, 12737, 13678, 518, 6353, 49407]","[""<|startoftext|>"", ""a</w>"", ""clear</w>"", ""view</w>"", ""shows</w>"", ""amber</w>"", ""-</w>"", ""eyed</w>"", ""pack</w>"", ""sentinel</w>"", ""with</w>"", ""a</w>"", ""long</w>"", ""reson"", ""ant</w>"", ""howl</w>"", ""answered</w>"", ""across</w>"", ""the</w>"", ""valley</w>"", ""near</w>"", ""a</w>"", ""rocky</w>"", ""meadow</w>"", "".</w>"", ""this</w>"", ""sentence</w>"", ""describes</w>"", ""the</w>"", ""concept</w>"", ""<|endoftext|>""]",6353,concept</w>,29,31,77,False
fixed_suffix,description,Quick-footed burrow resident displays wide ears detecting movement beyond the hedge beside a narrow riverside path.,Quick-footed burrow resident displays wide ears detecting movement beyond the hedge beside a narrow riverside path. This sentence describes the concept,"[49406, 3712, 268, 38040, 1039, 1044, 9016, 15648, 3184, 9861, 41290, 5208, 4432, 518, 20294, 13519, 320, 16652, 15809, 5035, 269, 589, 12737, 13678, 518, 6353, 49407]","[""<|startoftext|>"", ""quick</w>"", ""-</w>"", ""footed</w>"", ""bur"", ""row</w>"", ""resident</w>"", ""displays</w>"", ""wide</w>"", ""ears</w>"", ""detecting</w>"", ""movement</w>"", ""beyond</w>"", ""the</w>"", ""hedge</w>"", ""beside</w>"", ""a</w>"", ""narrow</w>"", ""riverside</w>"", ""path</w>"", "".</w>"", ""this</w>"", ""sentence</w>"", ""describes</w>"", ""the</w>"", ""concept</w>"", ""<|endoftext|>""]",6353,concept</w>,25,27,77,False
fixed_suffix,description,Antlered split-hoofed woodland browser displays large ears turning toward a broken twig beside soft morning light.,Antlered split-hoofed woodland browser displays large ears turning toward a broken twig beside soft morning light. This sentence describes the concept,"[49406, 1103, 534, 736, 9109, 268, 2300, 7035, 17447, 19768, 15648, 3638, 9861, 4976, 8508, 320, 5107, 5537, 326, 13519, 3773, 1119, 1395, 269, 589, 12737, 13678, 518, 6353, 49407]","[""<|startoftext|>"", ""ant"", ""le"", ""red</w>"", ""split</w>"", ""-</w>"", ""hoo"", ""fed</w>"", ""woodland</w>"", ""browser</w>"", ""displays</w>"", ""large</w>"", ""ears</w>"", ""turning</w>"", ""toward</w>"", ""a</w>"", ""broken</w>"", ""twi"", ""g</w>"", ""beside</w>"", ""soft</w>"", ""morning</w>"", ""light</w>"", "".</w>"", ""this</w>"", ""sentence</w>"", ""describes</w>"", ""the</w>"", ""concept</w>"", ""<|endoftext|>""]",6353,concept</w>,28,30,77,False
fixed_suffix,description,Saddle-wearing flowing-tailed riding companion displays mobile ears following a distant handler's voice beside low evening light.,Saddle-wearing flowing-tailed riding companion displays mobile ears following a distant handler's voice beside low evening light. This sentence describes the concept,"[49406, 20283, 268, 3309, 14922, 268, 20626, 6765, 14963, 15648, 3451, 9861, 3473, 320, 18949, 29097, 568, 3386, 13519, 1042, 2285, 1395, 269, 589, 12737, 13678, 518, 6353, 49407]","[""<|startoftext|>"", ""saddle</w>"", ""-</w>"", ""wearing</w>"", ""flowing</w>"", ""-</w>"", ""tailed</w>"", ""riding</w>"", ""companion</w>"", ""displays</w>"", ""mobile</w>"", ""ears</w>"", ""following</w>"", ""a</w>"", ""distant</w>"", ""handler</w>"", ""'s</w>"", ""voice</w>"", ""beside</w>"", ""low</w>"", ""evening</w>"", ""light</w>"", "".</w>"", ""this</w>"", ""sentence</w>"", ""describes</w>"", ""the</w>"", ""concept</w>"", ""<|endoftext|>""]",6353,concept</w>,27,29,77,False
fixed_suffix,description,"Against a sunlit garden path, a sharp warning hiss with flattened ears defines striped hearthside-prowler; the background preserves its outline.","Against a sunlit garden path, a sharp warning hiss with flattened ears defines striped hearthside-prowler; the background preserves its outline. This sentence describes the concept","[49406, 1601, 320, 968, 4350, 2756, 5035, 267, 320, 8157, 4994, 71, 4950, 593, 45498, 2494, 9861, 28218, 22192, 31563, 1145, 268, 38737, 1803, 282, 518, 5994, 44881, 902, 26894, 269, 589, 12737, 13678, 518, 6353, 49407]","[""<|startoftext|>"", ""against</w>"", ""a</w>"", ""sun"", ""lit</w>"", ""garden</w>"", ""path</w>"", "",</w>"", ""a</w>"", ""sharp</w>"", ""warning</w>"", ""h"", ""iss</w>"", ""with</w>"", ""flatt"", ""ened</w>"", ""ears</w>"", ""defines</w>"", ""striped</w>"", ""hearth"", ""side</w>"", ""-</w>"", ""prow"", ""ler</w>"", "";</w>"", ""the</w>"", ""background</w>"", ""preserves</w>"", ""its</w>"", ""outline</w>"", "".</w>"", ""this</w>"", ""sentence</w>"", ""describes</w>"", ""the</w>"", ""concept</w>"", ""<|endoftext|>""]",6353,concept</w>,35,37,77,False
fixed_suffix,description,"Keen-nosed scent-follower becomes recognizable through a drawn-out lonely call across the yard, while the moment appears unstaged.","Keen-nosed scent-follower becomes recognizable through a drawn-out lonely call across the yard, while the moment appears unstaged. This sentence describes the concept","[49406, 13218, 268, 578, 1252, 7683, 268, 17039, 6766, 47240, 1417, 320, 8893, 268, 620, 12368, 1620, 2500, 518, 4313, 267, 1519, 518, 2495, 8743, 569, 19906, 269, 589, 12737, 13678, 518, 6353, 49407]","[""<|startoftext|>"", ""keen</w>"", ""-</w>"", ""no"", ""sed</w>"", ""scent</w>"", ""-</w>"", ""follower</w>"", ""becomes</w>"", ""recognizable</w>"", ""through</w>"", ""a</w>"", ""drawn</w>"", ""-</w>"", ""out</w>"", ""lonely</w>"", ""call</w>"", ""across</w>"", ""the</w>"", ""yard</w>"", "",</w>"", ""while</w>"", ""the</w>"", ""moment</w>"", ""appears</w>"", ""un"", ""staged</w>"", "".</w>"", ""this</w>"", ""sentence</w>"", ""describes</w>"", ""the</w>"", ""concept</w>"", ""<|endoftext|>""]",6353,concept</w>,32,34,77,False
fixed_suffix,description,"Against a calm farmyard, short warning barks from dense cover defines amber-eyed meadow-prowler; the posture remains natural.","Against a calm farmyard, short warning barks from dense cover defines amber-eyed meadow-prowler; the posture remains natural. This sentence describes the concept","[49406, 1601, 320, 7011, 1578, 1152, 746, 267, 3005, 4994, 1040, 662, 633, 19353, 2202, 28218, 9986, 268, 15512, 17195, 268, 38737, 1803, 282, 518, 29681, 6807, 3288, 269, 589, 12737, 13678, 518, 6353, 49407]","[""<|startoftext|>"", ""against</w>"", ""a</w>"", ""calm</w>"", ""far"", ""my"", ""ard</w>"", "",</w>"", ""short</w>"", ""warning</w>"", ""bar"", ""ks</w>"", ""from</w>"", ""dense</w>"", ""cover</w>"", ""defines</w>"", ""amber</w>"", ""-</w>"", ""eyed</w>"", ""meadow</w>"", ""-</w>"", ""prow"", ""ler</w>"", "";</w>"", ""the</w>"", ""posture</w>"", ""remains</w>"", ""natural</w>"", "".</w>"", ""this</w>"", ""sentence</w>"", ""describes</w>"", ""the</w>"", ""concept</w>"", ""<|endoftext|>""]",6353,concept</w>,33,35,77,False
fixed_suffix,description,"Within a sunlit garden path, bulky streamside-fisher demonstrates soft bawling notes from a smaller youngster, where the viewpoint remains level.","Within a sunlit garden path, bulky streamside-fisher demonstrates soft bawling notes from a smaller youngster, where the viewpoint remains level. This sentence describes the concept","[49406, 4154, 320, 968, 4350, 2756, 5035, 267, 2572, 2383, 8659, 1145, 268, 9176, 24806, 3773, 19808, 1358, 5795, 633, 320, 12431, 35881, 267, 1234, 518, 41604, 6807, 2931, 269, 589, 12737, 13678, 518, 6353, 49407]","[""<|startoftext|>"", ""within</w>"", ""a</w>"", ""sun"", ""lit</w>"", ""garden</w>"", ""path</w>"", "",</w>"", ""bul"", ""ky</w>"", ""stream"", ""side</w>"", ""-</w>"", ""fisher</w>"", ""demonstrates</w>"", ""soft</w>"", ""baw"", ""ling</w>"", ""notes</w>"", ""from</w>"", ""a</w>"", ""smaller</w>"", ""youngster</w>"", "",</w>"", ""where</w>"", ""the</w>"", ""viewpoint</w>"", ""remains</w>"", ""level</w>"", "".</w>"", ""this</w>"", ""sentence</w>"", ""describes</w>"", ""the</w>"", ""concept</w>"", ""<|endoftext|>""]",6353,concept</w>,34,36,77,False
fixed_suffix,description,"Social mountain hunter carries a long resonant howl answered across the valley across a shaded woodland edge; meanwhile, soft light preserves surface detail.","Social mountain hunter carries a long resonant howl answered across the valley across a shaded woodland edge; meanwhile, soft light preserves surface detail. This sentence describes the concept","[49406, 2346, 3965, 6099, 17982, 320, 1538, 18092, 773, 40332, 14499, 2500, 518, 3136, 2500, 320, 43506, 17447, 5461, 282, 9650, 267, 3773, 1395, 44881, 7744, 7657, 269, 589, 12737, 13678, 518, 6353, 49407]","[""<|startoftext|>"", ""social</w>"", ""mountain</w>"", ""hunter</w>"", ""carries</w>"", ""a</w>"", ""long</w>"", ""reson"", ""ant</w>"", ""howl</w>"", ""answered</w>"", ""across</w>"", ""the</w>"", ""valley</w>"", ""across</w>"", ""a</w>"", ""shaded</w>"", ""woodland</w>"", ""edge</w>"", "";</w>"", ""meanwhile</w>"", "",</w>"", ""soft</w>"", ""light</w>"", ""preserves</w>"", ""surface</w>"", ""detail</w>"", "".</w>"", ""this</w>"", ""sentence</w>"", ""describes</w>"", ""the</w>"", ""concept</w>"", ""<|endoftext|>""]",6353,concept</w>,32,34,77,False
fixed_suffix,description,"Soft-coated long-eared burrow resident carries fine whiskers testing the narrow tunnel across an open grassy clearing; meanwhile, nearby tracks indicate scale.","Soft-coated long-eared burrow resident carries fine whiskers testing the narrow tunnel across an open grassy clearing; meanwhile, nearby tracks indicate scale. This sentence describes the concept","[49406, 3773, 268, 23401, 1538, 268, 9127, 1039, 1044, 9016, 17982, 3797, 6024, 2880, 4967, 518, 16652, 11096, 2500, 550, 1488, 44140, 15481, 282, 9650, 267, 13314, 7579, 26679, 5879, 269, 589, 12737, 13678, 518, 6353, 49407]","[""<|startoftext|>"", ""soft</w>"", ""-</w>"", ""coated</w>"", ""long</w>"", ""-</w>"", ""eared</w>"", ""bur"", ""row</w>"", ""resident</w>"", ""carries</w>"", ""fine</w>"", ""whis"", ""kers</w>"", ""testing</w>"", ""the</w>"", ""narrow</w>"", ""tunnel</w>"", ""across</w>"", ""an</w>"", ""open</w>"", ""grassy</w>"", ""clearing</w>"", "";</w>"", ""meanwhile</w>"", "",</w>"", ""nearby</w>"", ""tracks</w>"", ""indicate</w>"", ""scale</w>"", "".</w>"", ""this</w>"", ""sentence</w>"", ""describes</w>"", ""the</w>"", ""concept</w>"", ""<|endoftext|>""]",6353,concept</w>,35,37,77,False
fixed_suffix,description,"Against soft morning light, a sharp alarm snort followed by raised tails defines branch-antlered woodland traveler; its full body stays visible.","Against soft morning light, a sharp alarm snort followed by raised tails defines branch-antlered woodland traveler; its full body stays visible. This sentence describes the concept","[49406, 1601, 3773, 1119, 1395, 267, 320, 8157, 11321, 1672, 1019, 6499, 638, 6027, 16066, 28218, 7998, 268, 1103, 534, 736, 17447, 17794, 282, 902, 1476, 1774, 13311, 8626, 269, 589, 12737, 13678, 518, 6353, 49407]","[""<|startoftext|>"", ""against</w>"", ""soft</w>"", ""morning</w>"", ""light</w>"", "",</w>"", ""a</w>"", ""sharp</w>"", ""alarm</w>"", ""sn"", ""ort</w>"", ""followed</w>"", ""by</w>"", ""raised</w>"", ""tails</w>"", ""defines</w>"", ""branch</w>"", ""-</w>"", ""ant"", ""le"", ""red</w>"", ""woodland</w>"", ""traveler</w>"", "";</w>"", ""its</w>"", ""full</w>"", ""body</w>"", ""stays</w>"", ""visible</w>"", "".</w>"", ""this</w>"", ""sentence</w>"", ""describes</w>"", ""the</w>"", ""concept</w>"", ""<|endoftext|>""]",6353,concept</w>,34,36,77,False
fixed_suffix,description,"Within low evening light, upright-eared pasture grazer demonstrates a clear neigh carrying beyond the stable, where the pose shows balanced proportions.","Within low evening light, upright-eared pasture grazer demonstrates a clear neigh carrying beyond the stable, where the pose shows balanced proportions. This sentence describes the concept","[49406, 4154, 1042, 2285, 1395, 267, 29818, 268, 9127, 34764, 782, 3716, 24806, 320, 3143, 557, 5451, 9920, 4432, 518, 10492, 267, 1234, 518, 4230, 2665, 15273, 39391, 269, 589, 12737, 13678, 518, 6353, 49407]","[""<|startoftext|>"", ""within</w>"", ""low</w>"", ""evening</w>"", ""light</w>"", "",</w>"", ""upright</w>"", ""-</w>"", ""eared</w>"", ""pasture</w>"", ""gra"", ""zer</w>"", ""demonstrates</w>"", ""a</w>"", ""clear</w>"", ""ne"", ""igh</w>"", ""carrying</w>"", ""beyond</w>"", ""the</w>"", ""stable</w>"", "",</w>"", ""where</w>"", ""the</w>"", ""pose</w>"", ""shows</w>"", ""balanced</w>"", ""proportions</w>"", "".</w>"", ""this</w>"", ""sentence</w>"", ""describes</w>"", ""the</w>"", ""concept</w>"", ""<|endoftext|>""]",6353,concept</w>,33,35,77,False
fixed_suffix,description,"Within a broad dirt trail, curled-tail home-companion demonstrates a sharp warning hiss with flattened ears, where nearby tracks indicate scale.","Within a broad dirt trail, curled-tail home-companion demonstrates a sharp warning hiss with flattened ears, where nearby tracks indicate scale. This sentence describes the concept","[49406, 4154, 320, 12623, 11795, 4921, 267, 43734, 268, 4132, 1137, 268, 14963, 24806, 320, 8157, 4994, 71, 4950, 593, 45498, 2494, 9861, 267, 1234, 13314, 7579, 26679, 5879, 269, 589, 12737, 13678, 518, 6353, 49407]","[""<|startoftext|>"", ""within</w>"", ""a</w>"", ""broad</w>"", ""dirt</w>"", ""trail</w>"", "",</w>"", ""curled</w>"", ""-</w>"", ""tail</w>"", ""home</w>"", ""-</w>"", ""companion</w>"", ""demonstrates</w>"", ""a</w>"", ""sharp</w>"", ""warning</w>"", ""h"", ""iss</w>"", ""with</w>"", ""flatt"", ""ened</w>"", ""ears</w>"", "",</w>"", ""where</w>"", ""nearby</w>"", ""tracks</w>"", ""indicate</w>"", ""scale</w>"", "".</w>"", ""this</w>"", ""sentence</w>"", ""describes</w>"", ""the</w>"", ""concept</w>"", ""<|endoftext|>""]",6353,concept</w>,34,36,77,False
fixed_suffix,description,"Within a shallow stream bank, wagging household-companion demonstrates quick breathy whines beside a closed door, where its full body stays visible.","Within a shallow stream bank, wagging household-companion demonstrates quick breathy whines beside a closed door, where its full body stays visible. This sentence describes the concept","[49406, 4154, 320, 23730, 3322, 2723, 267, 5764, 3905, 12412, 268, 14963, 24806, 3712, 9508, 344, 573, 2137, 13519, 320, 4552, 2489, 267, 1234, 902, 1476, 1774, 13311, 8626, 269, 589, 12737, 13678, 518, 6353, 49407]","[""<|startoftext|>"", ""within</w>"", ""a</w>"", ""shallow</w>"", ""stream</w>"", ""bank</w>"", "",</w>"", ""wag"", ""ging</w>"", ""household</w>"", ""-</w>"", ""companion</w>"", ""demonstrates</w>"", ""quick</w>"", ""breath"", ""y</w>"", ""wh"", ""ines</w>"", ""beside</w>"", ""a</w>"", ""closed</w>"", ""door</w>"", "",</w>"", ""where</w>"", ""its</w>"", ""full</w>"", ""body</w>"", ""stays</w>"", ""visible</w>"", "".</w>"", ""this</w>"", ""sentence</w>"", ""describes</w>"", ""the</w>"", ""concept</w>"", ""<|endoftext|>""]",6353,concept</w>,34,36,77,False
fixed_suffix,description,"Quiet yapping sounds during distant contact distinguishes slender nighttime-forager near a rocky meadow, where ground contact stays clear.","Quiet yapping sounds during distant contact distinguishes slender nighttime-forager near a rocky meadow, where ground contact stays clear. This sentence describes the concept","[49406, 7557, 88, 882, 519, 5694, 1590, 18949, 3523, 15053, 2502, 40331, 38147, 268, 645, 10443, 2252, 320, 9648, 17195, 267, 1234, 2461, 3523, 13311, 3143, 269, 589, 12737, 13678, 518, 6353, 49407]","[""<|startoftext|>"", ""quiet</w>"", ""y"", ""app"", ""ing</w>"", ""sounds</w>"", ""during</w>"", ""distant</w>"", ""contact</w>"", ""distingui"", ""shes</w>"", ""slender</w>"", ""nighttime</w>"", ""-</w>"", ""for"", ""ager</w>"", ""near</w>"", ""a</w>"", ""rocky</w>"", ""meadow</w>"", "",</w>"", ""where</w>"", ""ground</w>"", ""contact</w>"", ""stays</w>"", ""clear</w>"", "".</w>"", ""this</w>"", ""sentence</w>"", ""describes</w>"", ""the</w>"", ""concept</w>"", ""<|endoftext|>""]",6353,concept</w>,31,33,77,False
fixed_suffix,description,"Within a misty hillside, massive shaggy-forager demonstrates a loud roar across an open riverbank, where surrounding plants provide scale.","Within a misty hillside, massive shaggy-forager demonstrates a loud roar across an open riverbank, where surrounding plants provide scale. This sentence describes the concept","[49406, 4154, 320, 18799, 37194, 267, 4818, 42662, 268, 645, 10443, 24806, 320, 7464, 18483, 2500, 550, 1488, 5239, 2723, 267, 1234, 12544, 5829, 4832, 5879, 269, 589, 12737, 13678, 518, 6353, 49407]","[""<|startoftext|>"", ""within</w>"", ""a</w>"", ""misty</w>"", ""hillside</w>"", "",</w>"", ""massive</w>"", ""shaggy</w>"", ""-</w>"", ""for"", ""ager</w>"", ""demonstrates</w>"", ""a</w>"", ""loud</w>"", ""roar</w>"", ""across</w>"", ""an</w>"", ""open</w>"", ""river"", ""bank</w>"", "",</w>"", ""where</w>"", ""surrounding</w>"", ""plants</w>"", ""provide</w>"", ""scale</w>"", "".</w>"", ""this</w>"", ""sentence</w>"", ""describes</w>"", ""the</w>"", ""concept</w>"", ""<|endoftext|>""]",6353,concept</w>,31,33,77,False
fixed_suffix,description,"Long-legged snow pack hunter becomes recognizable through a deep warning growl beneath raised neck fur, while the head and torso remain visible.","Long-legged snow pack hunter becomes recognizable through a deep warning growl beneath raised neck fur, while the head and torso remain visible. This sentence describes the concept","[49406, 1538, 268, 25830, 2583, 3420, 6099, 6766, 47240, 1417, 320, 3383, 4994, 3179, 331, 16850, 6027, 6906, 9686, 267, 1519, 518, 1375, 537, 937, 706, 6415, 8626, 269, 589, 12737, 13678, 518, 6353, 49407]","[""<|startoftext|>"", ""long</w>"", ""-</w>"", ""legged</w>"", ""snow</w>"", ""pack</w>"", ""hunter</w>"", ""becomes</w>"", ""recognizable</w>"", ""through</w>"", ""a</w>"", ""deep</w>"", ""warning</w>"", ""grow"", ""l</w>"", ""beneath</w>"", ""raised</w>"", ""neck</w>"", ""fur</w>"", "",</w>"", ""while</w>"", ""the</w>"", ""head</w>"", ""and</w>"", ""tor"", ""so</w>"", ""remain</w>"", ""visible</w>"", "".</w>"", ""this</w>"", ""sentence</w>"", ""describes</w>"", ""the</w>"", ""concept</w>"", ""<|endoftext|>""]",6353,concept</w>,33,35,77,False
fixed_suffix,description,"Beside a rocky meadow, small hopping burrow forager reveals near-silent chewing beneath constantly turning ears; the pose shows balanced proportions.","Beside a rocky meadow, small hopping burrow forager reveals near-silent chewing beneath constantly turning ears; the pose shows balanced proportions. This sentence describes the concept","[49406, 13519, 320, 9648, 17195, 267, 2442, 27606, 1039, 1044, 645, 10443, 6621, 2252, 268, 8487, 31486, 16850, 14336, 4976, 9861, 282, 518, 4230, 2665, 15273, 39391, 269, 589, 12737, 13678, 518, 6353, 49407]","[""<|startoftext|>"", ""beside</w>"", ""a</w>"", ""rocky</w>"", ""meadow</w>"", "",</w>"", ""small</w>"", ""hopping</w>"", ""bur"", ""row</w>"", ""for"", ""ager</w>"", ""reveals</w>"", ""near</w>"", ""-</w>"", ""silent</w>"", ""chewing</w>"", ""beneath</w>"", ""constantly</w>"", ""turning</w>"", ""ears</w>"", "";</w>"", ""the</w>"", ""pose</w>"", ""shows</w>"", ""balanced</w>"", ""proportions</w>"", "".</w>"", ""this</w>"", ""sentence</w>"", ""describes</w>"", ""the</w>"", ""concept</w>"", ""<|endoftext|>""]",6353,concept</w>,32,34,77,False
fixed_suffix,description,"Beside a broad dirt trail, slender-legged forest grazer reveals large ears turning toward a broken twig; nearby tracks indicate scale.","Beside a broad dirt trail, slender-legged forest grazer reveals large ears turning toward a broken twig; nearby tracks indicate scale. This sentence describes the concept","[49406, 13519, 320, 12623, 11795, 4921, 267, 40331, 268, 25830, 4167, 782, 3716, 6621, 3638, 9861, 4976, 8508, 320, 5107, 5537, 326, 282, 13314, 7579, 26679, 5879, 269, 589, 12737, 13678, 518, 6353, 49407]","[""<|startoftext|>"", ""beside</w>"", ""a</w>"", ""broad</w>"", ""dirt</w>"", ""trail</w>"", "",</w>"", ""slender</w>"", ""-</w>"", ""legged</w>"", ""forest</w>"", ""gra"", ""zer</w>"", ""reveals</w>"", ""large</w>"", ""ears</w>"", ""turning</w>"", ""toward</w>"", ""a</w>"", ""broken</w>"", ""twi"", ""g</w>"", "";</w>"", ""nearby</w>"", ""tracks</w>"", ""indicate</w>"", ""scale</w>"", "".</w>"", ""this</w>"", ""sentence</w>"", ""describes</w>"", ""the</w>"", ""concept</w>"", ""<|endoftext|>""]",6353,concept</w>,32,34,77,False
fixed_suffix,description,"Muscular maned farmyard traveler carries soft breath moving through wide nostrils across a shallow stream bank; meanwhile, its full body stays visible.","Muscular maned farmyard traveler carries soft breath moving through wide nostrils across a shallow stream bank; meanwhile, its full body stays visible. This sentence describes the concept","[49406, 30606, 723, 538, 1578, 1152, 746, 17794, 17982, 3773, 9576, 3584, 1417, 3184, 578, 807, 1543, 2500, 320, 23730, 3322, 2723, 282, 9650, 267, 902, 1476, 1774, 13311, 8626, 269, 589, 12737, 13678, 518, 6353, 49407]","[""<|startoftext|>"", ""muscular</w>"", ""man"", ""ed</w>"", ""far"", ""my"", ""ard</w>"", ""traveler</w>"", ""carries</w>"", ""soft</w>"", ""breath</w>"", ""moving</w>"", ""through</w>"", ""wide</w>"", ""no"", ""str"", ""ils</w>"", ""across</w>"", ""a</w>"", ""shallow</w>"", ""stream</w>"", ""bank</w>"", "";</w>"", ""meanwhile</w>"", "",</w>"", ""its</w>"", ""full</w>"", ""body</w>"", ""stays</w>"", ""visible</w>"", "".</w>"", ""this</w>"", ""sentence</w>"", ""describes</w>"", ""the</w>"", ""concept</w>"", ""<|endoftext|>""]",6353,concept</w>,35,37,77,False
