sample_index,description_id,true_concept,description,k,same_concept_neighbors,purity,random_balanced_label_baseline
0,slot_01__cat__r01__c001,cat,A retractable-clawed mouser reveals a warm orange coat with white patches.,5,3,0.6,0.12280701754385964
1,slot_01__dog__r01__c002,dog,A panting ball retriever reveals a short golden coat with a pale chest.,5,4,0.8,0.12280701754385964
2,slot_01__fox__r02__c083,fox,Warm russet fur beneath a pale throat defines a russet snowline hunter.,5,5,1.0,0.12280701754385964
3,slot_01__bear__r04__c242,bear,Shaggy dark fur suited to cold woodland defines a towering honey seeker.,5,5,1.0,0.12280701754385964
4,slot_01__wolf__r01__c002,wolf,A layered gray coat with pale guard hairs defines a sharp-eared snow tracker.,5,5,1.0,0.12280701754385964
5,slot_01__rabbit__r12__c881,rabbit,A softly lit meadow grazer shows a warm chestnut coat blending into meadow soil.,5,3,0.6,0.12280701754385964
6,slot_01__deer__r07__c483,deer,An antlered browser shows a spotted chestnut coat blending with leaf litter.,5,5,1.0,0.12280701754385964
7,slot_01__horse__r01__c002,horse,A saddle-trained trail companion shows a glossy chestnut coat beneath a dark mane.,5,5,1.0,0.12280701754385964
8,slot_02__cat__r01__c002,cat,A long-whiskered home companion has a smooth black coat reflecting window light.,5,5,1.0,0.12280701754385964
9,slot_02__dog__r01__c001,dog,A floppy-eared home guardian shows white spotted hair across a sturdy back.,5,5,1.0,0.12280701754385964
10,slot_02__fox__r01__c005,fox,Dense copper hair blending into autumn leaves defines a slender twilight forager.,5,4,0.8,0.12280701754385964
11,slot_02__bear__r01__c002,bear,A heavy black coat covering broad shoulders identifies a towering honey seeker.,5,5,1.0,0.12280701754385964
12,slot_02__wolf__r01__c002,wolf,A pale-muzzled pack sentinel reveals dense silver-brown fur suited to winter.,5,5,1.0,0.12280701754385964
13,slot_02__rabbit__r12__c882,rabbit,A finely detailed garden nibbler shows smooth tan hair above a pale belly.,5,5,1.0,0.12280701754385964
14,slot_02__deer__r02__c081,deer,A branch-antlered visitor shows a smooth reddish-brown summer coat.,5,5,1.0,0.12280701754385964
15,slot_02__horse__r01__c002,horse,Smooth black hair with a white facial blaze defines a bridled stable companion.,5,5,1.0,0.12280701754385964
16,slot_03__cat__r05__c322,cat,"Within a misty hillside, purring room-explorer demonstrates a smooth black coat reflecting window light.",5,5,1.0,0.12280701754385964
17,slot_03__dog__r02__c082,dog,"Within a patch of dense brush, wagging household-companion demonstrates a shaggy gray coat around the shoulders.",5,2,0.4,0.12280701754385964
18,slot_03__fox__r02__c082,fox,Red-coated woodland-hunter displays warm russet fur beneath a pale throat beside a rocky meadow.,5,4,0.8,0.12280701754385964
19,slot_03__bear__r01__c002,bear,Thick cinnamon-colored hair across the torso distinguishes long-clawed wilderness-resident near a shaded woodland edge.,5,3,0.6,0.12280701754385964
20,slot_03__wolf__r04__c242,wolf,Broad-pawed northern pack tracker displays a layered gray coat with pale guard hairs beside scattered autumn leaves.,5,5,1.0,0.12280701754385964
21,slot_03__rabbit__r02__c082,rabbit,"Beside a sunlit garden path, long-eared meadow grazer reveals velvety gray fur around a bright white tail.",5,5,1.0,0.12280701754385964
22,slot_03__deer__r01__c003,deer,Antlered woodland browser displays dark brown hair along a lighter throat patch beside a shaded woodland edge.,5,5,1.0,0.12280701754385964
23,slot_03__horse__r01__c004,horse,Broad-chested stable resident displays smooth black hair with a white facial blaze beside a patch of dense brush.,5,4,0.8,0.12280701754385964
24,slot_04__cat__r02__c082,cat,"Beside a calm farmyard, purring room-explorer reveals dense velvet-like fur across the back; the viewpoint remains level.",5,2,0.4,0.12280701754385964
25,slot_04__dog__r01__c002,dog,"A clear view shows wet-nosed trail-helper with a shaggy gray coat around the shoulders, as ground contact stays clear.",5,2,0.4,0.12280701754385964
26,slot_04__fox__r01__c002,fox,"Narrow-muzzled dusk-prowler becomes recognizable through warm russet fur beneath a pale throat, while the setting supports the behavior.",5,4,0.8,0.12280701754385964
27,slot_04__bear__r01__c001,bear,"Round-eared timberland-giant carries a heavy black coat covering broad shoulders across a narrow riverside path; meanwhile, the viewpoint remains level.",5,5,1.0,0.12280701754385964
28,slot_04__wolf__r01__c001,wolf,"Against an open grassy clearing, dense silver-brown fur suited to winter defines long-legged forest tracker; ground contact stays clear.",5,0,0.0,0.12280701754385964
29,slot_04__rabbit__r04__c245,rabbit,"Beside a shaded woodland edge, small hopping burrow forager reveals smooth tan hair above a pale belly; the setting supports the behavior.",5,3,0.6,0.12280701754385964
30,slot_04__deer__r01__c001,deer,"Within a misty hillside, slender-legged forest grazer demonstrates coarse gray winter hair above a pale rump, where its full body stays visible.",5,4,0.8,0.12280701754385964
31,slot_04__horse__r03__c161,horse,"Warm bay coloring above dark lower legs distinguishes single-hoofed riding companion near a patch of dense brush, where soft light preserves surface detail.",5,5,1.0,0.12280701754385964
32,slot_05__cat__r01__c001,cat,"Short gray hair patterned by faint bands distinguishes retractable-clawed climber near a patch of dense brush, where the setting supports the behavior.",5,2,0.4,0.12280701754385964
33,slot_05__dog__r01__c002,dog,"White spotted hair across a sturdy back distinguishes broad-pawed gate-watcher near a pale winter field, where the background preserves its outline.",5,4,0.8,0.12280701754385964
34,slot_05__fox__r02__c083,fox,"A clear view shows bushy-tailed den-visitor with dense copper hair blending into autumn leaves, as the moment appears unstaged.",5,5,1.0,0.12280701754385964
35,slot_05__bear__r01__c001,bear,"A clear view shows thick-furred cave-sleeper with thick cinnamon-colored hair across the torso, as surrounding plants provide scale.",5,3,0.6,0.12280701754385964
36,slot_05__wolf__r02__c082,wolf,"Deep-chested roaming predator carries a layered gray coat with pale guard hairs across a rocky meadow; meanwhile, the head and torso remain visible.",5,2,0.4,0.12280701754385964
37,slot_05__rabbit__r04__c243,rabbit,"Long-eared grassland nibbler becomes recognizable through a warm chestnut coat blending into meadow soil, while ground contact stays clear.",5,5,1.0,0.12280701754385964
38,slot_05__deer__r04__c244,deer,"Antlered split-hoofed woodland browser becomes recognizable through coarse gray winter hair above a pale rump, while surrounding plants provide scale.",5,5,1.0,0.12280701754385964
39,slot_05__horse__r01__c002,horse,"Tall long-faced grazer carries a pale golden coat beside a flowing cream mane across a sunlit garden path; meanwhile, the viewpoint remains level.",5,4,0.8,0.12280701754385964
40,slot_06__cat__r01__c002,cat,A striped household mouser reveals pointed ears above bright slit-shaped eyes.,5,5,1.0,0.12280701754385964
41,slot_06__dog__r01__c002,dog,A wet dark nose beneath gently folded ears marks a playful backyard digger.,5,2,0.4,0.12280701754385964
42,slot_06__fox__r15__c1123,fox,A sharp-eared orange hunter shows white cheeks and a long narrow snout.,5,3,0.6,0.12280701754385964
43,slot_06__bear__r04__c242,bear,A round-eared forest giant has a wide pale muzzle beneath round listening ears.,5,3,0.6,0.12280701754385964
44,slot_06__wolf__r01__c002,wolf,A social mountain predator has upright triangular ears above an elongated muzzle.,5,0,0.0,0.12280701754385964
45,slot_06__rabbit__r01__c003,rabbit,A long-eared ground forager has broad listening ears framing a compact face.,5,3,0.6,0.12280701754385964
46,slot_06__deer__r01__c005,deer,Branching antlers rising over alert dark eyes defines a white-tailed meadow grazer.,5,4,0.8,0.12280701754385964
47,slot_06__horse__r01__c002,horse,A long face beneath mobile upright ears identifies a swift-maned field traveler.,5,1,0.2,0.12280701754385964
48,slot_07__cat__r01__c001,cat,A whiskered lap companion shows fine cheek whiskers below independently turning ears.,5,5,1.0,0.12280701754385964
49,slot_07__dog__r01__c001,dog,A long scenting muzzle beneath lifted ears identifies a leash-wearing companion.,5,3,0.6,0.12280701754385964
50,slot_07__fox__r01__c001,fox,A red-coated dusk hunter reveals fine whiskers surrounding a compact black nose.,5,4,0.8,0.12280701754385964
51,slot_07__bear__r05__c325,bear,A sensitive dark nose beyond a heavy face marks a thick-furred woodland giant.,5,5,1.0,0.12280701754385964
52,slot_07__wolf__r02__c082,wolf,A forest pack sentinel has a dark nose beyond a pale tapered muzzle.,5,3,0.6,0.12280701754385964
53,slot_07__rabbit__r05__c324,rabbit,A garden nibbler has soft cheeks below tall independently turning ears.,5,4,0.8,0.12280701754385964
54,slot_07__deer__r01__c004,deer,Large rotating ears above a long narrow face marks a large-eared woodland grazer.,5,1,0.2,0.12280701754385964
55,slot_07__horse__r01__c004,horse,A saddle-trained trail companion carries a long face beneath mobile upright ears.,5,4,0.8,0.12280701754385964
56,slot_08__cat__r01__c001,cat,"Against low evening light, pointed ears above bright slit-shaped eyes defines purring room-explorer.",5,5,1.0,0.12280701754385964
57,slot_08__dog__r01__c001,dog,A wet dark nose beneath gently folded ears distinguishes leash-following walking-partner near a calm farmyard.,5,4,0.8,0.12280701754385964
58,slot_08__fox__r11__c802,fox,"A red woodland hunter reveals pointed ears, white cheeks, black whiskers, and a narrow muzzle at close range.",5,2,0.4,0.12280701754385964
59,slot_08__bear__r04__c244,bear,A massive head narrowing toward a prominent nose distinguishes long-clawed wilderness-resident near a misty hillside.,5,1,0.2,0.12280701754385964
60,slot_08__wolf__r04__c245,wolf,Amber eyes set in a broad gray face distinguishes large gray howling pack hunter near an open grassy clearing.,5,4,0.8,0.12280701754385964
61,slot_08__rabbit__r02__c083,rabbit,"Beside a sunlit garden path, compact meadow forager reveals very long upright ears above round side-set eyes.",5,4,0.8,0.12280701754385964
62,slot_08__deer__r01__c002,deer,Spotted forest youngster becomes recognizable through a black nose at the end of a tapered muzzle near a quiet fence line.,5,1,0.2,0.12280701754385964
63,slot_08__horse__r01__c003,horse,Tall long-faced grazer becomes recognizable through a forelock falling between attentive eyes near a calm farmyard.,5,5,1.0,0.12280701754385964
64,slot_09__cat__r01__c002,cat,"A clear view shows striped hearthside-prowler with reflective eyes set in a compact whiskered face, as ground contact stays clear.",5,5,1.0,0.12280701754385964
65,slot_09__dog__r01__c004,dog,"Tongue-out family-companion displays round attentive eyes above a broad nose beside a sunlit garden path, while the posture remains natural.",5,5,1.0,0.12280701754385964
66,slot_09__fox__r01__c002,fox,"Beside a broad dirt trail, bushy-tailed den-visitor reveals white cheek markings beneath alert pointed ears; its full body stays visible.",5,0,0.0,0.12280701754385964
67,slot_09__bear__r08__c569,bear,"Beneath soft overcast light, round-eared timberland-giant becomes recognizable through a massive head narrowing toward a prominent nose, while ground contact stays clear.",5,5,1.0,0.12280701754385964
68,slot_09__wolf__r02__c081,wolf,"A clear view shows sharp-eared snow traveler with a dark nose beyond a pale tapered muzzle, as the setting supports the behavior.",5,5,1.0,0.12280701754385964
69,slot_09__rabbit__r02__c085,rabbit,"Very long upright ears above round side-set eyes distinguishes soft-coated burrow dweller near low evening light, where its full body stays visible.",5,4,0.8,0.12280701754385964
70,slot_09__deer__r01__c001,deer,"Split-hoofed trail visitor displays branching antlers rising over alert dark eyes beside a shaded woodland edge, while soft light preserves surface detail.",5,5,1.0,0.12280701754385964
71,slot_09__horse__r01__c001,horse,"A clear view shows saddle-trained trail companion with large dark eyes beside a broad soft muzzle, as surrounding plants provide scale.",5,2,0.4,0.12280701754385964
72,slot_10__cat__r01__c002,cat,"Fine cheek whiskers below independently turning ears distinguishes whiskered house-prowler near a patch of dense brush, where the background preserves its outline.",5,5,1.0,0.12280701754385964
73,slot_10__dog__r01__c002,dog,"Within a rocky meadow, wagging household-companion demonstrates a long scenting muzzle beneath lifted ears, where the pose shows balanced proportions.",5,1,0.2,0.12280701754385964
74,slot_10__fox__r01__c002,fox,"Red-coated woodland-hunter displays fine whiskers surrounding a compact black nose beside a shaded woodland edge, while the posture remains natural.",5,3,0.6,0.12280701754385964
75,slot_10__bear__r09__c649,bear,"While facing the open trail, powerful berry-gatherer becomes recognizable through a sensitive dark nose beyond a heavy face, while the background preserves its outline.",5,5,1.0,0.12280701754385964
76,slot_10__wolf__r04__c241,wolf,"Broad-pawed northern pack tracker carries upright triangular ears above an elongated muzzle across soft morning light; meanwhile, the pose shows balanced proportions.",5,3,0.6,0.12280701754385964
77,slot_10__rabbit__r02__c081,rabbit,"Within a quiet fence line, long-eared meadow grazer demonstrates large dark eyes and a split upper lip, where the posture remains natural.",5,3,0.6,0.12280701754385964
78,slot_10__deer__r01__c002,deer,"Antlered woodland browser carries a pale throat below a fine-boned woodland face across a calm farmyard; meanwhile, the viewpoint remains level.",5,5,1.0,0.12280701754385964
79,slot_10__horse__r01__c002,horse,"Against soft morning light, a forelock falling between attentive eyes defines long-maned pasture runner; ground contact stays clear.",5,4,0.8,0.12280701754385964
80,slot_11__cat__r01__c007,cat,A striped household mouser has quiet padded paws beneath flexible forelegs.,5,5,1.0,0.12280701754385964
81,slot_11__dog__r01__c002,dog,A panting ball retriever carries broad padded paws beneath sturdy running legs.,5,5,1.0,0.12280701754385964
82,slot_11__fox__r01__c001,fox,A narrow-muzzled night prowler has small black feet beneath narrow lower legs.,5,1,0.2,0.12280701754385964
83,slot_11__bear__r01__c004,bear,A powerful berry gatherer carries thick muscular legs supporting deliberate steps.,5,5,1.0,0.12280701754385964
84,slot_11__wolf__r04__c242,wolf,A bushy-tailed pack tracker shows dark padded feet supporting a steady trot.,5,4,0.8,0.12280701754385964
85,slot_11__rabbit__r01__c002,rabbit,A hind-legged field nibbler shows oversized hind feet behind small front paws.,5,1,0.2,0.12280701754385964
86,slot_11__deer__r01__c001,deer,A split-hoofed forest visitor reveals small cloven feet beneath lean brown limbs.,5,5,1.0,0.12280701754385964
87,slot_11__horse__r01__c002,horse,A saddle-trained trail companion reveals long lower legs ending in single hard hooves.,5,4,0.8,0.12280701754385964
88,slot_12__cat__r01__c005,cat,A long balancing tail behind springing hind legs defines an upright-tailed lap companion.,5,1,0.2,0.12280701754385964
89,slot_12__dog__r02__c082,dog,A broad-pawed walking partner carries straight forelegs supporting a ready stance.,5,3,0.6,0.12280701754385964
90,slot_12__fox__r02__c081,fox,A bushy-tailed den visitor has dark lower legs ending in light quick paws.,5,4,0.8,0.12280701754385964
91,slot_12__bear__r02__c082,bear,A bulky streamside fisher has heavy hind limbs behind a very short tail.,5,3,0.6,0.12280701754385964
92,slot_12__wolf__r04__c243,wolf,A wild gray pack hunter carries a low bushy tail behind powerful hindquarters.,5,5,1.0,0.12280701754385964
93,slot_12__rabbit__r04__c243,rabbit,Powerful folded rear legs beneath a round body defines a long-eared grazer.,5,5,1.0,0.12280701754385964
94,slot_12__deer__r02__c081,deer,A branch-antlered visitor reveals slender legs ending in dark split hooves.,5,5,1.0,0.12280701754385964
95,slot_12__horse__r01__c002,horse,A flowing tail behind powerful hindquarters is visible on a bridled stable companion.,5,4,0.8,0.12280701754385964
96,slot_13__cat__r02__c082,cat,Whiskered house-prowler displays small rounded feet placed in a narrow walking line beside low evening light.,5,4,0.8,0.12280701754385964
97,slot_13__dog__r01__c002,dog,Straight forelegs supporting a ready stance distinguishes tongue-out family-companion near a calm farmyard.,5,5,1.0,0.12280701754385964
98,slot_13__fox__r01__c002,fox,"Within soft morning light, amber-eyed meadow-prowler demonstrates slender springing limbs suited to sudden pounces.",5,5,1.0,0.12280701754385964
99,slot_13__bear__r01__c004,bear,Long curved claws extending beyond dark toe pads distinguishes round-eared timberland-giant near a shaded woodland edge.,5,5,1.0,0.12280701754385964
100,slot_13__wolf__r03__c161,wolf,Gray pack hunter displays large snow-spreading feet and straight forelegs beside a narrow riverside path.,5,4,0.8,0.12280701754385964
101,slot_13__rabbit__r05__c321,rabbit,"Within an open grassy clearing, twitch-nosed clover nibbler demonstrates long hind limbs prepared for sudden bounds.",5,4,0.8,0.12280701754385964
102,slot_13__deer__r01__c002,deer,"Beside a broad dirt trail, branch-antlered woodland traveler reveals long delicate forelegs built for quiet stepping.",5,5,1.0,0.12280701754385964
103,slot_13__horse__r01__c002,horse,Swift-maned open-field runner carries muscular legs with dark hair above each hoof across a narrow riverside path.,5,4,0.8,0.12280701754385964
104,slot_14__cat__r01__c001,cat,"Beside a misty hillside, pointed-eared lap-companion reveals curved retractable claws hidden above soft toe pads; nearby tracks indicate scale.",5,3,0.6,0.12280701754385964
105,slot_14__dog__r01__c001,dog,"Collar-wearing yard-guardian carries a wagging tail extending from strong hindquarters across a patch of dense brush; meanwhile, the viewpoint remains level.",5,4,0.8,0.12280701754385964
106,slot_14__fox__r01__c002,fox,"Narrow-muzzled dusk-prowler carries small black feet beneath narrow lower legs across a pale winter field; meanwhile, soft light preserves surface detail.",5,5,1.0,0.12280701754385964
107,slot_14__bear__r04__c241,bear,"Within a shaded woodland edge, thick-furred cave-sleeper demonstrates thick muscular legs supporting deliberate steps, where the setting supports the behavior.",5,2,0.4,0.12280701754385964
108,slot_14__wolf__r04__c245,wolf,"Thick-coated howling sentinel carries large snow-spreading feet and straight forelegs across soft morning light; meanwhile, its full body stays visible.",5,4,0.8,0.12280701754385964
109,slot_14__rabbit__r01__c001,rabbit,"Soft-coated burrow dweller displays powerful folded rear legs beneath a round body beside a sunlit garden path, while soft light preserves surface detail.",5,4,0.8,0.12280701754385964
110,slot_14__deer__r01__c001,deer,"A clear view shows slender-legged forest grazer with a raised white tail above springing hind legs, as surrounding plants provide scale.",5,3,0.6,0.12280701754385964
111,slot_14__horse__r01__c003,horse,"Single-hoofed riding companion displays long lower legs ending in single hard hooves beside a patch of dense brush, while the viewpoint remains level.",5,5,1.0,0.12280701754385964
112,slot_15__cat__r03__c162,cat,"Against scattered autumn leaves, curved retractable claws hidden above soft toe pads defines striped hearthside-prowler; the pose shows balanced proportions.",5,5,1.0,0.12280701754385964
113,slot_15__dog__r01__c003,dog,"Within a rocky meadow, floppy-eared home-guardian demonstrates a wagging tail extending from strong hindquarters, where nearby tracks indicate scale.",5,2,0.4,0.12280701754385964
114,slot_15__fox__r01__c001,fox,"Sharp-eared field-stalker becomes recognizable through slender springing limbs suited to sudden pounces, while the background preserves its outline.",5,1,0.2,0.12280701754385964
115,slot_15__bear__r02__c081,bear,"Massive front feet planted across rough ground distinguishes powerful berry-gatherer near a shallow stream bank, where the pose shows balanced proportions.",5,4,0.8,0.12280701754385964
116,slot_15__wolf__r04__c246,wolf,"Broad-pawed northern pack tracker displays broad paws beneath long endurance-built legs beside a broad dirt trail, while nearby tracks indicate scale.",5,2,0.4,0.12280701754385964
117,slot_15__rabbit__r04__c243,rabbit,"Long-eared grassland nibbler carries long hind limbs prepared for sudden bounds across low evening light; meanwhile, its full body stays visible.",5,5,1.0,0.12280701754385964
118,slot_15__deer__r01__c003,deer,"Split-hoofed trail visitor carries a raised white tail above springing hind legs across a calm farmyard; meanwhile, soft light preserves surface detail.",5,2,0.4,0.12280701754385964
119,slot_15__horse__r01__c002,horse,"A sweeping tail balancing four narrow hooves distinguishes tall long-faced grazer near a weathered wooden gate, where the setting supports the behavior.",5,4,0.8,0.12280701754385964
120,slot_16__cat__r01__c002,cat,A striped household mouser carries a compact low torso with a flexible spine.,5,5,1.0,0.12280701754385964
121,slot_16__dog__r01__c003,dog,A tail-wagging family companion carries strong shoulders above an athletic household silhouette.,5,4,0.8,0.12280701754385964
122,slot_16__fox__r04__c246,fox,A light elongated frame beneath a full tail marks a russet snowline hunter.,5,5,1.0,0.12280701754385964
123,slot_16__bear__r01__c003,bear,A broad-pawed wilderness forager has a towering woodland silhouette built for strength.,5,4,0.8,0.12280701754385964
124,slot_16__wolf__r05__c321,wolf,Powerful shoulders narrowing toward the flanks defines a howling snow hunter.,5,5,1.0,0.12280701754385964
125,slot_16__rabbit__r02__c082,rabbit,A burrow resident carries a lightweight frame with prominent folded haunches.,5,5,1.0,0.12280701754385964
126,slot_16__deer__r01__c004,deer,An antlered woodland browser shows an athletic herd grazer with a deep chest.,5,5,1.0,0.12280701754385964
127,slot_16__horse__r01__c001,horse,A muscular farmyard runner carries a powerful hindquarter line beneath the saddle area.,5,5,1.0,0.12280701754385964
128,slot_17__cat__r01__c002,cat,A lightweight household frame and narrow shoulders identifies a purring house prowler.,5,5,1.0,0.12280701754385964
129,slot_17__dog__r01__c004,dog,A panting ball retriever shows a sturdy medium frame with a broad chest.,5,5,1.0,0.12280701754385964
130,slot_17__fox__r15__c1121,fox,A slender red hunter carries a huge bushy tail with a bright white tip.,5,3,0.6,0.12280701754385964
131,slot_17__bear__r02__c081,bear,A round-eared forest giant shows a massive torso rising over powerful shoulders.,5,5,1.0,0.12280701754385964
132,slot_17__wolf__r09__c643,wolf,A sturdy wild gray pack hunter shows a tall athletic silhouette heavier than a yard companion.,5,5,1.0,0.12280701754385964
133,slot_17__rabbit__r07__c482,rabbit,A garden nibbler shows a small pear-shaped silhouette and short neck.,5,5,1.0,0.12280701754385964
134,slot_17__deer__r04__c241,deer,A lean woodland frame with a short tail identifies a split-hoofed grazer.,5,2,0.4,0.12280701754385964
135,slot_17__horse__r05__c326,horse,A long-faced grazer shows a powerful hindquarter line beneath the saddle area.,5,4,0.8,0.12280701754385964
136,slot_18__cat__r03__c163,cat,"Beside low evening light, striped hearthside-prowler reveals a lightweight household frame and narrow shoulders.",5,5,1.0,0.12280701754385964
137,slot_18__dog__r01__c001,dog,Leash-following walking-partner displays a sturdy medium frame with a broad chest beside a narrow riverside path.,5,5,1.0,0.12280701754385964
138,slot_18__fox__r04__c243,fox,Orange-chested hedgerow-stalker displays a small woodland silhouette built for quick turns beside soft morning light.,5,4,0.8,0.12280701754385964
139,slot_18__bear__r02__c083,bear,"Beside a quiet fence line, towering honey-seeker reveals a massive torso rising over powerful shoulders.",5,5,1.0,0.12280701754385964
140,slot_18__wolf__r04__c243,wolf,Thick-coated howling sentinel becomes recognizable through powerful shoulders narrowing toward the flanks near a shallow stream bank.,5,5,1.0,0.12280701754385964
141,slot_18__rabbit__r01__c001,rabbit,White-tailed garden visitor carries a compact rounded body held close to the ground across a patch of dense brush.,5,4,0.8,0.12280701754385964
142,slot_18__deer__r01__c001,deer,"Against a rocky meadow, a tall narrow torso on unusually slender legs defines large-eared woodland browser.",5,2,0.4,0.12280701754385964
143,slot_18__horse__r01__c002,horse,"Against a misty hillside, a high-shouldered silhouette above slender lower legs defines powerful paddock runner.",5,4,0.8,0.12280701754385964
144,slot_19__cat__r01__c002,cat,"Beside a misty hillside, striped hearthside-prowler reveals a rounded chest tapering toward agile hindquarters; its full body stays visible.",5,5,1.0,0.12280701754385964
145,slot_19__dog__r01__c001,dog,"Against scattered autumn leaves, a balanced torso built for running beside people defines floppy-eared home-guardian; ground contact stays clear.",5,4,0.8,0.12280701754385964
146,slot_19__fox__r02__c081,fox,"A clear view shows bushy-tailed den-visitor with a small woodland silhouette built for quick turns, as the setting supports the behavior.",5,5,1.0,0.12280701754385964
147,slot_19__bear__r03__c162,bear,"Long-clawed wilderness-resident carries a massive torso rising over powerful shoulders across a shaded woodland edge; meanwhile, the background preserves its outline.",5,5,1.0,0.12280701754385964
148,slot_19__wolf__r04__c243,wolf,"Within a patch of dense brush, wild gray pack predator demonstrates a rangy body built for sustained travel, where the moment appears unstaged.",5,5,1.0,0.12280701754385964
149,slot_19__rabbit__r01__c003,rabbit,"Within a rocky meadow, short-tailed garden browser demonstrates a compact rounded body held close to the ground, where nearby tracks indicate scale.",5,3,0.6,0.12280701754385964
150,slot_19__deer__r01__c002,deer,"A clear view shows alert brown forest browser with a long-necked body balanced above fine limbs, as the head and torso remain visible.",5,3,0.6,0.12280701754385964
151,slot_19__horse__r01__c003,horse,"A clear view shows upright-eared pasture grazer with a tall deep-chested body with a long neck, as ground contact stays clear.",5,4,0.8,0.12280701754385964
152,slot_20__cat__r01__c002,cat,"Whiskered house-prowler displays a neatly proportioned body suited to tight indoor spaces beside a calm farmyard, while the posture remains natural.",5,4,0.8,0.12280701754385964
153,slot_20__dog__r01__c002,dog,"A clear view shows wagging household-companion with a solid companion-sized body carried on four even legs, as the head and torso remain visible.",5,1,0.2,0.12280701754385964
154,slot_20__fox__r07__c484,fox,"Orange-chested hedgerow-stalker becomes recognizable through a graceful ground-hugging body with delicate proportions, while soft light preserves surface detail.",5,4,0.8,0.12280701754385964
155,slot_20__bear__r02__c082,bear,"A massive torso rising over powerful shoulders distinguishes round-eared timberland-giant near a shallow stream bank, where nearby tracks indicate scale.",5,5,1.0,0.12280701754385964
156,slot_20__wolf__r04__c245,wolf,"Bushy-tailed mountain pack tracker becomes recognizable through a rangy body built for sustained travel, while the head and torso remain visible.",5,3,0.6,0.12280701754385964
157,slot_20__rabbit__r04__c248,rabbit,"Long-eared grassland nibbler displays a low oval profile ending in a tiny tail beside a shallow stream bank, while the pose shows balanced proportions.",5,4,0.8,0.12280701754385964
158,slot_20__deer__r01__c001,deer,"Within a misty hillside, branch-antlered woodland traveler demonstrates a lean woodland frame with a short tail, where nearby tracks indicate scale.",5,5,1.0,0.12280701754385964
159,slot_20__horse__r01__c004,horse,"Against soft morning light, a powerful hindquarter line beneath the saddle area defines flowing-tailed field grazer; the head and torso remain visible.",5,5,1.0,0.12280701754385964
160,slot_21__cat__r01__c001,cat,A retractable-clawed mouser has the floor before springing onto furniture.,5,5,1.0,0.12280701754385964
161,slot_21__dog__r02__c082,dog,A footpath while pulling lightly against a leash identifies a collared gate watcher.,5,5,1.0,0.12280701754385964
162,slot_21__fox__r01__c003,fox,A sharp-eared field stalker has woodland cover using a low cautious trot.,5,2,0.4,0.12280701754385964
163,slot_21__bear__r02__c081,bear,A heavy-pawed mountain roamer carries a fallen trunk through surprising climbing strength.,5,4,0.8,0.12280701754385964
164,slot_21__wolf__r05__c321,wolf,A bushy-tailed pack tracker has silent stepping between closely spaced pines.,5,4,0.8,0.12280701754385964
165,slot_21__rabbit__r04__c244,rabbit,Small cautious hops followed by complete stillness identifies a velvet-eared browser.,5,1,0.2,0.12280701754385964
166,slot_21__deer__r01__c002,deer,High bounding leaps across fallen woodland branches marks a large-eared woodland grazer.,5,3,0.6,0.12280701754385964
167,slot_21__horse__r01__c001,horse,A collected trot around the training ring defines a flowing-tailed field grazer.,5,5,1.0,0.12280701754385964
168,slot_22__cat__r01__c002,cat,A long-whiskered home companion reveals the room with a low stalking posture.,5,5,1.0,0.12280701754385964
169,slot_22__dog__r01__c002,dog,A footpath while pulling lightly against a leash marks a keen-nosed scent tracker.,5,5,1.0,0.12280701754385964
170,slot_22__fox__r02__c081,fox,A bushy-tailed den visitor shows snow before diving headfirst toward hidden movement.,5,4,0.8,0.12280701754385964
171,slot_22__bear__r01__c002,bear,A steep slope despite its bulky frame defines a towering honey seeker.,5,5,1.0,0.12280701754385964
172,slot_22__wolf__r04__c244,wolf,A rapid pursuit over broken mountain ground defines a howling snow hunter.,5,5,1.0,0.12280701754385964
173,slot_22__rabbit__r05__c322,rabbit,Rapid bounding toward a nearby burrow entrance marks a long-eared grazer.,5,4,0.8,0.12280701754385964
174,slot_22__deer__r02__c081,deer,A branch-antlered visitor carries high bounding leaps across fallen woodland branches.,5,5,1.0,0.12280701754385964
175,slot_22__horse__r01__c002,horse,An extended gallop across open pasture identifies a bridled stable companion.,5,5,1.0,0.12280701754385964
176,slot_23__cat__r04__c244,cat,A windowsill while its tail corrects balance distinguishes retractable-clawed climber near low evening light.,5,5,1.0,0.12280701754385964
177,slot_23__dog__r01__c002,dog,Tongue-out family-companion displays open grass before turning sharply after a ball beside a narrow riverside path.,5,5,1.0,0.12280701754385964
178,slot_23__fox__r04__c245,fox,"Within a sunlit garden path, russet snowline-hunter demonstrates a meadow through quick elastic bounds.",5,5,1.0,0.12280701754385964
179,slot_23__bear__r05__c326,bear,Short-tailed mountain-roamer becomes recognizable through a fallen trunk through surprising climbing strength near a shaded woodland edge.,5,3,0.6,0.12280701754385964
180,slot_23__wolf__r06__c402,wolf,Long-legged snow pack hunter becomes recognizable through silent stepping between closely spaced pines near a misty hillside.,5,5,1.0,0.12280701754385964
181,slot_23__rabbit__r01__c002,rabbit,Twitch-nosed ground dweller carries small cautious hops followed by complete stillness across a patch of dense brush.,5,3,0.6,0.12280701754385964
182,slot_23__deer__r01__c002,deer,"Against a rocky meadow, a sudden white-tail retreat into dense cover defines branch-antlered woodland traveler.",5,5,1.0,0.12280701754385964
183,slot_23__horse__r04__c244,horse,"Against a narrow riverside path, a flowing canter with mane and tail lifted defines long-faced bridled trail companion.",5,5,1.0,0.12280701754385964
184,slot_24__cat__r01__c005,cat,"A clear view shows padded-paw windowsill-watcher with a windowsill while its tail corrects balance, as ground contact stays clear.",5,5,1.0,0.12280701754385964
185,slot_24__dog__r01__c003,dog,"Leash-following walking-partner carries the yard in an eager bounding gait across a patch of dense brush; meanwhile, the posture remains natural.",5,5,1.0,0.12280701754385964
186,slot_24__fox__r06__c404,fox,"Beside a pale winter field, amber-eyed meadow-prowler reveals woodland cover using a low cautious trot; the viewpoint remains level.",5,5,1.0,0.12280701754385964
187,slot_24__bear__r01__c001,bear,"Round-eared timberland-giant displays a steep slope despite its bulky frame beside a quiet fence line, while soft light preserves surface detail.",5,5,1.0,0.12280701754385964
188,slot_24__wolf__r04__c244,wolf,"Within a patch of dense brush, pale-muzzled forest pack hunter demonstrates an efficient ground-covering trot through snow, where the setting supports the behavior.",5,5,1.0,0.12280701754385964
189,slot_24__rabbit__r01__c001,rabbit,"Soft-coated burrow dweller becomes recognizable through a sudden zigzag escape across short grass, while the background preserves its outline.",5,5,1.0,0.12280701754385964
190,slot_24__deer__r01__c004,deer,"Spotted forest youngster displays a sudden white-tail retreat into dense cover beside a shaded woodland edge, while soft light preserves surface detail.",5,5,1.0,0.12280701754385964
191,slot_24__horse__r01__c001,horse,"Broad-chested stable resident carries an extended gallop across open pasture across a narrow riverside path; meanwhile, the posture remains natural.",5,5,1.0,0.12280701754385964
192,slot_25__cat__r03__c162,cat,"Within a shallow stream bank, striped hearthside-prowler demonstrates the room with a low stalking posture, where the head and torso remain visible.",5,5,1.0,0.12280701754385964
193,slot_25__dog__r01__c003,dog,"A clear view shows floppy-eared home-guardian with a footpath while pulling lightly against a leash, as ground contact stays clear.",5,5,1.0,0.12280701754385964
194,slot_25__fox__r05__c325,fox,"Narrow-muzzled dusk-prowler carries the field with its full tail held level across a shaded woodland edge; meanwhile, the posture remains natural.",5,5,1.0,0.12280701754385964
195,slot_25__bear__r01__c002,bear,"Powerful berry-gatherer carries a fallen trunk through surprising climbing strength across a narrow riverside path; meanwhile, the viewpoint remains level.",5,5,1.0,0.12280701754385964
196,slot_25__wolf__r05__c323,wolf,"Large gray howling pack hunter displays an efficient ground-covering trot through snow beside a weathered wooden gate, while soft light preserves surface detail.",5,4,0.8,0.12280701754385964
197,slot_25__rabbit__r01__c001,rabbit,"Within a rocky meadow, round-eyed grassland nibbler demonstrates small cautious hops followed by complete stillness, where nearby tracks indicate scale.",5,4,0.8,0.12280701754385964
198,slot_25__deer__r03__c161,deer,"Swift running across an open clearing distinguishes split-hoofed trail visitor near a shaded woodland edge, where the viewpoint remains level.",5,4,0.8,0.12280701754385964
199,slot_25__horse__r01__c002,horse,"Tall long-faced grazer displays a flowing canter with mane and tail lifted beside a patch of dense brush, while soft light preserves surface detail.",5,4,0.8,0.12280701754385964
200,slot_26__cat__r02__c082,cat,Moving string with focused paw taps identifies an upright-tailed lap companion.,5,5,1.0,0.12280701754385964
201,slot_26__dog__r01__c001,dog,A broad-pawed walking partner shows the floor beside a familiar person's chair.,5,5,1.0,0.12280701754385964
202,slot_26__fox__r01__c002,fox,An amber-eyed meadow prowler shows faint ground sounds with tilted ears.,5,5,1.0,0.12280701754385964
203,slot_26__bear__r01__c001,bear,A bulky streamside fisher reveals river shallows during a patient fishing period.,5,5,1.0,0.12280701754385964
204,slot_26__wolf__r03__c162,wolf,A gray pack hunter shows food sharing among an organized family group.,5,5,1.0,0.12280701754385964
205,slot_26__rabbit__r01__c001,rabbit,A soft-coated meadow nibbler carries chewing leafy stems while remaining near cover.,5,5,1.0,0.12280701754385964
206,slot_26__deer__r02__c081,deer,A long-legged browser shows quiet feeding before dawn near dense cover.,5,2,0.4,0.12280701754385964
207,slot_26__horse__r01__c001,horse,A muscular farmyard runner has resting upright near familiar herd companions.,5,4,0.8,0.12280701754385964
208,slot_27__cat__r01__c002,cat,Moving string with focused paw taps marks a purring house prowler.,5,5,1.0,0.12280701754385964
209,slot_27__dog__r01__c001,dog,New surroundings through persistent sniffing defines a leash-wearing companion.,5,5,1.0,0.12280701754385964
210,slot_27__fox__r05__c322,fox,Faint ground sounds with tilted ears identifies a russet snowline hunter.,5,5,1.0,0.12280701754385964
211,slot_27__bear__r02__c082,bear,Loose logs while searching for insects identifies a broad-muzzled river hunter.,5,4,0.8,0.12280701754385964
212,slot_27__wolf__r04__c244,wolf,A bushy-tailed pack tracker has patient tracking across old snow prints.,5,4,0.8,0.12280701754385964
213,slot_27__rabbit__r01__c003,rabbit,Chewing leafy stems while remaining near cover is visible on a white-tailed garden browser.,5,4,0.8,0.12280701754385964
214,slot_27__deer__r04__c242,deer,A forest herd grazer reveals quiet feeding before dawn near dense cover.,5,1,0.2,0.12280701754385964
215,slot_27__horse__r01__c002,horse,A single-hoofed riding companion reveals slow chewing beside a pasture water trough.,5,5,1.0,0.12280701754385964
216,slot_28__cat__r01__c001,cat,A clear view shows purring room-explorer with a warm patch before curling tightly near a rocky meadow.,5,5,1.0,0.12280701754385964
217,slot_28__dog__r01__c001,dog,Leash-following walking-partner becomes recognizable through a buried object with repeated digging near a shaded woodland edge.,5,5,1.0,0.12280701754385964
218,slot_28__fox__r04__c247,fox,Faint ground sounds with tilted ears distinguishes narrow-muzzled dusk-prowler near a rocky meadow.,5,4,0.8,0.12280701754385964
219,slot_28__bear__r01__c001,bear,Heavy-pawed backcountry-wanderer carries berry bushes during long seasonal feeding across a sunlit garden path.,5,5,1.0,0.12280701754385964
220,slot_28__wolf__r04__c245,wolf,Large gray howling pack hunter becomes recognizable through careful scent inspection along a territorial boundary near a shallow stream bank.,5,5,1.0,0.12280701754385964
221,slot_28__rabbit__r01__c001,rabbit,Steady nibbling of clover beside the burrow distinguishes white-tailed garden visitor near a calm farmyard.,5,5,1.0,0.12280701754385964
222,slot_28__deer__r04__c243,deer,Stripping soft bark during a sparse winter distinguishes brown woodland browser with branching antlers near a rocky meadow.,5,4,0.8,0.12280701754385964
223,slot_28__horse__r01__c001,horse,Single-hoofed riding companion displays steady grazing with lips clipping short grass beside a quiet fence line.,5,5,1.0,0.12280701754385964
224,slot_29__cat__r02__c083,cat,"Within a shaded woodland edge, curled-tail home-companion demonstrates moving string with focused paw taps, where the posture remains natural.",5,2,0.4,0.12280701754385964
225,slot_29__dog__r04__c241,dog,"Tongue-out family-companion displays new surroundings through persistent sniffing beside a shallow stream bank, while its full body stays visible.",5,5,1.0,0.12280701754385964
226,slot_29__fox__r01__c002,fox,"Within soft morning light, bushy-tailed den-visitor demonstrates open ground during quiet twilight patrols, where the pose shows balanced proportions.",5,5,1.0,0.12280701754385964
227,slot_29__bear__r01__c004,bear,"Loose logs while searching for insects distinguishes long-clawed wilderness-resident near a shaded woodland edge, where the setting supports the behavior.",5,2,0.4,0.12280701754385964
228,slot_29__wolf__r06__c404,wolf,"Food sharing among an organized family group distinguishes long-legged snow pack hunter near scattered autumn leaves, where its full body stays visible.",5,2,0.4,0.12280701754385964
229,slot_29__rabbit__r01__c003,rabbit,"A clear view shows short-tailed garden browser with steady nibbling of clover beside the burrow, as ground contact stays clear.",5,5,1.0,0.12280701754385964
230,slot_29__deer__r01__c004,deer,"A clear view shows branch-antlered woodland traveler with stripping soft bark during a sparse winter, as surrounding plants provide scale.",5,5,1.0,0.12280701754385964
231,slot_29__horse__r01__c001,horse,"Against a misty hillside, slow chewing beside a pasture water trough defines saddle-trained trail companion; the head and torso remain visible.",5,5,1.0,0.12280701754385964
232,slot_30__cat__r01__c002,cat,"Whiskered house-prowler becomes recognizable through its face and forelegs with careful grooming strokes, while the moment appears unstaged.",5,4,0.8,0.12280701754385964
233,slot_30__dog__r05__c323,dog,"A buried object with repeated digging distinguishes broad-pawed gate-watcher near a weathered wooden gate, where the setting supports the behavior.",5,4,0.8,0.12280701754385964
234,slot_30__fox__r01__c002,fox,"Red-coated woodland-hunter carries spare food beneath loose leaves and soil across a pale winter field; meanwhile, the viewpoint remains level.",5,4,0.8,0.12280701754385964
235,slot_30__bear__r02__c081,bear,"A clear view shows massive shaggy-forager with river shallows during a patient fishing period, as the moment appears unstaged.",5,5,1.0,0.12280701754385964
236,slot_30__wolf__r08__c565,wolf,"Between brief watchful pauses, large gray howling pack hunter displays food sharing among an organized family group near soft morning light, while nearby tracks indicate scale.",5,5,1.0,0.12280701754385964
237,slot_30__rabbit__r03__c161,rabbit,"A shallow scrape exposing roots and fresh shoots distinguishes soft-coated burrow dweller near a sunlit garden path, where the viewpoint remains level.",5,3,0.6,0.12280701754385964
238,slot_30__deer__r02__c082,deer,"Beside a shaded woodland edge, slender-legged forest grazer reveals browsing tender leaves from low branches; soft light preserves surface detail.",5,3,0.6,0.12280701754385964
239,slot_30__horse__r01__c001,horse,"Swift-maned open-field runner becomes recognizable through searching hay with a flexible upper lip, while the setting supports the behavior.",5,5,1.0,0.12280701754385964
240,slot_31__cat__r01__c001,cat,A retractable-clawed mouser shows a garden wall overlooking moving leaves.,5,3,0.6,0.12280701754385964
241,slot_31__dog__r02__c082,dog,A neighborhood path beside a handled leash marks a collared gate watcher.,5,5,1.0,0.12280701754385964
242,slot_31__fox__r04__c243,fox,A woodland margin beside open grass identifies an orange-chested hedge stalker.,5,4,0.8,0.12280701754385964
243,slot_31__bear__r01__c002,bear,A heavy-pawed mountain roamer reveals a mountain forest containing berry thickets.,5,5,1.0,0.12280701754385964
244,slot_31__wolf__r01__c002,wolf,A snowy conifer forest crossed by pack tracks marks a sharp-eared snow tracker.,5,5,1.0,0.12280701754385964
245,slot_31__rabbit__r05__c321,rabbit,A sandy bank containing several narrow tunnels identifies a clover grazer.,5,4,0.8,0.12280701754385964
246,slot_31__deer__r01__c003,deer,A branch-antlered forest browser carries a forest edge filled with tender browse.,5,5,1.0,0.12280701754385964
247,slot_31__horse__r01__c003,horse,A quiet barn aisle lined with hay defines a broad-chested paddock runner.,5,5,1.0,0.12280701754385964
248,slot_32__cat__r02__c081,cat,A long-whiskered home companion shows a sunny windowsill above indoor plants.,5,5,1.0,0.12280701754385964
249,slot_32__dog__r01__c001,dog,A floppy-eared home guardian has an open field suited to running and retrieval.,5,4,0.8,0.12280701754385964
250,slot_32__fox__r01__c002,fox,A bushy-tailed den visitor has a snowy field containing faint prey tracks.,5,3,0.6,0.12280701754385964
251,slot_32__bear__r01__c001,bear,A powerful berry gatherer shows a dense woodland trail marked by broad tracks.,5,5,1.0,0.12280701754385964
252,slot_32__wolf__r01__c002,wolf,A pale-muzzled pack sentinel shows an open tundra ridge beneath cold wind.,5,5,1.0,0.12280701754385964
253,slot_32__rabbit__r01__c002,rabbit,A garden edge beside low leafy cover identifies a round-eyed clover browser.,5,5,1.0,0.12280701754385964
254,slot_32__deer__r01__c003,deer,An autumn ridge beneath scattered oak trees identifies a long-legged clearing grazer.,5,4,0.8,0.12280701754385964
255,slot_32__horse__r04__c244,horse,A saddle companion reveals a training ring surrounded by low rails.,5,5,1.0,0.12280701754385964
256,slot_33__cat__r04__c242,cat,Slit-eyed indoor-hunter becomes recognizable through a sunny windowsill above indoor plants near a rocky meadow.,5,4,0.8,0.12280701754385964
257,slot_33__dog__r02__c081,dog,A neighborhood path beside a handled leash distinguishes tongue-out family-companion near low evening light.,5,5,1.0,0.12280701754385964
258,slot_33__fox__r01__c001,fox,Orange-chested hedgerow-stalker carries a woodland margin beside open grass across a calm farmyard.,5,5,1.0,0.12280701754385964
259,slot_33__bear__r01__c001,bear,"Against soft morning light, a mountain forest containing berry thickets defines bulky streamside-fisher.",5,4,0.8,0.12280701754385964
260,slot_33__wolf__r01__c001,wolf,A snowy conifer forest crossed by pack tracks distinguishes social mountain hunter near a quiet fence line.,5,5,1.0,0.12280701754385964
261,slot_33__rabbit__r04__c245,rabbit,Round-eyed meadow nibbler with tall ears carries a garden edge beside low leafy cover across an open grassy clearing.,5,4,0.8,0.12280701754385964
262,slot_33__deer__r01__c002,deer,"Within soft morning light, branch-antlered woodland traveler demonstrates a forest edge filled with tender browse.",5,5,1.0,0.12280701754385964
263,slot_33__horse__r01__c002,horse,Swift-maned open-field runner displays a quiet barn aisle lined with hay beside a quiet fence line.,5,5,1.0,0.12280701754385964
264,slot_34__cat__r05__c326,cat,"A sunny windowsill above indoor plants distinguishes whiskered house-prowler near a narrow riverside path, where the background preserves its outline.",5,5,1.0,0.12280701754385964
265,slot_34__dog__r03__c162,dog,"Against a shallow stream bank, a fenced backyard containing scattered toys defines panting ball-chaser; the pose shows balanced proportions.",5,3,0.6,0.12280701754385964
266,slot_34__fox__r04__c246,fox,"Against a pale winter field, a quiet meadow during early dawn defines amber-eyed meadow-prowler; the posture remains natural.",5,5,1.0,0.12280701754385964
267,slot_34__bear__r01__c003,bear,"Heavy-pawed backcountry-wanderer displays a mountain forest containing berry thickets beside a quiet fence line, while the viewpoint remains level.",5,3,0.6,0.12280701754385964
268,slot_34__wolf__r01__c003,wolf,"A clear view shows amber-eyed pack sentinel with a snowy conifer forest crossed by pack tracks, as ground contact stays clear.",5,5,1.0,0.12280701754385964
269,slot_34__rabbit__r01__c001,rabbit,"Soft-coated burrow dweller carries a garden edge beside low leafy cover across a patch of dense brush; meanwhile, the posture remains natural.",5,5,1.0,0.12280701754385964
270,slot_34__deer__r04__c245,deer,"Brown woodland browser with branching antlers becomes recognizable through a forest edge filled with tender browse, while the head and torso remain visible.",5,5,1.0,0.12280701754385964
271,slot_34__horse__r04__c245,horse,"Beside a calm farmyard, tall saddle-trained riding companion reveals a quiet barn aisle lined with hay; the moment appears unstaged.",5,4,0.8,0.12280701754385964
272,slot_35__cat__r01__c002,cat,"Beside a misty hillside, padded-paw windowsill-watcher reveals a dim hallway containing scattered household shadows; nearby tracks indicate scale.",5,5,1.0,0.12280701754385964
273,slot_35__dog__r01__c002,dog,"Broad-pawed gate-watcher carries an open field suited to running and retrieval across a patch of dense brush; meanwhile, the viewpoint remains level.",5,4,0.8,0.12280701754385964
274,slot_35__fox__r04__c241,fox,"Within a sunlit garden path, bushy-tailed den-visitor demonstrates a woodland margin beside open grass, where the moment appears unstaged.",5,2,0.4,0.12280701754385964
275,slot_35__bear__r02__c085,bear,"A cold river crowded by migrating fish distinguishes long-clawed wilderness-resident near a shallow stream bank, where nearby tracks indicate scale.",5,3,0.6,0.12280701754385964
276,slot_35__wolf__r02__c082,wolf,"Deep-chested roaming predator becomes recognizable through a snowy conifer forest crossed by pack tracks, while its full body stays visible.",5,5,1.0,0.12280701754385964
277,slot_35__rabbit__r02__c082,rabbit,"Beside a sunlit garden path, compact meadow forager reveals a grassy meadow dotted with hidden burrow openings; soft light preserves surface detail.",5,3,0.6,0.12280701754385964
278,slot_35__deer__r03__c163,deer,"An autumn ridge beneath scattered oak trees distinguishes long-legged herd grazer near a shaded woodland edge, where the posture remains natural.",5,5,1.0,0.12280701754385964
279,slot_35__horse__r02__c082,horse,"Against a calm farmyard, a fenced pasture beside a wooden stable defines saddle-trained trail companion; the background preserves its outline.",5,4,0.8,0.12280701754385964
280,slot_36__cat__r01__c001,cat,Gentle brushing while remaining loosely curled identifies a soft-pawed indoor hunter.,5,5,1.0,0.12280701754385964
281,slot_36__dog__r01__c001,dog,A broad-pawed walking partner reveals a walking partner by matching their pace.,5,5,1.0,0.12280701754385964
282,slot_36__fox__r01__c002,fox,An amber-eyed meadow prowler reveals a distant observer before retreating into brush.,5,5,1.0,0.12280701754385964
283,slot_36__bear__r01__c002,bear,A distant hiker before turning toward cover marks a thick-furred woodland giant.,5,4,0.8,0.12280701754385964
284,slot_36__wolf__r01__c001,wolf,Careful sniffing around an abandoned sled track defines a long-legged wilderness hunter.,5,3,0.6,0.12280701754385964
285,slot_36__rabbit__r01__c002,rabbit,Gentle sniffing of a hand holding leafy greens defines a short-tailed garden visitor.,5,4,0.8,0.12280701754385964
286,slot_36__deer__r03__c161,deer,Alert watching of a distant roadside vehicle defines a pale-rumped grazer.,5,2,0.4,0.12280701754385964
287,slot_36__horse__r01__c003,horse,An upright-eared pasture grazer has steady response to a rider's rein signal.,5,5,1.0,0.12280701754385964
288,slot_37__cat__r01__c001,cat,A whiskered lap companion has nearby footsteps before following between rooms.,5,5,1.0,0.12280701754385964
289,slot_37__dog__r01__c002,dog,A wagging yard guardian has a handler's gesture before sitting attentively.,5,5,1.0,0.12280701754385964
290,slot_37__fox__r05__c322,fox,A distant observer before retreating into brush marks a russet snowline hunter.,5,5,1.0,0.12280701754385964
291,slot_37__bear__r01__c001,bear,An empty trail after detecting approaching voices identifies a massive shaggy forager.,5,5,1.0,0.12280701754385964
292,slot_37__wolf__r07__c485,wolf,A wild gray pack hunter shows careful sniffing around an abandoned sled track.,5,5,1.0,0.12280701754385964
293,slot_37__rabbit__r08__c564,rabbit,A relaxed long-eared grazer displays curious inspection of a cardboard tunnel.,5,5,1.0,0.12280701754385964
294,slot_37__deer__r01__c002,deer,Careful approach toward a salt block marks a white-tailed meadow grazer.,5,2,0.4,0.12280701754385964
295,slot_37__horse__r01__c001,horse,Careful stepping into a waiting trailer defines a long-maned pasture runner.,5,5,1.0,0.12280701754385964
296,slot_38__cat__r01__c001,cat,"Beside soft morning light, purring room-explorer reveals an offered hand before rubbing its cheek.",5,5,1.0,0.12280701754385964
297,slot_38__dog__r02__c082,dog,A walking partner by matching their pace distinguishes broad-pawed gate-watcher near low evening light.,5,5,1.0,0.12280701754385964
298,slot_38__fox__r01__c002,fox,Sharp-eared field-stalker carries a roadside light with a brief cautious pause across a calm farmyard.,5,3,0.6,0.12280701754385964
299,slot_38__bear__r04__c244,bear,Long-clawed wilderness-resident carries an empty trail after detecting approaching voices across a rocky meadow.,5,4,0.8,0.12280701754385964
300,slot_38__wolf__r04__c242,wolf,"Within a quiet fence line, pale-muzzled forest pack hunter demonstrates cautious inspection of a distant trail camera.",5,3,0.6,0.12280701754385964
301,slot_38__rabbit__r05__c322,rabbit,"Beside a shallow stream bank, small hopping burrow forager reveals quick retreat beneath a low garden bench.",5,4,0.8,0.12280701754385964
302,slot_38__deer__r04__c243,deer,Brown woodland browser with branching antlers displays a sudden retreat from boots on the trail beside soft morning light.,5,5,1.0,0.12280701754385964
303,slot_38__horse__r01__c002,horse,A clear view shows powerful paddock runner with steady response to a rider's rein signal near a broad dirt trail.,5,5,1.0,0.12280701754385964
304,slot_39__cat__r01__c002,cat,"Within a broad dirt trail, striped hearthside-prowler demonstrates gentle brushing while remaining loosely curled, where the pose shows balanced proportions.",5,5,1.0,0.12280701754385964
305,slot_39__dog__r03__c162,dog,"A returning person with vigorous tail sweeps distinguishes tongue-out family-companion near a narrow riverside path, where the posture remains natural.",5,3,0.6,0.12280701754385964
306,slot_39__fox__r01__c002,fox,"A clear view shows bushy-tailed den-visitor with discarded food while remaining ready to flee, as the head and torso remain visible.",5,4,0.8,0.12280701754385964
307,slot_39__bear__r01__c002,bear,"Short-tailed mountain-roamer becomes recognizable through a roadside vehicle while remaining beyond the barrier, while the moment appears unstaged.",5,2,0.4,0.12280701754385964
308,slot_39__wolf__r04__c243,wolf,"Beside a narrow riverside path, wild gray pack predator reveals careful sniffing around an abandoned sled track; the setting supports the behavior.",5,5,1.0,0.12280701754385964
309,slot_39__rabbit__r02__c082,rabbit,"Within a patch of dense brush, short-tailed garden browser demonstrates soft pawing at the edge of a woven enclosure, where the viewpoint remains level.",5,4,0.8,0.12280701754385964
310,slot_39__deer__r03__c162,deer,"Beside a rocky meadow, branch-antlered woodland traveler reveals alert watching of a distant roadside vehicle; ground contact stays clear.",5,5,1.0,0.12280701754385964
311,slot_39__horse__r01__c002,horse,"Patient standing beside a grooming brush distinguishes muscular farmyard traveler near a shaded woodland edge, where the setting supports the behavior.",5,2,0.4,0.12280701754385964
312,slot_40__cat__r07__c483,cat,"Against a misty hillside, a familiar voice with an upright tail defines striped hearthside-prowler; its full body stays visible.",5,5,1.0,0.12280701754385964
313,slot_40__dog__r03__c162,dog,"Beside scattered autumn leaves, wet-nosed trail-helper reveals a handler's gesture before sitting attentively; ground contact stays clear.",5,2,0.4,0.12280701754385964
314,slot_40__fox__r01__c001,fox,"Within soft morning light, amber-eyed meadow-prowler demonstrates a roadside light with a brief cautious pause, where nearby tracks indicate scale.",5,5,1.0,0.12280701754385964
315,slot_40__bear__r01__c001,bear,"Long-clawed wilderness-resident displays a ranger's observation from across the river beside a quiet fence line, while the viewpoint remains level.",5,4,0.8,0.12280701754385964
316,slot_40__wolf__r04__c245,wolf,"Careful sniffing around an abandoned sled track distinguishes bushy-tailed mountain pack tracker near an open grassy clearing, where ground contact stays clear.",5,4,0.8,0.12280701754385964
317,slot_40__rabbit__r03__c163,rabbit,"Quiet resting beside a ceramic food dish distinguishes white-tailed garden visitor near a sunlit garden path, where the posture remains natural.",5,3,0.6,0.12280701754385964
318,slot_40__deer__r01__c001,deer,"Beside a broad dirt trail, branch-antlered woodland traveler reveals a sudden retreat from boots on the trail; its full body stays visible.",5,5,1.0,0.12280701754385964
319,slot_40__horse__r02__c082,horse,"Calm acceptance of a saddle and bridle distinguishes broad-chested stable resident near a shallow stream bank, where the pose shows balanced proportions.",5,4,0.8,0.12280701754385964
320,slot_41__cat__r01__c002,cat,Focused watching of birds beyond a closed window identifies a slit-eyed room hunter.,5,5,1.0,0.12280701754385964
321,slot_41__dog__r02__c082,dog,Careful sniffing during a new animal greeting defines a collared gate watcher.,5,4,0.8,0.12280701754385964
322,slot_41__fox__r03__c162,fox,Brief nose contact near a shared den identifies a russet snowline hunter.,5,5,1.0,0.12280701754385964
323,slot_41__bear__r01__c003,bear,Wide avoidance of another massive forest forager marks a long-clawed cave sleeper.,5,4,0.8,0.12280701754385964
324,slot_41__wolf__r07__c485,wolf,A forest pack sentinel carries nose-to-muzzle greeting within the family group.,5,5,1.0,0.12280701754385964
325,slot_41__rabbit__r01__c001,rabbit,Close huddling with smaller meadow companions is visible on a white-tailed garden browser.,5,4,0.8,0.12280701754385964
326,slot_41__deer__r02__c082,deer,A forest herd grazer reveals an antler display toward a competing male.,5,5,1.0,0.12280701754385964
327,slot_41__horse__r01__c001,horse,Close following behind the herd leader identifies a flowing-tailed field grazer.,5,1,0.2,0.12280701754385964
328,slot_42__cat__r06__c402,cat,A cautious nose greeting with a familiar room companion defines a purring house prowler.,5,4,0.8,0.12280701754385964
329,slot_42__dog__r01__c001,dog,A floppy-eared home guardian shows quiet resting against another household companion.,5,4,0.8,0.12280701754385964
330,slot_42__fox__r01__c001,fox,Defensive circling around younger den residents identifies a russet snowline hunter.,5,4,0.8,0.12280701754385964
331,slot_42__bear__r01__c003,bear,A bulky streamside fisher shows careful watching of grazing animals across the slope.,5,4,0.8,0.12280701754385964
332,slot_42__wolf__r04__c244,wolf,Protective positioning near younger pack members identifies a howling snow hunter.,5,4,0.8,0.12280701754385964
333,slot_42__rabbit__r01__c002,rabbit,A warning foot thump near feeding companions marks a round-eyed clover browser.,5,5,1.0,0.12280701754385964
334,slot_42__deer__r01__c002,deer,An alert brown woodland browser carries an antler display toward a competing male.,5,5,1.0,0.12280701754385964
335,slot_42__horse__r02__c082,horse,A farm runner shows ear-pinned warning toward a newcomer at feed.,5,3,0.6,0.12280701754385964
336,slot_43__cat__r01__c002,cat,"Beside soft morning light, curled-tail home-companion reveals silent stalking of a tiny moving insect.",5,2,0.4,0.12280701754385964
337,slot_43__dog__r01__c004,dog,Collar-wearing yard-guardian becomes recognizable through careful sniffing during a new animal greeting near a shaded woodland edge.,5,4,0.8,0.12280701754385964
338,slot_43__fox__r01__c002,fox,"Against a shallow stream bank, brief nose contact near a shared den defines amber-eyed meadow-prowler.",5,5,1.0,0.12280701754385964
339,slot_43__bear__r02__c083,bear,Round-eared timberland-giant displays patient waiting near fish moving through shallows beside soft morning light.,5,5,1.0,0.12280701754385964
340,slot_43__wolf__r07__c485,wolf,A tense boundary display toward a rival group distinguishes thick-coated howling sentinel near a shaded woodland edge.,5,4,0.8,0.12280701754385964
341,slot_43__rabbit__r01__c001,rabbit,A clear view shows short-tailed garden browser with nose touching with another long-eared grazer near a misty hillside.,5,5,1.0,0.12280701754385964
342,slot_43__deer__r02__c081,deer,"Against a patch of dense brush, an antler display toward a competing male defines branch-antlered woodland traveler.",5,5,1.0,0.12280701754385964
343,slot_43__horse__r01__c001,horse,"Beside a rocky meadow, upright-eared pasture grazer reveals parallel grazing beside several herd companions.",5,4,0.8,0.12280701754385964
344,slot_44__cat__r03__c162,cat,"Focused watching of birds beyond a closed window distinguishes retractable-clawed climber near a pale winter field, where the posture remains natural.",5,5,1.0,0.12280701754385964
345,slot_44__dog__r01__c004,dog,"Within a shallow stream bank, panting ball-chaser demonstrates coordinated running beside a familiar walking partner, where its full body stays visible.",5,4,0.8,0.12280701754385964
346,slot_44__fox__r04__c242,fox,"Beside a patch of dense brush, russet snowline-hunter reveals cautious distance from larger woodland predators; the moment appears unstaged.",5,4,0.8,0.12280701754385964
347,slot_44__bear__r04__c245,bear,"A clear view shows bulky streamside-fisher with wide avoidance of another massive forest forager, as the posture remains natural.",5,5,1.0,0.12280701754385964
348,slot_44__wolf__r03__c161,wolf,"Beside low evening light, amber-eyed pack sentinel reveals protective positioning near younger pack members; the head and torso remain visible.",5,5,1.0,0.12280701754385964
349,slot_44__rabbit__r07__c484,rabbit,"Against an open grassy clearing, close huddling with smaller meadow companions defines small long-eared burrow grazer; the pose shows balanced proportions.",5,5,1.0,0.12280701754385964
350,slot_44__deer__r01__c001,deer,"Within soft morning light, slender-legged forest grazer demonstrates an antler display toward a competing male, where nearby tracks indicate scale.",5,5,1.0,0.12280701754385964
351,slot_44__horse__r01__c001,horse,"Broad-chested stable resident displays mutual neck grooming with a familiar partner beside a quiet fence line, while the viewpoint remains level.",5,5,1.0,0.12280701754385964
352,slot_45__cat__r08__c570,cat,"During a clearly visible group moment, whiskered house-prowler becomes recognizable through silent stalking of a tiny moving insect, while ground contact stays clear.",5,5,1.0,0.12280701754385964
353,slot_45__dog__r01__c002,dog,"Quiet resting against another household companion distinguishes broad-pawed gate-watcher near a calm farmyard, where the setting supports the behavior.",5,4,0.8,0.12280701754385964
354,slot_45__fox__r04__c243,fox,"Within a sunlit garden path, amber-eyed meadow-prowler demonstrates defensive circling around younger den residents, where the background preserves its outline.",5,4,0.8,0.12280701754385964
355,slot_45__bear__r08__c580,bear,"During a clearly visible group moment, wide avoidance of another massive forest forager distinguishes massive shaggy-forager; meanwhile, the moment appears unstaged.",5,5,1.0,0.12280701754385964
356,slot_45__wolf__r04__c245,wolf,"Within a patch of dense brush, wild gray pack predator demonstrates protective positioning near younger pack members, where the setting supports the behavior.",5,5,1.0,0.12280701754385964
357,slot_45__rabbit__r01__c001,rabbit,"Beside an open grassy clearing, round-eyed grassland nibbler reveals parallel grazing beside several burrow residents; its full body stays visible.",5,5,1.0,0.12280701754385964
358,slot_45__deer__r01__c006,deer,"Within a misty hillside, branch-antlered woodland traveler demonstrates protective standing near a spotted youngster, where the pose shows balanced proportions.",5,5,1.0,0.12280701754385964
359,slot_45__horse__r04__c243,horse,"Long-maned stable grazer with powerful legs carries playful running beside a younger pasture companion across a shallow stream bank; meanwhile, nearby tracks indicate scale.",5,4,0.8,0.12280701754385964
360,slot_46__cat__r01__c001,cat,Soft chirping notes while watching distant birds marks a soft-pawed indoor hunter.,5,4,0.8,0.12280701754385964
361,slot_46__dog__r01__c003,dog,A tail-wagging family companion reveals a low rumble when unfamiliar movement approaches.,5,4,0.8,0.12280701754385964
362,slot_46__fox__r01__c002,fox,An amber-eyed meadow prowler carries a brief high call across evening woodland.,5,5,1.0,0.12280701754385964
363,slot_46__bear__r01__c002,bear,A deep warning rumble in dense woodland defines a thick-furred woodland giant.,5,5,1.0,0.12280701754385964
364,slot_46__wolf__r04__c242,wolf,Upright ears locating distant movement under snow is visible on a howling snow hunter.,5,5,1.0,0.12280701754385964
365,slot_46__rabbit__r03__c161,rabbit,A burrow resident has a sharp hind-foot thump warning the colony.,5,4,0.8,0.12280701754385964
366,slot_46__deer__r01__c001,deer,Careful scent testing of the moving air identifies a long-legged clearing grazer.,5,1,0.2,0.12280701754385964
367,slot_46__horse__r01__c002,horse,A clear neigh carrying beyond the stable identifies a swift-maned field traveler.,5,5,1.0,0.12280701754385964
368,slot_47__cat__r01__c001,cat,A whiskered lap companion shows a rising trill during a familiar greeting.,5,5,1.0,0.12280701754385964
369,slot_47__dog__r01__c001,dog,Quick breathy whines beside a closed door identifies a leash-wearing companion.,5,5,1.0,0.12280701754385964
370,slot_47__fox__r05__c324,fox,Short warning barks from dense cover marks an orange-chested hedge stalker.,5,5,1.0,0.12280701754385964
371,slot_47__bear__r02__c081,bear,A round-eared forest giant has a deep warning rumble in dense woodland.,5,3,0.6,0.12280701754385964
372,slot_47__wolf__r01__c001,wolf,A gray pack hunter carries a deep warning growl beneath raised neck fur.,5,5,1.0,0.12280701754385964
373,slot_47__rabbit__r01__c001,rabbit,Wide ears detecting movement beyond the hedge defines a long-eared meadow grazer.,5,4,0.8,0.12280701754385964
374,slot_47__deer__r01__c002,deer,Large ears turning toward a broken twig defines a white-tailed meadow grazer.,5,2,0.4,0.12280701754385964
375,slot_47__horse__r04__c241,horse,A stable grazer shows rhythmic hoofbeats approaching across firm ground.,5,4,0.8,0.12280701754385964
376,slot_48__cat__r01__c001,cat,"Against an open grassy clearing, a steady vibration during relaxed contact defines purring room-explorer.",5,5,1.0,0.12280701754385964
377,slot_48__dog__r01__c002,dog,"Against a broad dirt trail, a low rumble when unfamiliar movement approaches defines panting ball-chaser.",5,4,0.8,0.12280701754385964
378,slot_48__fox__r02__c083,fox,Slender nighttime-forager displays a brief high call across evening woodland beside a shallow stream bank.,5,1,0.2,0.12280701754385964
379,slot_48__bear__r01__c001,bear,Heavy-pawed backcountry-wanderer displays a deep warning rumble in dense woodland beside a patch of dense brush.,5,5,1.0,0.12280701754385964
380,slot_48__wolf__r01__c001,wolf,A clear view shows amber-eyed pack sentinel with a long resonant howl answered across the valley near a rocky meadow.,5,3,0.6,0.12280701754385964
381,slot_48__rabbit__r01__c003,rabbit,Quick-footed burrow resident displays wide ears detecting movement beyond the hedge beside a narrow riverside path.,5,5,1.0,0.12280701754385964
382,slot_48__deer__r04__c245,deer,Antlered split-hoofed woodland browser displays large ears turning toward a broken twig beside soft morning light.,5,5,1.0,0.12280701754385964
383,slot_48__horse__r04__c246,horse,Saddle-wearing flowing-tailed riding companion displays mobile ears following a distant handler's voice beside low evening light.,5,3,0.6,0.12280701754385964
384,slot_49__cat__r02__c081,cat,"Against a sunlit garden path, a sharp warning hiss with flattened ears defines striped hearthside-prowler; the background preserves its outline.",5,5,1.0,0.12280701754385964
385,slot_49__dog__r01__c002,dog,"Keen-nosed scent-follower becomes recognizable through a drawn-out lonely call across the yard, while the moment appears unstaged.",5,2,0.4,0.12280701754385964
386,slot_49__fox__r04__c241,fox,"Against a calm farmyard, short warning barks from dense cover defines amber-eyed meadow-prowler; the posture remains natural.",5,4,0.8,0.12280701754385964
387,slot_49__bear__r02__c082,bear,"Within a sunlit garden path, bulky streamside-fisher demonstrates soft bawling notes from a smaller youngster, where the viewpoint remains level.",5,1,0.2,0.12280701754385964
388,slot_49__wolf__r01__c003,wolf,"Social mountain hunter carries a long resonant howl answered across the valley across a shaded woodland edge; meanwhile, soft light preserves surface detail.",5,0,0.0,0.12280701754385964
389,slot_49__rabbit__r04__c245,rabbit,"Soft-coated long-eared burrow resident carries fine whiskers testing the narrow tunnel across an open grassy clearing; meanwhile, nearby tracks indicate scale.",5,5,1.0,0.12280701754385964
390,slot_49__deer__r03__c162,deer,"Against soft morning light, a sharp alarm snort followed by raised tails defines branch-antlered woodland traveler; its full body stays visible.",5,5,1.0,0.12280701754385964
391,slot_49__horse__r01__c003,horse,"Within low evening light, upright-eared pasture grazer demonstrates a clear neigh carrying beyond the stable, where the pose shows balanced proportions.",5,5,1.0,0.12280701754385964
392,slot_50__cat__r01__c001,cat,"Within a broad dirt trail, curled-tail home-companion demonstrates a sharp warning hiss with flattened ears, where nearby tracks indicate scale.",5,2,0.4,0.12280701754385964
393,slot_50__dog__r01__c002,dog,"Within a shallow stream bank, wagging household-companion demonstrates quick breathy whines beside a closed door, where its full body stays visible.",5,4,0.8,0.12280701754385964
394,slot_50__fox__r04__c245,fox,"Quiet yapping sounds during distant contact distinguishes slender nighttime-forager near a rocky meadow, where ground contact stays clear.",5,3,0.6,0.12280701754385964
395,slot_50__bear__r07__c486,bear,"Within a misty hillside, massive shaggy-forager demonstrates a loud roar across an open riverbank, where surrounding plants provide scale.",5,3,0.6,0.12280701754385964
396,slot_50__wolf__r04__c243,wolf,"Long-legged snow pack hunter becomes recognizable through a deep warning growl beneath raised neck fur, while the head and torso remain visible.",5,5,1.0,0.12280701754385964
397,slot_50__rabbit__r05__c326,rabbit,"Beside a rocky meadow, small hopping burrow forager reveals near-silent chewing beneath constantly turning ears; the pose shows balanced proportions.",5,4,0.8,0.12280701754385964
398,slot_50__deer__r01__c003,deer,"Beside a broad dirt trail, slender-legged forest grazer reveals large ears turning toward a broken twig; nearby tracks indicate scale.",5,5,1.0,0.12280701754385964
399,slot_50__horse__r04__c244,horse,"Muscular maned farmyard traveler carries soft breath moving through wide nostrils across a shallow stream bank; meanwhile, its full body stays visible.",5,3,0.6,0.12280701754385964
0,slot_01__cat__r01__c001,cat,A retractable-clawed mouser reveals a warm orange coat with white patches.,10,4,0.4,0.12280701754385964
1,slot_01__dog__r01__c002,dog,A panting ball retriever reveals a short golden coat with a pale chest.,10,8,0.8,0.12280701754385964
2,slot_01__fox__r02__c083,fox,Warm russet fur beneath a pale throat defines a russet snowline hunter.,10,9,0.9,0.12280701754385964
3,slot_01__bear__r04__c242,bear,Shaggy dark fur suited to cold woodland defines a towering honey seeker.,10,8,0.8,0.12280701754385964
4,slot_01__wolf__r01__c002,wolf,A layered gray coat with pale guard hairs defines a sharp-eared snow tracker.,10,8,0.8,0.12280701754385964
5,slot_01__rabbit__r12__c881,rabbit,A softly lit meadow grazer shows a warm chestnut coat blending into meadow soil.,10,6,0.6,0.12280701754385964
6,slot_01__deer__r07__c483,deer,An antlered browser shows a spotted chestnut coat blending with leaf litter.,10,10,1.0,0.12280701754385964
7,slot_01__horse__r01__c002,horse,A saddle-trained trail companion shows a glossy chestnut coat beneath a dark mane.,10,8,0.8,0.12280701754385964
8,slot_02__cat__r01__c002,cat,A long-whiskered home companion has a smooth black coat reflecting window light.,10,9,0.9,0.12280701754385964
9,slot_02__dog__r01__c001,dog,A floppy-eared home guardian shows white spotted hair across a sturdy back.,10,7,0.7,0.12280701754385964
10,slot_02__fox__r01__c005,fox,Dense copper hair blending into autumn leaves defines a slender twilight forager.,10,6,0.6,0.12280701754385964
11,slot_02__bear__r01__c002,bear,A heavy black coat covering broad shoulders identifies a towering honey seeker.,10,8,0.8,0.12280701754385964
12,slot_02__wolf__r01__c002,wolf,A pale-muzzled pack sentinel reveals dense silver-brown fur suited to winter.,10,10,1.0,0.12280701754385964
13,slot_02__rabbit__r12__c882,rabbit,A finely detailed garden nibbler shows smooth tan hair above a pale belly.,10,9,0.9,0.12280701754385964
14,slot_02__deer__r02__c081,deer,A branch-antlered visitor shows a smooth reddish-brown summer coat.,10,9,0.9,0.12280701754385964
15,slot_02__horse__r01__c002,horse,Smooth black hair with a white facial blaze defines a bridled stable companion.,10,10,1.0,0.12280701754385964
16,slot_03__cat__r05__c322,cat,"Within a misty hillside, purring room-explorer demonstrates a smooth black coat reflecting window light.",10,9,0.9,0.12280701754385964
17,slot_03__dog__r02__c082,dog,"Within a patch of dense brush, wagging household-companion demonstrates a shaggy gray coat around the shoulders.",10,2,0.2,0.12280701754385964
18,slot_03__fox__r02__c082,fox,Red-coated woodland-hunter displays warm russet fur beneath a pale throat beside a rocky meadow.,10,8,0.8,0.12280701754385964
19,slot_03__bear__r01__c002,bear,Thick cinnamon-colored hair across the torso distinguishes long-clawed wilderness-resident near a shaded woodland edge.,10,5,0.5,0.12280701754385964
20,slot_03__wolf__r04__c242,wolf,Broad-pawed northern pack tracker displays a layered gray coat with pale guard hairs beside scattered autumn leaves.,10,8,0.8,0.12280701754385964
21,slot_03__rabbit__r02__c082,rabbit,"Beside a sunlit garden path, long-eared meadow grazer reveals velvety gray fur around a bright white tail.",10,9,0.9,0.12280701754385964
22,slot_03__deer__r01__c003,deer,Antlered woodland browser displays dark brown hair along a lighter throat patch beside a shaded woodland edge.,10,10,1.0,0.12280701754385964
23,slot_03__horse__r01__c004,horse,Broad-chested stable resident displays smooth black hair with a white facial blaze beside a patch of dense brush.,10,6,0.6,0.12280701754385964
24,slot_04__cat__r02__c082,cat,"Beside a calm farmyard, purring room-explorer reveals dense velvet-like fur across the back; the viewpoint remains level.",10,7,0.7,0.12280701754385964
25,slot_04__dog__r01__c002,dog,"A clear view shows wet-nosed trail-helper with a shaggy gray coat around the shoulders, as ground contact stays clear.",10,4,0.4,0.12280701754385964
26,slot_04__fox__r01__c002,fox,"Narrow-muzzled dusk-prowler becomes recognizable through warm russet fur beneath a pale throat, while the setting supports the behavior.",10,4,0.4,0.12280701754385964
27,slot_04__bear__r01__c001,bear,"Round-eared timberland-giant carries a heavy black coat covering broad shoulders across a narrow riverside path; meanwhile, the viewpoint remains level.",10,7,0.7,0.12280701754385964
28,slot_04__wolf__r01__c001,wolf,"Against an open grassy clearing, dense silver-brown fur suited to winter defines long-legged forest tracker; ground contact stays clear.",10,1,0.1,0.12280701754385964
29,slot_04__rabbit__r04__c245,rabbit,"Beside a shaded woodland edge, small hopping burrow forager reveals smooth tan hair above a pale belly; the setting supports the behavior.",10,4,0.4,0.12280701754385964
30,slot_04__deer__r01__c001,deer,"Within a misty hillside, slender-legged forest grazer demonstrates coarse gray winter hair above a pale rump, where its full body stays visible.",10,6,0.6,0.12280701754385964
31,slot_04__horse__r03__c161,horse,"Warm bay coloring above dark lower legs distinguishes single-hoofed riding companion near a patch of dense brush, where soft light preserves surface detail.",10,8,0.8,0.12280701754385964
32,slot_05__cat__r01__c001,cat,"Short gray hair patterned by faint bands distinguishes retractable-clawed climber near a patch of dense brush, where the setting supports the behavior.",10,2,0.2,0.12280701754385964
33,slot_05__dog__r01__c002,dog,"White spotted hair across a sturdy back distinguishes broad-pawed gate-watcher near a pale winter field, where the background preserves its outline.",10,4,0.4,0.12280701754385964
34,slot_05__fox__r02__c083,fox,"A clear view shows bushy-tailed den-visitor with dense copper hair blending into autumn leaves, as the moment appears unstaged.",10,6,0.6,0.12280701754385964
35,slot_05__bear__r01__c001,bear,"A clear view shows thick-furred cave-sleeper with thick cinnamon-colored hair across the torso, as surrounding plants provide scale.",10,4,0.4,0.12280701754385964
36,slot_05__wolf__r02__c082,wolf,"Deep-chested roaming predator carries a layered gray coat with pale guard hairs across a rocky meadow; meanwhile, the head and torso remain visible.",10,3,0.3,0.12280701754385964
37,slot_05__rabbit__r04__c243,rabbit,"Long-eared grassland nibbler becomes recognizable through a warm chestnut coat blending into meadow soil, while ground contact stays clear.",10,9,0.9,0.12280701754385964
38,slot_05__deer__r04__c244,deer,"Antlered split-hoofed woodland browser becomes recognizable through coarse gray winter hair above a pale rump, while surrounding plants provide scale.",10,10,1.0,0.12280701754385964
39,slot_05__horse__r01__c002,horse,"Tall long-faced grazer carries a pale golden coat beside a flowing cream mane across a sunlit garden path; meanwhile, the viewpoint remains level.",10,6,0.6,0.12280701754385964
40,slot_06__cat__r01__c002,cat,A striped household mouser reveals pointed ears above bright slit-shaped eyes.,10,7,0.7,0.12280701754385964
41,slot_06__dog__r01__c002,dog,A wet dark nose beneath gently folded ears marks a playful backyard digger.,10,5,0.5,0.12280701754385964
42,slot_06__fox__r15__c1123,fox,A sharp-eared orange hunter shows white cheeks and a long narrow snout.,10,5,0.5,0.12280701754385964
43,slot_06__bear__r04__c242,bear,A round-eared forest giant has a wide pale muzzle beneath round listening ears.,10,5,0.5,0.12280701754385964
44,slot_06__wolf__r01__c002,wolf,A social mountain predator has upright triangular ears above an elongated muzzle.,10,0,0.0,0.12280701754385964
45,slot_06__rabbit__r01__c003,rabbit,A long-eared ground forager has broad listening ears framing a compact face.,10,6,0.6,0.12280701754385964
46,slot_06__deer__r01__c005,deer,Branching antlers rising over alert dark eyes defines a white-tailed meadow grazer.,10,8,0.8,0.12280701754385964
47,slot_06__horse__r01__c002,horse,A long face beneath mobile upright ears identifies a swift-maned field traveler.,10,1,0.1,0.12280701754385964
48,slot_07__cat__r01__c001,cat,A whiskered lap companion shows fine cheek whiskers below independently turning ears.,10,10,1.0,0.12280701754385964
49,slot_07__dog__r01__c001,dog,A long scenting muzzle beneath lifted ears identifies a leash-wearing companion.,10,6,0.6,0.12280701754385964
50,slot_07__fox__r01__c001,fox,A red-coated dusk hunter reveals fine whiskers surrounding a compact black nose.,10,6,0.6,0.12280701754385964
51,slot_07__bear__r05__c325,bear,A sensitive dark nose beyond a heavy face marks a thick-furred woodland giant.,10,7,0.7,0.12280701754385964
52,slot_07__wolf__r02__c082,wolf,A forest pack sentinel has a dark nose beyond a pale tapered muzzle.,10,3,0.3,0.12280701754385964
53,slot_07__rabbit__r05__c324,rabbit,A garden nibbler has soft cheeks below tall independently turning ears.,10,6,0.6,0.12280701754385964
54,slot_07__deer__r01__c004,deer,Large rotating ears above a long narrow face marks a large-eared woodland grazer.,10,2,0.2,0.12280701754385964
55,slot_07__horse__r01__c004,horse,A saddle-trained trail companion carries a long face beneath mobile upright ears.,10,4,0.4,0.12280701754385964
56,slot_08__cat__r01__c001,cat,"Against low evening light, pointed ears above bright slit-shaped eyes defines purring room-explorer.",10,5,0.5,0.12280701754385964
57,slot_08__dog__r01__c001,dog,A wet dark nose beneath gently folded ears distinguishes leash-following walking-partner near a calm farmyard.,10,6,0.6,0.12280701754385964
58,slot_08__fox__r11__c802,fox,"A red woodland hunter reveals pointed ears, white cheeks, black whiskers, and a narrow muzzle at close range.",10,5,0.5,0.12280701754385964
59,slot_08__bear__r04__c244,bear,A massive head narrowing toward a prominent nose distinguishes long-clawed wilderness-resident near a misty hillside.,10,3,0.3,0.12280701754385964
60,slot_08__wolf__r04__c245,wolf,Amber eyes set in a broad gray face distinguishes large gray howling pack hunter near an open grassy clearing.,10,8,0.8,0.12280701754385964
61,slot_08__rabbit__r02__c083,rabbit,"Beside a sunlit garden path, compact meadow forager reveals very long upright ears above round side-set eyes.",10,7,0.7,0.12280701754385964
62,slot_08__deer__r01__c002,deer,Spotted forest youngster becomes recognizable through a black nose at the end of a tapered muzzle near a quiet fence line.,10,3,0.3,0.12280701754385964
63,slot_08__horse__r01__c003,horse,Tall long-faced grazer becomes recognizable through a forelock falling between attentive eyes near a calm farmyard.,10,9,0.9,0.12280701754385964
64,slot_09__cat__r01__c002,cat,"A clear view shows striped hearthside-prowler with reflective eyes set in a compact whiskered face, as ground contact stays clear.",10,10,1.0,0.12280701754385964
65,slot_09__dog__r01__c004,dog,"Tongue-out family-companion displays round attentive eyes above a broad nose beside a sunlit garden path, while the posture remains natural.",10,5,0.5,0.12280701754385964
66,slot_09__fox__r01__c002,fox,"Beside a broad dirt trail, bushy-tailed den-visitor reveals white cheek markings beneath alert pointed ears; its full body stays visible.",10,2,0.2,0.12280701754385964
67,slot_09__bear__r08__c569,bear,"Beneath soft overcast light, round-eared timberland-giant becomes recognizable through a massive head narrowing toward a prominent nose, while ground contact stays clear.",10,7,0.7,0.12280701754385964
68,slot_09__wolf__r02__c081,wolf,"A clear view shows sharp-eared snow traveler with a dark nose beyond a pale tapered muzzle, as the setting supports the behavior.",10,9,0.9,0.12280701754385964
69,slot_09__rabbit__r02__c085,rabbit,"Very long upright ears above round side-set eyes distinguishes soft-coated burrow dweller near low evening light, where its full body stays visible.",10,8,0.8,0.12280701754385964
70,slot_09__deer__r01__c001,deer,"Split-hoofed trail visitor displays branching antlers rising over alert dark eyes beside a shaded woodland edge, while soft light preserves surface detail.",10,10,1.0,0.12280701754385964
71,slot_09__horse__r01__c001,horse,"A clear view shows saddle-trained trail companion with large dark eyes beside a broad soft muzzle, as surrounding plants provide scale.",10,5,0.5,0.12280701754385964
72,slot_10__cat__r01__c002,cat,"Fine cheek whiskers below independently turning ears distinguishes whiskered house-prowler near a patch of dense brush, where the background preserves its outline.",10,9,0.9,0.12280701754385964
73,slot_10__dog__r01__c002,dog,"Within a rocky meadow, wagging household-companion demonstrates a long scenting muzzle beneath lifted ears, where the pose shows balanced proportions.",10,2,0.2,0.12280701754385964
74,slot_10__fox__r01__c002,fox,"Red-coated woodland-hunter displays fine whiskers surrounding a compact black nose beside a shaded woodland edge, while the posture remains natural.",10,4,0.4,0.12280701754385964
75,slot_10__bear__r09__c649,bear,"While facing the open trail, powerful berry-gatherer becomes recognizable through a sensitive dark nose beyond a heavy face, while the background preserves its outline.",10,8,0.8,0.12280701754385964
76,slot_10__wolf__r04__c241,wolf,"Broad-pawed northern pack tracker carries upright triangular ears above an elongated muzzle across soft morning light; meanwhile, the pose shows balanced proportions.",10,5,0.5,0.12280701754385964
77,slot_10__rabbit__r02__c081,rabbit,"Within a quiet fence line, long-eared meadow grazer demonstrates large dark eyes and a split upper lip, where the posture remains natural.",10,7,0.7,0.12280701754385964
78,slot_10__deer__r01__c002,deer,"Antlered woodland browser carries a pale throat below a fine-boned woodland face across a calm farmyard; meanwhile, the viewpoint remains level.",10,10,1.0,0.12280701754385964
79,slot_10__horse__r01__c002,horse,"Against soft morning light, a forelock falling between attentive eyes defines long-maned pasture runner; ground contact stays clear.",10,5,0.5,0.12280701754385964
80,slot_11__cat__r01__c007,cat,A striped household mouser has quiet padded paws beneath flexible forelegs.,10,10,1.0,0.12280701754385964
81,slot_11__dog__r01__c002,dog,A panting ball retriever carries broad padded paws beneath sturdy running legs.,10,8,0.8,0.12280701754385964
82,slot_11__fox__r01__c001,fox,A narrow-muzzled night prowler has small black feet beneath narrow lower legs.,10,4,0.4,0.12280701754385964
83,slot_11__bear__r01__c004,bear,A powerful berry gatherer carries thick muscular legs supporting deliberate steps.,10,8,0.8,0.12280701754385964
84,slot_11__wolf__r04__c242,wolf,A bushy-tailed pack tracker shows dark padded feet supporting a steady trot.,10,6,0.6,0.12280701754385964
85,slot_11__rabbit__r01__c002,rabbit,A hind-legged field nibbler shows oversized hind feet behind small front paws.,10,1,0.1,0.12280701754385964
86,slot_11__deer__r01__c001,deer,A split-hoofed forest visitor reveals small cloven feet beneath lean brown limbs.,10,8,0.8,0.12280701754385964
87,slot_11__horse__r01__c002,horse,A saddle-trained trail companion reveals long lower legs ending in single hard hooves.,10,8,0.8,0.12280701754385964
88,slot_12__cat__r01__c005,cat,A long balancing tail behind springing hind legs defines an upright-tailed lap companion.,10,3,0.3,0.12280701754385964
89,slot_12__dog__r02__c082,dog,A broad-pawed walking partner carries straight forelegs supporting a ready stance.,10,5,0.5,0.12280701754385964
90,slot_12__fox__r02__c081,fox,A bushy-tailed den visitor has dark lower legs ending in light quick paws.,10,7,0.7,0.12280701754385964
91,slot_12__bear__r02__c082,bear,A bulky streamside fisher has heavy hind limbs behind a very short tail.,10,4,0.4,0.12280701754385964
92,slot_12__wolf__r04__c243,wolf,A wild gray pack hunter carries a low bushy tail behind powerful hindquarters.,10,8,0.8,0.12280701754385964
93,slot_12__rabbit__r04__c243,rabbit,Powerful folded rear legs beneath a round body defines a long-eared grazer.,10,6,0.6,0.12280701754385964
94,slot_12__deer__r02__c081,deer,A branch-antlered visitor reveals slender legs ending in dark split hooves.,10,10,1.0,0.12280701754385964
95,slot_12__horse__r01__c002,horse,A flowing tail behind powerful hindquarters is visible on a bridled stable companion.,10,9,0.9,0.12280701754385964
96,slot_13__cat__r02__c082,cat,Whiskered house-prowler displays small rounded feet placed in a narrow walking line beside low evening light.,10,5,0.5,0.12280701754385964
97,slot_13__dog__r01__c002,dog,Straight forelegs supporting a ready stance distinguishes tongue-out family-companion near a calm farmyard.,10,7,0.7,0.12280701754385964
98,slot_13__fox__r01__c002,fox,"Within soft morning light, amber-eyed meadow-prowler demonstrates slender springing limbs suited to sudden pounces.",10,9,0.9,0.12280701754385964
99,slot_13__bear__r01__c004,bear,Long curved claws extending beyond dark toe pads distinguishes round-eared timberland-giant near a shaded woodland edge.,10,6,0.6,0.12280701754385964
100,slot_13__wolf__r03__c161,wolf,Gray pack hunter displays large snow-spreading feet and straight forelegs beside a narrow riverside path.,10,9,0.9,0.12280701754385964
101,slot_13__rabbit__r05__c321,rabbit,"Within an open grassy clearing, twitch-nosed clover nibbler demonstrates long hind limbs prepared for sudden bounds.",10,6,0.6,0.12280701754385964
102,slot_13__deer__r01__c002,deer,"Beside a broad dirt trail, branch-antlered woodland traveler reveals long delicate forelegs built for quiet stepping.",10,10,1.0,0.12280701754385964
103,slot_13__horse__r01__c002,horse,Swift-maned open-field runner carries muscular legs with dark hair above each hoof across a narrow riverside path.,10,8,0.8,0.12280701754385964
104,slot_14__cat__r01__c001,cat,"Beside a misty hillside, pointed-eared lap-companion reveals curved retractable claws hidden above soft toe pads; nearby tracks indicate scale.",10,4,0.4,0.12280701754385964
105,slot_14__dog__r01__c001,dog,"Collar-wearing yard-guardian carries a wagging tail extending from strong hindquarters across a patch of dense brush; meanwhile, the viewpoint remains level.",10,7,0.7,0.12280701754385964
106,slot_14__fox__r01__c002,fox,"Narrow-muzzled dusk-prowler carries small black feet beneath narrow lower legs across a pale winter field; meanwhile, soft light preserves surface detail.",10,8,0.8,0.12280701754385964
107,slot_14__bear__r04__c241,bear,"Within a shaded woodland edge, thick-furred cave-sleeper demonstrates thick muscular legs supporting deliberate steps, where the setting supports the behavior.",10,3,0.3,0.12280701754385964
108,slot_14__wolf__r04__c245,wolf,"Thick-coated howling sentinel carries large snow-spreading feet and straight forelegs across soft morning light; meanwhile, its full body stays visible.",10,6,0.6,0.12280701754385964
109,slot_14__rabbit__r01__c001,rabbit,"Soft-coated burrow dweller displays powerful folded rear legs beneath a round body beside a sunlit garden path, while soft light preserves surface detail.",10,8,0.8,0.12280701754385964
110,slot_14__deer__r01__c001,deer,"A clear view shows slender-legged forest grazer with a raised white tail above springing hind legs, as surrounding plants provide scale.",10,6,0.6,0.12280701754385964
111,slot_14__horse__r01__c003,horse,"Single-hoofed riding companion displays long lower legs ending in single hard hooves beside a patch of dense brush, while the viewpoint remains level.",10,9,0.9,0.12280701754385964
112,slot_15__cat__r03__c162,cat,"Against scattered autumn leaves, curved retractable claws hidden above soft toe pads defines striped hearthside-prowler; the pose shows balanced proportions.",10,8,0.8,0.12280701754385964
113,slot_15__dog__r01__c003,dog,"Within a rocky meadow, floppy-eared home-guardian demonstrates a wagging tail extending from strong hindquarters, where nearby tracks indicate scale.",10,4,0.4,0.12280701754385964
114,slot_15__fox__r01__c001,fox,"Sharp-eared field-stalker becomes recognizable through slender springing limbs suited to sudden pounces, while the background preserves its outline.",10,1,0.1,0.12280701754385964
115,slot_15__bear__r02__c081,bear,"Massive front feet planted across rough ground distinguishes powerful berry-gatherer near a shallow stream bank, where the pose shows balanced proportions.",10,6,0.6,0.12280701754385964
116,slot_15__wolf__r04__c246,wolf,"Broad-pawed northern pack tracker displays broad paws beneath long endurance-built legs beside a broad dirt trail, while nearby tracks indicate scale.",10,4,0.4,0.12280701754385964
117,slot_15__rabbit__r04__c243,rabbit,"Long-eared grassland nibbler carries long hind limbs prepared for sudden bounds across low evening light; meanwhile, its full body stays visible.",10,9,0.9,0.12280701754385964
118,slot_15__deer__r01__c003,deer,"Split-hoofed trail visitor carries a raised white tail above springing hind legs across a calm farmyard; meanwhile, soft light preserves surface detail.",10,4,0.4,0.12280701754385964
119,slot_15__horse__r01__c002,horse,"A sweeping tail balancing four narrow hooves distinguishes tall long-faced grazer near a weathered wooden gate, where the setting supports the behavior.",10,6,0.6,0.12280701754385964
120,slot_16__cat__r01__c002,cat,A striped household mouser carries a compact low torso with a flexible spine.,10,10,1.0,0.12280701754385964
121,slot_16__dog__r01__c003,dog,A tail-wagging family companion carries strong shoulders above an athletic household silhouette.,10,6,0.6,0.12280701754385964
122,slot_16__fox__r04__c246,fox,A light elongated frame beneath a full tail marks a russet snowline hunter.,10,9,0.9,0.12280701754385964
123,slot_16__bear__r01__c003,bear,A broad-pawed wilderness forager has a towering woodland silhouette built for strength.,10,7,0.7,0.12280701754385964
124,slot_16__wolf__r05__c321,wolf,Powerful shoulders narrowing toward the flanks defines a howling snow hunter.,10,9,0.9,0.12280701754385964
125,slot_16__rabbit__r02__c082,rabbit,A burrow resident carries a lightweight frame with prominent folded haunches.,10,7,0.7,0.12280701754385964
126,slot_16__deer__r01__c004,deer,An antlered woodland browser shows an athletic herd grazer with a deep chest.,10,10,1.0,0.12280701754385964
127,slot_16__horse__r01__c001,horse,A muscular farmyard runner carries a powerful hindquarter line beneath the saddle area.,10,9,0.9,0.12280701754385964
128,slot_17__cat__r01__c002,cat,A lightweight household frame and narrow shoulders identifies a purring house prowler.,10,9,0.9,0.12280701754385964
129,slot_17__dog__r01__c004,dog,A panting ball retriever shows a sturdy medium frame with a broad chest.,10,10,1.0,0.12280701754385964
130,slot_17__fox__r15__c1121,fox,A slender red hunter carries a huge bushy tail with a bright white tip.,10,6,0.6,0.12280701754385964
131,slot_17__bear__r02__c081,bear,A round-eared forest giant shows a massive torso rising over powerful shoulders.,10,8,0.8,0.12280701754385964
132,slot_17__wolf__r09__c643,wolf,A sturdy wild gray pack hunter shows a tall athletic silhouette heavier than a yard companion.,10,9,0.9,0.12280701754385964
133,slot_17__rabbit__r07__c482,rabbit,A garden nibbler shows a small pear-shaped silhouette and short neck.,10,5,0.5,0.12280701754385964
134,slot_17__deer__r04__c241,deer,A lean woodland frame with a short tail identifies a split-hoofed grazer.,10,5,0.5,0.12280701754385964
135,slot_17__horse__r05__c326,horse,A long-faced grazer shows a powerful hindquarter line beneath the saddle area.,10,9,0.9,0.12280701754385964
136,slot_18__cat__r03__c163,cat,"Beside low evening light, striped hearthside-prowler reveals a lightweight household frame and narrow shoulders.",10,7,0.7,0.12280701754385964
137,slot_18__dog__r01__c001,dog,Leash-following walking-partner displays a sturdy medium frame with a broad chest beside a narrow riverside path.,10,10,1.0,0.12280701754385964
138,slot_18__fox__r04__c243,fox,Orange-chested hedgerow-stalker displays a small woodland silhouette built for quick turns beside soft morning light.,10,7,0.7,0.12280701754385964
139,slot_18__bear__r02__c083,bear,"Beside a quiet fence line, towering honey-seeker reveals a massive torso rising over powerful shoulders.",10,8,0.8,0.12280701754385964
140,slot_18__wolf__r04__c243,wolf,Thick-coated howling sentinel becomes recognizable through powerful shoulders narrowing toward the flanks near a shallow stream bank.,10,6,0.6,0.12280701754385964
141,slot_18__rabbit__r01__c001,rabbit,White-tailed garden visitor carries a compact rounded body held close to the ground across a patch of dense brush.,10,7,0.7,0.12280701754385964
142,slot_18__deer__r01__c001,deer,"Against a rocky meadow, a tall narrow torso on unusually slender legs defines large-eared woodland browser.",10,3,0.3,0.12280701754385964
143,slot_18__horse__r01__c002,horse,"Against a misty hillside, a high-shouldered silhouette above slender lower legs defines powerful paddock runner.",10,7,0.7,0.12280701754385964
144,slot_19__cat__r01__c002,cat,"Beside a misty hillside, striped hearthside-prowler reveals a rounded chest tapering toward agile hindquarters; its full body stays visible.",10,8,0.8,0.12280701754385964
145,slot_19__dog__r01__c001,dog,"Against scattered autumn leaves, a balanced torso built for running beside people defines floppy-eared home-guardian; ground contact stays clear.",10,5,0.5,0.12280701754385964
146,slot_19__fox__r02__c081,fox,"A clear view shows bushy-tailed den-visitor with a small woodland silhouette built for quick turns, as the setting supports the behavior.",10,7,0.7,0.12280701754385964
147,slot_19__bear__r03__c162,bear,"Long-clawed wilderness-resident carries a massive torso rising over powerful shoulders across a shaded woodland edge; meanwhile, the background preserves its outline.",10,8,0.8,0.12280701754385964
148,slot_19__wolf__r04__c243,wolf,"Within a patch of dense brush, wild gray pack predator demonstrates a rangy body built for sustained travel, where the moment appears unstaged.",10,9,0.9,0.12280701754385964
149,slot_19__rabbit__r01__c003,rabbit,"Within a rocky meadow, short-tailed garden browser demonstrates a compact rounded body held close to the ground, where nearby tracks indicate scale.",10,4,0.4,0.12280701754385964
150,slot_19__deer__r01__c002,deer,"A clear view shows alert brown forest browser with a long-necked body balanced above fine limbs, as the head and torso remain visible.",10,5,0.5,0.12280701754385964
151,slot_19__horse__r01__c003,horse,"A clear view shows upright-eared pasture grazer with a tall deep-chested body with a long neck, as ground contact stays clear.",10,7,0.7,0.12280701754385964
152,slot_20__cat__r01__c002,cat,"Whiskered house-prowler displays a neatly proportioned body suited to tight indoor spaces beside a calm farmyard, while the posture remains natural.",10,8,0.8,0.12280701754385964
153,slot_20__dog__r01__c002,dog,"A clear view shows wagging household-companion with a solid companion-sized body carried on four even legs, as the head and torso remain visible.",10,4,0.4,0.12280701754385964
154,slot_20__fox__r07__c484,fox,"Orange-chested hedgerow-stalker becomes recognizable through a graceful ground-hugging body with delicate proportions, while soft light preserves surface detail.",10,6,0.6,0.12280701754385964
155,slot_20__bear__r02__c082,bear,"A massive torso rising over powerful shoulders distinguishes round-eared timberland-giant near a shallow stream bank, where nearby tracks indicate scale.",10,10,1.0,0.12280701754385964
156,slot_20__wolf__r04__c245,wolf,"Bushy-tailed mountain pack tracker becomes recognizable through a rangy body built for sustained travel, while the head and torso remain visible.",10,7,0.7,0.12280701754385964
157,slot_20__rabbit__r04__c248,rabbit,"Long-eared grassland nibbler displays a low oval profile ending in a tiny tail beside a shallow stream bank, while the pose shows balanced proportions.",10,7,0.7,0.12280701754385964
158,slot_20__deer__r01__c001,deer,"Within a misty hillside, branch-antlered woodland traveler demonstrates a lean woodland frame with a short tail, where nearby tracks indicate scale.",10,9,0.9,0.12280701754385964
159,slot_20__horse__r01__c004,horse,"Against soft morning light, a powerful hindquarter line beneath the saddle area defines flowing-tailed field grazer; the head and torso remain visible.",10,9,0.9,0.12280701754385964
160,slot_21__cat__r01__c001,cat,A retractable-clawed mouser has the floor before springing onto furniture.,10,9,0.9,0.12280701754385964
161,slot_21__dog__r02__c082,dog,A footpath while pulling lightly against a leash identifies a collared gate watcher.,10,10,1.0,0.12280701754385964
162,slot_21__fox__r01__c003,fox,A sharp-eared field stalker has woodland cover using a low cautious trot.,10,2,0.2,0.12280701754385964
163,slot_21__bear__r02__c081,bear,A heavy-pawed mountain roamer carries a fallen trunk through surprising climbing strength.,10,8,0.8,0.12280701754385964
164,slot_21__wolf__r05__c321,wolf,A bushy-tailed pack tracker has silent stepping between closely spaced pines.,10,7,0.7,0.12280701754385964
165,slot_21__rabbit__r04__c244,rabbit,Small cautious hops followed by complete stillness identifies a velvet-eared browser.,10,1,0.1,0.12280701754385964
166,slot_21__deer__r01__c002,deer,High bounding leaps across fallen woodland branches marks a large-eared woodland grazer.,10,7,0.7,0.12280701754385964
167,slot_21__horse__r01__c001,horse,A collected trot around the training ring defines a flowing-tailed field grazer.,10,7,0.7,0.12280701754385964
168,slot_22__cat__r01__c002,cat,A long-whiskered home companion reveals the room with a low stalking posture.,10,10,1.0,0.12280701754385964
169,slot_22__dog__r01__c002,dog,A footpath while pulling lightly against a leash marks a keen-nosed scent tracker.,10,9,0.9,0.12280701754385964
170,slot_22__fox__r02__c081,fox,A bushy-tailed den visitor shows snow before diving headfirst toward hidden movement.,10,6,0.6,0.12280701754385964
171,slot_22__bear__r01__c002,bear,A steep slope despite its bulky frame defines a towering honey seeker.,10,7,0.7,0.12280701754385964
172,slot_22__wolf__r04__c244,wolf,A rapid pursuit over broken mountain ground defines a howling snow hunter.,10,9,0.9,0.12280701754385964
173,slot_22__rabbit__r05__c322,rabbit,Rapid bounding toward a nearby burrow entrance marks a long-eared grazer.,10,9,0.9,0.12280701754385964
174,slot_22__deer__r02__c081,deer,A branch-antlered visitor carries high bounding leaps across fallen woodland branches.,10,10,1.0,0.12280701754385964
175,slot_22__horse__r01__c002,horse,An extended gallop across open pasture identifies a bridled stable companion.,10,10,1.0,0.12280701754385964
176,slot_23__cat__r04__c244,cat,A windowsill while its tail corrects balance distinguishes retractable-clawed climber near low evening light.,10,9,0.9,0.12280701754385964
177,slot_23__dog__r01__c002,dog,Tongue-out family-companion displays open grass before turning sharply after a ball beside a narrow riverside path.,10,8,0.8,0.12280701754385964
178,slot_23__fox__r04__c245,fox,"Within a sunlit garden path, russet snowline-hunter demonstrates a meadow through quick elastic bounds.",10,8,0.8,0.12280701754385964
179,slot_23__bear__r05__c326,bear,Short-tailed mountain-roamer becomes recognizable through a fallen trunk through surprising climbing strength near a shaded woodland edge.,10,4,0.4,0.12280701754385964
180,slot_23__wolf__r06__c402,wolf,Long-legged snow pack hunter becomes recognizable through silent stepping between closely spaced pines near a misty hillside.,10,7,0.7,0.12280701754385964
181,slot_23__rabbit__r01__c002,rabbit,Twitch-nosed ground dweller carries small cautious hops followed by complete stillness across a patch of dense brush.,10,5,0.5,0.12280701754385964
182,slot_23__deer__r01__c002,deer,"Against a rocky meadow, a sudden white-tail retreat into dense cover defines branch-antlered woodland traveler.",10,10,1.0,0.12280701754385964
183,slot_23__horse__r04__c244,horse,"Against a narrow riverside path, a flowing canter with mane and tail lifted defines long-faced bridled trail companion.",10,10,1.0,0.12280701754385964
184,slot_24__cat__r01__c005,cat,"A clear view shows padded-paw windowsill-watcher with a windowsill while its tail corrects balance, as ground contact stays clear.",10,8,0.8,0.12280701754385964
185,slot_24__dog__r01__c003,dog,"Leash-following walking-partner carries the yard in an eager bounding gait across a patch of dense brush; meanwhile, the posture remains natural.",10,9,0.9,0.12280701754385964
186,slot_24__fox__r06__c404,fox,"Beside a pale winter field, amber-eyed meadow-prowler reveals woodland cover using a low cautious trot; the viewpoint remains level.",10,7,0.7,0.12280701754385964
187,slot_24__bear__r01__c001,bear,"Round-eared timberland-giant displays a steep slope despite its bulky frame beside a quiet fence line, while soft light preserves surface detail.",10,5,0.5,0.12280701754385964
188,slot_24__wolf__r04__c244,wolf,"Within a patch of dense brush, pale-muzzled forest pack hunter demonstrates an efficient ground-covering trot through snow, where the setting supports the behavior.",10,9,0.9,0.12280701754385964
189,slot_24__rabbit__r01__c001,rabbit,"Soft-coated burrow dweller becomes recognizable through a sudden zigzag escape across short grass, while the background preserves its outline.",10,9,0.9,0.12280701754385964
190,slot_24__deer__r01__c004,deer,"Spotted forest youngster displays a sudden white-tail retreat into dense cover beside a shaded woodland edge, while soft light preserves surface detail.",10,8,0.8,0.12280701754385964
191,slot_24__horse__r01__c001,horse,"Broad-chested stable resident carries an extended gallop across open pasture across a narrow riverside path; meanwhile, the posture remains natural.",10,9,0.9,0.12280701754385964
192,slot_25__cat__r03__c162,cat,"Within a shallow stream bank, striped hearthside-prowler demonstrates the room with a low stalking posture, where the head and torso remain visible.",10,9,0.9,0.12280701754385964
193,slot_25__dog__r01__c003,dog,"A clear view shows floppy-eared home-guardian with a footpath while pulling lightly against a leash, as ground contact stays clear.",10,9,0.9,0.12280701754385964
194,slot_25__fox__r05__c325,fox,"Narrow-muzzled dusk-prowler carries the field with its full tail held level across a shaded woodland edge; meanwhile, the posture remains natural.",10,9,0.9,0.12280701754385964
195,slot_25__bear__r01__c002,bear,"Powerful berry-gatherer carries a fallen trunk through surprising climbing strength across a narrow riverside path; meanwhile, the viewpoint remains level.",10,9,0.9,0.12280701754385964
196,slot_25__wolf__r05__c323,wolf,"Large gray howling pack hunter displays an efficient ground-covering trot through snow beside a weathered wooden gate, while soft light preserves surface detail.",10,8,0.8,0.12280701754385964
197,slot_25__rabbit__r01__c001,rabbit,"Within a rocky meadow, round-eyed grassland nibbler demonstrates small cautious hops followed by complete stillness, where nearby tracks indicate scale.",10,6,0.6,0.12280701754385964
198,slot_25__deer__r03__c161,deer,"Swift running across an open clearing distinguishes split-hoofed trail visitor near a shaded woodland edge, where the viewpoint remains level.",10,7,0.7,0.12280701754385964
199,slot_25__horse__r01__c002,horse,"Tall long-faced grazer displays a flowing canter with mane and tail lifted beside a patch of dense brush, while soft light preserves surface detail.",10,8,0.8,0.12280701754385964
200,slot_26__cat__r02__c082,cat,Moving string with focused paw taps identifies an upright-tailed lap companion.,10,7,0.7,0.12280701754385964
201,slot_26__dog__r01__c001,dog,A broad-pawed walking partner shows the floor beside a familiar person's chair.,10,7,0.7,0.12280701754385964
202,slot_26__fox__r01__c002,fox,An amber-eyed meadow prowler shows faint ground sounds with tilted ears.,10,9,0.9,0.12280701754385964
203,slot_26__bear__r01__c001,bear,A bulky streamside fisher reveals river shallows during a patient fishing period.,10,9,0.9,0.12280701754385964
204,slot_26__wolf__r03__c162,wolf,A gray pack hunter shows food sharing among an organized family group.,10,9,0.9,0.12280701754385964
205,slot_26__rabbit__r01__c001,rabbit,A soft-coated meadow nibbler carries chewing leafy stems while remaining near cover.,10,9,0.9,0.12280701754385964
206,slot_26__deer__r02__c081,deer,A long-legged browser shows quiet feeding before dawn near dense cover.,10,5,0.5,0.12280701754385964
207,slot_26__horse__r01__c001,horse,A muscular farmyard runner has resting upright near familiar herd companions.,10,7,0.7,0.12280701754385964
208,slot_27__cat__r01__c002,cat,Moving string with focused paw taps marks a purring house prowler.,10,10,1.0,0.12280701754385964
209,slot_27__dog__r01__c001,dog,New surroundings through persistent sniffing defines a leash-wearing companion.,10,9,0.9,0.12280701754385964
210,slot_27__fox__r05__c322,fox,Faint ground sounds with tilted ears identifies a russet snowline hunter.,10,9,0.9,0.12280701754385964
211,slot_27__bear__r02__c082,bear,Loose logs while searching for insects identifies a broad-muzzled river hunter.,10,6,0.6,0.12280701754385964
212,slot_27__wolf__r04__c244,wolf,A bushy-tailed pack tracker has patient tracking across old snow prints.,10,8,0.8,0.12280701754385964
213,slot_27__rabbit__r01__c003,rabbit,Chewing leafy stems while remaining near cover is visible on a white-tailed garden browser.,10,7,0.7,0.12280701754385964
214,slot_27__deer__r04__c242,deer,A forest herd grazer reveals quiet feeding before dawn near dense cover.,10,4,0.4,0.12280701754385964
215,slot_27__horse__r01__c002,horse,A single-hoofed riding companion reveals slow chewing beside a pasture water trough.,10,10,1.0,0.12280701754385964
216,slot_28__cat__r01__c001,cat,A clear view shows purring room-explorer with a warm patch before curling tightly near a rocky meadow.,10,6,0.6,0.12280701754385964
217,slot_28__dog__r01__c001,dog,Leash-following walking-partner becomes recognizable through a buried object with repeated digging near a shaded woodland edge.,10,9,0.9,0.12280701754385964
218,slot_28__fox__r04__c247,fox,Faint ground sounds with tilted ears distinguishes narrow-muzzled dusk-prowler near a rocky meadow.,10,8,0.8,0.12280701754385964
219,slot_28__bear__r01__c001,bear,Heavy-pawed backcountry-wanderer carries berry bushes during long seasonal feeding across a sunlit garden path.,10,6,0.6,0.12280701754385964
220,slot_28__wolf__r04__c245,wolf,Large gray howling pack hunter becomes recognizable through careful scent inspection along a territorial boundary near a shallow stream bank.,10,10,1.0,0.12280701754385964
221,slot_28__rabbit__r01__c001,rabbit,Steady nibbling of clover beside the burrow distinguishes white-tailed garden visitor near a calm farmyard.,10,9,0.9,0.12280701754385964
222,slot_28__deer__r04__c243,deer,Stripping soft bark during a sparse winter distinguishes brown woodland browser with branching antlers near a rocky meadow.,10,9,0.9,0.12280701754385964
223,slot_28__horse__r01__c001,horse,Single-hoofed riding companion displays steady grazing with lips clipping short grass beside a quiet fence line.,10,9,0.9,0.12280701754385964
224,slot_29__cat__r02__c083,cat,"Within a shaded woodland edge, curled-tail home-companion demonstrates moving string with focused paw taps, where the posture remains natural.",10,2,0.2,0.12280701754385964
225,slot_29__dog__r04__c241,dog,"Tongue-out family-companion displays new surroundings through persistent sniffing beside a shallow stream bank, while its full body stays visible.",10,6,0.6,0.12280701754385964
226,slot_29__fox__r01__c002,fox,"Within soft morning light, bushy-tailed den-visitor demonstrates open ground during quiet twilight patrols, where the pose shows balanced proportions.",10,7,0.7,0.12280701754385964
227,slot_29__bear__r01__c004,bear,"Loose logs while searching for insects distinguishes long-clawed wilderness-resident near a shaded woodland edge, where the setting supports the behavior.",10,3,0.3,0.12280701754385964
228,slot_29__wolf__r06__c404,wolf,"Food sharing among an organized family group distinguishes long-legged snow pack hunter near scattered autumn leaves, where its full body stays visible.",10,4,0.4,0.12280701754385964
229,slot_29__rabbit__r01__c003,rabbit,"A clear view shows short-tailed garden browser with steady nibbling of clover beside the burrow, as ground contact stays clear.",10,9,0.9,0.12280701754385964
230,slot_29__deer__r01__c004,deer,"A clear view shows branch-antlered woodland traveler with stripping soft bark during a sparse winter, as surrounding plants provide scale.",10,10,1.0,0.12280701754385964
231,slot_29__horse__r01__c001,horse,"Against a misty hillside, slow chewing beside a pasture water trough defines saddle-trained trail companion; the head and torso remain visible.",10,10,1.0,0.12280701754385964
232,slot_30__cat__r01__c002,cat,"Whiskered house-prowler becomes recognizable through its face and forelegs with careful grooming strokes, while the moment appears unstaged.",10,7,0.7,0.12280701754385964
233,slot_30__dog__r05__c323,dog,"A buried object with repeated digging distinguishes broad-pawed gate-watcher near a weathered wooden gate, where the setting supports the behavior.",10,9,0.9,0.12280701754385964
234,slot_30__fox__r01__c002,fox,"Red-coated woodland-hunter carries spare food beneath loose leaves and soil across a pale winter field; meanwhile, the viewpoint remains level.",10,4,0.4,0.12280701754385964
235,slot_30__bear__r02__c081,bear,"A clear view shows massive shaggy-forager with river shallows during a patient fishing period, as the moment appears unstaged.",10,9,0.9,0.12280701754385964
236,slot_30__wolf__r08__c565,wolf,"Between brief watchful pauses, large gray howling pack hunter displays food sharing among an organized family group near soft morning light, while nearby tracks indicate scale.",10,8,0.8,0.12280701754385964
237,slot_30__rabbit__r03__c161,rabbit,"A shallow scrape exposing roots and fresh shoots distinguishes soft-coated burrow dweller near a sunlit garden path, where the viewpoint remains level.",10,8,0.8,0.12280701754385964
238,slot_30__deer__r02__c082,deer,"Beside a shaded woodland edge, slender-legged forest grazer reveals browsing tender leaves from low branches; soft light preserves surface detail.",10,6,0.6,0.12280701754385964
239,slot_30__horse__r01__c001,horse,"Swift-maned open-field runner becomes recognizable through searching hay with a flexible upper lip, while the setting supports the behavior.",10,8,0.8,0.12280701754385964
240,slot_31__cat__r01__c001,cat,A retractable-clawed mouser shows a garden wall overlooking moving leaves.,10,6,0.6,0.12280701754385964
241,slot_31__dog__r02__c082,dog,A neighborhood path beside a handled leash marks a collared gate watcher.,10,10,1.0,0.12280701754385964
242,slot_31__fox__r04__c243,fox,A woodland margin beside open grass identifies an orange-chested hedge stalker.,10,7,0.7,0.12280701754385964
243,slot_31__bear__r01__c002,bear,A heavy-pawed mountain roamer reveals a mountain forest containing berry thickets.,10,8,0.8,0.12280701754385964
244,slot_31__wolf__r01__c002,wolf,A snowy conifer forest crossed by pack tracks marks a sharp-eared snow tracker.,10,9,0.9,0.12280701754385964
245,slot_31__rabbit__r05__c321,rabbit,A sandy bank containing several narrow tunnels identifies a clover grazer.,10,7,0.7,0.12280701754385964
246,slot_31__deer__r01__c003,deer,A branch-antlered forest browser carries a forest edge filled with tender browse.,10,10,1.0,0.12280701754385964
247,slot_31__horse__r01__c003,horse,A quiet barn aisle lined with hay defines a broad-chested paddock runner.,10,10,1.0,0.12280701754385964
248,slot_32__cat__r02__c081,cat,A long-whiskered home companion shows a sunny windowsill above indoor plants.,10,10,1.0,0.12280701754385964
249,slot_32__dog__r01__c001,dog,A floppy-eared home guardian has an open field suited to running and retrieval.,10,8,0.8,0.12280701754385964
250,slot_32__fox__r01__c002,fox,A bushy-tailed den visitor has a snowy field containing faint prey tracks.,10,4,0.4,0.12280701754385964
251,slot_32__bear__r01__c001,bear,A powerful berry gatherer shows a dense woodland trail marked by broad tracks.,10,8,0.8,0.12280701754385964
252,slot_32__wolf__r01__c002,wolf,A pale-muzzled pack sentinel shows an open tundra ridge beneath cold wind.,10,10,1.0,0.12280701754385964
253,slot_32__rabbit__r01__c002,rabbit,A garden edge beside low leafy cover identifies a round-eyed clover browser.,10,9,0.9,0.12280701754385964
254,slot_32__deer__r01__c003,deer,An autumn ridge beneath scattered oak trees identifies a long-legged clearing grazer.,10,7,0.7,0.12280701754385964
255,slot_32__horse__r04__c244,horse,A saddle companion reveals a training ring surrounded by low rails.,10,9,0.9,0.12280701754385964
256,slot_33__cat__r04__c242,cat,Slit-eyed indoor-hunter becomes recognizable through a sunny windowsill above indoor plants near a rocky meadow.,10,6,0.6,0.12280701754385964
257,slot_33__dog__r02__c081,dog,A neighborhood path beside a handled leash distinguishes tongue-out family-companion near low evening light.,10,10,1.0,0.12280701754385964
258,slot_33__fox__r01__c001,fox,Orange-chested hedgerow-stalker carries a woodland margin beside open grass across a calm farmyard.,10,9,0.9,0.12280701754385964
259,slot_33__bear__r01__c001,bear,"Against soft morning light, a mountain forest containing berry thickets defines bulky streamside-fisher.",10,8,0.8,0.12280701754385964
260,slot_33__wolf__r01__c001,wolf,A snowy conifer forest crossed by pack tracks distinguishes social mountain hunter near a quiet fence line.,10,7,0.7,0.12280701754385964
261,slot_33__rabbit__r04__c245,rabbit,Round-eyed meadow nibbler with tall ears carries a garden edge beside low leafy cover across an open grassy clearing.,10,8,0.8,0.12280701754385964
262,slot_33__deer__r01__c002,deer,"Within soft morning light, branch-antlered woodland traveler demonstrates a forest edge filled with tender browse.",10,10,1.0,0.12280701754385964
263,slot_33__horse__r01__c002,horse,Swift-maned open-field runner displays a quiet barn aisle lined with hay beside a quiet fence line.,10,8,0.8,0.12280701754385964
264,slot_34__cat__r05__c326,cat,"A sunny windowsill above indoor plants distinguishes whiskered house-prowler near a narrow riverside path, where the background preserves its outline.",10,9,0.9,0.12280701754385964
265,slot_34__dog__r03__c162,dog,"Against a shallow stream bank, a fenced backyard containing scattered toys defines panting ball-chaser; the pose shows balanced proportions.",10,6,0.6,0.12280701754385964
266,slot_34__fox__r04__c246,fox,"Against a pale winter field, a quiet meadow during early dawn defines amber-eyed meadow-prowler; the posture remains natural.",10,10,1.0,0.12280701754385964
267,slot_34__bear__r01__c003,bear,"Heavy-pawed backcountry-wanderer displays a mountain forest containing berry thickets beside a quiet fence line, while the viewpoint remains level.",10,7,0.7,0.12280701754385964
268,slot_34__wolf__r01__c003,wolf,"A clear view shows amber-eyed pack sentinel with a snowy conifer forest crossed by pack tracks, as ground contact stays clear.",10,10,1.0,0.12280701754385964
269,slot_34__rabbit__r01__c001,rabbit,"Soft-coated burrow dweller carries a garden edge beside low leafy cover across a patch of dense brush; meanwhile, the posture remains natural.",10,9,0.9,0.12280701754385964
270,slot_34__deer__r04__c245,deer,"Brown woodland browser with branching antlers becomes recognizable through a forest edge filled with tender browse, while the head and torso remain visible.",10,10,1.0,0.12280701754385964
271,slot_34__horse__r04__c245,horse,"Beside a calm farmyard, tall saddle-trained riding companion reveals a quiet barn aisle lined with hay; the moment appears unstaged.",10,6,0.6,0.12280701754385964
272,slot_35__cat__r01__c002,cat,"Beside a misty hillside, padded-paw windowsill-watcher reveals a dim hallway containing scattered household shadows; nearby tracks indicate scale.",10,6,0.6,0.12280701754385964
273,slot_35__dog__r01__c002,dog,"Broad-pawed gate-watcher carries an open field suited to running and retrieval across a patch of dense brush; meanwhile, the viewpoint remains level.",10,7,0.7,0.12280701754385964
274,slot_35__fox__r04__c241,fox,"Within a sunlit garden path, bushy-tailed den-visitor demonstrates a woodland margin beside open grass, where the moment appears unstaged.",10,3,0.3,0.12280701754385964
275,slot_35__bear__r02__c085,bear,"A cold river crowded by migrating fish distinguishes long-clawed wilderness-resident near a shallow stream bank, where nearby tracks indicate scale.",10,5,0.5,0.12280701754385964
276,slot_35__wolf__r02__c082,wolf,"Deep-chested roaming predator becomes recognizable through a snowy conifer forest crossed by pack tracks, while its full body stays visible.",10,9,0.9,0.12280701754385964
277,slot_35__rabbit__r02__c082,rabbit,"Beside a sunlit garden path, compact meadow forager reveals a grassy meadow dotted with hidden burrow openings; soft light preserves surface detail.",10,7,0.7,0.12280701754385964
278,slot_35__deer__r03__c163,deer,"An autumn ridge beneath scattered oak trees distinguishes long-legged herd grazer near a shaded woodland edge, where the posture remains natural.",10,9,0.9,0.12280701754385964
279,slot_35__horse__r02__c082,horse,"Against a calm farmyard, a fenced pasture beside a wooden stable defines saddle-trained trail companion; the background preserves its outline.",10,8,0.8,0.12280701754385964
280,slot_36__cat__r01__c001,cat,Gentle brushing while remaining loosely curled identifies a soft-pawed indoor hunter.,10,8,0.8,0.12280701754385964
281,slot_36__dog__r01__c001,dog,A broad-pawed walking partner reveals a walking partner by matching their pace.,10,7,0.7,0.12280701754385964
282,slot_36__fox__r01__c002,fox,An amber-eyed meadow prowler reveals a distant observer before retreating into brush.,10,10,1.0,0.12280701754385964
283,slot_36__bear__r01__c002,bear,A distant hiker before turning toward cover marks a thick-furred woodland giant.,10,9,0.9,0.12280701754385964
284,slot_36__wolf__r01__c001,wolf,Careful sniffing around an abandoned sled track defines a long-legged wilderness hunter.,10,7,0.7,0.12280701754385964
285,slot_36__rabbit__r01__c002,rabbit,Gentle sniffing of a hand holding leafy greens defines a short-tailed garden visitor.,10,6,0.6,0.12280701754385964
286,slot_36__deer__r03__c161,deer,Alert watching of a distant roadside vehicle defines a pale-rumped grazer.,10,3,0.3,0.12280701754385964
287,slot_36__horse__r01__c003,horse,An upright-eared pasture grazer has steady response to a rider's rein signal.,10,10,1.0,0.12280701754385964
288,slot_37__cat__r01__c001,cat,A whiskered lap companion has nearby footsteps before following between rooms.,10,8,0.8,0.12280701754385964
289,slot_37__dog__r01__c002,dog,A wagging yard guardian has a handler's gesture before sitting attentively.,10,10,1.0,0.12280701754385964
290,slot_37__fox__r05__c322,fox,A distant observer before retreating into brush marks a russet snowline hunter.,10,9,0.9,0.12280701754385964
291,slot_37__bear__r01__c001,bear,An empty trail after detecting approaching voices identifies a massive shaggy forager.,10,7,0.7,0.12280701754385964
292,slot_37__wolf__r07__c485,wolf,A wild gray pack hunter shows careful sniffing around an abandoned sled track.,10,9,0.9,0.12280701754385964
293,slot_37__rabbit__r08__c564,rabbit,A relaxed long-eared grazer displays curious inspection of a cardboard tunnel.,10,10,1.0,0.12280701754385964
294,slot_37__deer__r01__c002,deer,Careful approach toward a salt block marks a white-tailed meadow grazer.,10,2,0.2,0.12280701754385964
295,slot_37__horse__r01__c001,horse,Careful stepping into a waiting trailer defines a long-maned pasture runner.,10,10,1.0,0.12280701754385964
296,slot_38__cat__r01__c001,cat,"Beside soft morning light, purring room-explorer reveals an offered hand before rubbing its cheek.",10,10,1.0,0.12280701754385964
297,slot_38__dog__r02__c082,dog,A walking partner by matching their pace distinguishes broad-pawed gate-watcher near low evening light.,10,10,1.0,0.12280701754385964
298,slot_38__fox__r01__c002,fox,Sharp-eared field-stalker carries a roadside light with a brief cautious pause across a calm farmyard.,10,6,0.6,0.12280701754385964
299,slot_38__bear__r04__c244,bear,Long-clawed wilderness-resident carries an empty trail after detecting approaching voices across a rocky meadow.,10,6,0.6,0.12280701754385964
300,slot_38__wolf__r04__c242,wolf,"Within a quiet fence line, pale-muzzled forest pack hunter demonstrates cautious inspection of a distant trail camera.",10,5,0.5,0.12280701754385964
301,slot_38__rabbit__r05__c322,rabbit,"Beside a shallow stream bank, small hopping burrow forager reveals quick retreat beneath a low garden bench.",10,8,0.8,0.12280701754385964
302,slot_38__deer__r04__c243,deer,Brown woodland browser with branching antlers displays a sudden retreat from boots on the trail beside soft morning light.,10,10,1.0,0.12280701754385964
303,slot_38__horse__r01__c002,horse,A clear view shows powerful paddock runner with steady response to a rider's rein signal near a broad dirt trail.,10,9,0.9,0.12280701754385964
304,slot_39__cat__r01__c002,cat,"Within a broad dirt trail, striped hearthside-prowler demonstrates gentle brushing while remaining loosely curled, where the pose shows balanced proportions.",10,9,0.9,0.12280701754385964
305,slot_39__dog__r03__c162,dog,"A returning person with vigorous tail sweeps distinguishes tongue-out family-companion near a narrow riverside path, where the posture remains natural.",10,5,0.5,0.12280701754385964
306,slot_39__fox__r01__c002,fox,"A clear view shows bushy-tailed den-visitor with discarded food while remaining ready to flee, as the head and torso remain visible.",10,5,0.5,0.12280701754385964
307,slot_39__bear__r01__c002,bear,"Short-tailed mountain-roamer becomes recognizable through a roadside vehicle while remaining beyond the barrier, while the moment appears unstaged.",10,3,0.3,0.12280701754385964
308,slot_39__wolf__r04__c243,wolf,"Beside a narrow riverside path, wild gray pack predator reveals careful sniffing around an abandoned sled track; the setting supports the behavior.",10,10,1.0,0.12280701754385964
309,slot_39__rabbit__r02__c082,rabbit,"Within a patch of dense brush, short-tailed garden browser demonstrates soft pawing at the edge of a woven enclosure, where the viewpoint remains level.",10,4,0.4,0.12280701754385964
310,slot_39__deer__r03__c162,deer,"Beside a rocky meadow, branch-antlered woodland traveler reveals alert watching of a distant roadside vehicle; ground contact stays clear.",10,10,1.0,0.12280701754385964
311,slot_39__horse__r01__c002,horse,"Patient standing beside a grooming brush distinguishes muscular farmyard traveler near a shaded woodland edge, where the setting supports the behavior.",10,5,0.5,0.12280701754385964
312,slot_40__cat__r07__c483,cat,"Against a misty hillside, a familiar voice with an upright tail defines striped hearthside-prowler; its full body stays visible.",10,8,0.8,0.12280701754385964
313,slot_40__dog__r03__c162,dog,"Beside scattered autumn leaves, wet-nosed trail-helper reveals a handler's gesture before sitting attentively; ground contact stays clear.",10,2,0.2,0.12280701754385964
314,slot_40__fox__r01__c001,fox,"Within soft morning light, amber-eyed meadow-prowler demonstrates a roadside light with a brief cautious pause, where nearby tracks indicate scale.",10,9,0.9,0.12280701754385964
315,slot_40__bear__r01__c001,bear,"Long-clawed wilderness-resident displays a ranger's observation from across the river beside a quiet fence line, while the viewpoint remains level.",10,7,0.7,0.12280701754385964
316,slot_40__wolf__r04__c245,wolf,"Careful sniffing around an abandoned sled track distinguishes bushy-tailed mountain pack tracker near an open grassy clearing, where ground contact stays clear.",10,5,0.5,0.12280701754385964
317,slot_40__rabbit__r03__c163,rabbit,"Quiet resting beside a ceramic food dish distinguishes white-tailed garden visitor near a sunlit garden path, where the posture remains natural.",10,5,0.5,0.12280701754385964
318,slot_40__deer__r01__c001,deer,"Beside a broad dirt trail, branch-antlered woodland traveler reveals a sudden retreat from boots on the trail; its full body stays visible.",10,10,1.0,0.12280701754385964
319,slot_40__horse__r02__c082,horse,"Calm acceptance of a saddle and bridle distinguishes broad-chested stable resident near a shallow stream bank, where the pose shows balanced proportions.",10,8,0.8,0.12280701754385964
320,slot_41__cat__r01__c002,cat,Focused watching of birds beyond a closed window identifies a slit-eyed room hunter.,10,9,0.9,0.12280701754385964
321,slot_41__dog__r02__c082,dog,Careful sniffing during a new animal greeting defines a collared gate watcher.,10,9,0.9,0.12280701754385964
322,slot_41__fox__r03__c162,fox,Brief nose contact near a shared den identifies a russet snowline hunter.,10,10,1.0,0.12280701754385964
323,slot_41__bear__r01__c003,bear,Wide avoidance of another massive forest forager marks a long-clawed cave sleeper.,10,6,0.6,0.12280701754385964
324,slot_41__wolf__r07__c485,wolf,A forest pack sentinel carries nose-to-muzzle greeting within the family group.,10,8,0.8,0.12280701754385964
325,slot_41__rabbit__r01__c001,rabbit,Close huddling with smaller meadow companions is visible on a white-tailed garden browser.,10,9,0.9,0.12280701754385964
326,slot_41__deer__r02__c082,deer,A forest herd grazer reveals an antler display toward a competing male.,10,8,0.8,0.12280701754385964
327,slot_41__horse__r01__c001,horse,Close following behind the herd leader identifies a flowing-tailed field grazer.,10,4,0.4,0.12280701754385964
328,slot_42__cat__r06__c402,cat,A cautious nose greeting with a familiar room companion defines a purring house prowler.,10,8,0.8,0.12280701754385964
329,slot_42__dog__r01__c001,dog,A floppy-eared home guardian shows quiet resting against another household companion.,10,7,0.7,0.12280701754385964
330,slot_42__fox__r01__c001,fox,Defensive circling around younger den residents identifies a russet snowline hunter.,10,8,0.8,0.12280701754385964
331,slot_42__bear__r01__c003,bear,A bulky streamside fisher shows careful watching of grazing animals across the slope.,10,7,0.7,0.12280701754385964
332,slot_42__wolf__r04__c244,wolf,Protective positioning near younger pack members identifies a howling snow hunter.,10,9,0.9,0.12280701754385964
333,slot_42__rabbit__r01__c002,rabbit,A warning foot thump near feeding companions marks a round-eyed clover browser.,10,7,0.7,0.12280701754385964
334,slot_42__deer__r01__c002,deer,An alert brown woodland browser carries an antler display toward a competing male.,10,10,1.0,0.12280701754385964
335,slot_42__horse__r02__c082,horse,A farm runner shows ear-pinned warning toward a newcomer at feed.,10,7,0.7,0.12280701754385964
336,slot_43__cat__r01__c002,cat,"Beside soft morning light, curled-tail home-companion reveals silent stalking of a tiny moving insect.",10,4,0.4,0.12280701754385964
337,slot_43__dog__r01__c004,dog,Collar-wearing yard-guardian becomes recognizable through careful sniffing during a new animal greeting near a shaded woodland edge.,10,5,0.5,0.12280701754385964
338,slot_43__fox__r01__c002,fox,"Against a shallow stream bank, brief nose contact near a shared den defines amber-eyed meadow-prowler.",10,10,1.0,0.12280701754385964
339,slot_43__bear__r02__c083,bear,Round-eared timberland-giant displays patient waiting near fish moving through shallows beside soft morning light.,10,9,0.9,0.12280701754385964
340,slot_43__wolf__r07__c485,wolf,A tense boundary display toward a rival group distinguishes thick-coated howling sentinel near a shaded woodland edge.,10,6,0.6,0.12280701754385964
341,slot_43__rabbit__r01__c001,rabbit,A clear view shows short-tailed garden browser with nose touching with another long-eared grazer near a misty hillside.,10,9,0.9,0.12280701754385964
342,slot_43__deer__r02__c081,deer,"Against a patch of dense brush, an antler display toward a competing male defines branch-antlered woodland traveler.",10,10,1.0,0.12280701754385964
343,slot_43__horse__r01__c001,horse,"Beside a rocky meadow, upright-eared pasture grazer reveals parallel grazing beside several herd companions.",10,8,0.8,0.12280701754385964
344,slot_44__cat__r03__c162,cat,"Focused watching of birds beyond a closed window distinguishes retractable-clawed climber near a pale winter field, where the posture remains natural.",10,7,0.7,0.12280701754385964
345,slot_44__dog__r01__c004,dog,"Within a shallow stream bank, panting ball-chaser demonstrates coordinated running beside a familiar walking partner, where its full body stays visible.",10,7,0.7,0.12280701754385964
346,slot_44__fox__r04__c242,fox,"Beside a patch of dense brush, russet snowline-hunter reveals cautious distance from larger woodland predators; the moment appears unstaged.",10,6,0.6,0.12280701754385964
347,slot_44__bear__r04__c245,bear,"A clear view shows bulky streamside-fisher with wide avoidance of another massive forest forager, as the posture remains natural.",10,9,0.9,0.12280701754385964
348,slot_44__wolf__r03__c161,wolf,"Beside low evening light, amber-eyed pack sentinel reveals protective positioning near younger pack members; the head and torso remain visible.",10,9,0.9,0.12280701754385964
349,slot_44__rabbit__r07__c484,rabbit,"Against an open grassy clearing, close huddling with smaller meadow companions defines small long-eared burrow grazer; the pose shows balanced proportions.",10,10,1.0,0.12280701754385964
350,slot_44__deer__r01__c001,deer,"Within soft morning light, slender-legged forest grazer demonstrates an antler display toward a competing male, where nearby tracks indicate scale.",10,10,1.0,0.12280701754385964
351,slot_44__horse__r01__c001,horse,"Broad-chested stable resident displays mutual neck grooming with a familiar partner beside a quiet fence line, while the viewpoint remains level.",10,9,0.9,0.12280701754385964
352,slot_45__cat__r08__c570,cat,"During a clearly visible group moment, whiskered house-prowler becomes recognizable through silent stalking of a tiny moving insect, while ground contact stays clear.",10,8,0.8,0.12280701754385964
353,slot_45__dog__r01__c002,dog,"Quiet resting against another household companion distinguishes broad-pawed gate-watcher near a calm farmyard, where the setting supports the behavior.",10,7,0.7,0.12280701754385964
354,slot_45__fox__r04__c243,fox,"Within a sunlit garden path, amber-eyed meadow-prowler demonstrates defensive circling around younger den residents, where the background preserves its outline.",10,9,0.9,0.12280701754385964
355,slot_45__bear__r08__c580,bear,"During a clearly visible group moment, wide avoidance of another massive forest forager distinguishes massive shaggy-forager; meanwhile, the moment appears unstaged.",10,5,0.5,0.12280701754385964
356,slot_45__wolf__r04__c245,wolf,"Within a patch of dense brush, wild gray pack predator demonstrates protective positioning near younger pack members, where the setting supports the behavior.",10,9,0.9,0.12280701754385964
357,slot_45__rabbit__r01__c001,rabbit,"Beside an open grassy clearing, round-eyed grassland nibbler reveals parallel grazing beside several burrow residents; its full body stays visible.",10,9,0.9,0.12280701754385964
358,slot_45__deer__r01__c006,deer,"Within a misty hillside, branch-antlered woodland traveler demonstrates protective standing near a spotted youngster, where the pose shows balanced proportions.",10,10,1.0,0.12280701754385964
359,slot_45__horse__r04__c243,horse,"Long-maned stable grazer with powerful legs carries playful running beside a younger pasture companion across a shallow stream bank; meanwhile, nearby tracks indicate scale.",10,7,0.7,0.12280701754385964
360,slot_46__cat__r01__c001,cat,Soft chirping notes while watching distant birds marks a soft-pawed indoor hunter.,10,8,0.8,0.12280701754385964
361,slot_46__dog__r01__c003,dog,A tail-wagging family companion reveals a low rumble when unfamiliar movement approaches.,10,5,0.5,0.12280701754385964
362,slot_46__fox__r01__c002,fox,An amber-eyed meadow prowler carries a brief high call across evening woodland.,10,10,1.0,0.12280701754385964
363,slot_46__bear__r01__c002,bear,A deep warning rumble in dense woodland defines a thick-furred woodland giant.,10,9,0.9,0.12280701754385964
364,slot_46__wolf__r04__c242,wolf,Upright ears locating distant movement under snow is visible on a howling snow hunter.,10,9,0.9,0.12280701754385964
365,slot_46__rabbit__r03__c161,rabbit,A burrow resident has a sharp hind-foot thump warning the colony.,10,6,0.6,0.12280701754385964
366,slot_46__deer__r01__c001,deer,Careful scent testing of the moving air identifies a long-legged clearing grazer.,10,5,0.5,0.12280701754385964
367,slot_46__horse__r01__c002,horse,A clear neigh carrying beyond the stable identifies a swift-maned field traveler.,10,9,0.9,0.12280701754385964
368,slot_47__cat__r01__c001,cat,A whiskered lap companion shows a rising trill during a familiar greeting.,10,9,0.9,0.12280701754385964
369,slot_47__dog__r01__c001,dog,Quick breathy whines beside a closed door identifies a leash-wearing companion.,10,8,0.8,0.12280701754385964
370,slot_47__fox__r05__c324,fox,Short warning barks from dense cover marks an orange-chested hedge stalker.,10,9,0.9,0.12280701754385964
371,slot_47__bear__r02__c081,bear,A round-eared forest giant has a deep warning rumble in dense woodland.,10,5,0.5,0.12280701754385964
372,slot_47__wolf__r01__c001,wolf,A gray pack hunter carries a deep warning growl beneath raised neck fur.,10,9,0.9,0.12280701754385964
373,slot_47__rabbit__r01__c001,rabbit,Wide ears detecting movement beyond the hedge defines a long-eared meadow grazer.,10,7,0.7,0.12280701754385964
374,slot_47__deer__r01__c002,deer,Large ears turning toward a broken twig defines a white-tailed meadow grazer.,10,3,0.3,0.12280701754385964
375,slot_47__horse__r04__c241,horse,A stable grazer shows rhythmic hoofbeats approaching across firm ground.,10,8,0.8,0.12280701754385964
376,slot_48__cat__r01__c001,cat,"Against an open grassy clearing, a steady vibration during relaxed contact defines purring room-explorer.",10,9,0.9,0.12280701754385964
377,slot_48__dog__r01__c002,dog,"Against a broad dirt trail, a low rumble when unfamiliar movement approaches defines panting ball-chaser.",10,7,0.7,0.12280701754385964
378,slot_48__fox__r02__c083,fox,Slender nighttime-forager displays a brief high call across evening woodland beside a shallow stream bank.,10,2,0.2,0.12280701754385964
379,slot_48__bear__r01__c001,bear,Heavy-pawed backcountry-wanderer displays a deep warning rumble in dense woodland beside a patch of dense brush.,10,7,0.7,0.12280701754385964
380,slot_48__wolf__r01__c001,wolf,A clear view shows amber-eyed pack sentinel with a long resonant howl answered across the valley near a rocky meadow.,10,6,0.6,0.12280701754385964
381,slot_48__rabbit__r01__c003,rabbit,Quick-footed burrow resident displays wide ears detecting movement beyond the hedge beside a narrow riverside path.,10,10,1.0,0.12280701754385964
382,slot_48__deer__r04__c245,deer,Antlered split-hoofed woodland browser displays large ears turning toward a broken twig beside soft morning light.,10,10,1.0,0.12280701754385964
383,slot_48__horse__r04__c246,horse,Saddle-wearing flowing-tailed riding companion displays mobile ears following a distant handler's voice beside low evening light.,10,5,0.5,0.12280701754385964
384,slot_49__cat__r02__c081,cat,"Against a sunlit garden path, a sharp warning hiss with flattened ears defines striped hearthside-prowler; the background preserves its outline.",10,10,1.0,0.12280701754385964
385,slot_49__dog__r01__c002,dog,"Keen-nosed scent-follower becomes recognizable through a drawn-out lonely call across the yard, while the moment appears unstaged.",10,3,0.3,0.12280701754385964
386,slot_49__fox__r04__c241,fox,"Against a calm farmyard, short warning barks from dense cover defines amber-eyed meadow-prowler; the posture remains natural.",10,9,0.9,0.12280701754385964
387,slot_49__bear__r02__c082,bear,"Within a sunlit garden path, bulky streamside-fisher demonstrates soft bawling notes from a smaller youngster, where the viewpoint remains level.",10,1,0.1,0.12280701754385964
388,slot_49__wolf__r01__c003,wolf,"Social mountain hunter carries a long resonant howl answered across the valley across a shaded woodland edge; meanwhile, soft light preserves surface detail.",10,2,0.2,0.12280701754385964
389,slot_49__rabbit__r04__c245,rabbit,"Soft-coated long-eared burrow resident carries fine whiskers testing the narrow tunnel across an open grassy clearing; meanwhile, nearby tracks indicate scale.",10,9,0.9,0.12280701754385964
390,slot_49__deer__r03__c162,deer,"Against soft morning light, a sharp alarm snort followed by raised tails defines branch-antlered woodland traveler; its full body stays visible.",10,10,1.0,0.12280701754385964
391,slot_49__horse__r01__c003,horse,"Within low evening light, upright-eared pasture grazer demonstrates a clear neigh carrying beyond the stable, where the pose shows balanced proportions.",10,9,0.9,0.12280701754385964
392,slot_50__cat__r01__c001,cat,"Within a broad dirt trail, curled-tail home-companion demonstrates a sharp warning hiss with flattened ears, where nearby tracks indicate scale.",10,3,0.3,0.12280701754385964
393,slot_50__dog__r01__c002,dog,"Within a shallow stream bank, wagging household-companion demonstrates quick breathy whines beside a closed door, where its full body stays visible.",10,8,0.8,0.12280701754385964
394,slot_50__fox__r04__c245,fox,"Quiet yapping sounds during distant contact distinguishes slender nighttime-forager near a rocky meadow, where ground contact stays clear.",10,5,0.5,0.12280701754385964
395,slot_50__bear__r07__c486,bear,"Within a misty hillside, massive shaggy-forager demonstrates a loud roar across an open riverbank, where surrounding plants provide scale.",10,5,0.5,0.12280701754385964
396,slot_50__wolf__r04__c243,wolf,"Long-legged snow pack hunter becomes recognizable through a deep warning growl beneath raised neck fur, while the head and torso remain visible.",10,8,0.8,0.12280701754385964
397,slot_50__rabbit__r05__c326,rabbit,"Beside a rocky meadow, small hopping burrow forager reveals near-silent chewing beneath constantly turning ears; the pose shows balanced proportions.",10,8,0.8,0.12280701754385964
398,slot_50__deer__r01__c003,deer,"Beside a broad dirt trail, slender-legged forest grazer reveals large ears turning toward a broken twig; nearby tracks indicate scale.",10,9,0.9,0.12280701754385964
399,slot_50__horse__r04__c244,horse,"Muscular maned farmyard traveler carries soft breath moving through wide nostrils across a shallow stream bank; meanwhile, its full body stays visible.",10,5,0.5,0.12280701754385964
0,slot_01__cat__r01__c001,cat,A retractable-clawed mouser reveals a warm orange coat with white patches.,20,7,0.35,0.12280701754385964
1,slot_01__dog__r01__c002,dog,A panting ball retriever reveals a short golden coat with a pale chest.,20,14,0.7,0.12280701754385964
2,slot_01__fox__r02__c083,fox,Warm russet fur beneath a pale throat defines a russet snowline hunter.,20,13,0.65,0.12280701754385964
3,slot_01__bear__r04__c242,bear,Shaggy dark fur suited to cold woodland defines a towering honey seeker.,20,13,0.65,0.12280701754385964
4,slot_01__wolf__r01__c002,wolf,A layered gray coat with pale guard hairs defines a sharp-eared snow tracker.,20,17,0.85,0.12280701754385964
5,slot_01__rabbit__r12__c881,rabbit,A softly lit meadow grazer shows a warm chestnut coat blending into meadow soil.,20,8,0.4,0.12280701754385964
6,slot_01__deer__r07__c483,deer,An antlered browser shows a spotted chestnut coat blending with leaf litter.,20,18,0.9,0.12280701754385964
7,slot_01__horse__r01__c002,horse,A saddle-trained trail companion shows a glossy chestnut coat beneath a dark mane.,20,15,0.75,0.12280701754385964
8,slot_02__cat__r01__c002,cat,A long-whiskered home companion has a smooth black coat reflecting window light.,20,16,0.8,0.12280701754385964
9,slot_02__dog__r01__c001,dog,A floppy-eared home guardian shows white spotted hair across a sturdy back.,20,8,0.4,0.12280701754385964
10,slot_02__fox__r01__c005,fox,Dense copper hair blending into autumn leaves defines a slender twilight forager.,20,10,0.5,0.12280701754385964
11,slot_02__bear__r01__c002,bear,A heavy black coat covering broad shoulders identifies a towering honey seeker.,20,13,0.65,0.12280701754385964
12,slot_02__wolf__r01__c002,wolf,A pale-muzzled pack sentinel reveals dense silver-brown fur suited to winter.,20,18,0.9,0.12280701754385964
13,slot_02__rabbit__r12__c882,rabbit,A finely detailed garden nibbler shows smooth tan hair above a pale belly.,20,13,0.65,0.12280701754385964
14,slot_02__deer__r02__c081,deer,A branch-antlered visitor shows a smooth reddish-brown summer coat.,20,18,0.9,0.12280701754385964
15,slot_02__horse__r01__c002,horse,Smooth black hair with a white facial blaze defines a bridled stable companion.,20,16,0.8,0.12280701754385964
16,slot_03__cat__r05__c322,cat,"Within a misty hillside, purring room-explorer demonstrates a smooth black coat reflecting window light.",20,19,0.95,0.12280701754385964
17,slot_03__dog__r02__c082,dog,"Within a patch of dense brush, wagging household-companion demonstrates a shaggy gray coat around the shoulders.",20,4,0.2,0.12280701754385964
18,slot_03__fox__r02__c082,fox,Red-coated woodland-hunter displays warm russet fur beneath a pale throat beside a rocky meadow.,20,12,0.6,0.12280701754385964
19,slot_03__bear__r01__c002,bear,Thick cinnamon-colored hair across the torso distinguishes long-clawed wilderness-resident near a shaded woodland edge.,20,10,0.5,0.12280701754385964
20,slot_03__wolf__r04__c242,wolf,Broad-pawed northern pack tracker displays a layered gray coat with pale guard hairs beside scattered autumn leaves.,20,14,0.7,0.12280701754385964
21,slot_03__rabbit__r02__c082,rabbit,"Beside a sunlit garden path, long-eared meadow grazer reveals velvety gray fur around a bright white tail.",20,11,0.55,0.12280701754385964
22,slot_03__deer__r01__c003,deer,Antlered woodland browser displays dark brown hair along a lighter throat patch beside a shaded woodland edge.,20,20,1.0,0.12280701754385964
23,slot_03__horse__r01__c004,horse,Broad-chested stable resident displays smooth black hair with a white facial blaze beside a patch of dense brush.,20,8,0.4,0.12280701754385964
24,slot_04__cat__r02__c082,cat,"Beside a calm farmyard, purring room-explorer reveals dense velvet-like fur across the back; the viewpoint remains level.",20,10,0.5,0.12280701754385964
25,slot_04__dog__r01__c002,dog,"A clear view shows wet-nosed trail-helper with a shaggy gray coat around the shoulders, as ground contact stays clear.",20,7,0.35,0.12280701754385964
26,slot_04__fox__r01__c002,fox,"Narrow-muzzled dusk-prowler becomes recognizable through warm russet fur beneath a pale throat, while the setting supports the behavior.",20,9,0.45,0.12280701754385964
27,slot_04__bear__r01__c001,bear,"Round-eared timberland-giant carries a heavy black coat covering broad shoulders across a narrow riverside path; meanwhile, the viewpoint remains level.",20,9,0.45,0.12280701754385964
28,slot_04__wolf__r01__c001,wolf,"Against an open grassy clearing, dense silver-brown fur suited to winter defines long-legged forest tracker; ground contact stays clear.",20,3,0.15,0.12280701754385964
29,slot_04__rabbit__r04__c245,rabbit,"Beside a shaded woodland edge, small hopping burrow forager reveals smooth tan hair above a pale belly; the setting supports the behavior.",20,7,0.35,0.12280701754385964
30,slot_04__deer__r01__c001,deer,"Within a misty hillside, slender-legged forest grazer demonstrates coarse gray winter hair above a pale rump, where its full body stays visible.",20,10,0.5,0.12280701754385964
31,slot_04__horse__r03__c161,horse,"Warm bay coloring above dark lower legs distinguishes single-hoofed riding companion near a patch of dense brush, where soft light preserves surface detail.",20,14,0.7,0.12280701754385964
32,slot_05__cat__r01__c001,cat,"Short gray hair patterned by faint bands distinguishes retractable-clawed climber near a patch of dense brush, where the setting supports the behavior.",20,4,0.2,0.12280701754385964
33,slot_05__dog__r01__c002,dog,"White spotted hair across a sturdy back distinguishes broad-pawed gate-watcher near a pale winter field, where the background preserves its outline.",20,8,0.4,0.12280701754385964
34,slot_05__fox__r02__c083,fox,"A clear view shows bushy-tailed den-visitor with dense copper hair blending into autumn leaves, as the moment appears unstaged.",20,7,0.35,0.12280701754385964
35,slot_05__bear__r01__c001,bear,"A clear view shows thick-furred cave-sleeper with thick cinnamon-colored hair across the torso, as surrounding plants provide scale.",20,6,0.3,0.12280701754385964
36,slot_05__wolf__r02__c082,wolf,"Deep-chested roaming predator carries a layered gray coat with pale guard hairs across a rocky meadow; meanwhile, the head and torso remain visible.",20,6,0.3,0.12280701754385964
37,slot_05__rabbit__r04__c243,rabbit,"Long-eared grassland nibbler becomes recognizable through a warm chestnut coat blending into meadow soil, while ground contact stays clear.",20,14,0.7,0.12280701754385964
38,slot_05__deer__r04__c244,deer,"Antlered split-hoofed woodland browser becomes recognizable through coarse gray winter hair above a pale rump, while surrounding plants provide scale.",20,19,0.95,0.12280701754385964
39,slot_05__horse__r01__c002,horse,"Tall long-faced grazer carries a pale golden coat beside a flowing cream mane across a sunlit garden path; meanwhile, the viewpoint remains level.",20,10,0.5,0.12280701754385964
40,slot_06__cat__r01__c002,cat,A striped household mouser reveals pointed ears above bright slit-shaped eyes.,20,10,0.5,0.12280701754385964
41,slot_06__dog__r01__c002,dog,A wet dark nose beneath gently folded ears marks a playful backyard digger.,20,9,0.45,0.12280701754385964
42,slot_06__fox__r15__c1123,fox,A sharp-eared orange hunter shows white cheeks and a long narrow snout.,20,9,0.45,0.12280701754385964
43,slot_06__bear__r04__c242,bear,A round-eared forest giant has a wide pale muzzle beneath round listening ears.,20,7,0.35,0.12280701754385964
44,slot_06__wolf__r01__c002,wolf,A social mountain predator has upright triangular ears above an elongated muzzle.,20,1,0.05,0.12280701754385964
45,slot_06__rabbit__r01__c003,rabbit,A long-eared ground forager has broad listening ears framing a compact face.,20,11,0.55,0.12280701754385964
46,slot_06__deer__r01__c005,deer,Branching antlers rising over alert dark eyes defines a white-tailed meadow grazer.,20,15,0.75,0.12280701754385964
47,slot_06__horse__r01__c002,horse,A long face beneath mobile upright ears identifies a swift-maned field traveler.,20,4,0.2,0.12280701754385964
48,slot_07__cat__r01__c001,cat,A whiskered lap companion shows fine cheek whiskers below independently turning ears.,20,11,0.55,0.12280701754385964
49,slot_07__dog__r01__c001,dog,A long scenting muzzle beneath lifted ears identifies a leash-wearing companion.,20,11,0.55,0.12280701754385964
50,slot_07__fox__r01__c001,fox,A red-coated dusk hunter reveals fine whiskers surrounding a compact black nose.,20,7,0.35,0.12280701754385964
51,slot_07__bear__r05__c325,bear,A sensitive dark nose beyond a heavy face marks a thick-furred woodland giant.,20,13,0.65,0.12280701754385964
52,slot_07__wolf__r02__c082,wolf,A forest pack sentinel has a dark nose beyond a pale tapered muzzle.,20,11,0.55,0.12280701754385964
53,slot_07__rabbit__r05__c324,rabbit,A garden nibbler has soft cheeks below tall independently turning ears.,20,11,0.55,0.12280701754385964
54,slot_07__deer__r01__c004,deer,Large rotating ears above a long narrow face marks a large-eared woodland grazer.,20,4,0.2,0.12280701754385964
55,slot_07__horse__r01__c004,horse,A saddle-trained trail companion carries a long face beneath mobile upright ears.,20,10,0.5,0.12280701754385964
56,slot_08__cat__r01__c001,cat,"Against low evening light, pointed ears above bright slit-shaped eyes defines purring room-explorer.",20,9,0.45,0.12280701754385964
57,slot_08__dog__r01__c001,dog,A wet dark nose beneath gently folded ears distinguishes leash-following walking-partner near a calm farmyard.,20,13,0.65,0.12280701754385964
58,slot_08__fox__r11__c802,fox,"A red woodland hunter reveals pointed ears, white cheeks, black whiskers, and a narrow muzzle at close range.",20,8,0.4,0.12280701754385964
59,slot_08__bear__r04__c244,bear,A massive head narrowing toward a prominent nose distinguishes long-clawed wilderness-resident near a misty hillside.,20,10,0.5,0.12280701754385964
60,slot_08__wolf__r04__c245,wolf,Amber eyes set in a broad gray face distinguishes large gray howling pack hunter near an open grassy clearing.,20,13,0.65,0.12280701754385964
61,slot_08__rabbit__r02__c083,rabbit,"Beside a sunlit garden path, compact meadow forager reveals very long upright ears above round side-set eyes.",20,10,0.5,0.12280701754385964
62,slot_08__deer__r01__c002,deer,Spotted forest youngster becomes recognizable through a black nose at the end of a tapered muzzle near a quiet fence line.,20,4,0.2,0.12280701754385964
63,slot_08__horse__r01__c003,horse,Tall long-faced grazer becomes recognizable through a forelock falling between attentive eyes near a calm farmyard.,20,13,0.65,0.12280701754385964
64,slot_09__cat__r01__c002,cat,"A clear view shows striped hearthside-prowler with reflective eyes set in a compact whiskered face, as ground contact stays clear.",20,14,0.7,0.12280701754385964
65,slot_09__dog__r01__c004,dog,"Tongue-out family-companion displays round attentive eyes above a broad nose beside a sunlit garden path, while the posture remains natural.",20,9,0.45,0.12280701754385964
66,slot_09__fox__r01__c002,fox,"Beside a broad dirt trail, bushy-tailed den-visitor reveals white cheek markings beneath alert pointed ears; its full body stays visible.",20,6,0.3,0.12280701754385964
67,slot_09__bear__r08__c569,bear,"Beneath soft overcast light, round-eared timberland-giant becomes recognizable through a massive head narrowing toward a prominent nose, while ground contact stays clear.",20,10,0.5,0.12280701754385964
68,slot_09__wolf__r02__c081,wolf,"A clear view shows sharp-eared snow traveler with a dark nose beyond a pale tapered muzzle, as the setting supports the behavior.",20,14,0.7,0.12280701754385964
69,slot_09__rabbit__r02__c085,rabbit,"Very long upright ears above round side-set eyes distinguishes soft-coated burrow dweller near low evening light, where its full body stays visible.",20,13,0.65,0.12280701754385964
70,slot_09__deer__r01__c001,deer,"Split-hoofed trail visitor displays branching antlers rising over alert dark eyes beside a shaded woodland edge, while soft light preserves surface detail.",20,19,0.95,0.12280701754385964
71,slot_09__horse__r01__c001,horse,"A clear view shows saddle-trained trail companion with large dark eyes beside a broad soft muzzle, as surrounding plants provide scale.",20,8,0.4,0.12280701754385964
72,slot_10__cat__r01__c002,cat,"Fine cheek whiskers below independently turning ears distinguishes whiskered house-prowler near a patch of dense brush, where the background preserves its outline.",20,13,0.65,0.12280701754385964
73,slot_10__dog__r01__c002,dog,"Within a rocky meadow, wagging household-companion demonstrates a long scenting muzzle beneath lifted ears, where the pose shows balanced proportions.",20,4,0.2,0.12280701754385964
74,slot_10__fox__r01__c002,fox,"Red-coated woodland-hunter displays fine whiskers surrounding a compact black nose beside a shaded woodland edge, while the posture remains natural.",20,5,0.25,0.12280701754385964
75,slot_10__bear__r09__c649,bear,"While facing the open trail, powerful berry-gatherer becomes recognizable through a sensitive dark nose beyond a heavy face, while the background preserves its outline.",20,11,0.55,0.12280701754385964
76,slot_10__wolf__r04__c241,wolf,"Broad-pawed northern pack tracker carries upright triangular ears above an elongated muzzle across soft morning light; meanwhile, the pose shows balanced proportions.",20,10,0.5,0.12280701754385964
77,slot_10__rabbit__r02__c081,rabbit,"Within a quiet fence line, long-eared meadow grazer demonstrates large dark eyes and a split upper lip, where the posture remains natural.",20,13,0.65,0.12280701754385964
78,slot_10__deer__r01__c002,deer,"Antlered woodland browser carries a pale throat below a fine-boned woodland face across a calm farmyard; meanwhile, the viewpoint remains level.",20,19,0.95,0.12280701754385964
79,slot_10__horse__r01__c002,horse,"Against soft morning light, a forelock falling between attentive eyes defines long-maned pasture runner; ground contact stays clear.",20,9,0.45,0.12280701754385964
80,slot_11__cat__r01__c007,cat,A striped household mouser has quiet padded paws beneath flexible forelegs.,20,17,0.85,0.12280701754385964
81,slot_11__dog__r01__c002,dog,A panting ball retriever carries broad padded paws beneath sturdy running legs.,20,15,0.75,0.12280701754385964
82,slot_11__fox__r01__c001,fox,A narrow-muzzled night prowler has small black feet beneath narrow lower legs.,20,6,0.3,0.12280701754385964
83,slot_11__bear__r01__c004,bear,A powerful berry gatherer carries thick muscular legs supporting deliberate steps.,20,11,0.55,0.12280701754385964
84,slot_11__wolf__r04__c242,wolf,A bushy-tailed pack tracker shows dark padded feet supporting a steady trot.,20,8,0.4,0.12280701754385964
85,slot_11__rabbit__r01__c002,rabbit,A hind-legged field nibbler shows oversized hind feet behind small front paws.,20,2,0.1,0.12280701754385964
86,slot_11__deer__r01__c001,deer,A split-hoofed forest visitor reveals small cloven feet beneath lean brown limbs.,20,14,0.7,0.12280701754385964
87,slot_11__horse__r01__c002,horse,A saddle-trained trail companion reveals long lower legs ending in single hard hooves.,20,13,0.65,0.12280701754385964
88,slot_12__cat__r01__c005,cat,A long balancing tail behind springing hind legs defines an upright-tailed lap companion.,20,6,0.3,0.12280701754385964
89,slot_12__dog__r02__c082,dog,A broad-pawed walking partner carries straight forelegs supporting a ready stance.,20,11,0.55,0.12280701754385964
90,slot_12__fox__r02__c081,fox,A bushy-tailed den visitor has dark lower legs ending in light quick paws.,20,9,0.45,0.12280701754385964
91,slot_12__bear__r02__c082,bear,A bulky streamside fisher has heavy hind limbs behind a very short tail.,20,5,0.25,0.12280701754385964
92,slot_12__wolf__r04__c243,wolf,A wild gray pack hunter carries a low bushy tail behind powerful hindquarters.,20,15,0.75,0.12280701754385964
93,slot_12__rabbit__r04__c243,rabbit,Powerful folded rear legs beneath a round body defines a long-eared grazer.,20,11,0.55,0.12280701754385964
94,slot_12__deer__r02__c081,deer,A branch-antlered visitor reveals slender legs ending in dark split hooves.,20,19,0.95,0.12280701754385964
95,slot_12__horse__r01__c002,horse,A flowing tail behind powerful hindquarters is visible on a bridled stable companion.,20,19,0.95,0.12280701754385964
96,slot_13__cat__r02__c082,cat,Whiskered house-prowler displays small rounded feet placed in a narrow walking line beside low evening light.,20,10,0.5,0.12280701754385964
97,slot_13__dog__r01__c002,dog,Straight forelegs supporting a ready stance distinguishes tongue-out family-companion near a calm farmyard.,20,8,0.4,0.12280701754385964
98,slot_13__fox__r01__c002,fox,"Within soft morning light, amber-eyed meadow-prowler demonstrates slender springing limbs suited to sudden pounces.",20,14,0.7,0.12280701754385964
99,slot_13__bear__r01__c004,bear,Long curved claws extending beyond dark toe pads distinguishes round-eared timberland-giant near a shaded woodland edge.,20,12,0.6,0.12280701754385964
100,slot_13__wolf__r03__c161,wolf,Gray pack hunter displays large snow-spreading feet and straight forelegs beside a narrow riverside path.,20,15,0.75,0.12280701754385964
101,slot_13__rabbit__r05__c321,rabbit,"Within an open grassy clearing, twitch-nosed clover nibbler demonstrates long hind limbs prepared for sudden bounds.",20,12,0.6,0.12280701754385964
102,slot_13__deer__r01__c002,deer,"Beside a broad dirt trail, branch-antlered woodland traveler reveals long delicate forelegs built for quiet stepping.",20,19,0.95,0.12280701754385964
103,slot_13__horse__r01__c002,horse,Swift-maned open-field runner carries muscular legs with dark hair above each hoof across a narrow riverside path.,20,14,0.7,0.12280701754385964
104,slot_14__cat__r01__c001,cat,"Beside a misty hillside, pointed-eared lap-companion reveals curved retractable claws hidden above soft toe pads; nearby tracks indicate scale.",20,5,0.25,0.12280701754385964
105,slot_14__dog__r01__c001,dog,"Collar-wearing yard-guardian carries a wagging tail extending from strong hindquarters across a patch of dense brush; meanwhile, the viewpoint remains level.",20,9,0.45,0.12280701754385964
106,slot_14__fox__r01__c002,fox,"Narrow-muzzled dusk-prowler carries small black feet beneath narrow lower legs across a pale winter field; meanwhile, soft light preserves surface detail.",20,13,0.65,0.12280701754385964
107,slot_14__bear__r04__c241,bear,"Within a shaded woodland edge, thick-furred cave-sleeper demonstrates thick muscular legs supporting deliberate steps, where the setting supports the behavior.",20,6,0.3,0.12280701754385964
108,slot_14__wolf__r04__c245,wolf,"Thick-coated howling sentinel carries large snow-spreading feet and straight forelegs across soft morning light; meanwhile, its full body stays visible.",20,11,0.55,0.12280701754385964
109,slot_14__rabbit__r01__c001,rabbit,"Soft-coated burrow dweller displays powerful folded rear legs beneath a round body beside a sunlit garden path, while soft light preserves surface detail.",20,12,0.6,0.12280701754385964
110,slot_14__deer__r01__c001,deer,"A clear view shows slender-legged forest grazer with a raised white tail above springing hind legs, as surrounding plants provide scale.",20,12,0.6,0.12280701754385964
111,slot_14__horse__r01__c003,horse,"Single-hoofed riding companion displays long lower legs ending in single hard hooves beside a patch of dense brush, while the viewpoint remains level.",20,13,0.65,0.12280701754385964
112,slot_15__cat__r03__c162,cat,"Against scattered autumn leaves, curved retractable claws hidden above soft toe pads defines striped hearthside-prowler; the pose shows balanced proportions.",20,11,0.55,0.12280701754385964
113,slot_15__dog__r01__c003,dog,"Within a rocky meadow, floppy-eared home-guardian demonstrates a wagging tail extending from strong hindquarters, where nearby tracks indicate scale.",20,7,0.35,0.12280701754385964
114,slot_15__fox__r01__c001,fox,"Sharp-eared field-stalker becomes recognizable through slender springing limbs suited to sudden pounces, while the background preserves its outline.",20,1,0.05,0.12280701754385964
115,slot_15__bear__r02__c081,bear,"Massive front feet planted across rough ground distinguishes powerful berry-gatherer near a shallow stream bank, where the pose shows balanced proportions.",20,9,0.45,0.12280701754385964
116,slot_15__wolf__r04__c246,wolf,"Broad-pawed northern pack tracker displays broad paws beneath long endurance-built legs beside a broad dirt trail, while nearby tracks indicate scale.",20,8,0.4,0.12280701754385964
117,slot_15__rabbit__r04__c243,rabbit,"Long-eared grassland nibbler carries long hind limbs prepared for sudden bounds across low evening light; meanwhile, its full body stays visible.",20,14,0.7,0.12280701754385964
118,slot_15__deer__r01__c003,deer,"Split-hoofed trail visitor carries a raised white tail above springing hind legs across a calm farmyard; meanwhile, soft light preserves surface detail.",20,5,0.25,0.12280701754385964
119,slot_15__horse__r01__c002,horse,"A sweeping tail balancing four narrow hooves distinguishes tall long-faced grazer near a weathered wooden gate, where the setting supports the behavior.",20,11,0.55,0.12280701754385964
120,slot_16__cat__r01__c002,cat,A striped household mouser carries a compact low torso with a flexible spine.,20,20,1.0,0.12280701754385964
121,slot_16__dog__r01__c003,dog,A tail-wagging family companion carries strong shoulders above an athletic household silhouette.,20,11,0.55,0.12280701754385964
122,slot_16__fox__r04__c246,fox,A light elongated frame beneath a full tail marks a russet snowline hunter.,20,16,0.8,0.12280701754385964
123,slot_16__bear__r01__c003,bear,A broad-pawed wilderness forager has a towering woodland silhouette built for strength.,20,12,0.6,0.12280701754385964
124,slot_16__wolf__r05__c321,wolf,Powerful shoulders narrowing toward the flanks defines a howling snow hunter.,20,16,0.8,0.12280701754385964
125,slot_16__rabbit__r02__c082,rabbit,A burrow resident carries a lightweight frame with prominent folded haunches.,20,12,0.6,0.12280701754385964
126,slot_16__deer__r01__c004,deer,An antlered woodland browser shows an athletic herd grazer with a deep chest.,20,19,0.95,0.12280701754385964
127,slot_16__horse__r01__c001,horse,A muscular farmyard runner carries a powerful hindquarter line beneath the saddle area.,20,17,0.85,0.12280701754385964
128,slot_17__cat__r01__c002,cat,A lightweight household frame and narrow shoulders identifies a purring house prowler.,20,15,0.75,0.12280701754385964
129,slot_17__dog__r01__c004,dog,A panting ball retriever shows a sturdy medium frame with a broad chest.,20,18,0.9,0.12280701754385964
130,slot_17__fox__r15__c1121,fox,A slender red hunter carries a huge bushy tail with a bright white tip.,20,9,0.45,0.12280701754385964
131,slot_17__bear__r02__c081,bear,A round-eared forest giant shows a massive torso rising over powerful shoulders.,20,11,0.55,0.12280701754385964
132,slot_17__wolf__r09__c643,wolf,A sturdy wild gray pack hunter shows a tall athletic silhouette heavier than a yard companion.,20,16,0.8,0.12280701754385964
133,slot_17__rabbit__r07__c482,rabbit,A garden nibbler shows a small pear-shaped silhouette and short neck.,20,10,0.5,0.12280701754385964
134,slot_17__deer__r04__c241,deer,A lean woodland frame with a short tail identifies a split-hoofed grazer.,20,10,0.5,0.12280701754385964
135,slot_17__horse__r05__c326,horse,A long-faced grazer shows a powerful hindquarter line beneath the saddle area.,20,16,0.8,0.12280701754385964
136,slot_18__cat__r03__c163,cat,"Beside low evening light, striped hearthside-prowler reveals a lightweight household frame and narrow shoulders.",20,12,0.6,0.12280701754385964
137,slot_18__dog__r01__c001,dog,Leash-following walking-partner displays a sturdy medium frame with a broad chest beside a narrow riverside path.,20,18,0.9,0.12280701754385964
138,slot_18__fox__r04__c243,fox,Orange-chested hedgerow-stalker displays a small woodland silhouette built for quick turns beside soft morning light.,20,12,0.6,0.12280701754385964
139,slot_18__bear__r02__c083,bear,"Beside a quiet fence line, towering honey-seeker reveals a massive torso rising over powerful shoulders.",20,14,0.7,0.12280701754385964
140,slot_18__wolf__r04__c243,wolf,Thick-coated howling sentinel becomes recognizable through powerful shoulders narrowing toward the flanks near a shallow stream bank.,20,7,0.35,0.12280701754385964
141,slot_18__rabbit__r01__c001,rabbit,White-tailed garden visitor carries a compact rounded body held close to the ground across a patch of dense brush.,20,13,0.65,0.12280701754385964
142,slot_18__deer__r01__c001,deer,"Against a rocky meadow, a tall narrow torso on unusually slender legs defines large-eared woodland browser.",20,8,0.4,0.12280701754385964
143,slot_18__horse__r01__c002,horse,"Against a misty hillside, a high-shouldered silhouette above slender lower legs defines powerful paddock runner.",20,14,0.7,0.12280701754385964
144,slot_19__cat__r01__c002,cat,"Beside a misty hillside, striped hearthside-prowler reveals a rounded chest tapering toward agile hindquarters; its full body stays visible.",20,13,0.65,0.12280701754385964
145,slot_19__dog__r01__c001,dog,"Against scattered autumn leaves, a balanced torso built for running beside people defines floppy-eared home-guardian; ground contact stays clear.",20,6,0.3,0.12280701754385964
146,slot_19__fox__r02__c081,fox,"A clear view shows bushy-tailed den-visitor with a small woodland silhouette built for quick turns, as the setting supports the behavior.",20,8,0.4,0.12280701754385964
147,slot_19__bear__r03__c162,bear,"Long-clawed wilderness-resident carries a massive torso rising over powerful shoulders across a shaded woodland edge; meanwhile, the background preserves its outline.",20,13,0.65,0.12280701754385964
148,slot_19__wolf__r04__c243,wolf,"Within a patch of dense brush, wild gray pack predator demonstrates a rangy body built for sustained travel, where the moment appears unstaged.",20,14,0.7,0.12280701754385964
149,slot_19__rabbit__r01__c003,rabbit,"Within a rocky meadow, short-tailed garden browser demonstrates a compact rounded body held close to the ground, where nearby tracks indicate scale.",20,9,0.45,0.12280701754385964
150,slot_19__deer__r01__c002,deer,"A clear view shows alert brown forest browser with a long-necked body balanced above fine limbs, as the head and torso remain visible.",20,11,0.55,0.12280701754385964
151,slot_19__horse__r01__c003,horse,"A clear view shows upright-eared pasture grazer with a tall deep-chested body with a long neck, as ground contact stays clear.",20,10,0.5,0.12280701754385964
152,slot_20__cat__r01__c002,cat,"Whiskered house-prowler displays a neatly proportioned body suited to tight indoor spaces beside a calm farmyard, while the posture remains natural.",20,13,0.65,0.12280701754385964
153,slot_20__dog__r01__c002,dog,"A clear view shows wagging household-companion with a solid companion-sized body carried on four even legs, as the head and torso remain visible.",20,9,0.45,0.12280701754385964
154,slot_20__fox__r07__c484,fox,"Orange-chested hedgerow-stalker becomes recognizable through a graceful ground-hugging body with delicate proportions, while soft light preserves surface detail.",20,10,0.5,0.12280701754385964
155,slot_20__bear__r02__c082,bear,"A massive torso rising over powerful shoulders distinguishes round-eared timberland-giant near a shallow stream bank, where nearby tracks indicate scale.",20,13,0.65,0.12280701754385964
156,slot_20__wolf__r04__c245,wolf,"Bushy-tailed mountain pack tracker becomes recognizable through a rangy body built for sustained travel, while the head and torso remain visible.",20,8,0.4,0.12280701754385964
157,slot_20__rabbit__r04__c248,rabbit,"Long-eared grassland nibbler displays a low oval profile ending in a tiny tail beside a shallow stream bank, while the pose shows balanced proportions.",20,13,0.65,0.12280701754385964
158,slot_20__deer__r01__c001,deer,"Within a misty hillside, branch-antlered woodland traveler demonstrates a lean woodland frame with a short tail, where nearby tracks indicate scale.",20,18,0.9,0.12280701754385964
159,slot_20__horse__r01__c004,horse,"Against soft morning light, a powerful hindquarter line beneath the saddle area defines flowing-tailed field grazer; the head and torso remain visible.",20,14,0.7,0.12280701754385964
160,slot_21__cat__r01__c001,cat,A retractable-clawed mouser has the floor before springing onto furniture.,20,16,0.8,0.12280701754385964
161,slot_21__dog__r02__c082,dog,A footpath while pulling lightly against a leash identifies a collared gate watcher.,20,18,0.9,0.12280701754385964
162,slot_21__fox__r01__c003,fox,A sharp-eared field stalker has woodland cover using a low cautious trot.,20,3,0.15,0.12280701754385964
163,slot_21__bear__r02__c081,bear,A heavy-pawed mountain roamer carries a fallen trunk through surprising climbing strength.,20,11,0.55,0.12280701754385964
164,slot_21__wolf__r05__c321,wolf,A bushy-tailed pack tracker has silent stepping between closely spaced pines.,20,13,0.65,0.12280701754385964
165,slot_21__rabbit__r04__c244,rabbit,Small cautious hops followed by complete stillness identifies a velvet-eared browser.,20,4,0.2,0.12280701754385964
166,slot_21__deer__r01__c002,deer,High bounding leaps across fallen woodland branches marks a large-eared woodland grazer.,20,13,0.65,0.12280701754385964
167,slot_21__horse__r01__c001,horse,A collected trot around the training ring defines a flowing-tailed field grazer.,20,16,0.8,0.12280701754385964
168,slot_22__cat__r01__c002,cat,A long-whiskered home companion reveals the room with a low stalking posture.,20,16,0.8,0.12280701754385964
169,slot_22__dog__r01__c002,dog,A footpath while pulling lightly against a leash marks a keen-nosed scent tracker.,20,15,0.75,0.12280701754385964
170,slot_22__fox__r02__c081,fox,A bushy-tailed den visitor shows snow before diving headfirst toward hidden movement.,20,11,0.55,0.12280701754385964
171,slot_22__bear__r01__c002,bear,A steep slope despite its bulky frame defines a towering honey seeker.,20,14,0.7,0.12280701754385964
172,slot_22__wolf__r04__c244,wolf,A rapid pursuit over broken mountain ground defines a howling snow hunter.,20,14,0.7,0.12280701754385964
173,slot_22__rabbit__r05__c322,rabbit,Rapid bounding toward a nearby burrow entrance marks a long-eared grazer.,20,15,0.75,0.12280701754385964
174,slot_22__deer__r02__c081,deer,A branch-antlered visitor carries high bounding leaps across fallen woodland branches.,20,19,0.95,0.12280701754385964
175,slot_22__horse__r01__c002,horse,An extended gallop across open pasture identifies a bridled stable companion.,20,17,0.85,0.12280701754385964
176,slot_23__cat__r04__c244,cat,A windowsill while its tail corrects balance distinguishes retractable-clawed climber near low evening light.,20,10,0.5,0.12280701754385964
177,slot_23__dog__r01__c002,dog,Tongue-out family-companion displays open grass before turning sharply after a ball beside a narrow riverside path.,20,12,0.6,0.12280701754385964
178,slot_23__fox__r04__c245,fox,"Within a sunlit garden path, russet snowline-hunter demonstrates a meadow through quick elastic bounds.",20,14,0.7,0.12280701754385964
179,slot_23__bear__r05__c326,bear,Short-tailed mountain-roamer becomes recognizable through a fallen trunk through surprising climbing strength near a shaded woodland edge.,20,4,0.2,0.12280701754385964
180,slot_23__wolf__r06__c402,wolf,Long-legged snow pack hunter becomes recognizable through silent stepping between closely spaced pines near a misty hillside.,20,12,0.6,0.12280701754385964
181,slot_23__rabbit__r01__c002,rabbit,Twitch-nosed ground dweller carries small cautious hops followed by complete stillness across a patch of dense brush.,20,8,0.4,0.12280701754385964
182,slot_23__deer__r01__c002,deer,"Against a rocky meadow, a sudden white-tail retreat into dense cover defines branch-antlered woodland traveler.",20,20,1.0,0.12280701754385964
183,slot_23__horse__r04__c244,horse,"Against a narrow riverside path, a flowing canter with mane and tail lifted defines long-faced bridled trail companion.",20,19,0.95,0.12280701754385964
184,slot_24__cat__r01__c005,cat,"A clear view shows padded-paw windowsill-watcher with a windowsill while its tail corrects balance, as ground contact stays clear.",20,15,0.75,0.12280701754385964
185,slot_24__dog__r01__c003,dog,"Leash-following walking-partner carries the yard in an eager bounding gait across a patch of dense brush; meanwhile, the posture remains natural.",20,13,0.65,0.12280701754385964
186,slot_24__fox__r06__c404,fox,"Beside a pale winter field, amber-eyed meadow-prowler reveals woodland cover using a low cautious trot; the viewpoint remains level.",20,13,0.65,0.12280701754385964
187,slot_24__bear__r01__c001,bear,"Round-eared timberland-giant displays a steep slope despite its bulky frame beside a quiet fence line, while soft light preserves surface detail.",20,8,0.4,0.12280701754385964
188,slot_24__wolf__r04__c244,wolf,"Within a patch of dense brush, pale-muzzled forest pack hunter demonstrates an efficient ground-covering trot through snow, where the setting supports the behavior.",20,16,0.8,0.12280701754385964
189,slot_24__rabbit__r01__c001,rabbit,"Soft-coated burrow dweller becomes recognizable through a sudden zigzag escape across short grass, while the background preserves its outline.",20,16,0.8,0.12280701754385964
190,slot_24__deer__r01__c004,deer,"Spotted forest youngster displays a sudden white-tail retreat into dense cover beside a shaded woodland edge, while soft light preserves surface detail.",20,11,0.55,0.12280701754385964
191,slot_24__horse__r01__c001,horse,"Broad-chested stable resident carries an extended gallop across open pasture across a narrow riverside path; meanwhile, the posture remains natural.",20,16,0.8,0.12280701754385964
192,slot_25__cat__r03__c162,cat,"Within a shallow stream bank, striped hearthside-prowler demonstrates the room with a low stalking posture, where the head and torso remain visible.",20,12,0.6,0.12280701754385964
193,slot_25__dog__r01__c003,dog,"A clear view shows floppy-eared home-guardian with a footpath while pulling lightly against a leash, as ground contact stays clear.",20,15,0.75,0.12280701754385964
194,slot_25__fox__r05__c325,fox,"Narrow-muzzled dusk-prowler carries the field with its full tail held level across a shaded woodland edge; meanwhile, the posture remains natural.",20,11,0.55,0.12280701754385964
195,slot_25__bear__r01__c002,bear,"Powerful berry-gatherer carries a fallen trunk through surprising climbing strength across a narrow riverside path; meanwhile, the viewpoint remains level.",20,11,0.55,0.12280701754385964
196,slot_25__wolf__r05__c323,wolf,"Large gray howling pack hunter displays an efficient ground-covering trot through snow beside a weathered wooden gate, while soft light preserves surface detail.",20,16,0.8,0.12280701754385964
197,slot_25__rabbit__r01__c001,rabbit,"Within a rocky meadow, round-eyed grassland nibbler demonstrates small cautious hops followed by complete stillness, where nearby tracks indicate scale.",20,10,0.5,0.12280701754385964
198,slot_25__deer__r03__c161,deer,"Swift running across an open clearing distinguishes split-hoofed trail visitor near a shaded woodland edge, where the viewpoint remains level.",20,9,0.45,0.12280701754385964
199,slot_25__horse__r01__c002,horse,"Tall long-faced grazer displays a flowing canter with mane and tail lifted beside a patch of dense brush, while soft light preserves surface detail.",20,14,0.7,0.12280701754385964
200,slot_26__cat__r02__c082,cat,Moving string with focused paw taps identifies an upright-tailed lap companion.,20,10,0.5,0.12280701754385964
201,slot_26__dog__r01__c001,dog,A broad-pawed walking partner shows the floor beside a familiar person's chair.,20,14,0.7,0.12280701754385964
202,slot_26__fox__r01__c002,fox,An amber-eyed meadow prowler shows faint ground sounds with tilted ears.,20,11,0.55,0.12280701754385964
203,slot_26__bear__r01__c001,bear,A bulky streamside fisher reveals river shallows during a patient fishing period.,20,14,0.7,0.12280701754385964
204,slot_26__wolf__r03__c162,wolf,A gray pack hunter shows food sharing among an organized family group.,20,16,0.8,0.12280701754385964
205,slot_26__rabbit__r01__c001,rabbit,A soft-coated meadow nibbler carries chewing leafy stems while remaining near cover.,20,16,0.8,0.12280701754385964
206,slot_26__deer__r02__c081,deer,A long-legged browser shows quiet feeding before dawn near dense cover.,20,8,0.4,0.12280701754385964
207,slot_26__horse__r01__c001,horse,A muscular farmyard runner has resting upright near familiar herd companions.,20,14,0.7,0.12280701754385964
208,slot_27__cat__r01__c002,cat,Moving string with focused paw taps marks a purring house prowler.,20,19,0.95,0.12280701754385964
209,slot_27__dog__r01__c001,dog,New surroundings through persistent sniffing defines a leash-wearing companion.,20,16,0.8,0.12280701754385964
210,slot_27__fox__r05__c322,fox,Faint ground sounds with tilted ears identifies a russet snowline hunter.,20,12,0.6,0.12280701754385964
211,slot_27__bear__r02__c082,bear,Loose logs while searching for insects identifies a broad-muzzled river hunter.,20,7,0.35,0.12280701754385964
212,slot_27__wolf__r04__c244,wolf,A bushy-tailed pack tracker has patient tracking across old snow prints.,20,17,0.85,0.12280701754385964
213,slot_27__rabbit__r01__c003,rabbit,Chewing leafy stems while remaining near cover is visible on a white-tailed garden browser.,20,11,0.55,0.12280701754385964
214,slot_27__deer__r04__c242,deer,A forest herd grazer reveals quiet feeding before dawn near dense cover.,20,10,0.5,0.12280701754385964
215,slot_27__horse__r01__c002,horse,A single-hoofed riding companion reveals slow chewing beside a pasture water trough.,20,18,0.9,0.12280701754385964
216,slot_28__cat__r01__c001,cat,A clear view shows purring room-explorer with a warm patch before curling tightly near a rocky meadow.,20,10,0.5,0.12280701754385964
217,slot_28__dog__r01__c001,dog,Leash-following walking-partner becomes recognizable through a buried object with repeated digging near a shaded woodland edge.,20,12,0.6,0.12280701754385964
218,slot_28__fox__r04__c247,fox,Faint ground sounds with tilted ears distinguishes narrow-muzzled dusk-prowler near a rocky meadow.,20,13,0.65,0.12280701754385964
219,slot_28__bear__r01__c001,bear,Heavy-pawed backcountry-wanderer carries berry bushes during long seasonal feeding across a sunlit garden path.,20,10,0.5,0.12280701754385964
220,slot_28__wolf__r04__c245,wolf,Large gray howling pack hunter becomes recognizable through careful scent inspection along a territorial boundary near a shallow stream bank.,20,16,0.8,0.12280701754385964
221,slot_28__rabbit__r01__c001,rabbit,Steady nibbling of clover beside the burrow distinguishes white-tailed garden visitor near a calm farmyard.,20,17,0.85,0.12280701754385964
222,slot_28__deer__r04__c243,deer,Stripping soft bark during a sparse winter distinguishes brown woodland browser with branching antlers near a rocky meadow.,20,16,0.8,0.12280701754385964
223,slot_28__horse__r01__c001,horse,Single-hoofed riding companion displays steady grazing with lips clipping short grass beside a quiet fence line.,20,17,0.85,0.12280701754385964
224,slot_29__cat__r02__c083,cat,"Within a shaded woodland edge, curled-tail home-companion demonstrates moving string with focused paw taps, where the posture remains natural.",20,4,0.2,0.12280701754385964
225,slot_29__dog__r04__c241,dog,"Tongue-out family-companion displays new surroundings through persistent sniffing beside a shallow stream bank, while its full body stays visible.",20,11,0.55,0.12280701754385964
226,slot_29__fox__r01__c002,fox,"Within soft morning light, bushy-tailed den-visitor demonstrates open ground during quiet twilight patrols, where the pose shows balanced proportions.",20,12,0.6,0.12280701754385964
227,slot_29__bear__r01__c004,bear,"Loose logs while searching for insects distinguishes long-clawed wilderness-resident near a shaded woodland edge, where the setting supports the behavior.",20,7,0.35,0.12280701754385964
228,slot_29__wolf__r06__c404,wolf,"Food sharing among an organized family group distinguishes long-legged snow pack hunter near scattered autumn leaves, where its full body stays visible.",20,7,0.35,0.12280701754385964
229,slot_29__rabbit__r01__c003,rabbit,"A clear view shows short-tailed garden browser with steady nibbling of clover beside the burrow, as ground contact stays clear.",20,16,0.8,0.12280701754385964
230,slot_29__deer__r01__c004,deer,"A clear view shows branch-antlered woodland traveler with stripping soft bark during a sparse winter, as surrounding plants provide scale.",20,19,0.95,0.12280701754385964
231,slot_29__horse__r01__c001,horse,"Against a misty hillside, slow chewing beside a pasture water trough defines saddle-trained trail companion; the head and torso remain visible.",20,16,0.8,0.12280701754385964
232,slot_30__cat__r01__c002,cat,"Whiskered house-prowler becomes recognizable through its face and forelegs with careful grooming strokes, while the moment appears unstaged.",20,15,0.75,0.12280701754385964
233,slot_30__dog__r05__c323,dog,"A buried object with repeated digging distinguishes broad-pawed gate-watcher near a weathered wooden gate, where the setting supports the behavior.",20,14,0.7,0.12280701754385964
234,slot_30__fox__r01__c002,fox,"Red-coated woodland-hunter carries spare food beneath loose leaves and soil across a pale winter field; meanwhile, the viewpoint remains level.",20,6,0.3,0.12280701754385964
235,slot_30__bear__r02__c081,bear,"A clear view shows massive shaggy-forager with river shallows during a patient fishing period, as the moment appears unstaged.",20,13,0.65,0.12280701754385964
236,slot_30__wolf__r08__c565,wolf,"Between brief watchful pauses, large gray howling pack hunter displays food sharing among an organized family group near soft morning light, while nearby tracks indicate scale.",20,14,0.7,0.12280701754385964
237,slot_30__rabbit__r03__c161,rabbit,"A shallow scrape exposing roots and fresh shoots distinguishes soft-coated burrow dweller near a sunlit garden path, where the viewpoint remains level.",20,13,0.65,0.12280701754385964
238,slot_30__deer__r02__c082,deer,"Beside a shaded woodland edge, slender-legged forest grazer reveals browsing tender leaves from low branches; soft light preserves surface detail.",20,11,0.55,0.12280701754385964
239,slot_30__horse__r01__c001,horse,"Swift-maned open-field runner becomes recognizable through searching hay with a flexible upper lip, while the setting supports the behavior.",20,16,0.8,0.12280701754385964
240,slot_31__cat__r01__c001,cat,A retractable-clawed mouser shows a garden wall overlooking moving leaves.,20,9,0.45,0.12280701754385964
241,slot_31__dog__r02__c082,dog,A neighborhood path beside a handled leash marks a collared gate watcher.,20,18,0.9,0.12280701754385964
242,slot_31__fox__r04__c243,fox,A woodland margin beside open grass identifies an orange-chested hedge stalker.,20,13,0.65,0.12280701754385964
243,slot_31__bear__r01__c002,bear,A heavy-pawed mountain roamer reveals a mountain forest containing berry thickets.,20,14,0.7,0.12280701754385964
244,slot_31__wolf__r01__c002,wolf,A snowy conifer forest crossed by pack tracks marks a sharp-eared snow tracker.,20,15,0.75,0.12280701754385964
245,slot_31__rabbit__r05__c321,rabbit,A sandy bank containing several narrow tunnels identifies a clover grazer.,20,13,0.65,0.12280701754385964
246,slot_31__deer__r01__c003,deer,A branch-antlered forest browser carries a forest edge filled with tender browse.,20,20,1.0,0.12280701754385964
247,slot_31__horse__r01__c003,horse,A quiet barn aisle lined with hay defines a broad-chested paddock runner.,20,18,0.9,0.12280701754385964
248,slot_32__cat__r02__c081,cat,A long-whiskered home companion shows a sunny windowsill above indoor plants.,20,20,1.0,0.12280701754385964
249,slot_32__dog__r01__c001,dog,A floppy-eared home guardian has an open field suited to running and retrieval.,20,13,0.65,0.12280701754385964
250,slot_32__fox__r01__c002,fox,A bushy-tailed den visitor has a snowy field containing faint prey tracks.,20,7,0.35,0.12280701754385964
251,slot_32__bear__r01__c001,bear,A powerful berry gatherer shows a dense woodland trail marked by broad tracks.,20,14,0.7,0.12280701754385964
252,slot_32__wolf__r01__c002,wolf,A pale-muzzled pack sentinel shows an open tundra ridge beneath cold wind.,20,20,1.0,0.12280701754385964
253,slot_32__rabbit__r01__c002,rabbit,A garden edge beside low leafy cover identifies a round-eyed clover browser.,20,17,0.85,0.12280701754385964
254,slot_32__deer__r01__c003,deer,An autumn ridge beneath scattered oak trees identifies a long-legged clearing grazer.,20,13,0.65,0.12280701754385964
255,slot_32__horse__r04__c244,horse,A saddle companion reveals a training ring surrounded by low rails.,20,16,0.8,0.12280701754385964
256,slot_33__cat__r04__c242,cat,Slit-eyed indoor-hunter becomes recognizable through a sunny windowsill above indoor plants near a rocky meadow.,20,9,0.45,0.12280701754385964
257,slot_33__dog__r02__c081,dog,A neighborhood path beside a handled leash distinguishes tongue-out family-companion near low evening light.,20,18,0.9,0.12280701754385964
258,slot_33__fox__r01__c001,fox,Orange-chested hedgerow-stalker carries a woodland margin beside open grass across a calm farmyard.,20,12,0.6,0.12280701754385964
259,slot_33__bear__r01__c001,bear,"Against soft morning light, a mountain forest containing berry thickets defines bulky streamside-fisher.",20,12,0.6,0.12280701754385964
260,slot_33__wolf__r01__c001,wolf,A snowy conifer forest crossed by pack tracks distinguishes social mountain hunter near a quiet fence line.,20,14,0.7,0.12280701754385964
261,slot_33__rabbit__r04__c245,rabbit,Round-eyed meadow nibbler with tall ears carries a garden edge beside low leafy cover across an open grassy clearing.,20,12,0.6,0.12280701754385964
262,slot_33__deer__r01__c002,deer,"Within soft morning light, branch-antlered woodland traveler demonstrates a forest edge filled with tender browse.",20,19,0.95,0.12280701754385964
263,slot_33__horse__r01__c002,horse,Swift-maned open-field runner displays a quiet barn aisle lined with hay beside a quiet fence line.,20,17,0.85,0.12280701754385964
264,slot_34__cat__r05__c326,cat,"A sunny windowsill above indoor plants distinguishes whiskered house-prowler near a narrow riverside path, where the background preserves its outline.",20,15,0.75,0.12280701754385964
265,slot_34__dog__r03__c162,dog,"Against a shallow stream bank, a fenced backyard containing scattered toys defines panting ball-chaser; the pose shows balanced proportions.",20,12,0.6,0.12280701754385964
266,slot_34__fox__r04__c246,fox,"Against a pale winter field, a quiet meadow during early dawn defines amber-eyed meadow-prowler; the posture remains natural.",20,14,0.7,0.12280701754385964
267,slot_34__bear__r01__c003,bear,"Heavy-pawed backcountry-wanderer displays a mountain forest containing berry thickets beside a quiet fence line, while the viewpoint remains level.",20,10,0.5,0.12280701754385964
268,slot_34__wolf__r01__c003,wolf,"A clear view shows amber-eyed pack sentinel with a snowy conifer forest crossed by pack tracks, as ground contact stays clear.",20,17,0.85,0.12280701754385964
269,slot_34__rabbit__r01__c001,rabbit,"Soft-coated burrow dweller carries a garden edge beside low leafy cover across a patch of dense brush; meanwhile, the posture remains natural.",20,14,0.7,0.12280701754385964
270,slot_34__deer__r04__c245,deer,"Brown woodland browser with branching antlers becomes recognizable through a forest edge filled with tender browse, while the head and torso remain visible.",20,19,0.95,0.12280701754385964
271,slot_34__horse__r04__c245,horse,"Beside a calm farmyard, tall saddle-trained riding companion reveals a quiet barn aisle lined with hay; the moment appears unstaged.",20,14,0.7,0.12280701754385964
272,slot_35__cat__r01__c002,cat,"Beside a misty hillside, padded-paw windowsill-watcher reveals a dim hallway containing scattered household shadows; nearby tracks indicate scale.",20,9,0.45,0.12280701754385964
273,slot_35__dog__r01__c002,dog,"Broad-pawed gate-watcher carries an open field suited to running and retrieval across a patch of dense brush; meanwhile, the viewpoint remains level.",20,9,0.45,0.12280701754385964
274,slot_35__fox__r04__c241,fox,"Within a sunlit garden path, bushy-tailed den-visitor demonstrates a woodland margin beside open grass, where the moment appears unstaged.",20,8,0.4,0.12280701754385964
275,slot_35__bear__r02__c085,bear,"A cold river crowded by migrating fish distinguishes long-clawed wilderness-resident near a shallow stream bank, where nearby tracks indicate scale.",20,9,0.45,0.12280701754385964
276,slot_35__wolf__r02__c082,wolf,"Deep-chested roaming predator becomes recognizable through a snowy conifer forest crossed by pack tracks, while its full body stays visible.",20,15,0.75,0.12280701754385964
277,slot_35__rabbit__r02__c082,rabbit,"Beside a sunlit garden path, compact meadow forager reveals a grassy meadow dotted with hidden burrow openings; soft light preserves surface detail.",20,13,0.65,0.12280701754385964
278,slot_35__deer__r03__c163,deer,"An autumn ridge beneath scattered oak trees distinguishes long-legged herd grazer near a shaded woodland edge, where the posture remains natural.",20,15,0.75,0.12280701754385964
279,slot_35__horse__r02__c082,horse,"Against a calm farmyard, a fenced pasture beside a wooden stable defines saddle-trained trail companion; the background preserves its outline.",20,15,0.75,0.12280701754385964
280,slot_36__cat__r01__c001,cat,Gentle brushing while remaining loosely curled identifies a soft-pawed indoor hunter.,20,15,0.75,0.12280701754385964
281,slot_36__dog__r01__c001,dog,A broad-pawed walking partner reveals a walking partner by matching their pace.,20,14,0.7,0.12280701754385964
282,slot_36__fox__r01__c002,fox,An amber-eyed meadow prowler reveals a distant observer before retreating into brush.,20,14,0.7,0.12280701754385964
283,slot_36__bear__r01__c002,bear,A distant hiker before turning toward cover marks a thick-furred woodland giant.,20,15,0.75,0.12280701754385964
284,slot_36__wolf__r01__c001,wolf,Careful sniffing around an abandoned sled track defines a long-legged wilderness hunter.,20,9,0.45,0.12280701754385964
285,slot_36__rabbit__r01__c002,rabbit,Gentle sniffing of a hand holding leafy greens defines a short-tailed garden visitor.,20,10,0.5,0.12280701754385964
286,slot_36__deer__r03__c161,deer,Alert watching of a distant roadside vehicle defines a pale-rumped grazer.,20,6,0.3,0.12280701754385964
287,slot_36__horse__r01__c003,horse,An upright-eared pasture grazer has steady response to a rider's rein signal.,20,18,0.9,0.12280701754385964
288,slot_37__cat__r01__c001,cat,A whiskered lap companion has nearby footsteps before following between rooms.,20,16,0.8,0.12280701754385964
289,slot_37__dog__r01__c002,dog,A wagging yard guardian has a handler's gesture before sitting attentively.,20,18,0.9,0.12280701754385964
290,slot_37__fox__r05__c322,fox,A distant observer before retreating into brush marks a russet snowline hunter.,20,15,0.75,0.12280701754385964
291,slot_37__bear__r01__c001,bear,An empty trail after detecting approaching voices identifies a massive shaggy forager.,20,12,0.6,0.12280701754385964
292,slot_37__wolf__r07__c485,wolf,A wild gray pack hunter shows careful sniffing around an abandoned sled track.,20,18,0.9,0.12280701754385964
293,slot_37__rabbit__r08__c564,rabbit,A relaxed long-eared grazer displays curious inspection of a cardboard tunnel.,20,13,0.65,0.12280701754385964
294,slot_37__deer__r01__c002,deer,Careful approach toward a salt block marks a white-tailed meadow grazer.,20,5,0.25,0.12280701754385964
295,slot_37__horse__r01__c001,horse,Careful stepping into a waiting trailer defines a long-maned pasture runner.,20,19,0.95,0.12280701754385964
296,slot_38__cat__r01__c001,cat,"Beside soft morning light, purring room-explorer reveals an offered hand before rubbing its cheek.",20,15,0.75,0.12280701754385964
297,slot_38__dog__r02__c082,dog,A walking partner by matching their pace distinguishes broad-pawed gate-watcher near low evening light.,20,17,0.85,0.12280701754385964
298,slot_38__fox__r01__c002,fox,Sharp-eared field-stalker carries a roadside light with a brief cautious pause across a calm farmyard.,20,8,0.4,0.12280701754385964
299,slot_38__bear__r04__c244,bear,Long-clawed wilderness-resident carries an empty trail after detecting approaching voices across a rocky meadow.,20,9,0.45,0.12280701754385964
300,slot_38__wolf__r04__c242,wolf,"Within a quiet fence line, pale-muzzled forest pack hunter demonstrates cautious inspection of a distant trail camera.",20,11,0.55,0.12280701754385964
301,slot_38__rabbit__r05__c322,rabbit,"Beside a shallow stream bank, small hopping burrow forager reveals quick retreat beneath a low garden bench.",20,11,0.55,0.12280701754385964
302,slot_38__deer__r04__c243,deer,Brown woodland browser with branching antlers displays a sudden retreat from boots on the trail beside soft morning light.,20,19,0.95,0.12280701754385964
303,slot_38__horse__r01__c002,horse,A clear view shows powerful paddock runner with steady response to a rider's rein signal near a broad dirt trail.,20,18,0.9,0.12280701754385964
304,slot_39__cat__r01__c002,cat,"Within a broad dirt trail, striped hearthside-prowler demonstrates gentle brushing while remaining loosely curled, where the pose shows balanced proportions.",20,12,0.6,0.12280701754385964
305,slot_39__dog__r03__c162,dog,"A returning person with vigorous tail sweeps distinguishes tongue-out family-companion near a narrow riverside path, where the posture remains natural.",20,10,0.5,0.12280701754385964
306,slot_39__fox__r01__c002,fox,"A clear view shows bushy-tailed den-visitor with discarded food while remaining ready to flee, as the head and torso remain visible.",20,6,0.3,0.12280701754385964
307,slot_39__bear__r01__c002,bear,"Short-tailed mountain-roamer becomes recognizable through a roadside vehicle while remaining beyond the barrier, while the moment appears unstaged.",20,4,0.2,0.12280701754385964
308,slot_39__wolf__r04__c243,wolf,"Beside a narrow riverside path, wild gray pack predator reveals careful sniffing around an abandoned sled track; the setting supports the behavior.",20,16,0.8,0.12280701754385964
309,slot_39__rabbit__r02__c082,rabbit,"Within a patch of dense brush, short-tailed garden browser demonstrates soft pawing at the edge of a woven enclosure, where the viewpoint remains level.",20,6,0.3,0.12280701754385964
310,slot_39__deer__r03__c162,deer,"Beside a rocky meadow, branch-antlered woodland traveler reveals alert watching of a distant roadside vehicle; ground contact stays clear.",20,16,0.8,0.12280701754385964
311,slot_39__horse__r01__c002,horse,"Patient standing beside a grooming brush distinguishes muscular farmyard traveler near a shaded woodland edge, where the setting supports the behavior.",20,7,0.35,0.12280701754385964
312,slot_40__cat__r07__c483,cat,"Against a misty hillside, a familiar voice with an upright tail defines striped hearthside-prowler; its full body stays visible.",20,12,0.6,0.12280701754385964
313,slot_40__dog__r03__c162,dog,"Beside scattered autumn leaves, wet-nosed trail-helper reveals a handler's gesture before sitting attentively; ground contact stays clear.",20,3,0.15,0.12280701754385964
314,slot_40__fox__r01__c001,fox,"Within soft morning light, amber-eyed meadow-prowler demonstrates a roadside light with a brief cautious pause, where nearby tracks indicate scale.",20,12,0.6,0.12280701754385964
315,slot_40__bear__r01__c001,bear,"Long-clawed wilderness-resident displays a ranger's observation from across the river beside a quiet fence line, while the viewpoint remains level.",20,12,0.6,0.12280701754385964
316,slot_40__wolf__r04__c245,wolf,"Careful sniffing around an abandoned sled track distinguishes bushy-tailed mountain pack tracker near an open grassy clearing, where ground contact stays clear.",20,9,0.45,0.12280701754385964
317,slot_40__rabbit__r03__c163,rabbit,"Quiet resting beside a ceramic food dish distinguishes white-tailed garden visitor near a sunlit garden path, where the posture remains natural.",20,7,0.35,0.12280701754385964
318,slot_40__deer__r01__c001,deer,"Beside a broad dirt trail, branch-antlered woodland traveler reveals a sudden retreat from boots on the trail; its full body stays visible.",20,17,0.85,0.12280701754385964
319,slot_40__horse__r02__c082,horse,"Calm acceptance of a saddle and bridle distinguishes broad-chested stable resident near a shallow stream bank, where the pose shows balanced proportions.",20,17,0.85,0.12280701754385964
320,slot_41__cat__r01__c002,cat,Focused watching of birds beyond a closed window identifies a slit-eyed room hunter.,20,15,0.75,0.12280701754385964
321,slot_41__dog__r02__c082,dog,Careful sniffing during a new animal greeting defines a collared gate watcher.,20,14,0.7,0.12280701754385964
322,slot_41__fox__r03__c162,fox,Brief nose contact near a shared den identifies a russet snowline hunter.,20,15,0.75,0.12280701754385964
323,slot_41__bear__r01__c003,bear,Wide avoidance of another massive forest forager marks a long-clawed cave sleeper.,20,10,0.5,0.12280701754385964
324,slot_41__wolf__r07__c485,wolf,A forest pack sentinel carries nose-to-muzzle greeting within the family group.,20,12,0.6,0.12280701754385964
325,slot_41__rabbit__r01__c001,rabbit,Close huddling with smaller meadow companions is visible on a white-tailed garden browser.,20,11,0.55,0.12280701754385964
326,slot_41__deer__r02__c082,deer,A forest herd grazer reveals an antler display toward a competing male.,20,17,0.85,0.12280701754385964
327,slot_41__horse__r01__c001,horse,Close following behind the herd leader identifies a flowing-tailed field grazer.,20,9,0.45,0.12280701754385964
328,slot_42__cat__r06__c402,cat,A cautious nose greeting with a familiar room companion defines a purring house prowler.,20,15,0.75,0.12280701754385964
329,slot_42__dog__r01__c001,dog,A floppy-eared home guardian shows quiet resting against another household companion.,20,13,0.65,0.12280701754385964
330,slot_42__fox__r01__c001,fox,Defensive circling around younger den residents identifies a russet snowline hunter.,20,12,0.6,0.12280701754385964
331,slot_42__bear__r01__c003,bear,A bulky streamside fisher shows careful watching of grazing animals across the slope.,20,12,0.6,0.12280701754385964
332,slot_42__wolf__r04__c244,wolf,Protective positioning near younger pack members identifies a howling snow hunter.,20,16,0.8,0.12280701754385964
333,slot_42__rabbit__r01__c002,rabbit,A warning foot thump near feeding companions marks a round-eyed clover browser.,20,12,0.6,0.12280701754385964
334,slot_42__deer__r01__c002,deer,An alert brown woodland browser carries an antler display toward a competing male.,20,18,0.9,0.12280701754385964
335,slot_42__horse__r02__c082,horse,A farm runner shows ear-pinned warning toward a newcomer at feed.,20,13,0.65,0.12280701754385964
336,slot_43__cat__r01__c002,cat,"Beside soft morning light, curled-tail home-companion reveals silent stalking of a tiny moving insect.",20,10,0.5,0.12280701754385964
337,slot_43__dog__r01__c004,dog,Collar-wearing yard-guardian becomes recognizable through careful sniffing during a new animal greeting near a shaded woodland edge.,20,7,0.35,0.12280701754385964
338,slot_43__fox__r01__c002,fox,"Against a shallow stream bank, brief nose contact near a shared den defines amber-eyed meadow-prowler.",20,11,0.55,0.12280701754385964
339,slot_43__bear__r02__c083,bear,Round-eared timberland-giant displays patient waiting near fish moving through shallows beside soft morning light.,20,14,0.7,0.12280701754385964
340,slot_43__wolf__r07__c485,wolf,A tense boundary display toward a rival group distinguishes thick-coated howling sentinel near a shaded woodland edge.,20,11,0.55,0.12280701754385964
341,slot_43__rabbit__r01__c001,rabbit,A clear view shows short-tailed garden browser with nose touching with another long-eared grazer near a misty hillside.,20,15,0.75,0.12280701754385964
342,slot_43__deer__r02__c081,deer,"Against a patch of dense brush, an antler display toward a competing male defines branch-antlered woodland traveler.",20,20,1.0,0.12280701754385964
343,slot_43__horse__r01__c001,horse,"Beside a rocky meadow, upright-eared pasture grazer reveals parallel grazing beside several herd companions.",20,10,0.5,0.12280701754385964
344,slot_44__cat__r03__c162,cat,"Focused watching of birds beyond a closed window distinguishes retractable-clawed climber near a pale winter field, where the posture remains natural.",20,9,0.45,0.12280701754385964
345,slot_44__dog__r01__c004,dog,"Within a shallow stream bank, panting ball-chaser demonstrates coordinated running beside a familiar walking partner, where its full body stays visible.",20,13,0.65,0.12280701754385964
346,slot_44__fox__r04__c242,fox,"Beside a patch of dense brush, russet snowline-hunter reveals cautious distance from larger woodland predators; the moment appears unstaged.",20,8,0.4,0.12280701754385964
347,slot_44__bear__r04__c245,bear,"A clear view shows bulky streamside-fisher with wide avoidance of another massive forest forager, as the posture remains natural.",20,14,0.7,0.12280701754385964
348,slot_44__wolf__r03__c161,wolf,"Beside low evening light, amber-eyed pack sentinel reveals protective positioning near younger pack members; the head and torso remain visible.",20,16,0.8,0.12280701754385964
349,slot_44__rabbit__r07__c484,rabbit,"Against an open grassy clearing, close huddling with smaller meadow companions defines small long-eared burrow grazer; the pose shows balanced proportions.",20,15,0.75,0.12280701754385964
350,slot_44__deer__r01__c001,deer,"Within soft morning light, slender-legged forest grazer demonstrates an antler display toward a competing male, where nearby tracks indicate scale.",20,15,0.75,0.12280701754385964
351,slot_44__horse__r01__c001,horse,"Broad-chested stable resident displays mutual neck grooming with a familiar partner beside a quiet fence line, while the viewpoint remains level.",20,15,0.75,0.12280701754385964
352,slot_45__cat__r08__c570,cat,"During a clearly visible group moment, whiskered house-prowler becomes recognizable through silent stalking of a tiny moving insect, while ground contact stays clear.",20,13,0.65,0.12280701754385964
353,slot_45__dog__r01__c002,dog,"Quiet resting against another household companion distinguishes broad-pawed gate-watcher near a calm farmyard, where the setting supports the behavior.",20,13,0.65,0.12280701754385964
354,slot_45__fox__r04__c243,fox,"Within a sunlit garden path, amber-eyed meadow-prowler demonstrates defensive circling around younger den residents, where the background preserves its outline.",20,11,0.55,0.12280701754385964
355,slot_45__bear__r08__c580,bear,"During a clearly visible group moment, wide avoidance of another massive forest forager distinguishes massive shaggy-forager; meanwhile, the moment appears unstaged.",20,6,0.3,0.12280701754385964
356,slot_45__wolf__r04__c245,wolf,"Within a patch of dense brush, wild gray pack predator demonstrates protective positioning near younger pack members, where the setting supports the behavior.",20,15,0.75,0.12280701754385964
357,slot_45__rabbit__r01__c001,rabbit,"Beside an open grassy clearing, round-eyed grassland nibbler reveals parallel grazing beside several burrow residents; its full body stays visible.",20,16,0.8,0.12280701754385964
358,slot_45__deer__r01__c006,deer,"Within a misty hillside, branch-antlered woodland traveler demonstrates protective standing near a spotted youngster, where the pose shows balanced proportions.",20,18,0.9,0.12280701754385964
359,slot_45__horse__r04__c243,horse,"Long-maned stable grazer with powerful legs carries playful running beside a younger pasture companion across a shallow stream bank; meanwhile, nearby tracks indicate scale.",20,14,0.7,0.12280701754385964
360,slot_46__cat__r01__c001,cat,Soft chirping notes while watching distant birds marks a soft-pawed indoor hunter.,20,13,0.65,0.12280701754385964
361,slot_46__dog__r01__c003,dog,A tail-wagging family companion reveals a low rumble when unfamiliar movement approaches.,20,11,0.55,0.12280701754385964
362,slot_46__fox__r01__c002,fox,An amber-eyed meadow prowler carries a brief high call across evening woodland.,20,14,0.7,0.12280701754385964
363,slot_46__bear__r01__c002,bear,A deep warning rumble in dense woodland defines a thick-furred woodland giant.,20,12,0.6,0.12280701754385964
364,slot_46__wolf__r04__c242,wolf,Upright ears locating distant movement under snow is visible on a howling snow hunter.,20,16,0.8,0.12280701754385964
365,slot_46__rabbit__r03__c161,rabbit,A burrow resident has a sharp hind-foot thump warning the colony.,20,10,0.5,0.12280701754385964
366,slot_46__deer__r01__c001,deer,Careful scent testing of the moving air identifies a long-legged clearing grazer.,20,9,0.45,0.12280701754385964
367,slot_46__horse__r01__c002,horse,A clear neigh carrying beyond the stable identifies a swift-maned field traveler.,20,18,0.9,0.12280701754385964
368,slot_47__cat__r01__c001,cat,A whiskered lap companion shows a rising trill during a familiar greeting.,20,15,0.75,0.12280701754385964
369,slot_47__dog__r01__c001,dog,Quick breathy whines beside a closed door identifies a leash-wearing companion.,20,13,0.65,0.12280701754385964
370,slot_47__fox__r05__c324,fox,Short warning barks from dense cover marks an orange-chested hedge stalker.,20,14,0.7,0.12280701754385964
371,slot_47__bear__r02__c081,bear,A round-eared forest giant has a deep warning rumble in dense woodland.,20,9,0.45,0.12280701754385964
372,slot_47__wolf__r01__c001,wolf,A gray pack hunter carries a deep warning growl beneath raised neck fur.,20,19,0.95,0.12280701754385964
373,slot_47__rabbit__r01__c001,rabbit,Wide ears detecting movement beyond the hedge defines a long-eared meadow grazer.,20,12,0.6,0.12280701754385964
374,slot_47__deer__r01__c002,deer,Large ears turning toward a broken twig defines a white-tailed meadow grazer.,20,6,0.3,0.12280701754385964
375,slot_47__horse__r04__c241,horse,A stable grazer shows rhythmic hoofbeats approaching across firm ground.,20,14,0.7,0.12280701754385964
376,slot_48__cat__r01__c001,cat,"Against an open grassy clearing, a steady vibration during relaxed contact defines purring room-explorer.",20,10,0.5,0.12280701754385964
377,slot_48__dog__r01__c002,dog,"Against a broad dirt trail, a low rumble when unfamiliar movement approaches defines panting ball-chaser.",20,13,0.65,0.12280701754385964
378,slot_48__fox__r02__c083,fox,Slender nighttime-forager displays a brief high call across evening woodland beside a shallow stream bank.,20,5,0.25,0.12280701754385964
379,slot_48__bear__r01__c001,bear,Heavy-pawed backcountry-wanderer displays a deep warning rumble in dense woodland beside a patch of dense brush.,20,10,0.5,0.12280701754385964
380,slot_48__wolf__r01__c001,wolf,A clear view shows amber-eyed pack sentinel with a long resonant howl answered across the valley near a rocky meadow.,20,9,0.45,0.12280701754385964
381,slot_48__rabbit__r01__c003,rabbit,Quick-footed burrow resident displays wide ears detecting movement beyond the hedge beside a narrow riverside path.,20,16,0.8,0.12280701754385964
382,slot_48__deer__r04__c245,deer,Antlered split-hoofed woodland browser displays large ears turning toward a broken twig beside soft morning light.,20,20,1.0,0.12280701754385964
383,slot_48__horse__r04__c246,horse,Saddle-wearing flowing-tailed riding companion displays mobile ears following a distant handler's voice beside low evening light.,20,11,0.55,0.12280701754385964
384,slot_49__cat__r02__c081,cat,"Against a sunlit garden path, a sharp warning hiss with flattened ears defines striped hearthside-prowler; the background preserves its outline.",20,14,0.7,0.12280701754385964
385,slot_49__dog__r01__c002,dog,"Keen-nosed scent-follower becomes recognizable through a drawn-out lonely call across the yard, while the moment appears unstaged.",20,5,0.25,0.12280701754385964
386,slot_49__fox__r04__c241,fox,"Against a calm farmyard, short warning barks from dense cover defines amber-eyed meadow-prowler; the posture remains natural.",20,14,0.7,0.12280701754385964
387,slot_49__bear__r02__c082,bear,"Within a sunlit garden path, bulky streamside-fisher demonstrates soft bawling notes from a smaller youngster, where the viewpoint remains level.",20,2,0.1,0.12280701754385964
388,slot_49__wolf__r01__c003,wolf,"Social mountain hunter carries a long resonant howl answered across the valley across a shaded woodland edge; meanwhile, soft light preserves surface detail.",20,6,0.3,0.12280701754385964
389,slot_49__rabbit__r04__c245,rabbit,"Soft-coated long-eared burrow resident carries fine whiskers testing the narrow tunnel across an open grassy clearing; meanwhile, nearby tracks indicate scale.",20,16,0.8,0.12280701754385964
390,slot_49__deer__r03__c162,deer,"Against soft morning light, a sharp alarm snort followed by raised tails defines branch-antlered woodland traveler; its full body stays visible.",20,18,0.9,0.12280701754385964
391,slot_49__horse__r01__c003,horse,"Within low evening light, upright-eared pasture grazer demonstrates a clear neigh carrying beyond the stable, where the pose shows balanced proportions.",20,14,0.7,0.12280701754385964
392,slot_50__cat__r01__c001,cat,"Within a broad dirt trail, curled-tail home-companion demonstrates a sharp warning hiss with flattened ears, where nearby tracks indicate scale.",20,6,0.3,0.12280701754385964
393,slot_50__dog__r01__c002,dog,"Within a shallow stream bank, wagging household-companion demonstrates quick breathy whines beside a closed door, where its full body stays visible.",20,13,0.65,0.12280701754385964
394,slot_50__fox__r04__c245,fox,"Quiet yapping sounds during distant contact distinguishes slender nighttime-forager near a rocky meadow, where ground contact stays clear.",20,5,0.25,0.12280701754385964
395,slot_50__bear__r07__c486,bear,"Within a misty hillside, massive shaggy-forager demonstrates a loud roar across an open riverbank, where surrounding plants provide scale.",20,8,0.4,0.12280701754385964
396,slot_50__wolf__r04__c243,wolf,"Long-legged snow pack hunter becomes recognizable through a deep warning growl beneath raised neck fur, while the head and torso remain visible.",20,16,0.8,0.12280701754385964
397,slot_50__rabbit__r05__c326,rabbit,"Beside a rocky meadow, small hopping burrow forager reveals near-silent chewing beneath constantly turning ears; the pose shows balanced proportions.",20,14,0.7,0.12280701754385964
398,slot_50__deer__r01__c003,deer,"Beside a broad dirt trail, slender-legged forest grazer reveals large ears turning toward a broken twig; nearby tracks indicate scale.",20,13,0.65,0.12280701754385964
399,slot_50__horse__r04__c244,horse,"Muscular maned farmyard traveler carries soft breath moving through wide nostrils across a shallow stream bank; meanwhile, its full body stays visible.",20,9,0.45,0.12280701754385964
