group,checkpoint,concept,prompt,sample_index,seed,image_path,expected_label,predicted_label,correct,expected_probability,image_retention,prob_airplane,prob_automobile,prob_bird,prob_cat,prob_deer,prob_dog,prob_frog,prob_horse,prob_ship,prob_truck,sample_origin,artifact_root
retain_once,W04,cat,a photo of the cat,0,42,images/retain_once/W04/cat/index_000_seed_42.png,cat,dog,False,0.0024628022219985723,delete-after-eval,0.0001288169587496668,0.0003365549782756716,0.0003684697730932385,0.0024628022219985723,0.004595735110342503,0.9738445281982422,0.00010247231693938375,0.01729833334684372,9.282708924729377e-05,0.0007695009699091315,existing_v1_100,/home/tslin/Documents/jupyter_data/anLi/machine_unlearning/orthogonal-concept-erasure/experiments/sequential_object_persistence/outputs/sequential_oce_object_v1_online
retain_once,W04,cat,a photo of the cat,1,43,images/retain_once/W04/cat/index_001_seed_43.png,cat,dog,False,0.0006785623845644295,delete-after-eval,6.401536666089669e-05,0.0004913363954983652,0.00040886327042244375,0.0006785623845644295,0.0009334692731499672,0.9912380576133728,0.0009387757163494825,0.004908411763608456,4.683750375988893e-05,0.00029162567807361484,existing_v1_100,/home/tslin/Documents/jupyter_data/anLi/machine_unlearning/orthogonal-concept-erasure/experiments/sequential_object_persistence/outputs/sequential_oce_object_v1_online
retain_once,W04,cat,a photo of the cat,2,44,images/retain_once/W04/cat/index_002_seed_44.png,cat,dog,False,0.0018272326560691,delete-after-eval,9.528787632007152e-05,0.00020356073218863457,0.000607331923674792,0.0018272326560691,0.002691645408049226,0.978472113609314,0.00027026733732782304,0.01529920194298029,0.00011160933354403824,0.00042167541687376797,existing_v1_100,/home/tslin/Documents/jupyter_data/anLi/machine_unlearning/orthogonal-concept-erasure/experiments/sequential_object_persistence/outputs/sequential_oce_object_v1_online
retain_once,W04,cat,a photo of the cat,3,45,images/retain_once/W04/cat/index_003_seed_45.png,cat,dog,False,0.005460933782160282,delete-after-eval,8.727354725124314e-05,0.0006769832689315081,0.000741301744710654,0.005460933782160282,0.00048904336290434,0.9886182546615601,0.00018673532758839428,0.0032797534950077534,0.00011620874283835292,0.00034346143365837634,existing_v1_100,/home/tslin/Documents/jupyter_data/anLi/machine_unlearning/orthogonal-concept-erasure/experiments/sequential_object_persistence/outputs/sequential_oce_object_v1_online
retain_once,W04,cat,a photo of the cat,4,46,images/retain_once/W04/cat/index_004_seed_46.png,cat,dog,False,0.003044875105842948,delete-after-eval,5.195342964725569e-05,0.00021656927128788084,0.0007207343587651849,0.003044875105842948,0.00014183466555550694,0.9938325881958008,0.0003846277832053602,0.0013741328148171306,8.112074283417314e-05,0.00015168622485361993,existing_v1_100,/home/tslin/Documents/jupyter_data/anLi/machine_unlearning/orthogonal-concept-erasure/experiments/sequential_object_persistence/outputs/sequential_oce_object_v1_online
retain_once,W04,cat,a photo of the cat,5,47,images/retain_once/W04/cat/index_005_seed_47.png,cat,dog,False,0.002162268850952387,delete-after-eval,8.819947834126651e-05,0.0013194156344980001,0.0003985204384662211,0.002162268850952387,0.0018058335408568382,0.9851025342941284,0.0021153243724256754,0.00611624913290143,4.0859384171199054e-05,0.0008508768514730036,existing_v1_100,/home/tslin/Documents/jupyter_data/anLi/machine_unlearning/orthogonal-concept-erasure/experiments/sequential_object_persistence/outputs/sequential_oce_object_v1_online
retain_once,W04,cat,a photo of the cat,6,48,images/retain_once/W04/cat/index_006_seed_48.png,cat,dog,False,0.002035856246948242,delete-after-eval,0.00015345796418841928,0.0002249870158266276,0.0007500261417590082,0.002035856246948242,0.002735455986112356,0.9819081425666809,0.0006947054644115269,0.009935668669641018,0.0001264744932996109,0.0014351686695590615,existing_v1_100,/home/tslin/Documents/jupyter_data/anLi/machine_unlearning/orthogonal-concept-erasure/experiments/sequential_object_persistence/outputs/sequential_oce_object_v1_online
retain_once,W04,cat,a photo of the cat,7,49,images/retain_once/W04/cat/index_007_seed_49.png,cat,dog,False,0.016397463157773018,delete-after-eval,7.224726141430438e-05,0.00966593623161316,0.002160405507311225,0.016397463157773018,0.0173202957957983,0.9309080839157104,0.002555586863309145,0.013088866136968136,0.00013048024266026914,0.007700758054852486,existing_v1_100,/home/tslin/Documents/jupyter_data/anLi/machine_unlearning/orthogonal-concept-erasure/experiments/sequential_object_persistence/outputs/sequential_oce_object_v1_online
retain_once,W04,cat,a photo of the cat,8,50,images/retain_once/W04/cat/index_008_seed_50.png,cat,dog,False,0.000831192301120609,delete-after-eval,0.00014085887232795358,0.0006819501868449152,0.0004770041268784553,0.000831192301120609,0.00013013086572755128,0.9929695725440979,0.00022780467406846583,0.0025445858482271433,6.571262929355726e-05,0.001931065577082336,existing_v1_100,/home/tslin/Documents/jupyter_data/anLi/machine_unlearning/orthogonal-concept-erasure/experiments/sequential_object_persistence/outputs/sequential_oce_object_v1_online
retain_once,W04,cat,a photo of the cat,9,51,images/retain_once/W04/cat/index_009_seed_51.png,cat,dog,False,0.0027444723527878523,delete-after-eval,4.953410098096356e-05,0.0005658398731611669,0.0008791842847131193,0.0027444723527878523,0.0005460114916786551,0.9912949800491333,0.0014959879918023944,0.0016913041472434998,0.00017841148655861616,0.0005542122526094317,existing_v1_100,/home/tslin/Documents/jupyter_data/anLi/machine_unlearning/orthogonal-concept-erasure/experiments/sequential_object_persistence/outputs/sequential_oce_object_v1_online
retain_once,W04,cat,a photo of the cat,10,52,images/retain_once/W04/cat/index_010_seed_52.png,cat,dog,False,0.0015488927019760013,delete-after-eval,0.00026800352497957647,0.0012590198311954737,0.0004358465375844389,0.0015488927019760013,0.000855799182318151,0.9905858635902405,0.0010926229879260063,0.002548685297369957,0.00014529997133649886,0.0012598485918715596,existing_v1_100,/home/tslin/Documents/jupyter_data/anLi/machine_unlearning/orthogonal-concept-erasure/experiments/sequential_object_persistence/outputs/sequential_oce_object_v1_online
retain_once,W04,cat,a photo of the cat,11,53,images/retain_once/W04/cat/index_011_seed_53.png,cat,dog,False,0.001975512830540538,delete-after-eval,8.633253310108557e-05,0.0013859786558896303,0.00040791588253341615,0.001975512830540538,0.00017043788102455437,0.9886226058006287,0.0004958930076099932,0.005798342637717724,0.00016409085947088897,0.0008929676259867847,existing_v1_100,/home/tslin/Documents/jupyter_data/anLi/machine_unlearning/orthogonal-concept-erasure/experiments/sequential_object_persistence/outputs/sequential_oce_object_v1_online
retain_once,W04,cat,a photo of the cat,12,54,images/retain_once/W04/cat/index_012_seed_54.png,cat,dog,False,0.001504666986875236,delete-after-eval,8.273860294139013e-05,0.00011498823732836172,0.0002964763843920082,0.001504666986875236,0.0012012942461296916,0.9893019795417786,0.00012118220911361277,0.006627704948186874,0.00011984603042947128,0.0006291712052188814,existing_v1_100,/home/tslin/Documents/jupyter_data/anLi/machine_unlearning/orthogonal-concept-erasure/experiments/sequential_object_persistence/outputs/sequential_oce_object_v1_online
retain_once,W04,cat,a photo of the cat,13,55,images/retain_once/W04/cat/index_013_seed_55.png,cat,dog,False,0.001657495740801096,delete-after-eval,7.449286931660026e-05,0.0002458934031892568,0.0003312065382488072,0.001657495740801096,0.00044804890058003366,0.9937267303466797,0.00015777000226080418,0.0021868303883820772,0.0001340456074103713,0.00103746575769037,existing_v1_100,/home/tslin/Documents/jupyter_data/anLi/machine_unlearning/orthogonal-concept-erasure/experiments/sequential_object_persistence/outputs/sequential_oce_object_v1_online
retain_once,W04,cat,a photo of the cat,14,56,images/retain_once/W04/cat/index_014_seed_56.png,cat,dog,False,0.0011275557335466146,delete-after-eval,0.00032463943352922797,0.0012923397589474916,0.0006896634004078805,0.0011275557335466146,0.00033876742236316204,0.9835349321365356,0.0013697738759219646,0.001529288594610989,0.00018001995340455323,0.009612948633730412,existing_v1_100,/home/tslin/Documents/jupyter_data/anLi/machine_unlearning/orthogonal-concept-erasure/experiments/sequential_object_persistence/outputs/sequential_oce_object_v1_online
retain_once,W04,cat,a photo of the cat,15,57,images/retain_once/W04/cat/index_015_seed_57.png,cat,dog,False,0.0006318023661151528,delete-after-eval,0.00011183797323610634,0.0005425811395980418,0.0010688586626201868,0.0006318023661151528,0.007924851961433887,0.9806618690490723,0.0005747065297327936,0.007331723812967539,5.939964466961101e-05,0.0010924814268946648,existing_v1_100,/home/tslin/Documents/jupyter_data/anLi/machine_unlearning/orthogonal-concept-erasure/experiments/sequential_object_persistence/outputs/sequential_oce_object_v1_online
retain_once,W04,cat,a photo of the cat,16,58,images/retain_once/W04/cat/index_016_seed_58.png,cat,dog,False,0.001460300525650382,delete-after-eval,0.0002569753851275891,0.00016966288967523724,0.00041833522845990956,0.001460300525650382,0.002410436049103737,0.9800812005996704,0.0007254523225128651,0.013297083787620068,0.0001104786351788789,0.001070126541890204,existing_v1_100,/home/tslin/Documents/jupyter_data/anLi/machine_unlearning/orthogonal-concept-erasure/experiments/sequential_object_persistence/outputs/sequential_oce_object_v1_online
retain_once,W04,cat,a photo of the cat,17,59,images/retain_once/W04/cat/index_017_seed_59.png,cat,dog,False,0.001517711323685944,delete-after-eval,0.00034482619957998395,0.00032308761728927493,0.0013826433569192886,0.001517711323685944,0.0017452096799388528,0.9824022650718689,0.0009404722368344665,0.010254672728478909,0.00011194225953659043,0.0009772185003384948,existing_v1_100,/home/tslin/Documents/jupyter_data/anLi/machine_unlearning/orthogonal-concept-erasure/experiments/sequential_object_persistence/outputs/sequential_oce_object_v1_online
retain_once,W04,cat,a photo of the cat,18,60,images/retain_once/W04/cat/index_018_seed_60.png,cat,dog,False,0.0014424213441088796,delete-after-eval,0.0002032347401836887,0.00047585152788087726,0.00028305070009082556,0.0014424213441088796,0.0017935412470251322,0.9917423725128174,0.0006324820569716394,0.0025878027081489563,0.00010829163511516526,0.0007309989305213094,existing_v1_100,/home/tslin/Documents/jupyter_data/anLi/machine_unlearning/orthogonal-concept-erasure/experiments/sequential_object_persistence/outputs/sequential_oce_object_v1_online
retain_once,W04,cat,a photo of the cat,19,61,images/retain_once/W04/cat/index_019_seed_61.png,cat,dog,False,0.0007881391211412847,delete-after-eval,2.3083783162292093e-05,0.00016647005395498127,0.00011580945283640176,0.0007881391211412847,0.00028582700178958476,0.9896625280380249,3.8058577047195286e-05,0.008612246252596378,3.365801603649743e-05,0.0002741487987805158,existing_v1_100,/home/tslin/Documents/jupyter_data/anLi/machine_unlearning/orthogonal-concept-erasure/experiments/sequential_object_persistence/outputs/sequential_oce_object_v1_online
retain_once,W04,cat,a photo of the cat,20,62,images/retain_once/W04/cat/index_020_seed_62.png,cat,dog,False,0.00410560192540288,delete-after-eval,0.00016210568719543517,0.0008970791241154075,0.0008780634379945695,0.00410560192540288,0.004793485160917044,0.978392481803894,0.0008959198021329939,0.008549957536160946,0.00014525046572089195,0.0011800972279161215,existing_v1_100,/home/tslin/Documents/jupyter_data/anLi/machine_unlearning/orthogonal-concept-erasure/experiments/sequential_object_persistence/outputs/sequential_oce_object_v1_online
retain_once,W04,cat,a photo of the cat,21,63,images/retain_once/W04/cat/index_021_seed_63.png,cat,dog,False,0.0008341795764863491,delete-after-eval,2.4046363250818104e-05,0.00027029673219658434,0.0001827914675232023,0.0008341795764863491,0.00019490366685204208,0.996030867099762,0.00010467280662851408,0.0018182488856837153,3.4437794965924695e-05,0.0005055194487795234,existing_v1_100,/home/tslin/Documents/jupyter_data/anLi/machine_unlearning/orthogonal-concept-erasure/experiments/sequential_object_persistence/outputs/sequential_oce_object_v1_online
retain_once,W04,cat,a photo of the cat,22,64,images/retain_once/W04/cat/index_022_seed_64.png,cat,dog,False,0.0014557655667886138,delete-after-eval,3.12174488499295e-05,0.00012477349082473665,0.00020933525229338557,0.0014557655667886138,0.006465704180300236,0.9801676273345947,0.0001404609065502882,0.010949806310236454,0.00011448243458289653,0.0003408758493606001,existing_v1_100,/home/tslin/Documents/jupyter_data/anLi/machine_unlearning/orthogonal-concept-erasure/experiments/sequential_object_persistence/outputs/sequential_oce_object_v1_online
retain_once,W04,cat,a photo of the cat,23,65,images/retain_once/W04/cat/index_023_seed_65.png,cat,dog,False,0.0029466876294463873,delete-after-eval,0.00017716397996991873,0.00023570904158987105,0.0006659244536422193,0.0029466876294463873,0.006203030236065388,0.9630990624427795,0.003493816126137972,0.02226986177265644,0.0003212985466234386,0.0005874005728401244,existing_v1_100,/home/tslin/Documents/jupyter_data/anLi/machine_unlearning/orthogonal-concept-erasure/experiments/sequential_object_persistence/outputs/sequential_oce_object_v1_online
retain_once,W04,cat,a photo of the cat,24,66,images/retain_once/W04/cat/index_024_seed_66.png,cat,dog,False,0.0006594920996576548,delete-after-eval,0.00023529901227448136,0.0005100906128063798,0.0003352793282829225,0.0006594920996576548,0.004037136677652597,0.984551727771759,0.0009543352061882615,0.0076193311251699924,0.00011492103658383712,0.0009824548615142703,existing_v1_100,/home/tslin/Documents/jupyter_data/anLi/machine_unlearning/orthogonal-concept-erasure/experiments/sequential_object_persistence/outputs/sequential_oce_object_v1_online
retain_once,W04,cat,a photo of the cat,25,67,images/retain_once/W04/cat/index_025_seed_67.png,cat,dog,False,0.0016483450308442116,delete-after-eval,3.2903564715525135e-05,0.0005623421748168766,0.00030957843409851193,0.0016483450308442116,0.0007668295293115079,0.9907469749450684,9.914368274621665e-05,0.005389130674302578,8.018156950129196e-05,0.00036461115814745426,existing_v1_100,/home/tslin/Documents/jupyter_data/anLi/machine_unlearning/orthogonal-concept-erasure/experiments/sequential_object_persistence/outputs/sequential_oce_object_v1_online
retain_once,W04,cat,a photo of the cat,26,68,images/retain_once/W04/cat/index_026_seed_68.png,cat,dog,False,0.0015735700726509094,delete-after-eval,0.00023612567747477442,0.0012811836786568165,0.00026031455490738153,0.0015735700726509094,0.0008269009995274246,0.9852801561355591,0.0003764693974517286,0.009369215928018093,6.969764945097268e-05,0.000726432423107326,existing_v1_100,/home/tslin/Documents/jupyter_data/anLi/machine_unlearning/orthogonal-concept-erasure/experiments/sequential_object_persistence/outputs/sequential_oce_object_v1_online
retain_once,W04,cat,a photo of the cat,27,69,images/retain_once/W04/cat/index_027_seed_69.png,cat,dog,False,0.0019075780874118209,delete-after-eval,0.00022925222583580762,0.000760960450861603,0.0029350584372878075,0.0019075780874118209,0.005763381719589233,0.9676041007041931,0.0010532054584473372,0.01829863339662552,0.0001604730059625581,0.0012873659143224359,existing_v1_100,/home/tslin/Documents/jupyter_data/anLi/machine_unlearning/orthogonal-concept-erasure/experiments/sequential_object_persistence/outputs/sequential_oce_object_v1_online
retain_once,W04,cat,a photo of the cat,28,70,images/retain_once/W04/cat/index_028_seed_70.png,cat,dog,False,0.004067602101713419,delete-after-eval,8.687751687830314e-05,0.00045900692930445075,0.0009372871718369424,0.004067602101713419,0.00349278817884624,0.9759932160377502,0.0005051494226790965,0.01386125385761261,0.00020961626432836056,0.0003872258239425719,existing_v1_100,/home/tslin/Documents/jupyter_data/anLi/machine_unlearning/orthogonal-concept-erasure/experiments/sequential_object_persistence/outputs/sequential_oce_object_v1_online
retain_once,W04,cat,a photo of the cat,29,71,images/retain_once/W04/cat/index_029_seed_71.png,cat,dog,False,0.0021364199928939342,delete-after-eval,8.846021955832839e-05,0.0003735847130883485,0.00025509329861961305,0.0021364199928939342,0.0006837778491899371,0.9887047410011292,0.0005255131400190294,0.006728640757501125,8.343054651049897e-05,0.00042028899770230055,existing_v1_100,/home/tslin/Documents/jupyter_data/anLi/machine_unlearning/orthogonal-concept-erasure/experiments/sequential_object_persistence/outputs/sequential_oce_object_v1_online
retain_once,W04,cat,a photo of the cat,30,72,images/retain_once/W04/cat/index_030_seed_72.png,cat,dog,False,0.000867669761646539,delete-after-eval,0.0002901333791669458,0.0003259998338762671,0.0003870000073220581,0.000867669761646539,0.0012117562582716346,0.9907318949699402,0.0002592398668639362,0.004852737300097942,0.00020813588344026357,0.0008654252160340548,existing_v1_100,/home/tslin/Documents/jupyter_data/anLi/machine_unlearning/orthogonal-concept-erasure/experiments/sequential_object_persistence/outputs/sequential_oce_object_v1_online
retain_once,W04,cat,a photo of the cat,31,73,images/retain_once/W04/cat/index_031_seed_73.png,cat,dog,False,0.001652124454267323,delete-after-eval,3.508789814077318e-05,0.000392795103834942,0.0003578937903512269,0.001652124454267323,9.967985533876345e-05,0.993524432182312,0.00015849816554691643,0.0024611325934529305,6.733082409482449e-05,0.0012511106906458735,existing_v1_100,/home/tslin/Documents/jupyter_data/anLi/machine_unlearning/orthogonal-concept-erasure/experiments/sequential_object_persistence/outputs/sequential_oce_object_v1_online
retain_once,W04,cat,a photo of the cat,32,74,images/retain_once/W04/cat/index_032_seed_74.png,cat,dog,False,0.0012773423222824931,delete-after-eval,3.8596313970629126e-05,0.000252577883657068,0.0003368089091964066,0.0012773423222824931,0.0011180624132975936,0.9935755133628845,9.799080726224929e-05,0.0029201593715697527,5.808599235024303e-05,0.0003248141729272902,existing_v1_100,/home/tslin/Documents/jupyter_data/anLi/machine_unlearning/orthogonal-concept-erasure/experiments/sequential_object_persistence/outputs/sequential_oce_object_v1_online
retain_once,W04,cat,a photo of the cat,33,75,images/retain_once/W04/cat/index_033_seed_75.png,cat,dog,False,0.00416863476857543,delete-after-eval,0.00017417929484508932,0.001050619874149561,0.0005429242737591267,0.00416863476857543,0.0041061039082705975,0.9843787550926208,0.0010617600055411458,0.0026216735132038593,0.00012462498852983117,0.0017707286169752479,existing_v1_100,/home/tslin/Documents/jupyter_data/anLi/machine_unlearning/orthogonal-concept-erasure/experiments/sequential_object_persistence/outputs/sequential_oce_object_v1_online
retain_once,W04,cat,a photo of the cat,34,76,images/retain_once/W04/cat/index_034_seed_76.png,cat,dog,False,0.0011374227469787002,delete-after-eval,6.613552250200883e-05,0.00020824572129640728,0.00040341122075915337,0.0011374227469787002,0.0008532449137419462,0.9918314814567566,0.0002808470162563026,0.004692435264587402,4.6358167310245335e-05,0.0004805158532690257,existing_v1_100,/home/tslin/Documents/jupyter_data/anLi/machine_unlearning/orthogonal-concept-erasure/experiments/sequential_object_persistence/outputs/sequential_oce_object_v1_online
retain_once,W04,cat,a photo of the cat,35,77,images/retain_once/W04/cat/index_035_seed_77.png,cat,dog,False,0.009308354929089546,delete-after-eval,5.358971611713059e-05,0.00015457620611414313,0.001063777133822441,0.009308354929089546,0.002264632610604167,0.9808498024940491,0.0007242730353027582,0.005214577075093985,4.588521187542938e-05,0.00032054141047410667,existing_v1_100,/home/tslin/Documents/jupyter_data/anLi/machine_unlearning/orthogonal-concept-erasure/experiments/sequential_object_persistence/outputs/sequential_oce_object_v1_online
retain_once,W04,cat,a photo of the cat,36,78,images/retain_once/W04/cat/index_036_seed_78.png,cat,dog,False,0.0017187681514769793,delete-after-eval,0.000236203646636568,0.0002738218172453344,0.0003589488915167749,0.0017187681514769793,0.004963564686477184,0.9888064861297607,0.0003996688174083829,0.0022556264884769917,5.437913932837546e-05,0.0009325354476459324,existing_v1_100,/home/tslin/Documents/jupyter_data/anLi/machine_unlearning/orthogonal-concept-erasure/experiments/sequential_object_persistence/outputs/sequential_oce_object_v1_online
retain_once,W04,cat,a photo of the cat,37,79,images/retain_once/W04/cat/index_037_seed_79.png,cat,dog,False,0.0007714717066846788,delete-after-eval,6.15401440882124e-05,0.0005680907052010298,0.000655964482575655,0.0007714717066846788,0.0005945233278907835,0.9905057549476624,0.0002647638029884547,0.005046455655246973,0.00012693188909906894,0.0014044808922335505,existing_v1_100,/home/tslin/Documents/jupyter_data/anLi/machine_unlearning/orthogonal-concept-erasure/experiments/sequential_object_persistence/outputs/sequential_oce_object_v1_online
retain_once,W04,cat,a photo of the cat,38,80,images/retain_once/W04/cat/index_038_seed_80.png,cat,dog,False,0.0012121399631723762,delete-after-eval,0.00014803477097302675,0.000553863646928221,0.0005299428012222052,0.0012121399631723762,0.00939227920025587,0.9580202102661133,0.000663379963953048,0.028651293367147446,9.65896833804436e-05,0.0007322443998418748,existing_v1_100,/home/tslin/Documents/jupyter_data/anLi/machine_unlearning/orthogonal-concept-erasure/experiments/sequential_object_persistence/outputs/sequential_oce_object_v1_online
retain_once,W04,cat,a photo of the cat,39,81,images/retain_once/W04/cat/index_039_seed_81.png,cat,dog,False,0.0012109624221920967,delete-after-eval,9.955933637684211e-05,0.00024931872030720115,0.00018326404097024351,0.0012109624221920967,0.0015220888890326023,0.9891334176063538,0.00017120053234975785,0.006067759823054075,6.36464319541119e-05,0.0012987195514142513,existing_v1_100,/home/tslin/Documents/jupyter_data/anLi/machine_unlearning/orthogonal-concept-erasure/experiments/sequential_object_persistence/outputs/sequential_oce_object_v1_online
retain_once,W04,cat,a photo of the cat,40,82,images/retain_once/W04/cat/index_040_seed_82.png,cat,dog,False,0.002096791286021471,delete-after-eval,2.4984336050692946e-05,0.00013637024676427245,0.0001906289253383875,0.002096791286021471,0.0010042954236268997,0.9948329925537109,0.0007209660252556205,0.0007702475995756686,6.275469058891758e-05,0.0001600441464688629,existing_v1_100,/home/tslin/Documents/jupyter_data/anLi/machine_unlearning/orthogonal-concept-erasure/experiments/sequential_object_persistence/outputs/sequential_oce_object_v1_online
retain_once,W04,cat,a photo of the cat,41,83,images/retain_once/W04/cat/index_041_seed_83.png,cat,dog,False,0.0010096605401486158,delete-after-eval,0.0007190315518528223,0.0006565050571225584,0.0008710726979188621,0.0010096605401486158,0.013883329927921295,0.9609670639038086,0.005948229227215052,0.011612043716013432,0.00029432662995532155,0.004038861487060785,existing_v1_100,/home/tslin/Documents/jupyter_data/anLi/machine_unlearning/orthogonal-concept-erasure/experiments/sequential_object_persistence/outputs/sequential_oce_object_v1_online
retain_once,W04,cat,a photo of the cat,42,84,images/retain_once/W04/cat/index_042_seed_84.png,cat,dog,False,0.005214180331677198,delete-after-eval,0.0003845126193482429,0.0012437314726412296,0.0008274567662738264,0.005214180331677198,0.0009744469425641,0.9827731847763062,0.0008217819849960506,0.006389144342392683,0.00026101176626980305,0.001110476441681385,existing_v1_100,/home/tslin/Documents/jupyter_data/anLi/machine_unlearning/orthogonal-concept-erasure/experiments/sequential_object_persistence/outputs/sequential_oce_object_v1_online
retain_once,W04,cat,a photo of the cat,43,85,images/retain_once/W04/cat/index_043_seed_85.png,cat,dog,False,0.0014873978216201067,delete-after-eval,3.095119973295368e-05,0.0010164340492337942,0.00012847869948018342,0.0014873978216201067,0.00014957727398723364,0.995337724685669,3.53651812474709e-05,0.0009795574005693197,3.037647002201993e-05,0.0008041575783863664,existing_v1_100,/home/tslin/Documents/jupyter_data/anLi/machine_unlearning/orthogonal-concept-erasure/experiments/sequential_object_persistence/outputs/sequential_oce_object_v1_online
retain_once,W04,cat,a photo of the cat,44,86,images/retain_once/W04/cat/index_044_seed_86.png,cat,dog,False,0.0009328816086053848,delete-after-eval,9.211427095578983e-05,0.00017114871297962964,0.000481956172734499,0.0009328816086053848,0.002164311707019806,0.9810583591461182,0.00015535457350779325,0.013082655146718025,0.00010520602518226951,0.00175598228815943,existing_v1_100,/home/tslin/Documents/jupyter_data/anLi/machine_unlearning/orthogonal-concept-erasure/experiments/sequential_object_persistence/outputs/sequential_oce_object_v1_online
retain_once,W04,cat,a photo of the cat,45,87,images/retain_once/W04/cat/index_045_seed_87.png,cat,dog,False,0.001971922116354108,delete-after-eval,3.054704939131625e-05,0.0001417736493749544,0.00022443116176873446,0.001971922116354108,0.004212977830320597,0.9889339804649353,0.0005957554094493389,0.0035595442168414593,5.309418702381663e-05,0.00027585503994487226,existing_v1_100,/home/tslin/Documents/jupyter_data/anLi/machine_unlearning/orthogonal-concept-erasure/experiments/sequential_object_persistence/outputs/sequential_oce_object_v1_online
retain_once,W04,cat,a photo of the cat,46,88,images/retain_once/W04/cat/index_046_seed_88.png,cat,dog,False,0.00041118814260698855,delete-after-eval,2.7075160687672906e-05,8.498741954099387e-05,5.5839645938249305e-05,0.00041118814260698855,0.000617710524238646,0.9971197843551636,0.00025016095605678856,0.0012738967780023813,1.9736728063435294e-05,0.00013971839507576078,existing_v1_100,/home/tslin/Documents/jupyter_data/anLi/machine_unlearning/orthogonal-concept-erasure/experiments/sequential_object_persistence/outputs/sequential_oce_object_v1_online
retain_once,W04,cat,a photo of the cat,47,89,images/retain_once/W04/cat/index_047_seed_89.png,cat,dog,False,0.001297531183809042,delete-after-eval,0.00013849126116838306,0.00031623058021068573,0.0022358903661370277,0.001297531183809042,0.0027549327351152897,0.975385844707489,0.0007936037727631629,0.016391674056649208,0.00011234867997700348,0.000573494064155966,existing_v1_100,/home/tslin/Documents/jupyter_data/anLi/machine_unlearning/orthogonal-concept-erasure/experiments/sequential_object_persistence/outputs/sequential_oce_object_v1_online
retain_once,W04,cat,a photo of the cat,48,90,images/retain_once/W04/cat/index_048_seed_90.png,cat,dog,False,0.0016607014695182443,delete-after-eval,3.654538159025833e-05,0.0015940986340865493,0.00041112772305496037,0.0016607014695182443,0.0010153097100555897,0.9864675998687744,0.000127398845506832,0.007513737305998802,2.0878009308944456e-05,0.0011524491710588336,existing_v1_100,/home/tslin/Documents/jupyter_data/anLi/machine_unlearning/orthogonal-concept-erasure/experiments/sequential_object_persistence/outputs/sequential_oce_object_v1_online
retain_once,W04,cat,a photo of the cat,49,91,images/retain_once/W04/cat/index_049_seed_91.png,cat,dog,False,0.0014409443829208612,delete-after-eval,5.870600580237806e-05,0.000322004227200523,0.001020906027406454,0.0014409443829208612,0.0008936895756050944,0.9863958358764648,0.003952126018702984,0.005237354896962643,3.786363231483847e-05,0.0006405895110219717,existing_v1_100,/home/tslin/Documents/jupyter_data/anLi/machine_unlearning/orthogonal-concept-erasure/experiments/sequential_object_persistence/outputs/sequential_oce_object_v1_online
retain_once,W04,cat,a photo of the cat,50,92,images/retain_once/W04/cat/index_050_seed_92.png,cat,dog,False,0.001633316045626998,delete-after-eval,2.4296010451507755e-05,0.00018351215112488717,0.00019527427502907813,0.001633316045626998,0.00012730489834211767,0.9965231418609619,0.0002965991443488747,0.0006313072517514229,8.47724440973252e-05,0.0003005410253535956,existing_v1_100,/home/tslin/Documents/jupyter_data/anLi/machine_unlearning/orthogonal-concept-erasure/experiments/sequential_object_persistence/outputs/sequential_oce_object_v1_online
retain_once,W04,cat,a photo of the cat,51,93,images/retain_once/W04/cat/index_051_seed_93.png,cat,dog,False,0.0007691620849072933,delete-after-eval,1.9139704818371683e-05,0.0002976127143483609,8.147522021317855e-05,0.0007691620849072933,0.0006779510877095163,0.9939559102058411,0.00013721729919780046,0.0037055194843560457,1.8215050658909604e-05,0.0003377820539753884,existing_v1_100,/home/tslin/Documents/jupyter_data/anLi/machine_unlearning/orthogonal-concept-erasure/experiments/sequential_object_persistence/outputs/sequential_oce_object_v1_online
retain_once,W04,cat,a photo of the cat,52,94,images/retain_once/W04/cat/index_052_seed_94.png,cat,dog,False,0.002775511471554637,delete-after-eval,0.00016370962839573622,9.742956899572164e-05,0.0007138728979043663,0.002775511471554637,0.0013355406699702144,0.9893970489501953,0.0007851943373680115,0.0038099971134215593,0.0001499747741036117,0.0007716540130786598,existing_v1_100,/home/tslin/Documents/jupyter_data/anLi/machine_unlearning/orthogonal-concept-erasure/experiments/sequential_object_persistence/outputs/sequential_oce_object_v1_online
retain_once,W04,cat,a photo of the cat,53,95,images/retain_once/W04/cat/index_053_seed_95.png,cat,dog,False,0.0006315669743344188,delete-after-eval,2.4930957806645893e-05,0.00024425782612524927,0.00015762711700517684,0.0006315669743344188,0.0005808244459331036,0.9947829842567444,9.91891574813053e-05,0.0032924592960625887,2.2873657144373283e-05,0.0001631645136512816,existing_v1_100,/home/tslin/Documents/jupyter_data/anLi/machine_unlearning/orthogonal-concept-erasure/experiments/sequential_object_persistence/outputs/sequential_oce_object_v1_online
retain_once,W04,cat,a photo of the cat,54,96,images/retain_once/W04/cat/index_054_seed_96.png,cat,dog,False,0.0002778454509098083,delete-after-eval,7.14469060767442e-05,0.00028651056345552206,0.00033946181065402925,0.0002778454509098083,0.0013380011077970266,0.9890328645706177,0.00019328344205860049,0.007545758504420519,6.618493353016675e-05,0.0008486348087899387,existing_v1_100,/home/tslin/Documents/jupyter_data/anLi/machine_unlearning/orthogonal-concept-erasure/experiments/sequential_object_persistence/outputs/sequential_oce_object_v1_online
retain_once,W04,cat,a photo of the cat,55,97,images/retain_once/W04/cat/index_055_seed_97.png,cat,dog,False,0.0023380673956125975,delete-after-eval,8.45098911668174e-05,0.00019000007887370884,0.0004100773949176073,0.0023380673956125975,9.121225593844429e-05,0.9938080906867981,8.924492431106046e-05,0.00240749167278409,5.7689579989528283e-05,0.0005235065473243594,existing_v1_100,/home/tslin/Documents/jupyter_data/anLi/machine_unlearning/orthogonal-concept-erasure/experiments/sequential_object_persistence/outputs/sequential_oce_object_v1_online
retain_once,W04,cat,a photo of the cat,56,98,images/retain_once/W04/cat/index_056_seed_98.png,cat,dog,False,0.002032626187428832,delete-after-eval,8.496076770825312e-05,0.0004305850889068097,0.00039243896026164293,0.002032626187428832,8.737394091440365e-05,0.9935365319252014,0.0007915624300949275,0.0018736219499260187,9.71717745414935e-05,0.0006731486064381897,existing_v1_100,/home/tslin/Documents/jupyter_data/anLi/machine_unlearning/orthogonal-concept-erasure/experiments/sequential_object_persistence/outputs/sequential_oce_object_v1_online
retain_once,W04,cat,a photo of the cat,57,99,images/retain_once/W04/cat/index_057_seed_99.png,cat,dog,False,0.002010068390518427,delete-after-eval,0.00020533513452392071,0.0006576667656190693,0.0006263039540499449,0.002010068390518427,0.0012181127676740289,0.9834647178649902,0.0013742318842560053,0.008534740656614304,0.0002046450535999611,0.0017040919046849012,existing_v1_100,/home/tslin/Documents/jupyter_data/anLi/machine_unlearning/orthogonal-concept-erasure/experiments/sequential_object_persistence/outputs/sequential_oce_object_v1_online
retain_once,W04,cat,a photo of the cat,58,100,images/retain_once/W04/cat/index_058_seed_100.png,cat,dog,False,0.0011891067260876298,delete-after-eval,0.00017667583597358316,0.0004062519292347133,0.0006232621963135898,0.0011891067260876298,0.00228715012781322,0.9887639284133911,0.00046503517660312355,0.004985220264643431,8.032094046939164e-05,0.0010230387561023235,existing_v1_100,/home/tslin/Documents/jupyter_data/anLi/machine_unlearning/orthogonal-concept-erasure/experiments/sequential_object_persistence/outputs/sequential_oce_object_v1_online
retain_once,W04,cat,a photo of the cat,59,101,images/retain_once/W04/cat/index_059_seed_101.png,cat,dog,False,0.0025709224864840508,delete-after-eval,9.625446546124294e-05,0.0007589405286125839,0.00040404085302725434,0.0025709224864840508,0.0011514050420373678,0.9890162348747253,0.001483458443544805,0.000988217070698738,8.613921818323433e-05,0.0034444304183125496,existing_v1_100,/home/tslin/Documents/jupyter_data/anLi/machine_unlearning/orthogonal-concept-erasure/experiments/sequential_object_persistence/outputs/sequential_oce_object_v1_online
retain_once,W04,cat,a photo of the cat,60,102,images/retain_once/W04/cat/index_060_seed_102.png,cat,dog,False,0.002021428430452943,delete-after-eval,0.00033920592977665365,0.0001279446150874719,0.0005158293060958385,0.002021428430452943,0.008287420496344566,0.9797177910804749,0.0006731211906298995,0.007201499305665493,0.00020129319455008954,0.0009144805953837931,existing_v1_100,/home/tslin/Documents/jupyter_data/anLi/machine_unlearning/orthogonal-concept-erasure/experiments/sequential_object_persistence/outputs/sequential_oce_object_v1_online
retain_once,W04,cat,a photo of the cat,61,103,images/retain_once/W04/cat/index_061_seed_103.png,cat,dog,False,0.004291736055165529,delete-after-eval,4.487036858336069e-05,0.0004480744246393442,0.0008514497894793749,0.004291736055165529,0.00047042695223353803,0.9913450479507446,0.0009414520463906229,0.0013022343628108501,6.235494220163673e-05,0.00024238192418124527,existing_v1_100,/home/tslin/Documents/jupyter_data/anLi/machine_unlearning/orthogonal-concept-erasure/experiments/sequential_object_persistence/outputs/sequential_oce_object_v1_online
retain_once,W04,cat,a photo of the cat,62,104,images/retain_once/W04/cat/index_062_seed_104.png,cat,dog,False,0.0012204291997477412,delete-after-eval,4.9002159357769415e-05,0.0005205083871260285,0.0007195213111117482,0.0012204291997477412,0.0010379838058725,0.9910477995872498,0.0008393704774789512,0.0036648910026997328,7.498434570152313e-05,0.0008256309665739536,existing_v1_100,/home/tslin/Documents/jupyter_data/anLi/machine_unlearning/orthogonal-concept-erasure/experiments/sequential_object_persistence/outputs/sequential_oce_object_v1_online
retain_once,W04,cat,a photo of the cat,63,105,images/retain_once/W04/cat/index_063_seed_105.png,cat,dog,False,0.001427817507646978,delete-after-eval,5.487539510795614e-06,8.30130884423852e-05,0.00013456631859298795,0.001427817507646978,0.0002067590394290164,0.9974462985992432,3.9696558815194294e-05,0.0005656643188558519,2.6513203920330852e-05,6.41857332084328e-05,existing_v1_100,/home/tslin/Documents/jupyter_data/anLi/machine_unlearning/orthogonal-concept-erasure/experiments/sequential_object_persistence/outputs/sequential_oce_object_v1_online
retain_once,W04,cat,a photo of the cat,64,106,images/retain_once/W04/cat/index_064_seed_106.png,cat,dog,False,0.003053263295441866,delete-after-eval,0.00012239707575645298,0.0005956951063126326,0.0002647028595674783,0.003053263295441866,0.000146683887578547,0.9889262914657593,0.004614094737917185,0.0019050538539886475,7.475877646356821e-05,0.0002971092180814594,existing_v1_100,/home/tslin/Documents/jupyter_data/anLi/machine_unlearning/orthogonal-concept-erasure/experiments/sequential_object_persistence/outputs/sequential_oce_object_v1_online
retain_once,W04,cat,a photo of the cat,65,107,images/retain_once/W04/cat/index_065_seed_107.png,cat,dog,False,0.002465167548507452,delete-after-eval,6.683195533696562e-05,0.0006468010251410306,0.00019119364151265472,0.002465167548507452,0.0009051375091075897,0.987111508846283,0.006024988368153572,0.0020140500273555517,0.00015028586494736373,0.00042402875260449946,existing_v1_100,/home/tslin/Documents/jupyter_data/anLi/machine_unlearning/orthogonal-concept-erasure/experiments/sequential_object_persistence/outputs/sequential_oce_object_v1_online
retain_once,W04,cat,a photo of the cat,66,108,images/retain_once/W04/cat/index_066_seed_108.png,cat,dog,False,0.0006126524531282485,delete-after-eval,5.643101394525729e-05,0.00013199546083342284,0.00016715731180738658,0.0006126524531282485,0.001559942727908492,0.9930775165557861,0.00011145127791678533,0.0039058176334947348,5.7640791055746377e-05,0.00031935545848682523,existing_v1_100,/home/tslin/Documents/jupyter_data/anLi/machine_unlearning/orthogonal-concept-erasure/experiments/sequential_object_persistence/outputs/sequential_oce_object_v1_online
retain_once,W04,cat,a photo of the cat,67,109,images/retain_once/W04/cat/index_067_seed_109.png,cat,dog,False,0.0035781876649707556,delete-after-eval,0.0001492981828050688,0.00020818614575546235,0.0005720804911106825,0.0035781876649707556,0.009970083832740784,0.9801043272018433,0.0013553994940593839,0.0029170638881623745,0.0001177876110887155,0.0010275699896737933,existing_v1_100,/home/tslin/Documents/jupyter_data/anLi/machine_unlearning/orthogonal-concept-erasure/experiments/sequential_object_persistence/outputs/sequential_oce_object_v1_online
retain_once,W04,cat,a photo of the cat,68,110,images/retain_once/W04/cat/index_068_seed_110.png,cat,dog,False,0.002087293891236186,delete-after-eval,0.0004675655218306929,0.0006712503964081407,0.0011509160976856947,0.002087293891236186,0.0010473714210093021,0.9886451959609985,0.0006270300946198404,0.0044134268537163734,0.0001942019007401541,0.0006957158329896629,existing_v1_100,/home/tslin/Documents/jupyter_data/anLi/machine_unlearning/orthogonal-concept-erasure/experiments/sequential_object_persistence/outputs/sequential_oce_object_v1_online
retain_once,W04,cat,a photo of the cat,69,111,images/retain_once/W04/cat/index_069_seed_111.png,cat,dog,False,0.0010385841596871614,delete-after-eval,4.0433751564705744e-05,0.000296435464406386,0.0002870828320737928,0.0010385841596871614,0.00032035569893196225,0.9909706115722656,9.388801117893308e-05,0.006519099231809378,8.168886415660381e-05,0.000351754657458514,existing_v1_100,/home/tslin/Documents/jupyter_data/anLi/machine_unlearning/orthogonal-concept-erasure/experiments/sequential_object_persistence/outputs/sequential_oce_object_v1_online
retain_once,W04,cat,a photo of the cat,70,112,images/retain_once/W04/cat/index_070_seed_112.png,cat,dog,False,0.0007662424468435347,delete-after-eval,1.910669743665494e-05,9.57604352151975e-05,0.00018463657761458308,0.0007662424468435347,0.00020202502491883934,0.9950542449951172,1.795140815374907e-05,0.003298436524346471,1.6799034710857086e-05,0.00034474529093131423,existing_v1_100,/home/tslin/Documents/jupyter_data/anLi/machine_unlearning/orthogonal-concept-erasure/experiments/sequential_object_persistence/outputs/sequential_oce_object_v1_online
retain_once,W04,cat,a photo of the cat,71,113,images/retain_once/W04/cat/index_071_seed_113.png,cat,dog,False,0.003461746731773019,delete-after-eval,7.495807221857831e-05,0.00018597827875055373,0.00031884704367257655,0.003461746731773019,0.0012972935801371932,0.9904549717903137,0.0006726869032718241,0.0029837796464562416,8.77792335813865e-05,0.0004619744431693107,existing_v1_100,/home/tslin/Documents/jupyter_data/anLi/machine_unlearning/orthogonal-concept-erasure/experiments/sequential_object_persistence/outputs/sequential_oce_object_v1_online
retain_once,W04,cat,a photo of the cat,72,114,images/retain_once/W04/cat/index_072_seed_114.png,cat,dog,False,0.0013297240948304534,delete-after-eval,1.4557842405338306e-05,0.0003227687848266214,0.000519927591085434,0.0013297240948304534,0.0010785536142066121,0.9916313290596008,0.00029119159444235265,0.004458525218069553,2.0106708689127117e-05,0.000333338015479967,existing_v1_100,/home/tslin/Documents/jupyter_data/anLi/machine_unlearning/orthogonal-concept-erasure/experiments/sequential_object_persistence/outputs/sequential_oce_object_v1_online
retain_once,W04,cat,a photo of the cat,73,115,images/retain_once/W04/cat/index_073_seed_115.png,cat,dog,False,0.0014028932200744748,delete-after-eval,0.0002909309696406126,0.00010917508916463703,0.000901099294424057,0.0014028932200744748,0.007844420149922371,0.9781410694122314,0.0015784197021275759,0.00842171162366867,0.0001155450299847871,0.0011947078164666891,existing_v1_100,/home/tslin/Documents/jupyter_data/anLi/machine_unlearning/orthogonal-concept-erasure/experiments/sequential_object_persistence/outputs/sequential_oce_object_v1_online
retain_once,W04,cat,a photo of the cat,74,116,images/retain_once/W04/cat/index_074_seed_116.png,cat,dog,False,0.0025425644125789404,delete-after-eval,5.4386611736845225e-05,0.0001867074752226472,0.0002628215588629246,0.0025425644125789404,0.0015373326605185866,0.9920992851257324,0.000285390269709751,0.0020748996175825596,0.0001302767195738852,0.0008262358023785055,existing_v1_100,/home/tslin/Documents/jupyter_data/anLi/machine_unlearning/orthogonal-concept-erasure/experiments/sequential_object_persistence/outputs/sequential_oce_object_v1_online
retain_once,W04,cat,a photo of the cat,75,117,images/retain_once/W04/cat/index_075_seed_117.png,cat,dog,False,0.0028143508825451136,delete-after-eval,0.0004639378166757524,0.0005242365295998752,0.00045955105451866984,0.0028143508825451136,0.010231143794953823,0.9591720700263977,0.002960850717499852,0.021378958597779274,0.0006660780636593699,0.0013287789188325405,existing_v1_100,/home/tslin/Documents/jupyter_data/anLi/machine_unlearning/orthogonal-concept-erasure/experiments/sequential_object_persistence/outputs/sequential_oce_object_v1_online
retain_once,W04,cat,a photo of the cat,76,118,images/retain_once/W04/cat/index_076_seed_118.png,cat,dog,False,0.002001689514145255,delete-after-eval,1.557088216941338e-05,0.0002949390618596226,0.00010977870260830969,0.002001689514145255,0.00031599518842995167,0.9937600493431091,4.962224556948058e-05,0.0028320562560111284,4.894722223980352e-05,0.000571307900827378,existing_v1_100,/home/tslin/Documents/jupyter_data/anLi/machine_unlearning/orthogonal-concept-erasure/experiments/sequential_object_persistence/outputs/sequential_oce_object_v1_online
retain_once,W04,cat,a photo of the cat,77,119,images/retain_once/W04/cat/index_077_seed_119.png,cat,dog,False,0.0017842199886217713,delete-after-eval,4.264861854608171e-05,0.0005853130714967847,0.0008222653996199369,0.0017842199886217713,0.0007053373265080154,0.9879345893859863,0.00018416816601529717,0.007331665605306625,9.407824836671352e-05,0.0005156746483407915,existing_v1_100,/home/tslin/Documents/jupyter_data/anLi/machine_unlearning/orthogonal-concept-erasure/experiments/sequential_object_persistence/outputs/sequential_oce_object_v1_online
retain_once,W04,cat,a photo of the cat,78,120,images/retain_once/W04/cat/index_078_seed_120.png,cat,dog,False,0.0034044799394905567,delete-after-eval,0.00030848608002997935,0.0004770249652210623,0.0006730222958140075,0.0034044799394905567,0.0009577862801961601,0.9845225811004639,0.005714223254472017,0.0022004086058586836,0.00044505702680908144,0.0012969454983249307,existing_v1_100,/home/tslin/Documents/jupyter_data/anLi/machine_unlearning/orthogonal-concept-erasure/experiments/sequential_object_persistence/outputs/sequential_oce_object_v1_online
retain_once,W04,cat,a photo of the cat,79,121,images/retain_once/W04/cat/index_079_seed_121.png,cat,dog,False,0.001214126474224031,delete-after-eval,6.58396165817976e-05,0.000352898525306955,0.0004739909782074392,0.001214126474224031,0.0002560313150752336,0.992679238319397,0.001272932393476367,0.002432481851428747,9.864599269349128e-05,0.0011538127437233925,existing_v1_100,/home/tslin/Documents/jupyter_data/anLi/machine_unlearning/orthogonal-concept-erasure/experiments/sequential_object_persistence/outputs/sequential_oce_object_v1_online
retain_once,W04,cat,a photo of the cat,80,122,images/retain_once/W04/cat/index_080_seed_122.png,cat,dog,False,0.0047058346681296825,delete-after-eval,0.0008417839999310672,0.001566196558997035,0.0015264529502019286,0.0047058346681296825,0.0006292728940024972,0.9842911958694458,0.0010848974343389273,0.0026161158457398415,0.0011273534037172794,0.0016109062125906348,existing_v1_100,/home/tslin/Documents/jupyter_data/anLi/machine_unlearning/orthogonal-concept-erasure/experiments/sequential_object_persistence/outputs/sequential_oce_object_v1_online
retain_once,W04,cat,a photo of the cat,81,123,images/retain_once/W04/cat/index_081_seed_123.png,cat,dog,False,0.0021875028032809496,delete-after-eval,9.612720168661326e-05,0.0009851707145571709,0.0006129152025096118,0.0021875028032809496,0.0004164066631346941,0.9908596873283386,0.0012389401672407985,0.0026234216056764126,9.044018224813044e-05,0.0008893641061149538,existing_v1_100,/home/tslin/Documents/jupyter_data/anLi/machine_unlearning/orthogonal-concept-erasure/experiments/sequential_object_persistence/outputs/sequential_oce_object_v1_online
retain_once,W04,cat,a photo of the cat,82,124,images/retain_once/W04/cat/index_082_seed_124.png,cat,dog,False,0.002617183141410351,delete-after-eval,0.00042262361967004836,0.0008560059359297156,0.0006434108363464475,0.002617183141410351,0.0024504372850060463,0.9862566590309143,0.0006485400372184813,0.0044993991032242775,0.0004125438863411546,0.0011932960478588939,existing_v1_100,/home/tslin/Documents/jupyter_data/anLi/machine_unlearning/orthogonal-concept-erasure/experiments/sequential_object_persistence/outputs/sequential_oce_object_v1_online
retain_once,W04,cat,a photo of the cat,83,125,images/retain_once/W04/cat/index_083_seed_125.png,cat,dog,False,0.0007675766246393323,delete-after-eval,3.1216201023198664e-05,0.0002269051765324548,5.4082218412077054e-05,0.0007675766246393323,5.997041444061324e-05,0.9972490668296814,6.047743954695761e-05,0.0010145335691049695,4.233884101267904e-05,0.0004937562043778598,existing_v1_100,/home/tslin/Documents/jupyter_data/anLi/machine_unlearning/orthogonal-concept-erasure/experiments/sequential_object_persistence/outputs/sequential_oce_object_v1_online
retain_once,W04,cat,a photo of the cat,84,126,images/retain_once/W04/cat/index_084_seed_126.png,cat,dog,False,0.0010048880940303206,delete-after-eval,3.913579348591156e-05,0.0004969711299054325,0.0004016113234683871,0.0010048880940303206,0.0009366587037220597,0.9908379912376404,0.00011024770356016234,0.005758868530392647,4.559756416711025e-05,0.0003680047520902008,existing_v1_100,/home/tslin/Documents/jupyter_data/anLi/machine_unlearning/orthogonal-concept-erasure/experiments/sequential_object_persistence/outputs/sequential_oce_object_v1_online
retain_once,W04,cat,a photo of the cat,85,127,images/retain_once/W04/cat/index_085_seed_127.png,cat,dog,False,0.0006472673267126083,delete-after-eval,2.3854283426771872e-05,0.00015684946265537292,0.0002044473949354142,0.0006472673267126083,0.000881663931068033,0.9918918609619141,0.00015323447587434202,0.005617501679807901,0.00010209407628281042,0.00032115232897922397,existing_v1_100,/home/tslin/Documents/jupyter_data/anLi/machine_unlearning/orthogonal-concept-erasure/experiments/sequential_object_persistence/outputs/sequential_oce_object_v1_online
retain_once,W04,cat,a photo of the cat,86,128,images/retain_once/W04/cat/index_086_seed_128.png,cat,dog,False,0.0014412316959351301,delete-after-eval,5.7906032452592626e-05,0.00020546355517581105,0.00031212129397317767,0.0014412316959351301,0.0027546302881091833,0.9890040755271912,0.0005088425241410732,0.00541711924597621,4.588220690493472e-05,0.00025264977011829615,existing_v1_100,/home/tslin/Documents/jupyter_data/anLi/machine_unlearning/orthogonal-concept-erasure/experiments/sequential_object_persistence/outputs/sequential_oce_object_v1_online
retain_once,W04,cat,a photo of the cat,87,129,images/retain_once/W04/cat/index_087_seed_129.png,cat,dog,False,0.0022207810543477535,delete-after-eval,2.5657724108896218e-05,0.00027163056074641645,0.00013994908658787608,0.0022207810543477535,0.00023959197278600186,0.9944018721580505,0.0011857253266498446,0.0012188251130282879,4.541125235846266e-05,0.00025050423573702574,existing_v1_100,/home/tslin/Documents/jupyter_data/anLi/machine_unlearning/orthogonal-concept-erasure/experiments/sequential_object_persistence/outputs/sequential_oce_object_v1_online
retain_once,W04,cat,a photo of the cat,88,130,images/retain_once/W04/cat/index_088_seed_130.png,cat,dog,False,0.0013438898604363203,delete-after-eval,0.00026675141998566687,0.0003022089949809015,0.00014481601829174906,0.0013438898604363203,0.0002360606158617884,0.9938860535621643,0.0008110781782306731,0.0012616011081263423,0.00011256726429564878,0.0016349422512575984,existing_v1_100,/home/tslin/Documents/jupyter_data/anLi/machine_unlearning/orthogonal-concept-erasure/experiments/sequential_object_persistence/outputs/sequential_oce_object_v1_online
retain_once,W04,cat,a photo of the cat,89,131,images/retain_once/W04/cat/index_089_seed_131.png,cat,dog,False,0.0017660530284047127,delete-after-eval,0.00017454702174291015,0.0003036137786693871,0.0009308469016104937,0.0017660530284047127,0.00915165338665247,0.9805518388748169,0.0009748327429406345,0.005458024330437183,0.00010552862659096718,0.0005830904701724648,existing_v1_100,/home/tslin/Documents/jupyter_data/anLi/machine_unlearning/orthogonal-concept-erasure/experiments/sequential_object_persistence/outputs/sequential_oce_object_v1_online
retain_once,W04,cat,a photo of the cat,90,132,images/retain_once/W04/cat/index_090_seed_132.png,cat,dog,False,0.002030049217864871,delete-after-eval,9.323338599642739e-05,0.0006287383730523288,0.001300064381211996,0.002030049217864871,0.00013733189553022385,0.9929793477058411,0.001010305481031537,0.0015532097313553095,5.381791197578423e-05,0.00021398192620836198,existing_v1_100,/home/tslin/Documents/jupyter_data/anLi/machine_unlearning/orthogonal-concept-erasure/experiments/sequential_object_persistence/outputs/sequential_oce_object_v1_online
retain_once,W04,cat,a photo of the cat,91,133,images/retain_once/W04/cat/index_091_seed_133.png,cat,dog,False,0.0007037349278107285,delete-after-eval,0.0002486921730451286,0.0010721714934334159,0.0005055140936747193,0.0007037349278107285,0.00010887332609854639,0.9887198805809021,9.999357280321419e-05,0.002633641939610243,0.00018875311070587486,0.005718883126974106,existing_v1_100,/home/tslin/Documents/jupyter_data/anLi/machine_unlearning/orthogonal-concept-erasure/experiments/sequential_object_persistence/outputs/sequential_oce_object_v1_online
retain_once,W04,cat,a photo of the cat,92,134,images/retain_once/W04/cat/index_092_seed_134.png,cat,dog,False,0.0014920452376827598,delete-after-eval,3.8029731513233855e-05,0.0003230203874409199,0.0004990067100152373,0.0014920452376827598,0.00028277598903514445,0.9928833246231079,0.00020303086785133928,0.003585892729461193,9.63628408499062e-05,0.0005964837619103491,existing_v1_100,/home/tslin/Documents/jupyter_data/anLi/machine_unlearning/orthogonal-concept-erasure/experiments/sequential_object_persistence/outputs/sequential_oce_object_v1_online
retain_once,W04,cat,a photo of the cat,93,135,images/retain_once/W04/cat/index_093_seed_135.png,cat,dog,False,0.0012065627379342914,delete-after-eval,7.672228821320459e-05,0.00040923021151684225,0.000806582102086395,0.0012065627379342914,0.0024238841142505407,0.9899671077728271,0.0012939517619088292,0.003320762189105153,9.683264215709642e-05,0.0003983362403232604,existing_v1_100,/home/tslin/Documents/jupyter_data/anLi/machine_unlearning/orthogonal-concept-erasure/experiments/sequential_object_persistence/outputs/sequential_oce_object_v1_online
retain_once,W04,cat,a photo of the cat,94,136,images/retain_once/W04/cat/index_094_seed_136.png,cat,dog,False,0.0012452503433451056,delete-after-eval,8.496498776366934e-05,0.00010371796815888956,0.00030626668012700975,0.0012452503433451056,0.001117788371630013,0.9928527474403381,0.00032598062534816563,0.0032649789936840534,8.129357593134046e-05,0.0006169105763547122,existing_v1_100,/home/tslin/Documents/jupyter_data/anLi/machine_unlearning/orthogonal-concept-erasure/experiments/sequential_object_persistence/outputs/sequential_oce_object_v1_online
retain_once,W04,cat,a photo of the cat,95,137,images/retain_once/W04/cat/index_095_seed_137.png,cat,dog,False,0.002977430121973157,delete-after-eval,0.0001159224339062348,0.0011079676914960146,0.0008257669978775084,0.002977430121973157,6.764959107385948e-05,0.993190586566925,0.0002394868788542226,0.0010830801911652088,0.00012758487719111145,0.00026454179896973073,existing_v1_100,/home/tslin/Documents/jupyter_data/anLi/machine_unlearning/orthogonal-concept-erasure/experiments/sequential_object_persistence/outputs/sequential_oce_object_v1_online
retain_once,W04,cat,a photo of the cat,96,138,images/retain_once/W04/cat/index_096_seed_138.png,cat,dog,False,0.0010117340134456754,delete-after-eval,6.71223460813053e-05,0.0002369891881244257,0.0001637182867852971,0.0010117340134456754,0.00032949354499578476,0.9863798022270203,2.5343055312987417e-05,0.01031752210110426,7.672180800000206e-05,0.0013915258459746838,existing_v1_100,/home/tslin/Documents/jupyter_data/anLi/machine_unlearning/orthogonal-concept-erasure/experiments/sequential_object_persistence/outputs/sequential_oce_object_v1_online
retain_once,W04,cat,a photo of the cat,97,139,images/retain_once/W04/cat/index_097_seed_139.png,cat,dog,False,0.002672563772648573,delete-after-eval,0.00012243913079146296,0.0007912252913229167,0.000568730931263417,0.002672563772648573,0.00025785600882954895,0.9843048453330994,0.004402364604175091,0.005021543242037296,0.0004589692398440093,0.001399513566866517,existing_v1_100,/home/tslin/Documents/jupyter_data/anLi/machine_unlearning/orthogonal-concept-erasure/experiments/sequential_object_persistence/outputs/sequential_oce_object_v1_online
retain_once,W04,cat,a photo of the cat,98,140,images/retain_once/W04/cat/index_098_seed_140.png,cat,dog,False,0.0019594961777329445,delete-after-eval,2.2113530576461926e-05,0.0007894928567111492,0.0001758072030497715,0.0019594961777329445,0.0005958665860816836,0.993380069732666,0.00020696195133496076,0.0020524223800748587,2.7083784516435117e-05,0.0007905657403171062,existing_v1_100,/home/tslin/Documents/jupyter_data/anLi/machine_unlearning/orthogonal-concept-erasure/experiments/sequential_object_persistence/outputs/sequential_oce_object_v1_online
retain_once,W04,cat,a photo of the cat,99,141,images/retain_once/W04/cat/index_099_seed_141.png,cat,dog,False,0.004255300387740135,delete-after-eval,3.1226019927999005e-05,0.00018607333186082542,0.0002759280032478273,0.004255300387740135,0.004366111010313034,0.9867571592330933,0.0001694187958491966,0.0035311810206621885,0.00013185694115236402,0.00029576002270914614,existing_v1_100,/home/tslin/Documents/jupyter_data/anLi/machine_unlearning/orthogonal-concept-erasure/experiments/sequential_object_persistence/outputs/sequential_oce_object_v1_online
retain_once,W04,cat,a photo of the cat,100,142,images/experiment1_sequential_own_step/retain_once/W04/cat/index_100_seed_142.png,cat,dog,False,0.0012152597773820162,delete-after-eval,9.461207810090855e-05,0.000353474635630846,0.0007447333191521466,0.0012152597773820162,0.0010993520263582468,0.9812660813331604,0.0015822789864614606,0.0121827507391572,8.960279956227168e-05,0.001371973194181919,new_followup_supplement,/home/tslin/Documents/jupyter_data/anLi/machine_unlearning/orthogonal-concept-erasure/experiments/sequential_object_followup/outputs/sequential_oce_object_followup_v1
retain_once,W04,cat,a photo of the cat,101,143,images/experiment1_sequential_own_step/retain_once/W04/cat/index_101_seed_143.png,cat,dog,False,0.0005720084300264716,delete-after-eval,0.0001392841513734311,0.0008867538999766111,0.0007480373606085777,0.0005720084300264716,0.0008959359838627279,0.9897828698158264,0.0005025179707445204,0.004382047336548567,9.099299495574087e-05,0.001999451545998454,new_followup_supplement,/home/tslin/Documents/jupyter_data/anLi/machine_unlearning/orthogonal-concept-erasure/experiments/sequential_object_followup/outputs/sequential_oce_object_followup_v1
retain_once,W04,cat,a photo of the cat,102,144,images/experiment1_sequential_own_step/retain_once/W04/cat/index_102_seed_144.png,cat,dog,False,0.0007214105571620166,delete-after-eval,4.733009700430557e-05,0.00023764604702591896,0.00012426322791725397,0.0007214105571620166,0.00010242105781799182,0.9919760823249817,0.0005819816724397242,0.005936972331255674,4.325166446506046e-05,0.0002287421521032229,new_followup_supplement,/home/tslin/Documents/jupyter_data/anLi/machine_unlearning/orthogonal-concept-erasure/experiments/sequential_object_followup/outputs/sequential_oce_object_followup_v1
retain_once,W04,cat,a photo of the cat,103,145,images/experiment1_sequential_own_step/retain_once/W04/cat/index_103_seed_145.png,cat,dog,False,0.0013648943277075887,delete-after-eval,9.578347817296162e-05,0.00012201758363517001,0.0004431028210092336,0.0013648943277075887,0.0019334490643814206,0.9894468784332275,0.00022914195142220706,0.005941146984696388,8.734002040000632e-05,0.00033618754241615534,new_followup_supplement,/home/tslin/Documents/jupyter_data/anLi/machine_unlearning/orthogonal-concept-erasure/experiments/sequential_object_followup/outputs/sequential_oce_object_followup_v1
retain_once,W04,cat,a photo of the cat,104,146,images/experiment1_sequential_own_step/retain_once/W04/cat/index_104_seed_146.png,cat,dog,False,0.00393757876008749,delete-after-eval,8.40484572108835e-05,0.0004434370493981987,0.0009408319601789117,0.00393757876008749,0.0015446596080437303,0.9862275719642639,0.0003784679574891925,0.005576991476118565,9.03981490409933e-05,0.0007759351283311844,new_followup_supplement,/home/tslin/Documents/jupyter_data/anLi/machine_unlearning/orthogonal-concept-erasure/experiments/sequential_object_followup/outputs/sequential_oce_object_followup_v1
retain_once,W04,cat,a photo of the cat,105,147,images/experiment1_sequential_own_step/retain_once/W04/cat/index_105_seed_147.png,cat,dog,False,0.001851115026511252,delete-after-eval,8.934579454944469e-06,0.00016272615175694227,0.000297579012112692,0.001851115026511252,0.0015233218437060714,0.9929831027984619,0.00013585029228124768,0.002886619186028838,3.1802661396795884e-05,0.00011888666631421074,new_followup_supplement,/home/tslin/Documents/jupyter_data/anLi/machine_unlearning/orthogonal-concept-erasure/experiments/sequential_object_followup/outputs/sequential_oce_object_followup_v1
retain_once,W04,cat,a photo of the cat,106,148,images/experiment1_sequential_own_step/retain_once/W04/cat/index_106_seed_148.png,cat,dog,False,0.004159123636782169,delete-after-eval,9.983529162127525e-05,0.0002463666896801442,0.000649346096906811,0.004159123636782169,0.0006411228096112609,0.9811667799949646,0.00043582069338299334,0.011873556300997734,0.00012052523379679769,0.0006076156278140843,new_followup_supplement,/home/tslin/Documents/jupyter_data/anLi/machine_unlearning/orthogonal-concept-erasure/experiments/sequential_object_followup/outputs/sequential_oce_object_followup_v1
retain_once,W04,cat,a photo of the cat,107,149,images/experiment1_sequential_own_step/retain_once/W04/cat/index_107_seed_149.png,cat,dog,False,0.0005035866051912308,delete-after-eval,0.00021286583796609193,0.0007270315545611084,0.0003451761440373957,0.0005035866051912308,0.0012303111143410206,0.9840748310089111,0.001301335054449737,0.010781931690871716,8.69506984599866e-05,0.0007359355222433805,new_followup_supplement,/home/tslin/Documents/jupyter_data/anLi/machine_unlearning/orthogonal-concept-erasure/experiments/sequential_object_followup/outputs/sequential_oce_object_followup_v1
retain_once,W04,cat,a photo of the cat,108,150,images/experiment1_sequential_own_step/retain_once/W04/cat/index_108_seed_150.png,cat,dog,False,0.0017101616831496358,delete-after-eval,2.363613384659402e-05,0.00039390663732774556,0.0005464983987621963,0.0017101616831496358,0.0004259398265276104,0.993337869644165,0.0007107318961061537,0.002486804500222206,3.395167732378468e-05,0.00033052166691049933,new_followup_supplement,/home/tslin/Documents/jupyter_data/anLi/machine_unlearning/orthogonal-concept-erasure/experiments/sequential_object_followup/outputs/sequential_oce_object_followup_v1
retain_once,W04,cat,a photo of the cat,109,151,images/experiment1_sequential_own_step/retain_once/W04/cat/index_109_seed_151.png,cat,dog,False,0.001503489795140922,delete-after-eval,6.097919322201051e-05,0.00025411247042939067,0.00038269307697191834,0.001503489795140922,0.0005765639361925423,0.9868438839912415,0.0004587221483234316,0.00957724079489708,6.086822395445779e-05,0.00028152644517831504,new_followup_supplement,/home/tslin/Documents/jupyter_data/anLi/machine_unlearning/orthogonal-concept-erasure/experiments/sequential_object_followup/outputs/sequential_oce_object_followup_v1
retain_once,W04,cat,a photo of the cat,110,152,images/experiment1_sequential_own_step/retain_once/W04/cat/index_110_seed_152.png,cat,dog,False,0.0009621883509680629,delete-after-eval,4.615984653355554e-05,0.00011731996346497908,0.0001553857437102124,0.0009621883509680629,0.005696997046470642,0.9872381687164307,0.0002555631217546761,0.005226542707532644,5.28113087057136e-05,0.0002489160106051713,new_followup_supplement,/home/tslin/Documents/jupyter_data/anLi/machine_unlearning/orthogonal-concept-erasure/experiments/sequential_object_followup/outputs/sequential_oce_object_followup_v1
retain_once,W04,cat,a photo of the cat,111,153,images/experiment1_sequential_own_step/retain_once/W04/cat/index_111_seed_153.png,cat,dog,False,0.0028849118389189243,delete-after-eval,6.0686961660394445e-05,0.0005769460112787783,0.00032075034687295556,0.0028849118389189243,0.0009850077331066132,0.9914120435714722,0.0002625789202284068,0.0025944814551621675,5.4124146117828786e-05,0.0008483543642796576,new_followup_supplement,/home/tslin/Documents/jupyter_data/anLi/machine_unlearning/orthogonal-concept-erasure/experiments/sequential_object_followup/outputs/sequential_oce_object_followup_v1
retain_once,W04,cat,a photo of the cat,112,154,images/experiment1_sequential_own_step/retain_once/W04/cat/index_112_seed_154.png,cat,dog,False,0.0017762708012014627,delete-after-eval,0.0001287443155888468,0.0010384517954662442,0.0002716978488024324,0.0017762708012014627,0.0001045751923811622,0.9937704205513,0.000528660137206316,0.0019036477897316217,0.00017624400788918138,0.0003012404777109623,new_followup_supplement,/home/tslin/Documents/jupyter_data/anLi/machine_unlearning/orthogonal-concept-erasure/experiments/sequential_object_followup/outputs/sequential_oce_object_followup_v1
retain_once,W04,cat,a photo of the cat,113,155,images/experiment1_sequential_own_step/retain_once/W04/cat/index_113_seed_155.png,cat,dog,False,0.007036346476525068,delete-after-eval,6.052886601537466e-05,0.0005850134766660631,0.0008361618965864182,0.007036346476525068,0.01188730075955391,0.9713566899299622,0.0007826554938219488,0.006339421961456537,0.00026731714024208486,0.0008484892314299941,new_followup_supplement,/home/tslin/Documents/jupyter_data/anLi/machine_unlearning/orthogonal-concept-erasure/experiments/sequential_object_followup/outputs/sequential_oce_object_followup_v1
retain_once,W04,cat,a photo of the cat,114,156,images/experiment1_sequential_own_step/retain_once/W04/cat/index_114_seed_156.png,cat,dog,False,0.0010032994905486703,delete-after-eval,0.00013969973952043802,0.00016190315363928676,0.001311565050855279,0.0010032994905486703,0.006434678565710783,0.9798277616500854,0.002118397504091263,0.008073621429502964,0.00012407390750013292,0.0008050842443481088,new_followup_supplement,/home/tslin/Documents/jupyter_data/anLi/machine_unlearning/orthogonal-concept-erasure/experiments/sequential_object_followup/outputs/sequential_oce_object_followup_v1
retain_once,W04,cat,a photo of the cat,115,157,images/experiment1_sequential_own_step/retain_once/W04/cat/index_115_seed_157.png,cat,dog,False,0.006450194399803877,delete-after-eval,0.0002210425300290808,0.00032820546766743064,0.0005992422229610384,0.006450194399803877,0.0010326285846531391,0.9801242351531982,0.009253074415028095,0.0012100822059437633,0.00013919721823185682,0.0006421944708563387,new_followup_supplement,/home/tslin/Documents/jupyter_data/anLi/machine_unlearning/orthogonal-concept-erasure/experiments/sequential_object_followup/outputs/sequential_oce_object_followup_v1
retain_once,W04,cat,a photo of the cat,116,158,images/experiment1_sequential_own_step/retain_once/W04/cat/index_116_seed_158.png,cat,dog,False,0.0006393779185600579,delete-after-eval,2.5925939553417265e-05,0.00010927914991043508,0.0002969285997096449,0.0006393779185600579,0.0013525591930374503,0.9885381460189819,0.00012545583012979478,0.008572373539209366,4.440783231984824e-05,0.00029552457272075117,new_followup_supplement,/home/tslin/Documents/jupyter_data/anLi/machine_unlearning/orthogonal-concept-erasure/experiments/sequential_object_followup/outputs/sequential_oce_object_followup_v1
retain_once,W04,cat,a photo of the cat,117,159,images/experiment1_sequential_own_step/retain_once/W04/cat/index_117_seed_159.png,cat,dog,False,0.002037326106801629,delete-after-eval,7.377055590040982e-05,0.00017054205818567425,0.0007901518256403506,0.002037326106801629,0.0027601218316704035,0.9913745522499084,0.0008275288855656981,0.001481026178225875,7.844212814234197e-05,0.0004065576649736613,new_followup_supplement,/home/tslin/Documents/jupyter_data/anLi/machine_unlearning/orthogonal-concept-erasure/experiments/sequential_object_followup/outputs/sequential_oce_object_followup_v1
retain_once,W04,cat,a photo of the cat,118,160,images/experiment1_sequential_own_step/retain_once/W04/cat/index_118_seed_160.png,cat,dog,False,0.002161602256819606,delete-after-eval,0.0001566355349496007,0.00026637589326128364,0.001385448151268065,0.002161602256819606,0.0019592135213315487,0.9861955642700195,0.0028486873488873243,0.0043303947895765305,0.00012215178867336363,0.0005739256739616394,new_followup_supplement,/home/tslin/Documents/jupyter_data/anLi/machine_unlearning/orthogonal-concept-erasure/experiments/sequential_object_followup/outputs/sequential_oce_object_followup_v1
retain_once,W04,cat,a photo of the cat,119,161,images/experiment1_sequential_own_step/retain_once/W04/cat/index_119_seed_161.png,cat,dog,False,0.0028300052508711815,delete-after-eval,0.00018187663226854056,0.0006472397944889963,0.0005899877287447453,0.0028300052508711815,0.0011048142332583666,0.9875268340110779,0.0006089353701099753,0.005569213069975376,0.00018112990073859692,0.0007598543306812644,new_followup_supplement,/home/tslin/Documents/jupyter_data/anLi/machine_unlearning/orthogonal-concept-erasure/experiments/sequential_object_followup/outputs/sequential_oce_object_followup_v1
retain_once,W04,cat,a photo of the cat,120,162,images/experiment1_sequential_own_step/retain_once/W04/cat/index_120_seed_162.png,cat,dog,False,0.0011894271010532975,delete-after-eval,7.513589662266895e-05,0.0037074380088597536,0.0003923353797290474,0.0011894271010532975,0.0014644887996837497,0.981642484664917,0.0002901852421928197,0.007642291020601988,3.444554749876261e-05,0.0035617719404399395,new_followup_supplement,/home/tslin/Documents/jupyter_data/anLi/machine_unlearning/orthogonal-concept-erasure/experiments/sequential_object_followup/outputs/sequential_oce_object_followup_v1
retain_once,W04,cat,a photo of the cat,121,163,images/experiment1_sequential_own_step/retain_once/W04/cat/index_121_seed_163.png,cat,dog,False,0.0015635221498087049,delete-after-eval,5.992969818180427e-05,0.0001176845034933649,0.00035811346606351435,0.0015635221498087049,0.0006750969332642853,0.9899072647094727,0.000915026175789535,0.005833884235471487,4.5336295443121344e-05,0.0005240470636636019,new_followup_supplement,/home/tslin/Documents/jupyter_data/anLi/machine_unlearning/orthogonal-concept-erasure/experiments/sequential_object_followup/outputs/sequential_oce_object_followup_v1
retain_once,W04,cat,a photo of the cat,122,164,images/experiment1_sequential_own_step/retain_once/W04/cat/index_122_seed_164.png,cat,dog,False,0.0029644209425896406,delete-after-eval,7.678064866922796e-05,0.000175995533936657,0.0008312429417856038,0.0029644209425896406,0.0017318181926384568,0.9795235395431519,0.003159397980198264,0.010723860003054142,0.0001165633657365106,0.0006963692721910775,new_followup_supplement,/home/tslin/Documents/jupyter_data/anLi/machine_unlearning/orthogonal-concept-erasure/experiments/sequential_object_followup/outputs/sequential_oce_object_followup_v1
retain_once,W04,cat,a photo of the cat,123,165,images/experiment1_sequential_own_step/retain_once/W04/cat/index_123_seed_165.png,cat,dog,False,0.0014692904660478234,delete-after-eval,3.787993045989424e-05,0.0005647282814607024,0.0003162966459058225,0.0014692904660478234,0.00026347298990003765,0.9939285516738892,0.0003637359186541289,0.0026363146025687456,5.989386772853322e-05,0.00035984747228212655,new_followup_supplement,/home/tslin/Documents/jupyter_data/anLi/machine_unlearning/orthogonal-concept-erasure/experiments/sequential_object_followup/outputs/sequential_oce_object_followup_v1
retain_once,W04,cat,a photo of the cat,124,166,images/experiment1_sequential_own_step/retain_once/W04/cat/index_124_seed_166.png,cat,dog,False,0.0007511249277740717,delete-after-eval,4.3053474655607715e-05,0.00019160160445608199,8.138712291838601e-05,0.0007511249277740717,0.0001295321708312258,0.9960430860519409,0.0001345219206996262,0.00220295088365674,5.841457095812075e-05,0.00036431511398404837,new_followup_supplement,/home/tslin/Documents/jupyter_data/anLi/machine_unlearning/orthogonal-concept-erasure/experiments/sequential_object_followup/outputs/sequential_oce_object_followup_v1
retain_once,W04,cat,a photo of the cat,125,167,images/experiment1_sequential_own_step/retain_once/W04/cat/index_125_seed_167.png,cat,dog,False,0.001288857078179717,delete-after-eval,4.6451648813672364e-05,0.00018389898468740284,0.0002806554257404059,0.001288857078179717,0.0004657961253542453,0.9903818964958191,0.00018675650062505156,0.0067328461445868015,5.028276063967496e-05,0.0003825546009466052,new_followup_supplement,/home/tslin/Documents/jupyter_data/anLi/machine_unlearning/orthogonal-concept-erasure/experiments/sequential_object_followup/outputs/sequential_oce_object_followup_v1
retain_once,W04,cat,a photo of the cat,126,168,images/experiment1_sequential_own_step/retain_once/W04/cat/index_126_seed_168.png,cat,dog,False,0.0013899458572268486,delete-after-eval,6.0398204368539155e-05,8.039614476729184e-05,0.00022228083980735391,0.0013899458572268486,0.0008830585866235197,0.9928433299064636,0.00027055846294388175,0.004030927084386349,2.9910401281085797e-05,0.00018918237765319645,new_followup_supplement,/home/tslin/Documents/jupyter_data/anLi/machine_unlearning/orthogonal-concept-erasure/experiments/sequential_object_followup/outputs/sequential_oce_object_followup_v1
retain_once,W04,cat,a photo of the cat,127,169,images/experiment1_sequential_own_step/retain_once/W04/cat/index_127_seed_169.png,cat,dog,False,0.0014833930181339383,delete-after-eval,5.350728679331951e-05,0.00025125386309809983,6.295302591752261e-05,0.0014833930181339383,0.00011766266106860712,0.9931936860084534,0.00019427102233748883,0.004062913358211517,0.0001789114612620324,0.0004014481673948467,new_followup_supplement,/home/tslin/Documents/jupyter_data/anLi/machine_unlearning/orthogonal-concept-erasure/experiments/sequential_object_followup/outputs/sequential_oce_object_followup_v1
retain_once,W04,cat,a photo of the cat,128,170,images/experiment1_sequential_own_step/retain_once/W04/cat/index_128_seed_170.png,cat,dog,False,0.0014744169311597943,delete-after-eval,7.13458503014408e-05,0.00033101296867243946,0.0005911894841119647,0.0014744169311597943,0.002302533248439431,0.9851598739624023,0.0006228551501408219,0.008794247172772884,7.412175182253122e-05,0.000578386418055743,new_followup_supplement,/home/tslin/Documents/jupyter_data/anLi/machine_unlearning/orthogonal-concept-erasure/experiments/sequential_object_followup/outputs/sequential_oce_object_followup_v1
retain_once,W04,cat,a photo of the cat,129,171,images/experiment1_sequential_own_step/retain_once/W04/cat/index_129_seed_171.png,cat,dog,False,0.001760714454576373,delete-after-eval,0.00019327182963024825,0.00034825410693883896,0.0008958712569437921,0.001760714454576373,0.007822714745998383,0.9804409742355347,0.0006141451303847134,0.005877713207155466,7.658420508960262e-05,0.001969733973965049,new_followup_supplement,/home/tslin/Documents/jupyter_data/anLi/machine_unlearning/orthogonal-concept-erasure/experiments/sequential_object_followup/outputs/sequential_oce_object_followup_v1
retain_once,W04,cat,a photo of the cat,130,172,images/experiment1_sequential_own_step/retain_once/W04/cat/index_130_seed_172.png,cat,dog,False,0.0005525248707272112,delete-after-eval,2.90737152681686e-05,0.00017675156414043158,0.00028032661066390574,0.0005525248707272112,6.405560270650312e-05,0.9951145648956299,3.644922253442928e-05,0.0033881776034832,3.8635094824712723e-05,0.0003194775490555912,new_followup_supplement,/home/tslin/Documents/jupyter_data/anLi/machine_unlearning/orthogonal-concept-erasure/experiments/sequential_object_followup/outputs/sequential_oce_object_followup_v1
retain_once,W04,cat,a photo of the cat,131,173,images/experiment1_sequential_own_step/retain_once/W04/cat/index_131_seed_173.png,cat,dog,False,0.0024503853637725115,delete-after-eval,0.00017380299686919898,0.0003589654515963048,0.0008617672719992697,0.0024503853637725115,0.0016565944533795118,0.9807900190353394,0.0009099645540118217,0.011121069081127644,0.00011641016317298636,0.0015610662521794438,new_followup_supplement,/home/tslin/Documents/jupyter_data/anLi/machine_unlearning/orthogonal-concept-erasure/experiments/sequential_object_followup/outputs/sequential_oce_object_followup_v1
retain_once,W04,cat,a photo of the cat,132,174,images/experiment1_sequential_own_step/retain_once/W04/cat/index_132_seed_174.png,cat,dog,False,0.001077073160558939,delete-after-eval,0.0001137686922447756,0.00048224296187981963,0.0009135614964179695,0.001077073160558939,0.0014221841702237725,0.9842012524604797,0.00011515215010149404,0.010569808073341846,8.239746239269152e-05,0.0010225377045571804,new_followup_supplement,/home/tslin/Documents/jupyter_data/anLi/machine_unlearning/orthogonal-concept-erasure/experiments/sequential_object_followup/outputs/sequential_oce_object_followup_v1
retain_once,W04,cat,a photo of the cat,133,175,images/experiment1_sequential_own_step/retain_once/W04/cat/index_133_seed_175.png,cat,dog,False,0.0020067556761205196,delete-after-eval,6.119088357081637e-05,0.00043983300565741956,0.0002636440913192928,0.0020067556761205196,0.0007922696531750262,0.9876156449317932,0.00018439124687574804,0.006669941823929548,0.00037582393269985914,0.0015904748579487205,new_followup_supplement,/home/tslin/Documents/jupyter_data/anLi/machine_unlearning/orthogonal-concept-erasure/experiments/sequential_object_followup/outputs/sequential_oce_object_followup_v1
retain_once,W04,cat,a photo of the cat,134,176,images/experiment1_sequential_own_step/retain_once/W04/cat/index_134_seed_176.png,cat,dog,False,0.0008428376750089228,delete-after-eval,0.00035254593240097165,0.00021497740817721933,0.0004717180854640901,0.0008428376750089228,0.000531771860551089,0.9853654503822327,0.00019472779240459204,0.009457018226385117,0.000562816858291626,0.002006147289648652,new_followup_supplement,/home/tslin/Documents/jupyter_data/anLi/machine_unlearning/orthogonal-concept-erasure/experiments/sequential_object_followup/outputs/sequential_oce_object_followup_v1
retain_once,W04,cat,a photo of the cat,135,177,images/experiment1_sequential_own_step/retain_once/W04/cat/index_135_seed_177.png,cat,dog,False,0.002008697483688593,delete-after-eval,0.00020974526705686003,0.002880444750189781,0.00039219894097186625,0.002008697483688593,0.000976693001575768,0.988284707069397,0.001096131163649261,0.002717446070164442,0.00010122943058377132,0.0013326379703357816,new_followup_supplement,/home/tslin/Documents/jupyter_data/anLi/machine_unlearning/orthogonal-concept-erasure/experiments/sequential_object_followup/outputs/sequential_oce_object_followup_v1
retain_once,W04,cat,a photo of the cat,136,178,images/experiment1_sequential_own_step/retain_once/W04/cat/index_136_seed_178.png,cat,dog,False,0.0024403391871601343,delete-after-eval,0.00014297600137069821,0.0003112352278549224,0.0003680519002955407,0.0024403391871601343,0.003338552312925458,0.9810596108436584,0.0005670309765264392,0.01055783499032259,6.971989932935685e-05,0.0011445429408922791,new_followup_supplement,/home/tslin/Documents/jupyter_data/anLi/machine_unlearning/orthogonal-concept-erasure/experiments/sequential_object_followup/outputs/sequential_oce_object_followup_v1
retain_once,W04,cat,a photo of the cat,137,179,images/experiment1_sequential_own_step/retain_once/W04/cat/index_137_seed_179.png,cat,dog,False,0.00209953635931015,delete-after-eval,0.0002040968247456476,0.0011325350496917963,0.0006974964053370059,0.00209953635931015,0.00012413831427693367,0.9881892204284668,0.002858968684449792,0.0034250349272042513,0.00036927638575434685,0.0008997534168884158,new_followup_supplement,/home/tslin/Documents/jupyter_data/anLi/machine_unlearning/orthogonal-concept-erasure/experiments/sequential_object_followup/outputs/sequential_oce_object_followup_v1
retain_once,W04,cat,a photo of the cat,138,180,images/experiment1_sequential_own_step/retain_once/W04/cat/index_138_seed_180.png,cat,dog,False,0.0031734632793813944,delete-after-eval,0.00023931849864311516,0.0004077456833329052,0.0014450408052653074,0.0031734632793813944,0.002840044442564249,0.9833533763885498,0.0009023055317811668,0.006268954370170832,0.0002950441266875714,0.0010746356565505266,new_followup_supplement,/home/tslin/Documents/jupyter_data/anLi/machine_unlearning/orthogonal-concept-erasure/experiments/sequential_object_followup/outputs/sequential_oce_object_followup_v1
retain_once,W04,cat,a photo of the cat,139,181,images/experiment1_sequential_own_step/retain_once/W04/cat/index_139_seed_181.png,cat,dog,False,0.0011159420246258378,delete-after-eval,0.00023165068705566227,0.00013364428014028817,0.00034593555028550327,0.0011159420246258378,0.004438608419150114,0.9788841009140015,0.00029583738069050014,0.014136897400021553,9.610315464669839e-05,0.00032136065419763327,new_followup_supplement,/home/tslin/Documents/jupyter_data/anLi/machine_unlearning/orthogonal-concept-erasure/experiments/sequential_object_followup/outputs/sequential_oce_object_followup_v1
retain_once,W04,cat,a photo of the cat,140,182,images/experiment1_sequential_own_step/retain_once/W04/cat/index_140_seed_182.png,cat,dog,False,0.001002949895337224,delete-after-eval,2.2871692635817453e-05,0.001124178641475737,0.0001705325994407758,0.001002949895337224,0.0002266842930112034,0.99496990442276,9.331343608209863e-05,0.0013841117033734918,3.735316568054259e-05,0.0009682194795459509,new_followup_supplement,/home/tslin/Documents/jupyter_data/anLi/machine_unlearning/orthogonal-concept-erasure/experiments/sequential_object_followup/outputs/sequential_oce_object_followup_v1
retain_once,W04,cat,a photo of the cat,141,183,images/experiment1_sequential_own_step/retain_once/W04/cat/index_141_seed_183.png,cat,dog,False,0.005098464898765087,delete-after-eval,6.415070674847811e-05,0.0002900105610024184,0.0005175739643163979,0.005098464898765087,0.00039753239252604544,0.9860829710960388,0.0025391525123268366,0.0038654583040624857,0.00012689721188507974,0.001017680042423308,new_followup_supplement,/home/tslin/Documents/jupyter_data/anLi/machine_unlearning/orthogonal-concept-erasure/experiments/sequential_object_followup/outputs/sequential_oce_object_followup_v1
retain_once,W04,cat,a photo of the cat,142,184,images/experiment1_sequential_own_step/retain_once/W04/cat/index_142_seed_184.png,cat,dog,False,0.0006275592604652047,delete-after-eval,0.00011213424295419827,0.00021296677005011588,0.00030245829839259386,0.0006275592604652047,0.0005584076861850917,0.9838075041770935,0.00012117737787775695,0.013698301278054714,8.019377855816856e-05,0.0004792987310793251,new_followup_supplement,/home/tslin/Documents/jupyter_data/anLi/machine_unlearning/orthogonal-concept-erasure/experiments/sequential_object_followup/outputs/sequential_oce_object_followup_v1
retain_once,W04,cat,a photo of the cat,143,185,images/experiment1_sequential_own_step/retain_once/W04/cat/index_143_seed_185.png,cat,dog,False,0.0018062180606648326,delete-after-eval,0.0003175068413838744,0.0003962743212468922,0.00041561282705515623,0.0018062180606648326,0.0006406796746887267,0.9767704606056213,0.0021350958850234747,0.0159843061119318,9.825496817938983e-05,0.0014355506282299757,new_followup_supplement,/home/tslin/Documents/jupyter_data/anLi/machine_unlearning/orthogonal-concept-erasure/experiments/sequential_object_followup/outputs/sequential_oce_object_followup_v1
retain_once,W04,cat,a photo of the cat,144,186,images/experiment1_sequential_own_step/retain_once/W04/cat/index_144_seed_186.png,cat,dog,False,0.008148891851305962,delete-after-eval,0.00010342063615098596,0.00028549524722620845,0.0006552513223141432,0.008148891851305962,0.000985291670076549,0.9861505627632141,0.0007428894168697298,0.0023935658391565084,9.690669685369357e-05,0.00043766360613517463,new_followup_supplement,/home/tslin/Documents/jupyter_data/anLi/machine_unlearning/orthogonal-concept-erasure/experiments/sequential_object_followup/outputs/sequential_oce_object_followup_v1
retain_once,W04,cat,a photo of the cat,145,187,images/experiment1_sequential_own_step/retain_once/W04/cat/index_145_seed_187.png,cat,dog,False,0.002876190934330225,delete-after-eval,0.00010427522647660226,0.00038836829480715096,0.0008196237031370401,0.002876190934330225,0.0002459618845023215,0.9888807535171509,0.002662102458998561,0.0034290470648556948,0.00014777366595808417,0.0004459404735825956,new_followup_supplement,/home/tslin/Documents/jupyter_data/anLi/machine_unlearning/orthogonal-concept-erasure/experiments/sequential_object_followup/outputs/sequential_oce_object_followup_v1
retain_once,W04,cat,a photo of the cat,146,188,images/experiment1_sequential_own_step/retain_once/W04/cat/index_146_seed_188.png,cat,dog,False,0.0014308823738247156,delete-after-eval,0.00010134285548701882,0.002016855636611581,0.003747755428776145,0.0014308823738247156,0.0030649316031485796,0.982599139213562,0.0014243255136534572,0.0037986289244145155,7.73015126469545e-05,0.0017388835549354553,new_followup_supplement,/home/tslin/Documents/jupyter_data/anLi/machine_unlearning/orthogonal-concept-erasure/experiments/sequential_object_followup/outputs/sequential_oce_object_followup_v1
retain_once,W04,cat,a photo of the cat,147,189,images/experiment1_sequential_own_step/retain_once/W04/cat/index_147_seed_189.png,cat,dog,False,0.00985238142311573,delete-after-eval,0.00015505868941545486,0.00013178573863115162,0.0007164974231272936,0.00985238142311573,0.0007192468619905412,0.9812352061271667,0.0028120605275034904,0.0037240181118249893,0.00023590157798025757,0.0004178814706392586,new_followup_supplement,/home/tslin/Documents/jupyter_data/anLi/machine_unlearning/orthogonal-concept-erasure/experiments/sequential_object_followup/outputs/sequential_oce_object_followup_v1
retain_once,W04,cat,a photo of the cat,148,190,images/experiment1_sequential_own_step/retain_once/W04/cat/index_148_seed_190.png,cat,dog,False,0.0016341542359441519,delete-after-eval,0.00014186889166012406,0.0004633646458387375,0.0006559775792993605,0.0016341542359441519,0.00832333229482174,0.9853341579437256,0.001581153948791325,0.0016674279468134046,3.1973195291357115e-05,0.0001666031457716599,new_followup_supplement,/home/tslin/Documents/jupyter_data/anLi/machine_unlearning/orthogonal-concept-erasure/experiments/sequential_object_followup/outputs/sequential_oce_object_followup_v1
retain_once,W04,cat,a photo of the cat,149,191,images/experiment1_sequential_own_step/retain_once/W04/cat/index_149_seed_191.png,cat,dog,False,0.01346251554787159,delete-after-eval,3.642966476036236e-05,0.0005111751379445195,0.001264837570488453,0.01346251554787159,0.004257025197148323,0.9489829540252686,0.0011586584150791168,0.029433565214276314,9.8459015134722e-05,0.000794466002844274,new_followup_supplement,/home/tslin/Documents/jupyter_data/anLi/machine_unlearning/orthogonal-concept-erasure/experiments/sequential_object_followup/outputs/sequential_oce_object_followup_v1
retain_once,W04,cat,a photo of the cat,150,192,images/experiment1_sequential_own_step/retain_once/W04/cat/index_150_seed_192.png,cat,dog,False,0.0020359347108751535,delete-after-eval,7.310506043722853e-05,0.000524582457728684,0.0006660498911514878,0.0020359347108751535,0.0010580297093838453,0.9904519319534302,0.0005074196960777044,0.004165842197835445,0.0001251737994607538,0.0003918897418770939,new_followup_supplement,/home/tslin/Documents/jupyter_data/anLi/machine_unlearning/orthogonal-concept-erasure/experiments/sequential_object_followup/outputs/sequential_oce_object_followup_v1
retain_once,W04,cat,a photo of the cat,151,193,images/experiment1_sequential_own_step/retain_once/W04/cat/index_151_seed_193.png,cat,dog,False,0.003439341438934207,delete-after-eval,6.283293623710051e-05,0.00027005522861145437,0.00039418914820998907,0.003439341438934207,0.0002386590640526265,0.9892158508300781,0.00020200872677378356,0.005654541309922934,5.1327082474017516e-05,0.0004710561188403517,new_followup_supplement,/home/tslin/Documents/jupyter_data/anLi/machine_unlearning/orthogonal-concept-erasure/experiments/sequential_object_followup/outputs/sequential_oce_object_followup_v1
retain_once,W04,cat,a photo of the cat,152,194,images/experiment1_sequential_own_step/retain_once/W04/cat/index_152_seed_194.png,cat,dog,False,0.0010310572106391191,delete-after-eval,5.3343599574873224e-05,0.0008451049798168242,0.00033717925543896854,0.0010310572106391191,0.001057150075212121,0.986735463142395,0.0003323997079860419,0.009005215018987656,6.407022010535002e-05,0.0005389989819377661,new_followup_supplement,/home/tslin/Documents/jupyter_data/anLi/machine_unlearning/orthogonal-concept-erasure/experiments/sequential_object_followup/outputs/sequential_oce_object_followup_v1
retain_once,W04,cat,a photo of the cat,153,195,images/experiment1_sequential_own_step/retain_once/W04/cat/index_153_seed_195.png,cat,dog,False,0.0016123823588714004,delete-after-eval,2.474162647558842e-05,0.0002057364326901734,0.0003613446024246514,0.0016123823588714004,0.0006317613297142088,0.9943016767501831,0.0005505750305019319,0.0019673986826092005,4.873879152000882e-05,0.0002957230026368052,new_followup_supplement,/home/tslin/Documents/jupyter_data/anLi/machine_unlearning/orthogonal-concept-erasure/experiments/sequential_object_followup/outputs/sequential_oce_object_followup_v1
retain_once,W04,cat,a photo of the cat,154,196,images/experiment1_sequential_own_step/retain_once/W04/cat/index_154_seed_196.png,cat,dog,False,0.001797101111151278,delete-after-eval,0.00010022440983448178,0.00019673352653626353,0.00047873338917270303,0.001797101111151278,0.004021158441901207,0.984312891960144,0.0003713341138791293,0.008097285404801369,9.615405724616721e-05,0.0005283039063215256,new_followup_supplement,/home/tslin/Documents/jupyter_data/anLi/machine_unlearning/orthogonal-concept-erasure/experiments/sequential_object_followup/outputs/sequential_oce_object_followup_v1
retain_once,W04,cat,a photo of the cat,155,197,images/experiment1_sequential_own_step/retain_once/W04/cat/index_155_seed_197.png,cat,dog,False,0.004449210129678249,delete-after-eval,2.2750602511223406e-05,0.0006842790171504021,0.0005286084488034248,0.004449210129678249,0.0007640414405614138,0.9883919358253479,0.00018302783428225666,0.0043735443614423275,0.00011205010378034785,0.0004905885434709489,new_followup_supplement,/home/tslin/Documents/jupyter_data/anLi/machine_unlearning/orthogonal-concept-erasure/experiments/sequential_object_followup/outputs/sequential_oce_object_followup_v1
retain_once,W04,cat,a photo of the cat,156,198,images/experiment1_sequential_own_step/retain_once/W04/cat/index_156_seed_198.png,cat,dog,False,0.003220571670681238,delete-after-eval,0.00017252285033464432,0.0006107815424911678,0.0016071461141109467,0.003220571670681238,0.0022320589050650597,0.9828181862831116,0.001038182177580893,0.0059881070628762245,0.00045962067088112235,0.0018528294749557972,new_followup_supplement,/home/tslin/Documents/jupyter_data/anLi/machine_unlearning/orthogonal-concept-erasure/experiments/sequential_object_followup/outputs/sequential_oce_object_followup_v1
retain_once,W04,cat,a photo of the cat,157,199,images/experiment1_sequential_own_step/retain_once/W04/cat/index_157_seed_199.png,cat,dog,False,0.001179807004518807,delete-after-eval,0.0002384893159614876,0.00039481211570091546,0.0005478016100823879,0.001179807004518807,0.0026589285116642714,0.9884141683578491,0.0012672966113314033,0.003598216688260436,0.00011488635209389031,0.0015855005476623774,new_followup_supplement,/home/tslin/Documents/jupyter_data/anLi/machine_unlearning/orthogonal-concept-erasure/experiments/sequential_object_followup/outputs/sequential_oce_object_followup_v1
retain_once,W04,cat,a photo of the cat,158,200,images/experiment1_sequential_own_step/retain_once/W04/cat/index_158_seed_200.png,cat,dog,False,0.001084826304577291,delete-after-eval,3.287853905931115e-05,0.00022211720352061093,0.0002679408062249422,0.001084826304577291,0.0006839382112957537,0.9919231534004211,0.0002145500184269622,0.005164244212210178,5.171691009309143e-05,0.00035458296770229936,new_followup_supplement,/home/tslin/Documents/jupyter_data/anLi/machine_unlearning/orthogonal-concept-erasure/experiments/sequential_object_followup/outputs/sequential_oce_object_followup_v1
retain_once,W04,cat,a photo of the cat,159,201,images/experiment1_sequential_own_step/retain_once/W04/cat/index_159_seed_201.png,cat,dog,False,0.0025096875615417957,delete-after-eval,8.408111170865595e-05,0.0005629169172607362,0.0007555424817837775,0.0025096875615417957,0.015589462593197823,0.9744172692298889,0.0030881757847964764,0.0023578174877911806,3.8092475733719766e-05,0.0005969073972664773,new_followup_supplement,/home/tslin/Documents/jupyter_data/anLi/machine_unlearning/orthogonal-concept-erasure/experiments/sequential_object_followup/outputs/sequential_oce_object_followup_v1
retain_once,W04,cat,a photo of the cat,160,202,images/experiment1_sequential_own_step/retain_once/W04/cat/index_160_seed_202.png,cat,dog,False,0.0007721991860307753,delete-after-eval,5.005155981052667e-05,0.0007094036554917693,0.00045219651656225324,0.0007721991860307753,0.00020849649445153773,0.9939846396446228,0.00033803030964918435,0.0026382138021290302,4.268564225640148e-05,0.0008040651446208358,new_followup_supplement,/home/tslin/Documents/jupyter_data/anLi/machine_unlearning/orthogonal-concept-erasure/experiments/sequential_object_followup/outputs/sequential_oce_object_followup_v1
retain_once,W04,cat,a photo of the cat,161,203,images/experiment1_sequential_own_step/retain_once/W04/cat/index_161_seed_203.png,cat,dog,False,0.001193651813082397,delete-after-eval,4.310980875743553e-05,0.0010153312468901277,0.00022318806441035122,0.001193651813082397,0.0001807001099223271,0.9898680448532104,0.0001221615239046514,0.005357602145522833,0.00010911811841651797,0.0018871090142056346,new_followup_supplement,/home/tslin/Documents/jupyter_data/anLi/machine_unlearning/orthogonal-concept-erasure/experiments/sequential_object_followup/outputs/sequential_oce_object_followup_v1
retain_once,W04,cat,a photo of the cat,162,204,images/experiment1_sequential_own_step/retain_once/W04/cat/index_162_seed_204.png,cat,dog,False,0.0005067163147032261,delete-after-eval,5.072314525023103e-05,0.0001476733887102455,0.00011780354543589056,0.0005067163147032261,0.0002833694452419877,0.9908273816108704,4.353858093963936e-05,0.00761414784938097,8.12228026916273e-05,0.0003275521157775074,new_followup_supplement,/home/tslin/Documents/jupyter_data/anLi/machine_unlearning/orthogonal-concept-erasure/experiments/sequential_object_followup/outputs/sequential_oce_object_followup_v1
retain_once,W04,cat,a photo of the cat,163,205,images/experiment1_sequential_own_step/retain_once/W04/cat/index_163_seed_205.png,cat,dog,False,0.002183269476518035,delete-after-eval,0.0001586174184922129,0.0007138099754229188,0.0004931241273880005,0.002183269476518035,0.0031237048096954823,0.9751450419425964,0.0007622390403412282,0.012573124840855598,0.00038468840648420155,0.0044623552821576595,new_followup_supplement,/home/tslin/Documents/jupyter_data/anLi/machine_unlearning/orthogonal-concept-erasure/experiments/sequential_object_followup/outputs/sequential_oce_object_followup_v1
retain_once,W04,cat,a photo of the cat,164,206,images/experiment1_sequential_own_step/retain_once/W04/cat/index_164_seed_206.png,cat,dog,False,0.002424785168841481,delete-after-eval,0.00010931254655588418,0.00016751099610701203,0.0011609351495280862,0.002424785168841481,0.0036331804003566504,0.9806697964668274,0.0007578957010991871,0.010157410986721516,0.0001257546100532636,0.0007934774039313197,new_followup_supplement,/home/tslin/Documents/jupyter_data/anLi/machine_unlearning/orthogonal-concept-erasure/experiments/sequential_object_followup/outputs/sequential_oce_object_followup_v1
retain_once,W04,cat,a photo of the cat,165,207,images/experiment1_sequential_own_step/retain_once/W04/cat/index_165_seed_207.png,cat,dog,False,0.0008821013034321368,delete-after-eval,6.351619958877563e-05,0.00020697973377536982,0.00034737703390419483,0.0008821013034321368,0.0011809810530394316,0.9875802993774414,0.00015480494766961783,0.009056524373590946,7.658331014681607e-05,0.00045071978820487857,new_followup_supplement,/home/tslin/Documents/jupyter_data/anLi/machine_unlearning/orthogonal-concept-erasure/experiments/sequential_object_followup/outputs/sequential_oce_object_followup_v1
retain_once,W04,cat,a photo of the cat,166,208,images/experiment1_sequential_own_step/retain_once/W04/cat/index_166_seed_208.png,cat,dog,False,0.004562339745461941,delete-after-eval,3.484286571620032e-05,0.000860600033774972,0.0003002705052495003,0.004562339745461941,0.0032326916698366404,0.9875484704971313,0.0002101943246088922,0.002251597121357918,4.912984877591953e-05,0.0009498866857029498,new_followup_supplement,/home/tslin/Documents/jupyter_data/anLi/machine_unlearning/orthogonal-concept-erasure/experiments/sequential_object_followup/outputs/sequential_oce_object_followup_v1
retain_once,W04,cat,a photo of the cat,167,209,images/experiment1_sequential_own_step/retain_once/W04/cat/index_167_seed_209.png,cat,dog,False,0.0018868789775297046,delete-after-eval,0.00019255363440606743,0.00018343658302910626,0.0005351370782591403,0.0018868789775297046,0.0005149318603798747,0.9913533329963684,0.0007134150364436209,0.0038743210025131702,0.0001677267428021878,0.0005782140069641173,new_followup_supplement,/home/tslin/Documents/jupyter_data/anLi/machine_unlearning/orthogonal-concept-erasure/experiments/sequential_object_followup/outputs/sequential_oce_object_followup_v1
retain_once,W04,cat,a photo of the cat,168,210,images/experiment1_sequential_own_step/retain_once/W04/cat/index_168_seed_210.png,cat,dog,False,0.0019460504408925772,delete-after-eval,7.401714537991211e-05,0.0010300071444362402,0.00038335577119141817,0.0019460504408925772,0.0008522999123670161,0.9904419779777527,0.0001989901065826416,0.004429517779499292,0.00011314760922687128,0.0005306979874148965,new_followup_supplement,/home/tslin/Documents/jupyter_data/anLi/machine_unlearning/orthogonal-concept-erasure/experiments/sequential_object_followup/outputs/sequential_oce_object_followup_v1
retain_once,W04,cat,a photo of the cat,169,211,images/experiment1_sequential_own_step/retain_once/W04/cat/index_169_seed_211.png,cat,dog,False,0.002041563391685486,delete-after-eval,6.50093934382312e-05,0.00017063325503841043,0.0003099620807915926,0.002041563391685486,0.003388074692338705,0.9878661632537842,0.00030795615748502314,0.005197468679398298,4.0740385884419084e-05,0.0006125151412561536,new_followup_supplement,/home/tslin/Documents/jupyter_data/anLi/machine_unlearning/orthogonal-concept-erasure/experiments/sequential_object_followup/outputs/sequential_oce_object_followup_v1
retain_once,W04,cat,a photo of the cat,170,212,images/experiment1_sequential_own_step/retain_once/W04/cat/index_170_seed_212.png,cat,dog,False,0.0018047813791781664,delete-after-eval,0.00011031686881324276,0.00020242287428118289,0.00029553534113802016,0.0018047813791781664,0.00012415353558026254,0.9929773211479187,0.00018325759447179735,0.003663561772555113,0.00016293360386043787,0.0004757167480420321,new_followup_supplement,/home/tslin/Documents/jupyter_data/anLi/machine_unlearning/orthogonal-concept-erasure/experiments/sequential_object_followup/outputs/sequential_oce_object_followup_v1
retain_once,W04,cat,a photo of the cat,171,213,images/experiment1_sequential_own_step/retain_once/W04/cat/index_171_seed_213.png,cat,dog,False,0.0009048641077242792,delete-after-eval,0.00011146094766445458,0.0005916387308388948,0.00042872983613051474,0.0009048641077242792,0.00025425199419260025,0.9904168844223022,9.085766942007467e-05,0.005152931436896324,0.0001113581020035781,0.0019371651578694582,new_followup_supplement,/home/tslin/Documents/jupyter_data/anLi/machine_unlearning/orthogonal-concept-erasure/experiments/sequential_object_followup/outputs/sequential_oce_object_followup_v1
retain_once,W04,cat,a photo of the cat,172,214,images/experiment1_sequential_own_step/retain_once/W04/cat/index_172_seed_214.png,cat,dog,False,0.002664137864485383,delete-after-eval,1.995695311052259e-05,0.00014125285088084638,0.0009666865225881338,0.002664137864485383,0.0008711873088032007,0.9910252094268799,0.00294417142868042,0.0012452598894014955,2.2008596715750173e-05,0.00010017645399784669,new_followup_supplement,/home/tslin/Documents/jupyter_data/anLi/machine_unlearning/orthogonal-concept-erasure/experiments/sequential_object_followup/outputs/sequential_oce_object_followup_v1
retain_once,W04,cat,a photo of the cat,173,215,images/experiment1_sequential_own_step/retain_once/W04/cat/index_173_seed_215.png,cat,dog,False,0.001035317312926054,delete-after-eval,0.00011961077689193189,0.0006038837600499392,0.0005139072891324759,0.001035317312926054,0.0023132632486522198,0.9843683838844299,0.0005726919625885785,0.009583529084920883,0.0001228740147780627,0.0007666374440304935,new_followup_supplement,/home/tslin/Documents/jupyter_data/anLi/machine_unlearning/orthogonal-concept-erasure/experiments/sequential_object_followup/outputs/sequential_oce_object_followup_v1
retain_once,W04,cat,a photo of the cat,174,216,images/experiment1_sequential_own_step/retain_once/W04/cat/index_174_seed_216.png,cat,dog,False,0.0012496219715103507,delete-after-eval,0.0001586302532814443,0.000474778120405972,0.0006875409162603319,0.0012496219715103507,0.0013163314433768392,0.9906345009803772,0.002016163431107998,0.002580704865977168,0.00013060346827842295,0.0007510781288146973,new_followup_supplement,/home/tslin/Documents/jupyter_data/anLi/machine_unlearning/orthogonal-concept-erasure/experiments/sequential_object_followup/outputs/sequential_oce_object_followup_v1
retain_once,W04,cat,a photo of the cat,175,217,images/experiment1_sequential_own_step/retain_once/W04/cat/index_175_seed_217.png,cat,dog,False,0.001025474863126874,delete-after-eval,3.971300975535996e-05,0.0001244310406036675,0.00027965439949184656,0.001025474863126874,0.00014304043725132942,0.9960247278213501,0.00013673662033397704,0.001834344700910151,8.133115625241771e-05,0.0003104817005805671,new_followup_supplement,/home/tslin/Documents/jupyter_data/anLi/machine_unlearning/orthogonal-concept-erasure/experiments/sequential_object_followup/outputs/sequential_oce_object_followup_v1
retain_once,W04,cat,a photo of the cat,176,218,images/experiment1_sequential_own_step/retain_once/W04/cat/index_176_seed_218.png,cat,dog,False,0.0013730903156101704,delete-after-eval,5.224618871579878e-05,0.000246477487962693,0.0006311009638011456,0.0013730903156101704,0.004710907582193613,0.9833489656448364,0.00022649952734354883,0.00870326068252325,0.00014504458522424102,0.0005623758770525455,new_followup_supplement,/home/tslin/Documents/jupyter_data/anLi/machine_unlearning/orthogonal-concept-erasure/experiments/sequential_object_followup/outputs/sequential_oce_object_followup_v1
retain_once,W04,cat,a photo of the cat,177,219,images/experiment1_sequential_own_step/retain_once/W04/cat/index_177_seed_219.png,cat,dog,False,0.002875981153920293,delete-after-eval,2.207512989116367e-05,0.00018983811605721712,0.0005526841268874705,0.002875981153920293,0.0020666886121034622,0.9902827739715576,0.0005402900860644877,0.003283108351752162,5.411418169387616e-05,0.0001324960176134482,new_followup_supplement,/home/tslin/Documents/jupyter_data/anLi/machine_unlearning/orthogonal-concept-erasure/experiments/sequential_object_followup/outputs/sequential_oce_object_followup_v1
retain_once,W04,cat,a photo of the cat,178,220,images/experiment1_sequential_own_step/retain_once/W04/cat/index_178_seed_220.png,cat,dog,False,0.0015034439275041223,delete-after-eval,0.00021366971486713737,0.0005785137182101607,0.00020038100774399936,0.0015034439275041223,0.00048093110672198236,0.9845595955848694,0.00021189937251619995,0.01081130187958479,0.00024468821357004344,0.0011954784858971834,new_followup_supplement,/home/tslin/Documents/jupyter_data/anLi/machine_unlearning/orthogonal-concept-erasure/experiments/sequential_object_followup/outputs/sequential_oce_object_followup_v1
retain_once,W04,cat,a photo of the cat,179,221,images/experiment1_sequential_own_step/retain_once/W04/cat/index_179_seed_221.png,cat,dog,False,0.0045752800069749355,delete-after-eval,0.00029142812127247453,0.0006848043412901461,0.0006824650918133557,0.0045752800069749355,0.0037020097952336073,0.9812245965003967,0.0018953620456159115,0.005711332894861698,0.00014158229168970138,0.0010910254204645753,new_followup_supplement,/home/tslin/Documents/jupyter_data/anLi/machine_unlearning/orthogonal-concept-erasure/experiments/sequential_object_followup/outputs/sequential_oce_object_followup_v1
retain_once,W04,cat,a photo of the cat,180,222,images/experiment1_sequential_own_step/retain_once/W04/cat/index_180_seed_222.png,cat,dog,False,0.0063759395852684975,delete-after-eval,7.065959653118625e-05,0.0017428656574338675,0.0006721819518133998,0.0063759395852684975,0.005773215554654598,0.9264481067657471,0.0030952172819525003,0.054598160088062286,0.00023065085406415164,0.0009929657680913806,new_followup_supplement,/home/tslin/Documents/jupyter_data/anLi/machine_unlearning/orthogonal-concept-erasure/experiments/sequential_object_followup/outputs/sequential_oce_object_followup_v1
retain_once,W04,cat,a photo of the cat,181,223,images/experiment1_sequential_own_step/retain_once/W04/cat/index_181_seed_223.png,cat,dog,False,0.0011319115292280912,delete-after-eval,4.930401701130904e-05,0.0004270499339327216,0.0003165465022902936,0.0011319115292280912,0.0010914528975263238,0.9861128926277161,7.86841192166321e-05,0.010240494273602962,4.875340891885571e-05,0.0005029450985603034,new_followup_supplement,/home/tslin/Documents/jupyter_data/anLi/machine_unlearning/orthogonal-concept-erasure/experiments/sequential_object_followup/outputs/sequential_oce_object_followup_v1
retain_once,W04,cat,a photo of the cat,182,224,images/experiment1_sequential_own_step/retain_once/W04/cat/index_182_seed_224.png,cat,dog,False,0.002060770057141781,delete-after-eval,0.00033740687649697065,0.00032109912717714906,0.0005340540083125234,0.002060770057141781,0.007656923495233059,0.9826650619506836,0.0009473825339227915,0.004061670042574406,0.00012498314026743174,0.0012905000476166606,new_followup_supplement,/home/tslin/Documents/jupyter_data/anLi/machine_unlearning/orthogonal-concept-erasure/experiments/sequential_object_followup/outputs/sequential_oce_object_followup_v1
retain_once,W04,cat,a photo of the cat,183,225,images/experiment1_sequential_own_step/retain_once/W04/cat/index_183_seed_225.png,cat,dog,False,0.0031320923008024693,delete-after-eval,4.820397589355707e-05,0.00025757242110557854,0.0006286831339821219,0.0031320923008024693,0.003091867081820965,0.976615309715271,0.0014285520883277059,0.012201989069581032,0.00027752388268709183,0.00231810100376606,new_followup_supplement,/home/tslin/Documents/jupyter_data/anLi/machine_unlearning/orthogonal-concept-erasure/experiments/sequential_object_followup/outputs/sequential_oce_object_followup_v1
retain_once,W04,cat,a photo of the cat,184,226,images/experiment1_sequential_own_step/retain_once/W04/cat/index_184_seed_226.png,cat,dog,False,0.0020517839584499598,delete-after-eval,2.521983151382301e-05,0.0025890073738992214,0.00015632828581146896,0.0020517839584499598,0.00044102847459726036,0.9894900918006897,8.339623309439048e-05,0.0039954655803740025,5.573949601966888e-05,0.0011119138216599822,new_followup_supplement,/home/tslin/Documents/jupyter_data/anLi/machine_unlearning/orthogonal-concept-erasure/experiments/sequential_object_followup/outputs/sequential_oce_object_followup_v1
retain_once,W04,cat,a photo of the cat,185,227,images/experiment1_sequential_own_step/retain_once/W04/cat/index_185_seed_227.png,cat,dog,False,0.0031827264465391636,delete-after-eval,0.00020005350233986974,0.00022156789782457054,0.0003191971918568015,0.0031827264465391636,0.00031437253346666694,0.9922142624855042,0.0010624929564073682,0.000889754795935005,0.00018738166545517743,0.0014081625267863274,new_followup_supplement,/home/tslin/Documents/jupyter_data/anLi/machine_unlearning/orthogonal-concept-erasure/experiments/sequential_object_followup/outputs/sequential_oce_object_followup_v1
retain_once,W04,cat,a photo of the cat,186,228,images/experiment1_sequential_own_step/retain_once/W04/cat/index_186_seed_228.png,cat,dog,False,0.0015008983900770545,delete-after-eval,4.3674859625753015e-05,0.0004147424187976867,0.0004520710790529847,0.0015008983900770545,0.0018663419177755713,0.9820587038993835,0.001334427623078227,0.011114850640296936,7.717578409938142e-05,0.001137111452408135,new_followup_supplement,/home/tslin/Documents/jupyter_data/anLi/machine_unlearning/orthogonal-concept-erasure/experiments/sequential_object_followup/outputs/sequential_oce_object_followup_v1
retain_once,W04,cat,a photo of the cat,187,229,images/experiment1_sequential_own_step/retain_once/W04/cat/index_187_seed_229.png,cat,dog,False,0.00370301166549325,delete-after-eval,9.327899169875309e-05,0.00040204456308856606,0.0008286715019494295,0.00370301166549325,0.001551357563585043,0.9847829937934875,0.0012400744017213583,0.007072476204484701,0.00010338029096601531,0.00022278814867604524,new_followup_supplement,/home/tslin/Documents/jupyter_data/anLi/machine_unlearning/orthogonal-concept-erasure/experiments/sequential_object_followup/outputs/sequential_oce_object_followup_v1
retain_once,W04,cat,a photo of the cat,188,230,images/experiment1_sequential_own_step/retain_once/W04/cat/index_188_seed_230.png,cat,dog,False,0.0011636604322120547,delete-after-eval,8.028843149077147e-05,0.0005843533435836434,0.0008115312084555626,0.0011636604322120547,0.00022762027219869196,0.9912124276161194,0.0005970459897071123,0.004321486223489046,0.00010276805551256984,0.0008988281479105353,new_followup_supplement,/home/tslin/Documents/jupyter_data/anLi/machine_unlearning/orthogonal-concept-erasure/experiments/sequential_object_followup/outputs/sequential_oce_object_followup_v1
retain_once,W04,cat,a photo of the cat,189,231,images/experiment1_sequential_own_step/retain_once/W04/cat/index_189_seed_231.png,cat,dog,False,0.0007122833048924804,delete-after-eval,1.952837556018494e-05,0.0003391927748452872,0.0001822778140194714,0.0007122833048924804,0.00026467497809790075,0.9945287108421326,7.107263809302822e-05,0.0033570898231118917,3.3998217986663803e-05,0.0004911383148282766,new_followup_supplement,/home/tslin/Documents/jupyter_data/anLi/machine_unlearning/orthogonal-concept-erasure/experiments/sequential_object_followup/outputs/sequential_oce_object_followup_v1
retain_once,W04,cat,a photo of the cat,190,232,images/experiment1_sequential_own_step/retain_once/W04/cat/index_190_seed_232.png,cat,dog,False,0.0023900195956230164,delete-after-eval,0.00017085186846088618,0.0004206189187243581,0.0005906884907744825,0.0023900195956230164,0.0006893202080391347,0.9880494475364685,0.0002668806992005557,0.004969005938619375,0.00021781379473395646,0.002235251013189554,new_followup_supplement,/home/tslin/Documents/jupyter_data/anLi/machine_unlearning/orthogonal-concept-erasure/experiments/sequential_object_followup/outputs/sequential_oce_object_followup_v1
retain_once,W04,cat,a photo of the cat,191,233,images/experiment1_sequential_own_step/retain_once/W04/cat/index_191_seed_233.png,cat,dog,False,0.0015963760670274496,delete-after-eval,0.00013569595466833562,0.0002014177298406139,0.00026496421196497977,0.0015963760670274496,0.0006106111686676741,0.990465521812439,6.3707833760418e-05,0.0052022370509803295,0.00021033363009337336,0.0012490703957155347,new_followup_supplement,/home/tslin/Documents/jupyter_data/anLi/machine_unlearning/orthogonal-concept-erasure/experiments/sequential_object_followup/outputs/sequential_oce_object_followup_v1
retain_once,W04,cat,a photo of the cat,192,234,images/experiment1_sequential_own_step/retain_once/W04/cat/index_192_seed_234.png,cat,dog,False,0.0013849412789568305,delete-after-eval,0.0003186376707162708,0.0005162932211533189,0.0008770139538682997,0.0013849412789568305,0.0043565998785197735,0.9859739542007446,0.0012506223283708096,0.004395520314574242,6.314324855338782e-05,0.0008631948148831725,new_followup_supplement,/home/tslin/Documents/jupyter_data/anLi/machine_unlearning/orthogonal-concept-erasure/experiments/sequential_object_followup/outputs/sequential_oce_object_followup_v1
retain_once,W04,cat,a photo of the cat,193,235,images/experiment1_sequential_own_step/retain_once/W04/cat/index_193_seed_235.png,cat,dog,False,0.0018378968816250563,delete-after-eval,0.00013739577843807638,0.0005247335066087544,0.0001778311561793089,0.0018378968816250563,0.0014255223795771599,0.9914687871932983,0.002647722838446498,0.0011484714923426509,3.239763100282289e-05,0.0005992816295474768,new_followup_supplement,/home/tslin/Documents/jupyter_data/anLi/machine_unlearning/orthogonal-concept-erasure/experiments/sequential_object_followup/outputs/sequential_oce_object_followup_v1
retain_once,W04,cat,a photo of the cat,194,236,images/experiment1_sequential_own_step/retain_once/W04/cat/index_194_seed_236.png,cat,dog,False,0.003003269899636507,delete-after-eval,9.265403787139803e-05,0.00022065741359256208,0.00036030830233357847,0.003003269899636507,0.0005778217455372214,0.9901707768440247,0.001722170738503337,0.0031690674368292093,0.00012087546929251403,0.0005624376353807747,new_followup_supplement,/home/tslin/Documents/jupyter_data/anLi/machine_unlearning/orthogonal-concept-erasure/experiments/sequential_object_followup/outputs/sequential_oce_object_followup_v1
retain_once,W04,cat,a photo of the cat,195,237,images/experiment1_sequential_own_step/retain_once/W04/cat/index_195_seed_237.png,cat,dog,False,0.003151741111651063,delete-after-eval,0.0002131085639121011,0.0009367919410578907,0.0011832112213596702,0.003151741111651063,0.0011703904019668698,0.980082094669342,0.001221781363710761,0.009715605527162552,0.0002742967917583883,0.002050928073003888,new_followup_supplement,/home/tslin/Documents/jupyter_data/anLi/machine_unlearning/orthogonal-concept-erasure/experiments/sequential_object_followup/outputs/sequential_oce_object_followup_v1
retain_once,W04,cat,a photo of the cat,196,238,images/experiment1_sequential_own_step/retain_once/W04/cat/index_196_seed_238.png,cat,dog,False,0.0032565209548920393,delete-after-eval,0.001371992751955986,0.0015057072741910815,0.0006229515420272946,0.0032565209548920393,0.003519949968904257,0.9648385047912598,0.0014021224342286587,0.011474941857159138,0.0010407472727820277,0.010966562665998936,new_followup_supplement,/home/tslin/Documents/jupyter_data/anLi/machine_unlearning/orthogonal-concept-erasure/experiments/sequential_object_followup/outputs/sequential_oce_object_followup_v1
retain_once,W04,cat,a photo of the cat,197,239,images/experiment1_sequential_own_step/retain_once/W04/cat/index_197_seed_239.png,cat,dog,False,0.0038776828441768885,delete-after-eval,0.00021263831877149642,0.0009286899003200233,0.0006697489297948778,0.0038776828441768885,0.0005409721052274108,0.9816552400588989,0.002631198614835739,0.007364081684499979,0.00028528113034553826,0.0018344988347962499,new_followup_supplement,/home/tslin/Documents/jupyter_data/anLi/machine_unlearning/orthogonal-concept-erasure/experiments/sequential_object_followup/outputs/sequential_oce_object_followup_v1
retain_once,W04,cat,a photo of the cat,198,240,images/experiment1_sequential_own_step/retain_once/W04/cat/index_198_seed_240.png,cat,dog,False,0.003376859473064542,delete-after-eval,0.00015260923828464001,0.00019276498642284423,0.0009178463951684535,0.003376859473064542,0.0006759660318493843,0.9755653142929077,0.015314183197915554,0.0028752386569976807,0.00011674382403725758,0.0008124723099172115,new_followup_supplement,/home/tslin/Documents/jupyter_data/anLi/machine_unlearning/orthogonal-concept-erasure/experiments/sequential_object_followup/outputs/sequential_oce_object_followup_v1
retain_once,W04,cat,a photo of the cat,199,241,images/experiment1_sequential_own_step/retain_once/W04/cat/index_199_seed_241.png,cat,dog,False,0.00204266794025898,delete-after-eval,0.00013536684855353087,0.0002527905162423849,0.0002381991798756644,0.00204266794025898,0.001133659272454679,0.9896249175071716,0.0005062654963694513,0.005648976191878319,9.449246135773137e-05,0.00032264020410366356,new_followup_supplement,/home/tslin/Documents/jupyter_data/anLi/machine_unlearning/orthogonal-concept-erasure/experiments/sequential_object_followup/outputs/sequential_oce_object_followup_v1
