space_type,layer_id,layer_index,layer_name,normalization_stage,representation,concept,vector_type,count,vector_dimension,mean_norm,std_norm,min_norm,max_norm
text,text,-1,text_space,raw_before_row_l2,eot,cat,description,50,768,27.99317169189453,0.38782021403312683,27.295909881591797,29.149188995361328
text,text,-1,text_space,raw_before_row_l2,eot,dog,description,50,768,27.71969223022461,0.47754618525505066,26.802562713623047,29.382291793823242
text,text,-1,text_space,raw_before_row_l2,eot,fox,description,50,768,27.754711151123047,0.4233894646167755,27.07608413696289,28.854049682617188
text,text,-1,text_space,raw_before_row_l2,eot,bear,description,50,768,27.774492263793945,0.43515586853027344,26.857213973999023,29.311552047729492
text,text,-1,text_space,raw_before_row_l2,eot,wolf,description,50,768,27.846254348754883,0.48067542910575867,27.01228141784668,29.140398025512695
text,text,-1,text_space,raw_before_row_l2,eot,rabbit,description,50,768,27.877805709838867,0.3883083164691925,27.096126556396484,29.021053314208984
text,text,-1,text_space,raw_before_row_l2,eot,deer,description,50,768,27.854463577270508,0.47298553586006165,27.134490966796875,29.117347717285156
text,text,-1,text_space,raw_before_row_l2,eot,horse,description,50,768,27.62786293029785,0.4067765176296234,26.87676429748535,29.009366989135742
text,text,-1,text_space,raw_before_row_l2,fixed_suffix,cat,description,50,768,27.475202560424805,0.18036702275276184,27.032047271728516,28.013452529907227
text,text,-1,text_space,raw_before_row_l2,fixed_suffix,dog,description,50,768,27.568950653076172,0.1538744568824768,27.182222366333008,27.853717803955078
text,text,-1,text_space,raw_before_row_l2,fixed_suffix,fox,description,50,768,27.39191436767578,0.15695929527282715,27.110097885131836,27.695173263549805
text,text,-1,text_space,raw_before_row_l2,fixed_suffix,bear,description,50,768,27.413087844848633,0.1397370547056198,27.181900024414062,27.710229873657227
text,text,-1,text_space,raw_before_row_l2,fixed_suffix,wolf,description,50,768,27.417360305786133,0.1624293327331543,27.1827392578125,27.823354721069336
text,text,-1,text_space,raw_before_row_l2,fixed_suffix,rabbit,description,50,768,27.472900390625,0.12076882272958755,27.17899513244629,27.740991592407227
text,text,-1,text_space,raw_before_row_l2,fixed_suffix,deer,description,50,768,27.426952362060547,0.1357605904340744,27.1593017578125,27.729705810546875
text,text,-1,text_space,raw_before_row_l2,fixed_suffix,horse,description,50,768,27.502485275268555,0.15314234793186188,27.203083038330078,27.89274024963379
text,text,-1,text_space,raw_before_row_l2,name_last,cat,name,1,768,28.853574752807617,0.0,28.853574752807617,28.853574752807617
text,text,-1,text_space,raw_before_row_l2,name_last,dog,name,1,768,29.460378646850586,0.0,29.460378646850586,29.460378646850586
text,text,-1,text_space,raw_before_row_l2,name_last,fox,name,1,768,28.100072860717773,0.0,28.100072860717773,28.100072860717773
text,text,-1,text_space,raw_before_row_l2,name_last,bear,name,1,768,28.339031219482422,0.0,28.339031219482422,28.339031219482422
text,text,-1,text_space,raw_before_row_l2,name_last,wolf,name,1,768,28.26947021484375,0.0,28.26947021484375,28.26947021484375
text,text,-1,text_space,raw_before_row_l2,name_last,rabbit,name,1,768,28.677825927734375,0.0,28.677825927734375,28.677825927734375
text,text,-1,text_space,raw_before_row_l2,name_last,deer,name,1,768,28.41431999206543,0.0,28.41431999206543,28.41431999206543
text,text,-1,text_space,raw_before_row_l2,name_last,horse,name,1,768,28.888647079467773,0.0,28.888647079467773,28.888647079467773
text,text,-1,text_space,raw_before_row_l2,name_eot,cat,name,1,768,29.284936904907227,0.0,29.284936904907227,29.284936904907227
text,text,-1,text_space,raw_before_row_l2,name_eot,dog,name,1,768,29.296138763427734,0.0,29.296138763427734,29.296138763427734
text,text,-1,text_space,raw_before_row_l2,name_eot,fox,name,1,768,28.672578811645508,0.0,28.672578811645508,28.672578811645508
text,text,-1,text_space,raw_before_row_l2,name_eot,bear,name,1,768,28.87045669555664,0.0,28.87045669555664,28.87045669555664
text,text,-1,text_space,raw_before_row_l2,name_eot,wolf,name,1,768,29.109333038330078,0.0,29.109333038330078,29.109333038330078
text,text,-1,text_space,raw_before_row_l2,name_eot,rabbit,name,1,768,28.697908401489258,0.0,28.697908401489258,28.697908401489258
text,text,-1,text_space,raw_before_row_l2,name_eot,deer,name,1,768,28.878713607788086,0.0,28.878713607788086,28.878713607788086
text,text,-1,text_space,raw_before_row_l2,name_eot,horse,name,1,768,28.93967056274414,0.0,28.93967056274414,28.93967056274414
text,text,-1,text_space,raw_before_row_l2,name_fixed,cat,name,1,768,27.908679962158203,0.0,27.908679962158203,27.908679962158203
text,text,-1,text_space,raw_before_row_l2,name_fixed,dog,name,1,768,27.90176773071289,0.0,27.90176773071289,27.90176773071289
text,text,-1,text_space,raw_before_row_l2,name_fixed,fox,name,1,768,27.930330276489258,0.0,27.930330276489258,27.930330276489258
text,text,-1,text_space,raw_before_row_l2,name_fixed,bear,name,1,768,27.733078002929688,0.0,27.733078002929688,27.733078002929688
text,text,-1,text_space,raw_before_row_l2,name_fixed,wolf,name,1,768,27.83171844482422,0.0,27.83171844482422,27.83171844482422
text,text,-1,text_space,raw_before_row_l2,name_fixed,rabbit,name,1,768,27.71853256225586,0.0,27.71853256225586,27.71853256225586
text,text,-1,text_space,raw_before_row_l2,name_fixed,deer,name,1,768,27.79541778564453,0.0,27.79541778564453,27.79541778564453
text,text,-1,text_space,raw_before_row_l2,name_fixed,horse,name,1,768,27.933961868286133,0.0,27.933961868286133,27.933961868286133
W0,layer_00,0,unet.down_blocks.0.attentions.0.transformer_blocks.0.attn2.to_v,raw_before_row_l2,eot,cat,description,50,320,12.861385345458984,0.6040147542953491,10.773042678833008,13.82645034790039
W0,layer_00,0,unet.down_blocks.0.attentions.0.transformer_blocks.0.attn2.to_v,raw_before_row_l2,eot,dog,description,50,320,13.290069580078125,0.66791832447052,12.12519359588623,14.870362281799316
W0,layer_00,0,unet.down_blocks.0.attentions.0.transformer_blocks.0.attn2.to_v,raw_before_row_l2,eot,fox,description,50,320,12.668715476989746,0.7037396430969238,10.787516593933105,13.966400146484375
W0,layer_00,0,unet.down_blocks.0.attentions.0.transformer_blocks.0.attn2.to_v,raw_before_row_l2,eot,bear,description,50,320,13.078369140625,0.6642075777053833,11.097941398620605,14.53720760345459
W0,layer_00,0,unet.down_blocks.0.attentions.0.transformer_blocks.0.attn2.to_v,raw_before_row_l2,eot,wolf,description,50,320,13.228001594543457,0.6362592577934265,11.954448699951172,14.207451820373535
W0,layer_00,0,unet.down_blocks.0.attentions.0.transformer_blocks.0.attn2.to_v,raw_before_row_l2,eot,rabbit,description,50,320,12.638233184814453,0.6490345001220703,11.26070499420166,14.062113761901855
W0,layer_00,0,unet.down_blocks.0.attentions.0.transformer_blocks.0.attn2.to_v,raw_before_row_l2,eot,deer,description,50,320,13.074520111083984,0.6418610215187073,11.614336013793945,14.648054122924805
W0,layer_00,0,unet.down_blocks.0.attentions.0.transformer_blocks.0.attn2.to_v,raw_before_row_l2,eot,horse,description,50,320,13.19183349609375,0.5931389927864075,11.884868621826172,14.284623146057129
W0,layer_00,0,unet.down_blocks.0.attentions.0.transformer_blocks.0.attn2.to_v,raw_before_row_l2,fixed_suffix,cat,description,50,320,11.265904426574707,0.2848287522792816,10.591654777526855,11.827455520629883
W0,layer_00,0,unet.down_blocks.0.attentions.0.transformer_blocks.0.attn2.to_v,raw_before_row_l2,fixed_suffix,dog,description,50,320,11.329505920410156,0.302067369222641,10.7588529586792,12.087706565856934
W0,layer_00,0,unet.down_blocks.0.attentions.0.transformer_blocks.0.attn2.to_v,raw_before_row_l2,fixed_suffix,fox,description,50,320,11.165562629699707,0.2608722448348999,10.611144065856934,11.690632820129395
W0,layer_00,0,unet.down_blocks.0.attentions.0.transformer_blocks.0.attn2.to_v,raw_before_row_l2,fixed_suffix,bear,description,50,320,11.113119125366211,0.2607734799385071,10.59631633758545,11.88458251953125
W0,layer_00,0,unet.down_blocks.0.attentions.0.transformer_blocks.0.attn2.to_v,raw_before_row_l2,fixed_suffix,wolf,description,50,320,11.103804588317871,0.25627660751342773,10.591482162475586,11.698103904724121
W0,layer_00,0,unet.down_blocks.0.attentions.0.transformer_blocks.0.attn2.to_v,raw_before_row_l2,fixed_suffix,rabbit,description,50,320,11.248915672302246,0.3135926127433777,10.46956729888916,12.077437400817871
W0,layer_00,0,unet.down_blocks.0.attentions.0.transformer_blocks.0.attn2.to_v,raw_before_row_l2,fixed_suffix,deer,description,50,320,11.208244323730469,0.29322853684425354,10.41270637512207,11.800856590270996
W0,layer_00,0,unet.down_blocks.0.attentions.0.transformer_blocks.0.attn2.to_v,raw_before_row_l2,fixed_suffix,horse,description,50,320,11.294236183166504,0.3714028000831604,10.518294334411621,12.197638511657715
W0,layer_00,0,unet.down_blocks.0.attentions.0.transformer_blocks.0.attn2.to_v,raw_before_row_l2,name_last,cat,name,1,320,14.638398170471191,0.0,14.638398170471191,14.638398170471191
W0,layer_00,0,unet.down_blocks.0.attentions.0.transformer_blocks.0.attn2.to_v,raw_before_row_l2,name_last,dog,name,1,320,12.994525909423828,0.0,12.994525909423828,12.994525909423828
W0,layer_00,0,unet.down_blocks.0.attentions.0.transformer_blocks.0.attn2.to_v,raw_before_row_l2,name_last,fox,name,1,320,13.436020851135254,0.0,13.436020851135254,13.436020851135254
W0,layer_00,0,unet.down_blocks.0.attentions.0.transformer_blocks.0.attn2.to_v,raw_before_row_l2,name_last,bear,name,1,320,13.46484088897705,0.0,13.46484088897705,13.46484088897705
W0,layer_00,0,unet.down_blocks.0.attentions.0.transformer_blocks.0.attn2.to_v,raw_before_row_l2,name_last,wolf,name,1,320,13.608528137207031,0.0,13.608528137207031,13.608528137207031
W0,layer_00,0,unet.down_blocks.0.attentions.0.transformer_blocks.0.attn2.to_v,raw_before_row_l2,name_last,rabbit,name,1,320,14.003576278686523,0.0,14.003576278686523,14.003576278686523
W0,layer_00,0,unet.down_blocks.0.attentions.0.transformer_blocks.0.attn2.to_v,raw_before_row_l2,name_last,deer,name,1,320,14.195243835449219,0.0,14.195243835449219,14.195243835449219
W0,layer_00,0,unet.down_blocks.0.attentions.0.transformer_blocks.0.attn2.to_v,raw_before_row_l2,name_last,horse,name,1,320,14.613530158996582,0.0,14.613530158996582,14.613530158996582
W0,layer_00,0,unet.down_blocks.0.attentions.0.transformer_blocks.0.attn2.to_v,raw_before_row_l2,name_eot,cat,name,1,320,15.178190231323242,0.0,15.178190231323242,15.178190231323242
W0,layer_00,0,unet.down_blocks.0.attentions.0.transformer_blocks.0.attn2.to_v,raw_before_row_l2,name_eot,dog,name,1,320,15.312793731689453,0.0,15.312793731689453,15.312793731689453
W0,layer_00,0,unet.down_blocks.0.attentions.0.transformer_blocks.0.attn2.to_v,raw_before_row_l2,name_eot,fox,name,1,320,13.971759796142578,0.0,13.971759796142578,13.971759796142578
W0,layer_00,0,unet.down_blocks.0.attentions.0.transformer_blocks.0.attn2.to_v,raw_before_row_l2,name_eot,bear,name,1,320,12.683053970336914,0.0,12.683053970336914,12.683053970336914
W0,layer_00,0,unet.down_blocks.0.attentions.0.transformer_blocks.0.attn2.to_v,raw_before_row_l2,name_eot,wolf,name,1,320,12.593292236328125,0.0,12.593292236328125,12.593292236328125
W0,layer_00,0,unet.down_blocks.0.attentions.0.transformer_blocks.0.attn2.to_v,raw_before_row_l2,name_eot,rabbit,name,1,320,11.97175407409668,0.0,11.97175407409668,11.97175407409668
W0,layer_00,0,unet.down_blocks.0.attentions.0.transformer_blocks.0.attn2.to_v,raw_before_row_l2,name_eot,deer,name,1,320,13.837569236755371,0.0,13.837569236755371,13.837569236755371
W0,layer_00,0,unet.down_blocks.0.attentions.0.transformer_blocks.0.attn2.to_v,raw_before_row_l2,name_eot,horse,name,1,320,13.255377769470215,0.0,13.255377769470215,13.255377769470215
W0,layer_00,0,unet.down_blocks.0.attentions.0.transformer_blocks.0.attn2.to_v,raw_before_row_l2,name_fixed,cat,name,1,320,12.866719245910645,0.0,12.866719245910645,12.866719245910645
W0,layer_00,0,unet.down_blocks.0.attentions.0.transformer_blocks.0.attn2.to_v,raw_before_row_l2,name_fixed,dog,name,1,320,12.864686012268066,0.0,12.864686012268066,12.864686012268066
W0,layer_00,0,unet.down_blocks.0.attentions.0.transformer_blocks.0.attn2.to_v,raw_before_row_l2,name_fixed,fox,name,1,320,12.980891227722168,0.0,12.980891227722168,12.980891227722168
W0,layer_00,0,unet.down_blocks.0.attentions.0.transformer_blocks.0.attn2.to_v,raw_before_row_l2,name_fixed,bear,name,1,320,12.85401439666748,0.0,12.85401439666748,12.85401439666748
W0,layer_00,0,unet.down_blocks.0.attentions.0.transformer_blocks.0.attn2.to_v,raw_before_row_l2,name_fixed,wolf,name,1,320,12.500422477722168,0.0,12.500422477722168,12.500422477722168
W0,layer_00,0,unet.down_blocks.0.attentions.0.transformer_blocks.0.attn2.to_v,raw_before_row_l2,name_fixed,rabbit,name,1,320,12.258702278137207,0.0,12.258702278137207,12.258702278137207
W0,layer_00,0,unet.down_blocks.0.attentions.0.transformer_blocks.0.attn2.to_v,raw_before_row_l2,name_fixed,deer,name,1,320,12.395197868347168,0.0,12.395197868347168,12.395197868347168
W0,layer_00,0,unet.down_blocks.0.attentions.0.transformer_blocks.0.attn2.to_v,raw_before_row_l2,name_fixed,horse,name,1,320,12.529473304748535,0.0,12.529473304748535,12.529473304748535
W0,layer_01,1,unet.down_blocks.0.attentions.1.transformer_blocks.0.attn2.to_v,raw_before_row_l2,eot,cat,description,50,320,11.273537635803223,0.9339900016784668,9.186738014221191,12.930063247680664
W0,layer_01,1,unet.down_blocks.0.attentions.1.transformer_blocks.0.attn2.to_v,raw_before_row_l2,eot,dog,description,50,320,11.903624534606934,0.8692127466201782,10.018014907836914,13.614389419555664
W0,layer_01,1,unet.down_blocks.0.attentions.1.transformer_blocks.0.attn2.to_v,raw_before_row_l2,eot,fox,description,50,320,10.974478721618652,1.0281474590301514,8.93524169921875,13.309137344360352
W0,layer_01,1,unet.down_blocks.0.attentions.1.transformer_blocks.0.attn2.to_v,raw_before_row_l2,eot,bear,description,50,320,11.731634140014648,0.7854377031326294,10.171374320983887,13.770012855529785
W0,layer_01,1,unet.down_blocks.0.attentions.1.transformer_blocks.0.attn2.to_v,raw_before_row_l2,eot,wolf,description,50,320,11.754280090332031,0.8573918342590332,9.52542781829834,13.63815975189209
W0,layer_01,1,unet.down_blocks.0.attentions.1.transformer_blocks.0.attn2.to_v,raw_before_row_l2,eot,rabbit,description,50,320,11.167886734008789,0.9126936793327332,9.326339721679688,13.174359321594238
W0,layer_01,1,unet.down_blocks.0.attentions.1.transformer_blocks.0.attn2.to_v,raw_before_row_l2,eot,deer,description,50,320,11.512238502502441,1.0100823640823364,9.527640342712402,14.433785438537598
W0,layer_01,1,unet.down_blocks.0.attentions.1.transformer_blocks.0.attn2.to_v,raw_before_row_l2,eot,horse,description,50,320,11.977273941040039,0.8783352375030518,9.92475700378418,13.692940711975098
W0,layer_01,1,unet.down_blocks.0.attentions.1.transformer_blocks.0.attn2.to_v,raw_before_row_l2,fixed_suffix,cat,description,50,320,9.401430130004883,0.4478563368320465,8.500812530517578,10.64684009552002
W0,layer_01,1,unet.down_blocks.0.attentions.1.transformer_blocks.0.attn2.to_v,raw_before_row_l2,fixed_suffix,dog,description,50,320,9.382057189941406,0.31850430369377136,8.808300018310547,10.302760124206543
W0,layer_01,1,unet.down_blocks.0.attentions.1.transformer_blocks.0.attn2.to_v,raw_before_row_l2,fixed_suffix,fox,description,50,320,9.208890914916992,0.24693071842193604,8.733614921569824,9.696308135986328
W0,layer_01,1,unet.down_blocks.0.attentions.1.transformer_blocks.0.attn2.to_v,raw_before_row_l2,fixed_suffix,bear,description,50,320,9.024824142456055,0.27054256200790405,8.636754035949707,9.618409156799316
W0,layer_01,1,unet.down_blocks.0.attentions.1.transformer_blocks.0.attn2.to_v,raw_before_row_l2,fixed_suffix,wolf,description,50,320,9.202141761779785,0.2952638566493988,8.536210060119629,9.915318489074707
W0,layer_01,1,unet.down_blocks.0.attentions.1.transformer_blocks.0.attn2.to_v,raw_before_row_l2,fixed_suffix,rabbit,description,50,320,9.461655616760254,0.28240910172462463,8.799427032470703,10.00448989868164
W0,layer_01,1,unet.down_blocks.0.attentions.1.transformer_blocks.0.attn2.to_v,raw_before_row_l2,fixed_suffix,deer,description,50,320,9.470266342163086,0.42412206530570984,8.736669540405273,10.941060066223145
W0,layer_01,1,unet.down_blocks.0.attentions.1.transformer_blocks.0.attn2.to_v,raw_before_row_l2,fixed_suffix,horse,description,50,320,9.343579292297363,0.31442901492118835,8.794502258300781,10.121830940246582
W0,layer_01,1,unet.down_blocks.0.attentions.1.transformer_blocks.0.attn2.to_v,raw_before_row_l2,name_last,cat,name,1,320,14.310709953308105,0.0,14.310709953308105,14.310709953308105
W0,layer_01,1,unet.down_blocks.0.attentions.1.transformer_blocks.0.attn2.to_v,raw_before_row_l2,name_last,dog,name,1,320,12.406929969787598,0.0,12.406929969787598,12.406929969787598
W0,layer_01,1,unet.down_blocks.0.attentions.1.transformer_blocks.0.attn2.to_v,raw_before_row_l2,name_last,fox,name,1,320,13.220754623413086,0.0,13.220754623413086,13.220754623413086
W0,layer_01,1,unet.down_blocks.0.attentions.1.transformer_blocks.0.attn2.to_v,raw_before_row_l2,name_last,bear,name,1,320,13.67825984954834,0.0,13.67825984954834,13.67825984954834
W0,layer_01,1,unet.down_blocks.0.attentions.1.transformer_blocks.0.attn2.to_v,raw_before_row_l2,name_last,wolf,name,1,320,12.912800788879395,0.0,12.912800788879395,12.912800788879395
W0,layer_01,1,unet.down_blocks.0.attentions.1.transformer_blocks.0.attn2.to_v,raw_before_row_l2,name_last,rabbit,name,1,320,14.84154987335205,0.0,14.84154987335205,14.84154987335205
W0,layer_01,1,unet.down_blocks.0.attentions.1.transformer_blocks.0.attn2.to_v,raw_before_row_l2,name_last,deer,name,1,320,13.415630340576172,0.0,13.415630340576172,13.415630340576172
W0,layer_01,1,unet.down_blocks.0.attentions.1.transformer_blocks.0.attn2.to_v,raw_before_row_l2,name_last,horse,name,1,320,14.323732376098633,0.0,14.323732376098633,14.323732376098633
W0,layer_01,1,unet.down_blocks.0.attentions.1.transformer_blocks.0.attn2.to_v,raw_before_row_l2,name_eot,cat,name,1,320,10.290093421936035,0.0,10.290093421936035,10.290093421936035
W0,layer_01,1,unet.down_blocks.0.attentions.1.transformer_blocks.0.attn2.to_v,raw_before_row_l2,name_eot,dog,name,1,320,10.33815860748291,0.0,10.33815860748291,10.33815860748291
W0,layer_01,1,unet.down_blocks.0.attentions.1.transformer_blocks.0.attn2.to_v,raw_before_row_l2,name_eot,fox,name,1,320,9.678512573242188,0.0,9.678512573242188,9.678512573242188
W0,layer_01,1,unet.down_blocks.0.attentions.1.transformer_blocks.0.attn2.to_v,raw_before_row_l2,name_eot,bear,name,1,320,9.730477333068848,0.0,9.730477333068848,9.730477333068848
W0,layer_01,1,unet.down_blocks.0.attentions.1.transformer_blocks.0.attn2.to_v,raw_before_row_l2,name_eot,wolf,name,1,320,10.669618606567383,0.0,10.669618606567383,10.669618606567383
W0,layer_01,1,unet.down_blocks.0.attentions.1.transformer_blocks.0.attn2.to_v,raw_before_row_l2,name_eot,rabbit,name,1,320,10.369702339172363,0.0,10.369702339172363,10.369702339172363
W0,layer_01,1,unet.down_blocks.0.attentions.1.transformer_blocks.0.attn2.to_v,raw_before_row_l2,name_eot,deer,name,1,320,10.427946090698242,0.0,10.427946090698242,10.427946090698242
W0,layer_01,1,unet.down_blocks.0.attentions.1.transformer_blocks.0.attn2.to_v,raw_before_row_l2,name_eot,horse,name,1,320,11.065690994262695,0.0,11.065690994262695,11.065690994262695
W0,layer_01,1,unet.down_blocks.0.attentions.1.transformer_blocks.0.attn2.to_v,raw_before_row_l2,name_fixed,cat,name,1,320,10.287856101989746,0.0,10.287856101989746,10.287856101989746
W0,layer_01,1,unet.down_blocks.0.attentions.1.transformer_blocks.0.attn2.to_v,raw_before_row_l2,name_fixed,dog,name,1,320,10.328511238098145,0.0,10.328511238098145,10.328511238098145
W0,layer_01,1,unet.down_blocks.0.attentions.1.transformer_blocks.0.attn2.to_v,raw_before_row_l2,name_fixed,fox,name,1,320,10.522173881530762,0.0,10.522173881530762,10.522173881530762
W0,layer_01,1,unet.down_blocks.0.attentions.1.transformer_blocks.0.attn2.to_v,raw_before_row_l2,name_fixed,bear,name,1,320,10.613004684448242,0.0,10.613004684448242,10.613004684448242
W0,layer_01,1,unet.down_blocks.0.attentions.1.transformer_blocks.0.attn2.to_v,raw_before_row_l2,name_fixed,wolf,name,1,320,10.507777214050293,0.0,10.507777214050293,10.507777214050293
W0,layer_01,1,unet.down_blocks.0.attentions.1.transformer_blocks.0.attn2.to_v,raw_before_row_l2,name_fixed,rabbit,name,1,320,9.697999000549316,0.0,9.697999000549316,9.697999000549316
W0,layer_01,1,unet.down_blocks.0.attentions.1.transformer_blocks.0.attn2.to_v,raw_before_row_l2,name_fixed,deer,name,1,320,10.0882568359375,0.0,10.0882568359375,10.0882568359375
W0,layer_01,1,unet.down_blocks.0.attentions.1.transformer_blocks.0.attn2.to_v,raw_before_row_l2,name_fixed,horse,name,1,320,10.06814193725586,0.0,10.06814193725586,10.06814193725586
W0,layer_02,2,unet.down_blocks.1.attentions.0.transformer_blocks.0.attn2.to_v,raw_before_row_l2,eot,cat,description,50,640,20.21373748779297,0.8753998279571533,17.940893173217773,22.438262939453125
W0,layer_02,2,unet.down_blocks.1.attentions.0.transformer_blocks.0.attn2.to_v,raw_before_row_l2,eot,dog,description,50,640,20.897628784179688,0.895961582660675,19.094249725341797,23.498428344726562
W0,layer_02,2,unet.down_blocks.1.attentions.0.transformer_blocks.0.attn2.to_v,raw_before_row_l2,eot,fox,description,50,640,19.560184478759766,1.0228098630905151,17.316484451293945,21.70191764831543
W0,layer_02,2,unet.down_blocks.1.attentions.0.transformer_blocks.0.attn2.to_v,raw_before_row_l2,eot,bear,description,50,640,19.720457077026367,0.9105576872825623,17.861183166503906,21.365520477294922
W0,layer_02,2,unet.down_blocks.1.attentions.0.transformer_blocks.0.attn2.to_v,raw_before_row_l2,eot,wolf,description,50,640,20.470535278320312,0.7283986210823059,18.71917724609375,21.76319694519043
W0,layer_02,2,unet.down_blocks.1.attentions.0.transformer_blocks.0.attn2.to_v,raw_before_row_l2,eot,rabbit,description,50,640,19.53276824951172,1.123746395111084,17.250268936157227,22.18404197692871
W0,layer_02,2,unet.down_blocks.1.attentions.0.transformer_blocks.0.attn2.to_v,raw_before_row_l2,eot,deer,description,50,640,20.022441864013672,0.9247028231620789,18.36821746826172,22.30204200744629
W0,layer_02,2,unet.down_blocks.1.attentions.0.transformer_blocks.0.attn2.to_v,raw_before_row_l2,eot,horse,description,50,640,20.512714385986328,0.7877081632614136,18.953746795654297,22.334583282470703
W0,layer_02,2,unet.down_blocks.1.attentions.0.transformer_blocks.0.attn2.to_v,raw_before_row_l2,fixed_suffix,cat,description,50,640,16.75914764404297,0.39434438943862915,16.04908561706543,17.563125610351562
W0,layer_02,2,unet.down_blocks.1.attentions.0.transformer_blocks.0.attn2.to_v,raw_before_row_l2,fixed_suffix,dog,description,50,640,16.90938377380371,0.4430837631225586,16.003292083740234,17.808202743530273
W0,layer_02,2,unet.down_blocks.1.attentions.0.transformer_blocks.0.attn2.to_v,raw_before_row_l2,fixed_suffix,fox,description,50,640,16.636571884155273,0.31985679268836975,15.997893333435059,17.2344970703125
W0,layer_02,2,unet.down_blocks.1.attentions.0.transformer_blocks.0.attn2.to_v,raw_before_row_l2,fixed_suffix,bear,description,50,640,16.658655166625977,0.47887301445007324,15.69605827331543,17.51333236694336
W0,layer_02,2,unet.down_blocks.1.attentions.0.transformer_blocks.0.attn2.to_v,raw_before_row_l2,fixed_suffix,wolf,description,50,640,16.8118839263916,0.3968811631202698,16.0966739654541,17.463489532470703
W0,layer_02,2,unet.down_blocks.1.attentions.0.transformer_blocks.0.attn2.to_v,raw_before_row_l2,fixed_suffix,rabbit,description,50,640,16.830469131469727,0.3708450198173523,16.0145320892334,17.831863403320312
W0,layer_02,2,unet.down_blocks.1.attentions.0.transformer_blocks.0.attn2.to_v,raw_before_row_l2,fixed_suffix,deer,description,50,640,16.73558235168457,0.3813205361366272,15.967583656311035,17.639583587646484
W0,layer_02,2,unet.down_blocks.1.attentions.0.transformer_blocks.0.attn2.to_v,raw_before_row_l2,fixed_suffix,horse,description,50,640,16.88427734375,0.4392513036727905,15.9017333984375,18.135147094726562
W0,layer_02,2,unet.down_blocks.1.attentions.0.transformer_blocks.0.attn2.to_v,raw_before_row_l2,name_last,cat,name,1,640,19.724781036376953,0.0,19.724781036376953,19.724781036376953
W0,layer_02,2,unet.down_blocks.1.attentions.0.transformer_blocks.0.attn2.to_v,raw_before_row_l2,name_last,dog,name,1,640,19.034643173217773,0.0,19.034643173217773,19.034643173217773
W0,layer_02,2,unet.down_blocks.1.attentions.0.transformer_blocks.0.attn2.to_v,raw_before_row_l2,name_last,fox,name,1,640,16.875194549560547,0.0,16.875194549560547,16.875194549560547
W0,layer_02,2,unet.down_blocks.1.attentions.0.transformer_blocks.0.attn2.to_v,raw_before_row_l2,name_last,bear,name,1,640,18.346385955810547,0.0,18.346385955810547,18.346385955810547
W0,layer_02,2,unet.down_blocks.1.attentions.0.transformer_blocks.0.attn2.to_v,raw_before_row_l2,name_last,wolf,name,1,640,17.822185516357422,0.0,17.822185516357422,17.822185516357422
W0,layer_02,2,unet.down_blocks.1.attentions.0.transformer_blocks.0.attn2.to_v,raw_before_row_l2,name_last,rabbit,name,1,640,18.62286376953125,0.0,18.62286376953125,18.62286376953125
W0,layer_02,2,unet.down_blocks.1.attentions.0.transformer_blocks.0.attn2.to_v,raw_before_row_l2,name_last,deer,name,1,640,18.536954879760742,0.0,18.536954879760742,18.536954879760742
W0,layer_02,2,unet.down_blocks.1.attentions.0.transformer_blocks.0.attn2.to_v,raw_before_row_l2,name_last,horse,name,1,640,19.818687438964844,0.0,19.818687438964844,19.818687438964844
W0,layer_02,2,unet.down_blocks.1.attentions.0.transformer_blocks.0.attn2.to_v,raw_before_row_l2,name_eot,cat,name,1,640,21.560579299926758,0.0,21.560579299926758,21.560579299926758
W0,layer_02,2,unet.down_blocks.1.attentions.0.transformer_blocks.0.attn2.to_v,raw_before_row_l2,name_eot,dog,name,1,640,22.471223831176758,0.0,22.471223831176758,22.471223831176758
W0,layer_02,2,unet.down_blocks.1.attentions.0.transformer_blocks.0.attn2.to_v,raw_before_row_l2,name_eot,fox,name,1,640,19.98967742919922,0.0,19.98967742919922,19.98967742919922
W0,layer_02,2,unet.down_blocks.1.attentions.0.transformer_blocks.0.attn2.to_v,raw_before_row_l2,name_eot,bear,name,1,640,18.26491355895996,0.0,18.26491355895996,18.26491355895996
W0,layer_02,2,unet.down_blocks.1.attentions.0.transformer_blocks.0.attn2.to_v,raw_before_row_l2,name_eot,wolf,name,1,640,17.981456756591797,0.0,17.981456756591797,17.981456756591797
W0,layer_02,2,unet.down_blocks.1.attentions.0.transformer_blocks.0.attn2.to_v,raw_before_row_l2,name_eot,rabbit,name,1,640,17.276071548461914,0.0,17.276071548461914,17.276071548461914
W0,layer_02,2,unet.down_blocks.1.attentions.0.transformer_blocks.0.attn2.to_v,raw_before_row_l2,name_eot,deer,name,1,640,20.11372184753418,0.0,20.11372184753418,20.11372184753418
W0,layer_02,2,unet.down_blocks.1.attentions.0.transformer_blocks.0.attn2.to_v,raw_before_row_l2,name_eot,horse,name,1,640,20.16513442993164,0.0,20.16513442993164,20.16513442993164
W0,layer_02,2,unet.down_blocks.1.attentions.0.transformer_blocks.0.attn2.to_v,raw_before_row_l2,name_fixed,cat,name,1,640,17.9457950592041,0.0,17.9457950592041,17.9457950592041
W0,layer_02,2,unet.down_blocks.1.attentions.0.transformer_blocks.0.attn2.to_v,raw_before_row_l2,name_fixed,dog,name,1,640,18.203346252441406,0.0,18.203346252441406,18.203346252441406
W0,layer_02,2,unet.down_blocks.1.attentions.0.transformer_blocks.0.attn2.to_v,raw_before_row_l2,name_fixed,fox,name,1,640,17.701648712158203,0.0,17.701648712158203,17.701648712158203
W0,layer_02,2,unet.down_blocks.1.attentions.0.transformer_blocks.0.attn2.to_v,raw_before_row_l2,name_fixed,bear,name,1,640,17.764787673950195,0.0,17.764787673950195,17.764787673950195
W0,layer_02,2,unet.down_blocks.1.attentions.0.transformer_blocks.0.attn2.to_v,raw_before_row_l2,name_fixed,wolf,name,1,640,17.64139747619629,0.0,17.64139747619629,17.64139747619629
W0,layer_02,2,unet.down_blocks.1.attentions.0.transformer_blocks.0.attn2.to_v,raw_before_row_l2,name_fixed,rabbit,name,1,640,17.352853775024414,0.0,17.352853775024414,17.352853775024414
W0,layer_02,2,unet.down_blocks.1.attentions.0.transformer_blocks.0.attn2.to_v,raw_before_row_l2,name_fixed,deer,name,1,640,17.44130516052246,0.0,17.44130516052246,17.44130516052246
W0,layer_02,2,unet.down_blocks.1.attentions.0.transformer_blocks.0.attn2.to_v,raw_before_row_l2,name_fixed,horse,name,1,640,17.61116600036621,0.0,17.61116600036621,17.61116600036621
W0,layer_03,3,unet.down_blocks.1.attentions.1.transformer_blocks.0.attn2.to_v,raw_before_row_l2,eot,cat,description,50,640,16.854095458984375,1.05663001537323,14.604643821716309,18.962242126464844
W0,layer_03,3,unet.down_blocks.1.attentions.1.transformer_blocks.0.attn2.to_v,raw_before_row_l2,eot,dog,description,50,640,17.80913543701172,1.1953672170639038,15.870672225952148,22.026395797729492
W0,layer_03,3,unet.down_blocks.1.attentions.1.transformer_blocks.0.attn2.to_v,raw_before_row_l2,eot,fox,description,50,640,16.36787223815918,1.0048975944519043,14.807367324829102,19.524995803833008
W0,layer_03,3,unet.down_blocks.1.attentions.1.transformer_blocks.0.attn2.to_v,raw_before_row_l2,eot,bear,description,50,640,17.300918579101562,0.8640558123588562,15.400428771972656,19.44305992126465
W0,layer_03,3,unet.down_blocks.1.attentions.1.transformer_blocks.0.attn2.to_v,raw_before_row_l2,eot,wolf,description,50,640,17.467439651489258,0.8605208396911621,15.203957557678223,19.28045082092285
W0,layer_03,3,unet.down_blocks.1.attentions.1.transformer_blocks.0.attn2.to_v,raw_before_row_l2,eot,rabbit,description,50,640,16.469831466674805,1.0662243366241455,14.211699485778809,19.4099063873291
W0,layer_03,3,unet.down_blocks.1.attentions.1.transformer_blocks.0.attn2.to_v,raw_before_row_l2,eot,deer,description,50,640,17.339738845825195,1.0632635354995728,15.01547622680664,20.85025978088379
W0,layer_03,3,unet.down_blocks.1.attentions.1.transformer_blocks.0.attn2.to_v,raw_before_row_l2,eot,horse,description,50,640,17.929224014282227,0.9736151099205017,16.205856323242188,20.720115661621094
W0,layer_03,3,unet.down_blocks.1.attentions.1.transformer_blocks.0.attn2.to_v,raw_before_row_l2,fixed_suffix,cat,description,50,640,14.445527076721191,0.6146105527877808,13.203343391418457,16.22600746154785
W0,layer_03,3,unet.down_blocks.1.attentions.1.transformer_blocks.0.attn2.to_v,raw_before_row_l2,fixed_suffix,dog,description,50,640,14.654936790466309,0.5315142869949341,13.535248756408691,16.035120010375977
W0,layer_03,3,unet.down_blocks.1.attentions.1.transformer_blocks.0.attn2.to_v,raw_before_row_l2,fixed_suffix,fox,description,50,640,14.201594352722168,0.41971004009246826,13.347833633422852,15.241540908813477
W0,layer_03,3,unet.down_blocks.1.attentions.1.transformer_blocks.0.attn2.to_v,raw_before_row_l2,fixed_suffix,bear,description,50,640,14.049901008605957,0.42115336656570435,13.137314796447754,15.025834083557129
W0,layer_03,3,unet.down_blocks.1.attentions.1.transformer_blocks.0.attn2.to_v,raw_before_row_l2,fixed_suffix,wolf,description,50,640,14.303410530090332,0.45085808634757996,13.573850631713867,15.68400764465332
W0,layer_03,3,unet.down_blocks.1.attentions.1.transformer_blocks.0.attn2.to_v,raw_before_row_l2,fixed_suffix,rabbit,description,50,640,14.53059196472168,0.45507892966270447,13.666757583618164,15.581013679504395
W0,layer_03,3,unet.down_blocks.1.attentions.1.transformer_blocks.0.attn2.to_v,raw_before_row_l2,fixed_suffix,deer,description,50,640,14.622851371765137,0.6715454459190369,13.600367546081543,17.095243453979492
W0,layer_03,3,unet.down_blocks.1.attentions.1.transformer_blocks.0.attn2.to_v,raw_before_row_l2,fixed_suffix,horse,description,50,640,14.600595474243164,0.5502464771270752,13.77898120880127,15.812349319458008
W0,layer_03,3,unet.down_blocks.1.attentions.1.transformer_blocks.0.attn2.to_v,raw_before_row_l2,name_last,cat,name,1,640,17.94585418701172,0.0,17.94585418701172,17.94585418701172
W0,layer_03,3,unet.down_blocks.1.attentions.1.transformer_blocks.0.attn2.to_v,raw_before_row_l2,name_last,dog,name,1,640,16.60398292541504,0.0,16.60398292541504,16.60398292541504
W0,layer_03,3,unet.down_blocks.1.attentions.1.transformer_blocks.0.attn2.to_v,raw_before_row_l2,name_last,fox,name,1,640,16.195613861083984,0.0,16.195613861083984,16.195613861083984
W0,layer_03,3,unet.down_blocks.1.attentions.1.transformer_blocks.0.attn2.to_v,raw_before_row_l2,name_last,bear,name,1,640,16.67098045349121,0.0,16.67098045349121,16.67098045349121
W0,layer_03,3,unet.down_blocks.1.attentions.1.transformer_blocks.0.attn2.to_v,raw_before_row_l2,name_last,wolf,name,1,640,16.812652587890625,0.0,16.812652587890625,16.812652587890625
W0,layer_03,3,unet.down_blocks.1.attentions.1.transformer_blocks.0.attn2.to_v,raw_before_row_l2,name_last,rabbit,name,1,640,17.646324157714844,0.0,17.646324157714844,17.646324157714844
W0,layer_03,3,unet.down_blocks.1.attentions.1.transformer_blocks.0.attn2.to_v,raw_before_row_l2,name_last,deer,name,1,640,16.657270431518555,0.0,16.657270431518555,16.657270431518555
W0,layer_03,3,unet.down_blocks.1.attentions.1.transformer_blocks.0.attn2.to_v,raw_before_row_l2,name_last,horse,name,1,640,18.174659729003906,0.0,18.174659729003906,18.174659729003906
W0,layer_03,3,unet.down_blocks.1.attentions.1.transformer_blocks.0.attn2.to_v,raw_before_row_l2,name_eot,cat,name,1,640,19.666790008544922,0.0,19.666790008544922,19.666790008544922
W0,layer_03,3,unet.down_blocks.1.attentions.1.transformer_blocks.0.attn2.to_v,raw_before_row_l2,name_eot,dog,name,1,640,20.32463264465332,0.0,20.32463264465332,20.32463264465332
W0,layer_03,3,unet.down_blocks.1.attentions.1.transformer_blocks.0.attn2.to_v,raw_before_row_l2,name_eot,fox,name,1,640,18.592872619628906,0.0,18.592872619628906,18.592872619628906
W0,layer_03,3,unet.down_blocks.1.attentions.1.transformer_blocks.0.attn2.to_v,raw_before_row_l2,name_eot,bear,name,1,640,16.758087158203125,0.0,16.758087158203125,16.758087158203125
W0,layer_03,3,unet.down_blocks.1.attentions.1.transformer_blocks.0.attn2.to_v,raw_before_row_l2,name_eot,wolf,name,1,640,16.767671585083008,0.0,16.767671585083008,16.767671585083008
W0,layer_03,3,unet.down_blocks.1.attentions.1.transformer_blocks.0.attn2.to_v,raw_before_row_l2,name_eot,rabbit,name,1,640,16.3331356048584,0.0,16.3331356048584,16.3331356048584
W0,layer_03,3,unet.down_blocks.1.attentions.1.transformer_blocks.0.attn2.to_v,raw_before_row_l2,name_eot,deer,name,1,640,18.512733459472656,0.0,18.512733459472656,18.512733459472656
W0,layer_03,3,unet.down_blocks.1.attentions.1.transformer_blocks.0.attn2.to_v,raw_before_row_l2,name_eot,horse,name,1,640,19.181495666503906,0.0,19.181495666503906,19.181495666503906
W0,layer_03,3,unet.down_blocks.1.attentions.1.transformer_blocks.0.attn2.to_v,raw_before_row_l2,name_fixed,cat,name,1,640,15.092291831970215,0.0,15.092291831970215,15.092291831970215
W0,layer_03,3,unet.down_blocks.1.attentions.1.transformer_blocks.0.attn2.to_v,raw_before_row_l2,name_fixed,dog,name,1,640,15.32262134552002,0.0,15.32262134552002,15.32262134552002
W0,layer_03,3,unet.down_blocks.1.attentions.1.transformer_blocks.0.attn2.to_v,raw_before_row_l2,name_fixed,fox,name,1,640,15.506651878356934,0.0,15.506651878356934,15.506651878356934
W0,layer_03,3,unet.down_blocks.1.attentions.1.transformer_blocks.0.attn2.to_v,raw_before_row_l2,name_fixed,bear,name,1,640,15.069191932678223,0.0,15.069191932678223,15.069191932678223
W0,layer_03,3,unet.down_blocks.1.attentions.1.transformer_blocks.0.attn2.to_v,raw_before_row_l2,name_fixed,wolf,name,1,640,14.877346992492676,0.0,14.877346992492676,14.877346992492676
W0,layer_03,3,unet.down_blocks.1.attentions.1.transformer_blocks.0.attn2.to_v,raw_before_row_l2,name_fixed,rabbit,name,1,640,14.784037590026855,0.0,14.784037590026855,14.784037590026855
W0,layer_03,3,unet.down_blocks.1.attentions.1.transformer_blocks.0.attn2.to_v,raw_before_row_l2,name_fixed,deer,name,1,640,15.236963272094727,0.0,15.236963272094727,15.236963272094727
W0,layer_03,3,unet.down_blocks.1.attentions.1.transformer_blocks.0.attn2.to_v,raw_before_row_l2,name_fixed,horse,name,1,640,14.946556091308594,0.0,14.946556091308594,14.946556091308594
W0,layer_04,4,unet.down_blocks.2.attentions.0.transformer_blocks.0.attn2.to_v,raw_before_row_l2,eot,cat,description,50,1280,31.13581085205078,1.1675597429275513,27.585243225097656,33.56170654296875
W0,layer_04,4,unet.down_blocks.2.attentions.0.transformer_blocks.0.attn2.to_v,raw_before_row_l2,eot,dog,description,50,1280,31.414796829223633,0.9601966738700867,29.466211318969727,33.147708892822266
W0,layer_04,4,unet.down_blocks.2.attentions.0.transformer_blocks.0.attn2.to_v,raw_before_row_l2,eot,fox,description,50,1280,30.996232986450195,1.1098039150238037,28.74582862854004,33.34249496459961
W0,layer_04,4,unet.down_blocks.2.attentions.0.transformer_blocks.0.attn2.to_v,raw_before_row_l2,eot,bear,description,50,1280,30.71855926513672,1.1335737705230713,28.722808837890625,33.302608489990234
W0,layer_04,4,unet.down_blocks.2.attentions.0.transformer_blocks.0.attn2.to_v,raw_before_row_l2,eot,wolf,description,50,1280,31.308244705200195,1.0382136106491089,29.5533390045166,33.09559631347656
W0,layer_04,4,unet.down_blocks.2.attentions.0.transformer_blocks.0.attn2.to_v,raw_before_row_l2,eot,rabbit,description,50,1280,30.83127212524414,0.9730160236358643,28.500490188598633,33.16072463989258
W0,layer_04,4,unet.down_blocks.2.attentions.0.transformer_blocks.0.attn2.to_v,raw_before_row_l2,eot,deer,description,50,1280,30.647798538208008,1.0983601808547974,28.78860092163086,32.99408721923828
W0,layer_04,4,unet.down_blocks.2.attentions.0.transformer_blocks.0.attn2.to_v,raw_before_row_l2,eot,horse,description,50,1280,31.387910842895508,0.9417733550071716,29.3557071685791,33.918975830078125
W0,layer_04,4,unet.down_blocks.2.attentions.0.transformer_blocks.0.attn2.to_v,raw_before_row_l2,fixed_suffix,cat,description,50,1280,27.213581085205078,0.48365965485572815,26.03414535522461,28.453523635864258
W0,layer_04,4,unet.down_blocks.2.attentions.0.transformer_blocks.0.attn2.to_v,raw_before_row_l2,fixed_suffix,dog,description,50,1280,27.365739822387695,0.39562174677848816,26.304500579833984,28.453754425048828
W0,layer_04,4,unet.down_blocks.2.attentions.0.transformer_blocks.0.attn2.to_v,raw_before_row_l2,fixed_suffix,fox,description,50,1280,27.3147029876709,0.45471182465553284,26.337947845458984,28.347108840942383
W0,layer_04,4,unet.down_blocks.2.attentions.0.transformer_blocks.0.attn2.to_v,raw_before_row_l2,fixed_suffix,bear,description,50,1280,27.32671356201172,0.5547747015953064,26.05602264404297,28.2728271484375
W0,layer_04,4,unet.down_blocks.2.attentions.0.transformer_blocks.0.attn2.to_v,raw_before_row_l2,fixed_suffix,wolf,description,50,1280,27.158647537231445,0.5289531350135803,26.12391471862793,28.363689422607422
W0,layer_04,4,unet.down_blocks.2.attentions.0.transformer_blocks.0.attn2.to_v,raw_before_row_l2,fixed_suffix,rabbit,description,50,1280,27.406919479370117,0.44157928228378296,26.3822078704834,28.87791633605957
W0,layer_04,4,unet.down_blocks.2.attentions.0.transformer_blocks.0.attn2.to_v,raw_before_row_l2,fixed_suffix,deer,description,50,1280,27.173128128051758,0.5027405619621277,26.229785919189453,28.55223846435547
W0,layer_04,4,unet.down_blocks.2.attentions.0.transformer_blocks.0.attn2.to_v,raw_before_row_l2,fixed_suffix,horse,description,50,1280,27.521934509277344,0.550919234752655,26.43073844909668,28.61018943786621
W0,layer_04,4,unet.down_blocks.2.attentions.0.transformer_blocks.0.attn2.to_v,raw_before_row_l2,name_last,cat,name,1,1280,30.910301208496094,0.0,30.910301208496094,30.910301208496094
W0,layer_04,4,unet.down_blocks.2.attentions.0.transformer_blocks.0.attn2.to_v,raw_before_row_l2,name_last,dog,name,1,1280,30.577312469482422,0.0,30.577312469482422,30.577312469482422
W0,layer_04,4,unet.down_blocks.2.attentions.0.transformer_blocks.0.attn2.to_v,raw_before_row_l2,name_last,fox,name,1,1280,30.328357696533203,0.0,30.328357696533203,30.328357696533203
W0,layer_04,4,unet.down_blocks.2.attentions.0.transformer_blocks.0.attn2.to_v,raw_before_row_l2,name_last,bear,name,1,1280,29.14855194091797,0.0,29.14855194091797,29.14855194091797
W0,layer_04,4,unet.down_blocks.2.attentions.0.transformer_blocks.0.attn2.to_v,raw_before_row_l2,name_last,wolf,name,1,1280,29.768085479736328,0.0,29.768085479736328,29.768085479736328
W0,layer_04,4,unet.down_blocks.2.attentions.0.transformer_blocks.0.attn2.to_v,raw_before_row_l2,name_last,rabbit,name,1,1280,29.61537742614746,0.0,29.61537742614746,29.61537742614746
W0,layer_04,4,unet.down_blocks.2.attentions.0.transformer_blocks.0.attn2.to_v,raw_before_row_l2,name_last,deer,name,1,1280,29.045665740966797,0.0,29.045665740966797,29.045665740966797
W0,layer_04,4,unet.down_blocks.2.attentions.0.transformer_blocks.0.attn2.to_v,raw_before_row_l2,name_last,horse,name,1,1280,32.38715362548828,0.0,32.38715362548828,32.38715362548828
W0,layer_04,4,unet.down_blocks.2.attentions.0.transformer_blocks.0.attn2.to_v,raw_before_row_l2,name_eot,cat,name,1,1280,26.701873779296875,0.0,26.701873779296875,26.701873779296875
W0,layer_04,4,unet.down_blocks.2.attentions.0.transformer_blocks.0.attn2.to_v,raw_before_row_l2,name_eot,dog,name,1,1280,26.76343536376953,0.0,26.76343536376953,26.76343536376953
W0,layer_04,4,unet.down_blocks.2.attentions.0.transformer_blocks.0.attn2.to_v,raw_before_row_l2,name_eot,fox,name,1,1280,26.539915084838867,0.0,26.539915084838867,26.539915084838867
W0,layer_04,4,unet.down_blocks.2.attentions.0.transformer_blocks.0.attn2.to_v,raw_before_row_l2,name_eot,bear,name,1,1280,26.52082633972168,0.0,26.52082633972168,26.52082633972168
W0,layer_04,4,unet.down_blocks.2.attentions.0.transformer_blocks.0.attn2.to_v,raw_before_row_l2,name_eot,wolf,name,1,1280,27.19933319091797,0.0,27.19933319091797,27.19933319091797
W0,layer_04,4,unet.down_blocks.2.attentions.0.transformer_blocks.0.attn2.to_v,raw_before_row_l2,name_eot,rabbit,name,1,1280,26.257835388183594,0.0,26.257835388183594,26.257835388183594
W0,layer_04,4,unet.down_blocks.2.attentions.0.transformer_blocks.0.attn2.to_v,raw_before_row_l2,name_eot,deer,name,1,1280,27.355958938598633,0.0,27.355958938598633,27.355958938598633
W0,layer_04,4,unet.down_blocks.2.attentions.0.transformer_blocks.0.attn2.to_v,raw_before_row_l2,name_eot,horse,name,1,1280,28.7072696685791,0.0,28.7072696685791,28.7072696685791
W0,layer_04,4,unet.down_blocks.2.attentions.0.transformer_blocks.0.attn2.to_v,raw_before_row_l2,name_fixed,cat,name,1,1280,29.5672607421875,0.0,29.5672607421875,29.5672607421875
W0,layer_04,4,unet.down_blocks.2.attentions.0.transformer_blocks.0.attn2.to_v,raw_before_row_l2,name_fixed,dog,name,1,1280,29.715600967407227,0.0,29.715600967407227,29.715600967407227
W0,layer_04,4,unet.down_blocks.2.attentions.0.transformer_blocks.0.attn2.to_v,raw_before_row_l2,name_fixed,fox,name,1,1280,29.271886825561523,0.0,29.271886825561523,29.271886825561523
W0,layer_04,4,unet.down_blocks.2.attentions.0.transformer_blocks.0.attn2.to_v,raw_before_row_l2,name_fixed,bear,name,1,1280,29.09756851196289,0.0,29.09756851196289,29.09756851196289
W0,layer_04,4,unet.down_blocks.2.attentions.0.transformer_blocks.0.attn2.to_v,raw_before_row_l2,name_fixed,wolf,name,1,1280,28.390775680541992,0.0,28.390775680541992,28.390775680541992
W0,layer_04,4,unet.down_blocks.2.attentions.0.transformer_blocks.0.attn2.to_v,raw_before_row_l2,name_fixed,rabbit,name,1,1280,29.697978973388672,0.0,29.697978973388672,29.697978973388672
W0,layer_04,4,unet.down_blocks.2.attentions.0.transformer_blocks.0.attn2.to_v,raw_before_row_l2,name_fixed,deer,name,1,1280,28.690540313720703,0.0,28.690540313720703,28.690540313720703
W0,layer_04,4,unet.down_blocks.2.attentions.0.transformer_blocks.0.attn2.to_v,raw_before_row_l2,name_fixed,horse,name,1,1280,28.97450065612793,0.0,28.97450065612793,28.97450065612793
W0,layer_05,5,unet.down_blocks.2.attentions.1.transformer_blocks.0.attn2.to_v,raw_before_row_l2,eot,cat,description,50,1280,31.530040740966797,1.1159605979919434,28.406452178955078,33.71844482421875
W0,layer_05,5,unet.down_blocks.2.attentions.1.transformer_blocks.0.attn2.to_v,raw_before_row_l2,eot,dog,description,50,1280,32.32499694824219,1.0045145750045776,30.400964736938477,34.38521957397461
W0,layer_05,5,unet.down_blocks.2.attentions.1.transformer_blocks.0.attn2.to_v,raw_before_row_l2,eot,fox,description,50,1280,31.113018035888672,1.1883739233016968,28.35920524597168,34.090789794921875
W0,layer_05,5,unet.down_blocks.2.attentions.1.transformer_blocks.0.attn2.to_v,raw_before_row_l2,eot,bear,description,50,1280,31.630413055419922,1.0414493083953857,29.43230628967285,34.272857666015625
W0,layer_05,5,unet.down_blocks.2.attentions.1.transformer_blocks.0.attn2.to_v,raw_before_row_l2,eot,wolf,description,50,1280,31.684511184692383,1.1734000444412231,28.975187301635742,34.500633239746094
W0,layer_05,5,unet.down_blocks.2.attentions.1.transformer_blocks.0.attn2.to_v,raw_before_row_l2,eot,rabbit,description,50,1280,31.730419158935547,0.9032057523727417,29.28734588623047,33.75252914428711
W0,layer_05,5,unet.down_blocks.2.attentions.1.transformer_blocks.0.attn2.to_v,raw_before_row_l2,eot,deer,description,50,1280,31.628307342529297,0.7943064570426941,30.280975341796875,33.768062591552734
W0,layer_05,5,unet.down_blocks.2.attentions.1.transformer_blocks.0.attn2.to_v,raw_before_row_l2,eot,horse,description,50,1280,32.581138610839844,1.1108975410461426,30.035449981689453,34.79149627685547
W0,layer_05,5,unet.down_blocks.2.attentions.1.transformer_blocks.0.attn2.to_v,raw_before_row_l2,fixed_suffix,cat,description,50,1280,27.289636611938477,0.5846331715583801,26.025426864624023,28.91985321044922
W0,layer_05,5,unet.down_blocks.2.attentions.1.transformer_blocks.0.attn2.to_v,raw_before_row_l2,fixed_suffix,dog,description,50,1280,27.66040802001953,0.5002732872962952,26.639142990112305,28.854209899902344
W0,layer_05,5,unet.down_blocks.2.attentions.1.transformer_blocks.0.attn2.to_v,raw_before_row_l2,fixed_suffix,fox,description,50,1280,27.438318252563477,0.6669929027557373,25.979129791259766,28.626142501831055
W0,layer_05,5,unet.down_blocks.2.attentions.1.transformer_blocks.0.attn2.to_v,raw_before_row_l2,fixed_suffix,bear,description,50,1280,27.97364044189453,0.6515132784843445,25.849987030029297,29.305076599121094
W0,layer_05,5,unet.down_blocks.2.attentions.1.transformer_blocks.0.attn2.to_v,raw_before_row_l2,fixed_suffix,wolf,description,50,1280,27.789318084716797,0.6561347842216492,26.37352180480957,28.95972442626953
W0,layer_05,5,unet.down_blocks.2.attentions.1.transformer_blocks.0.attn2.to_v,raw_before_row_l2,fixed_suffix,rabbit,description,50,1280,27.45428466796875,0.5706185102462769,25.87601661682129,28.924137115478516
W0,layer_05,5,unet.down_blocks.2.attentions.1.transformer_blocks.0.attn2.to_v,raw_before_row_l2,fixed_suffix,deer,description,50,1280,27.86636734008789,0.5441020131111145,26.855396270751953,29.115381240844727
W0,layer_05,5,unet.down_blocks.2.attentions.1.transformer_blocks.0.attn2.to_v,raw_before_row_l2,fixed_suffix,horse,description,50,1280,27.99567413330078,0.6738011837005615,26.255033493041992,29.366113662719727
W0,layer_05,5,unet.down_blocks.2.attentions.1.transformer_blocks.0.attn2.to_v,raw_before_row_l2,name_last,cat,name,1,1280,30.26919174194336,0.0,30.26919174194336,30.26919174194336
W0,layer_05,5,unet.down_blocks.2.attentions.1.transformer_blocks.0.attn2.to_v,raw_before_row_l2,name_last,dog,name,1,1280,31.422481536865234,0.0,31.422481536865234,31.422481536865234
W0,layer_05,5,unet.down_blocks.2.attentions.1.transformer_blocks.0.attn2.to_v,raw_before_row_l2,name_last,fox,name,1,1280,30.644977569580078,0.0,30.644977569580078,30.644977569580078
W0,layer_05,5,unet.down_blocks.2.attentions.1.transformer_blocks.0.attn2.to_v,raw_before_row_l2,name_last,bear,name,1,1280,31.704439163208008,0.0,31.704439163208008,31.704439163208008
W0,layer_05,5,unet.down_blocks.2.attentions.1.transformer_blocks.0.attn2.to_v,raw_before_row_l2,name_last,wolf,name,1,1280,29.889493942260742,0.0,29.889493942260742,29.889493942260742
W0,layer_05,5,unet.down_blocks.2.attentions.1.transformer_blocks.0.attn2.to_v,raw_before_row_l2,name_last,rabbit,name,1,1280,31.70957374572754,0.0,31.70957374572754,31.70957374572754
W0,layer_05,5,unet.down_blocks.2.attentions.1.transformer_blocks.0.attn2.to_v,raw_before_row_l2,name_last,deer,name,1,1280,31.608728408813477,0.0,31.608728408813477,31.608728408813477
W0,layer_05,5,unet.down_blocks.2.attentions.1.transformer_blocks.0.attn2.to_v,raw_before_row_l2,name_last,horse,name,1,1280,34.8521614074707,0.0,34.8521614074707,34.8521614074707
W0,layer_05,5,unet.down_blocks.2.attentions.1.transformer_blocks.0.attn2.to_v,raw_before_row_l2,name_eot,cat,name,1,1280,26.936534881591797,0.0,26.936534881591797,26.936534881591797
W0,layer_05,5,unet.down_blocks.2.attentions.1.transformer_blocks.0.attn2.to_v,raw_before_row_l2,name_eot,dog,name,1,1280,28.3421573638916,0.0,28.3421573638916,28.3421573638916
W0,layer_05,5,unet.down_blocks.2.attentions.1.transformer_blocks.0.attn2.to_v,raw_before_row_l2,name_eot,fox,name,1,1280,25.884723663330078,0.0,25.884723663330078,25.884723663330078
W0,layer_05,5,unet.down_blocks.2.attentions.1.transformer_blocks.0.attn2.to_v,raw_before_row_l2,name_eot,bear,name,1,1280,27.33977699279785,0.0,27.33977699279785,27.33977699279785
W0,layer_05,5,unet.down_blocks.2.attentions.1.transformer_blocks.0.attn2.to_v,raw_before_row_l2,name_eot,wolf,name,1,1280,26.394180297851562,0.0,26.394180297851562,26.394180297851562
W0,layer_05,5,unet.down_blocks.2.attentions.1.transformer_blocks.0.attn2.to_v,raw_before_row_l2,name_eot,rabbit,name,1,1280,26.613739013671875,0.0,26.613739013671875,26.613739013671875
W0,layer_05,5,unet.down_blocks.2.attentions.1.transformer_blocks.0.attn2.to_v,raw_before_row_l2,name_eot,deer,name,1,1280,27.989065170288086,0.0,27.989065170288086,27.989065170288086
W0,layer_05,5,unet.down_blocks.2.attentions.1.transformer_blocks.0.attn2.to_v,raw_before_row_l2,name_eot,horse,name,1,1280,30.227367401123047,0.0,30.227367401123047,30.227367401123047
W0,layer_05,5,unet.down_blocks.2.attentions.1.transformer_blocks.0.attn2.to_v,raw_before_row_l2,name_fixed,cat,name,1,1280,29.25031089782715,0.0,29.25031089782715,29.25031089782715
W0,layer_05,5,unet.down_blocks.2.attentions.1.transformer_blocks.0.attn2.to_v,raw_before_row_l2,name_fixed,dog,name,1,1280,29.31607437133789,0.0,29.31607437133789,29.31607437133789
W0,layer_05,5,unet.down_blocks.2.attentions.1.transformer_blocks.0.attn2.to_v,raw_before_row_l2,name_fixed,fox,name,1,1280,28.781604766845703,0.0,28.781604766845703,28.781604766845703
W0,layer_05,5,unet.down_blocks.2.attentions.1.transformer_blocks.0.attn2.to_v,raw_before_row_l2,name_fixed,bear,name,1,1280,28.669809341430664,0.0,28.669809341430664,28.669809341430664
W0,layer_05,5,unet.down_blocks.2.attentions.1.transformer_blocks.0.attn2.to_v,raw_before_row_l2,name_fixed,wolf,name,1,1280,28.59966468811035,0.0,28.59966468811035,28.59966468811035
W0,layer_05,5,unet.down_blocks.2.attentions.1.transformer_blocks.0.attn2.to_v,raw_before_row_l2,name_fixed,rabbit,name,1,1280,28.899133682250977,0.0,28.899133682250977,28.899133682250977
W0,layer_05,5,unet.down_blocks.2.attentions.1.transformer_blocks.0.attn2.to_v,raw_before_row_l2,name_fixed,deer,name,1,1280,29.075468063354492,0.0,29.075468063354492,29.075468063354492
W0,layer_05,5,unet.down_blocks.2.attentions.1.transformer_blocks.0.attn2.to_v,raw_before_row_l2,name_fixed,horse,name,1,1280,29.90060806274414,0.0,29.90060806274414,29.90060806274414
W0,layer_06,6,unet.up_blocks.1.attentions.0.transformer_blocks.0.attn2.to_v,raw_before_row_l2,eot,cat,description,50,1280,38.28889846801758,1.6470028162002563,33.74217987060547,42.124229431152344
W0,layer_06,6,unet.up_blocks.1.attentions.0.transformer_blocks.0.attn2.to_v,raw_before_row_l2,eot,dog,description,50,1280,39.306087493896484,1.563987135887146,35.71929931640625,42.222896575927734
W0,layer_06,6,unet.up_blocks.1.attentions.0.transformer_blocks.0.attn2.to_v,raw_before_row_l2,eot,fox,description,50,1280,36.33350372314453,1.757678508758545,32.850460052490234,39.62055587768555
W0,layer_06,6,unet.up_blocks.1.attentions.0.transformer_blocks.0.attn2.to_v,raw_before_row_l2,eot,bear,description,50,1280,37.87390899658203,1.5174963474273682,34.52821731567383,41.936546325683594
W0,layer_06,6,unet.up_blocks.1.attentions.0.transformer_blocks.0.attn2.to_v,raw_before_row_l2,eot,wolf,description,50,1280,37.31061935424805,1.5081697702407837,33.56743621826172,40.3522834777832
W0,layer_06,6,unet.up_blocks.1.attentions.0.transformer_blocks.0.attn2.to_v,raw_before_row_l2,eot,rabbit,description,50,1280,38.019954681396484,1.0837289094924927,34.498985290527344,39.77444076538086
W0,layer_06,6,unet.up_blocks.1.attentions.0.transformer_blocks.0.attn2.to_v,raw_before_row_l2,eot,deer,description,50,1280,36.941314697265625,1.0131276845932007,35.04652786254883,39.29286193847656
W0,layer_06,6,unet.up_blocks.1.attentions.0.transformer_blocks.0.attn2.to_v,raw_before_row_l2,eot,horse,description,50,1280,38.31523513793945,1.2465187311172485,35.51515579223633,41.46037292480469
W0,layer_06,6,unet.up_blocks.1.attentions.0.transformer_blocks.0.attn2.to_v,raw_before_row_l2,fixed_suffix,cat,description,50,1280,31.677396774291992,0.8002817630767822,30.17412757873535,33.12716293334961
W0,layer_06,6,unet.up_blocks.1.attentions.0.transformer_blocks.0.attn2.to_v,raw_before_row_l2,fixed_suffix,dog,description,50,1280,32.0621223449707,0.5599992871284485,30.8348445892334,33.33295822143555
W0,layer_06,6,unet.up_blocks.1.attentions.0.transformer_blocks.0.attn2.to_v,raw_before_row_l2,fixed_suffix,fox,description,50,1280,31.535541534423828,0.6391645669937134,29.95227813720703,32.68828582763672
W0,layer_06,6,unet.up_blocks.1.attentions.0.transformer_blocks.0.attn2.to_v,raw_before_row_l2,fixed_suffix,bear,description,50,1280,32.04322814941406,0.7588065266609192,29.7838077545166,33.53327941894531
W0,layer_06,6,unet.up_blocks.1.attentions.0.transformer_blocks.0.attn2.to_v,raw_before_row_l2,fixed_suffix,wolf,description,50,1280,31.90340805053711,0.6783092617988586,30.399486541748047,33.14332580566406
W0,layer_06,6,unet.up_blocks.1.attentions.0.transformer_blocks.0.attn2.to_v,raw_before_row_l2,fixed_suffix,rabbit,description,50,1280,31.950458526611328,0.6068252921104431,30.6993408203125,33.225364685058594
W0,layer_06,6,unet.up_blocks.1.attentions.0.transformer_blocks.0.attn2.to_v,raw_before_row_l2,fixed_suffix,deer,description,50,1280,31.832128524780273,0.5962159037590027,30.99167823791504,33.43695831298828
W0,layer_06,6,unet.up_blocks.1.attentions.0.transformer_blocks.0.attn2.to_v,raw_before_row_l2,fixed_suffix,horse,description,50,1280,32.528526306152344,0.7486647963523865,30.887542724609375,34.067378997802734
W0,layer_06,6,unet.up_blocks.1.attentions.0.transformer_blocks.0.attn2.to_v,raw_before_row_l2,name_last,cat,name,1,1280,37.70224380493164,0.0,37.70224380493164,37.70224380493164
W0,layer_06,6,unet.up_blocks.1.attentions.0.transformer_blocks.0.attn2.to_v,raw_before_row_l2,name_last,dog,name,1,1280,38.83197784423828,0.0,38.83197784423828,38.83197784423828
W0,layer_06,6,unet.up_blocks.1.attentions.0.transformer_blocks.0.attn2.to_v,raw_before_row_l2,name_last,fox,name,1,1280,38.403934478759766,0.0,38.403934478759766,38.403934478759766
W0,layer_06,6,unet.up_blocks.1.attentions.0.transformer_blocks.0.attn2.to_v,raw_before_row_l2,name_last,bear,name,1,1280,38.88624954223633,0.0,38.88624954223633,38.88624954223633
W0,layer_06,6,unet.up_blocks.1.attentions.0.transformer_blocks.0.attn2.to_v,raw_before_row_l2,name_last,wolf,name,1,1280,35.72102355957031,0.0,35.72102355957031,35.72102355957031
W0,layer_06,6,unet.up_blocks.1.attentions.0.transformer_blocks.0.attn2.to_v,raw_before_row_l2,name_last,rabbit,name,1,1280,39.83808517456055,0.0,39.83808517456055,39.83808517456055
W0,layer_06,6,unet.up_blocks.1.attentions.0.transformer_blocks.0.attn2.to_v,raw_before_row_l2,name_last,deer,name,1,1280,38.774436950683594,0.0,38.774436950683594,38.774436950683594
W0,layer_06,6,unet.up_blocks.1.attentions.0.transformer_blocks.0.attn2.to_v,raw_before_row_l2,name_last,horse,name,1,1280,39.90327072143555,0.0,39.90327072143555,39.90327072143555
W0,layer_06,6,unet.up_blocks.1.attentions.0.transformer_blocks.0.attn2.to_v,raw_before_row_l2,name_eot,cat,name,1,1280,34.37830352783203,0.0,34.37830352783203,34.37830352783203
W0,layer_06,6,unet.up_blocks.1.attentions.0.transformer_blocks.0.attn2.to_v,raw_before_row_l2,name_eot,dog,name,1,1280,34.4461555480957,0.0,34.4461555480957,34.4461555480957
W0,layer_06,6,unet.up_blocks.1.attentions.0.transformer_blocks.0.attn2.to_v,raw_before_row_l2,name_eot,fox,name,1,1280,31.56183624267578,0.0,31.56183624267578,31.56183624267578
W0,layer_06,6,unet.up_blocks.1.attentions.0.transformer_blocks.0.attn2.to_v,raw_before_row_l2,name_eot,bear,name,1,1280,33.2806282043457,0.0,33.2806282043457,33.2806282043457
W0,layer_06,6,unet.up_blocks.1.attentions.0.transformer_blocks.0.attn2.to_v,raw_before_row_l2,name_eot,wolf,name,1,1280,31.354860305786133,0.0,31.354860305786133,31.354860305786133
W0,layer_06,6,unet.up_blocks.1.attentions.0.transformer_blocks.0.attn2.to_v,raw_before_row_l2,name_eot,rabbit,name,1,1280,33.66926193237305,0.0,33.66926193237305,33.66926193237305
W0,layer_06,6,unet.up_blocks.1.attentions.0.transformer_blocks.0.attn2.to_v,raw_before_row_l2,name_eot,deer,name,1,1280,32.535736083984375,0.0,32.535736083984375,32.535736083984375
W0,layer_06,6,unet.up_blocks.1.attentions.0.transformer_blocks.0.attn2.to_v,raw_before_row_l2,name_eot,horse,name,1,1280,35.002166748046875,0.0,35.002166748046875,35.002166748046875
W0,layer_06,6,unet.up_blocks.1.attentions.0.transformer_blocks.0.attn2.to_v,raw_before_row_l2,name_fixed,cat,name,1,1280,35.28483200073242,0.0,35.28483200073242,35.28483200073242
W0,layer_06,6,unet.up_blocks.1.attentions.0.transformer_blocks.0.attn2.to_v,raw_before_row_l2,name_fixed,dog,name,1,1280,34.999576568603516,0.0,34.999576568603516,34.999576568603516
W0,layer_06,6,unet.up_blocks.1.attentions.0.transformer_blocks.0.attn2.to_v,raw_before_row_l2,name_fixed,fox,name,1,1280,34.49434280395508,0.0,34.49434280395508,34.49434280395508
W0,layer_06,6,unet.up_blocks.1.attentions.0.transformer_blocks.0.attn2.to_v,raw_before_row_l2,name_fixed,bear,name,1,1280,34.56061553955078,0.0,34.56061553955078,34.56061553955078
W0,layer_06,6,unet.up_blocks.1.attentions.0.transformer_blocks.0.attn2.to_v,raw_before_row_l2,name_fixed,wolf,name,1,1280,34.00941467285156,0.0,34.00941467285156,34.00941467285156
W0,layer_06,6,unet.up_blocks.1.attentions.0.transformer_blocks.0.attn2.to_v,raw_before_row_l2,name_fixed,rabbit,name,1,1280,34.845890045166016,0.0,34.845890045166016,34.845890045166016
W0,layer_06,6,unet.up_blocks.1.attentions.0.transformer_blocks.0.attn2.to_v,raw_before_row_l2,name_fixed,deer,name,1,1280,33.8929328918457,0.0,33.8929328918457,33.8929328918457
W0,layer_06,6,unet.up_blocks.1.attentions.0.transformer_blocks.0.attn2.to_v,raw_before_row_l2,name_fixed,horse,name,1,1280,34.71726608276367,0.0,34.71726608276367,34.71726608276367
W0,layer_07,7,unet.up_blocks.1.attentions.1.transformer_blocks.0.attn2.to_v,raw_before_row_l2,eot,cat,description,50,1280,43.247947692871094,1.6888240575790405,39.294281005859375,47.34507369995117
W0,layer_07,7,unet.up_blocks.1.attentions.1.transformer_blocks.0.attn2.to_v,raw_before_row_l2,eot,dog,description,50,1280,43.77265930175781,1.6580843925476074,39.81487274169922,47.82464599609375
W0,layer_07,7,unet.up_blocks.1.attentions.1.transformer_blocks.0.attn2.to_v,raw_before_row_l2,eot,fox,description,50,1280,41.499237060546875,1.7084407806396484,37.283992767333984,44.47275924682617
W0,layer_07,7,unet.up_blocks.1.attentions.1.transformer_blocks.0.attn2.to_v,raw_before_row_l2,eot,bear,description,50,1280,41.826995849609375,1.4007574319839478,38.8503303527832,45.8946533203125
W0,layer_07,7,unet.up_blocks.1.attentions.1.transformer_blocks.0.attn2.to_v,raw_before_row_l2,eot,wolf,description,50,1280,41.60615158081055,1.5595978498458862,37.705345153808594,44.4606819152832
W0,layer_07,7,unet.up_blocks.1.attentions.1.transformer_blocks.0.attn2.to_v,raw_before_row_l2,eot,rabbit,description,50,1280,42.913082122802734,1.2435033321380615,40.24821853637695,45.01890182495117
W0,layer_07,7,unet.up_blocks.1.attentions.1.transformer_blocks.0.attn2.to_v,raw_before_row_l2,eot,deer,description,50,1280,42.00741195678711,1.1428979635238647,39.77311706542969,44.4676399230957
W0,layer_07,7,unet.up_blocks.1.attentions.1.transformer_blocks.0.attn2.to_v,raw_before_row_l2,eot,horse,description,50,1280,43.7100944519043,1.43179452419281,40.814537048339844,46.661800384521484
W0,layer_07,7,unet.up_blocks.1.attentions.1.transformer_blocks.0.attn2.to_v,raw_before_row_l2,fixed_suffix,cat,description,50,1280,36.66240310668945,1.0533827543258667,33.8924674987793,38.509822845458984
W0,layer_07,7,unet.up_blocks.1.attentions.1.transformer_blocks.0.attn2.to_v,raw_before_row_l2,fixed_suffix,dog,description,50,1280,37.08711242675781,0.6979680061340332,35.47323989868164,38.49817657470703
W0,layer_07,7,unet.up_blocks.1.attentions.1.transformer_blocks.0.attn2.to_v,raw_before_row_l2,fixed_suffix,fox,description,50,1280,36.082550048828125,0.8341843485832214,33.94816207885742,37.66391372680664
W0,layer_07,7,unet.up_blocks.1.attentions.1.transformer_blocks.0.attn2.to_v,raw_before_row_l2,fixed_suffix,bear,description,50,1280,36.69511795043945,0.9360796809196472,34.19084548950195,38.08523941040039
W0,layer_07,7,unet.up_blocks.1.attentions.1.transformer_blocks.0.attn2.to_v,raw_before_row_l2,fixed_suffix,wolf,description,50,1280,36.652687072753906,0.9408078789710999,34.688480377197266,38.23176956176758
W0,layer_07,7,unet.up_blocks.1.attentions.1.transformer_blocks.0.attn2.to_v,raw_before_row_l2,fixed_suffix,rabbit,description,50,1280,36.72220993041992,0.7111784815788269,34.77056884765625,38.72943115234375
W0,layer_07,7,unet.up_blocks.1.attentions.1.transformer_blocks.0.attn2.to_v,raw_before_row_l2,fixed_suffix,deer,description,50,1280,36.141151428222656,0.7285959720611572,34.79021072387695,37.893070220947266
W0,layer_07,7,unet.up_blocks.1.attentions.1.transformer_blocks.0.attn2.to_v,raw_before_row_l2,fixed_suffix,horse,description,50,1280,37.06393814086914,0.9027097821235657,35.17780685424805,38.95425033569336
W0,layer_07,7,unet.up_blocks.1.attentions.1.transformer_blocks.0.attn2.to_v,raw_before_row_l2,name_last,cat,name,1,1280,44.795494079589844,0.0,44.795494079589844,44.795494079589844
W0,layer_07,7,unet.up_blocks.1.attentions.1.transformer_blocks.0.attn2.to_v,raw_before_row_l2,name_last,dog,name,1,1280,45.39714431762695,0.0,45.39714431762695,45.39714431762695
W0,layer_07,7,unet.up_blocks.1.attentions.1.transformer_blocks.0.attn2.to_v,raw_before_row_l2,name_last,fox,name,1,1280,45.971824645996094,0.0,45.971824645996094,45.971824645996094
W0,layer_07,7,unet.up_blocks.1.attentions.1.transformer_blocks.0.attn2.to_v,raw_before_row_l2,name_last,bear,name,1,1280,48.18130874633789,0.0,48.18130874633789,48.18130874633789
W0,layer_07,7,unet.up_blocks.1.attentions.1.transformer_blocks.0.attn2.to_v,raw_before_row_l2,name_last,wolf,name,1,1280,43.20302963256836,0.0,43.20302963256836,43.20302963256836
W0,layer_07,7,unet.up_blocks.1.attentions.1.transformer_blocks.0.attn2.to_v,raw_before_row_l2,name_last,rabbit,name,1,1280,46.932132720947266,0.0,46.932132720947266,46.932132720947266
W0,layer_07,7,unet.up_blocks.1.attentions.1.transformer_blocks.0.attn2.to_v,raw_before_row_l2,name_last,deer,name,1,1280,47.2131462097168,0.0,47.2131462097168,47.2131462097168
W0,layer_07,7,unet.up_blocks.1.attentions.1.transformer_blocks.0.attn2.to_v,raw_before_row_l2,name_last,horse,name,1,1280,46.734676361083984,0.0,46.734676361083984,46.734676361083984
W0,layer_07,7,unet.up_blocks.1.attentions.1.transformer_blocks.0.attn2.to_v,raw_before_row_l2,name_eot,cat,name,1,1280,38.70469665527344,0.0,38.70469665527344,38.70469665527344
W0,layer_07,7,unet.up_blocks.1.attentions.1.transformer_blocks.0.attn2.to_v,raw_before_row_l2,name_eot,dog,name,1,1280,39.43606948852539,0.0,39.43606948852539,39.43606948852539
W0,layer_07,7,unet.up_blocks.1.attentions.1.transformer_blocks.0.attn2.to_v,raw_before_row_l2,name_eot,fox,name,1,1280,37.08565139770508,0.0,37.08565139770508,37.08565139770508
W0,layer_07,7,unet.up_blocks.1.attentions.1.transformer_blocks.0.attn2.to_v,raw_before_row_l2,name_eot,bear,name,1,1280,36.96406555175781,0.0,36.96406555175781,36.96406555175781
W0,layer_07,7,unet.up_blocks.1.attentions.1.transformer_blocks.0.attn2.to_v,raw_before_row_l2,name_eot,wolf,name,1,1280,35.88478088378906,0.0,35.88478088378906,35.88478088378906
W0,layer_07,7,unet.up_blocks.1.attentions.1.transformer_blocks.0.attn2.to_v,raw_before_row_l2,name_eot,rabbit,name,1,1280,36.93863296508789,0.0,36.93863296508789,36.93863296508789
W0,layer_07,7,unet.up_blocks.1.attentions.1.transformer_blocks.0.attn2.to_v,raw_before_row_l2,name_eot,deer,name,1,1280,38.205772399902344,0.0,38.205772399902344,38.205772399902344
W0,layer_07,7,unet.up_blocks.1.attentions.1.transformer_blocks.0.attn2.to_v,raw_before_row_l2,name_eot,horse,name,1,1280,40.817474365234375,0.0,40.817474365234375,40.817474365234375
W0,layer_07,7,unet.up_blocks.1.attentions.1.transformer_blocks.0.attn2.to_v,raw_before_row_l2,name_fixed,cat,name,1,1280,41.12934494018555,0.0,41.12934494018555,41.12934494018555
W0,layer_07,7,unet.up_blocks.1.attentions.1.transformer_blocks.0.attn2.to_v,raw_before_row_l2,name_fixed,dog,name,1,1280,40.52850341796875,0.0,40.52850341796875,40.52850341796875
W0,layer_07,7,unet.up_blocks.1.attentions.1.transformer_blocks.0.attn2.to_v,raw_before_row_l2,name_fixed,fox,name,1,1280,40.45753860473633,0.0,40.45753860473633,40.45753860473633
W0,layer_07,7,unet.up_blocks.1.attentions.1.transformer_blocks.0.attn2.to_v,raw_before_row_l2,name_fixed,bear,name,1,1280,39.80037307739258,0.0,39.80037307739258,39.80037307739258
W0,layer_07,7,unet.up_blocks.1.attentions.1.transformer_blocks.0.attn2.to_v,raw_before_row_l2,name_fixed,wolf,name,1,1280,39.491294860839844,0.0,39.491294860839844,39.491294860839844
W0,layer_07,7,unet.up_blocks.1.attentions.1.transformer_blocks.0.attn2.to_v,raw_before_row_l2,name_fixed,rabbit,name,1,1280,40.511138916015625,0.0,40.511138916015625,40.511138916015625
W0,layer_07,7,unet.up_blocks.1.attentions.1.transformer_blocks.0.attn2.to_v,raw_before_row_l2,name_fixed,deer,name,1,1280,38.785518646240234,0.0,38.785518646240234,38.785518646240234
W0,layer_07,7,unet.up_blocks.1.attentions.1.transformer_blocks.0.attn2.to_v,raw_before_row_l2,name_fixed,horse,name,1,1280,39.86769485473633,0.0,39.86769485473633,39.86769485473633
W0,layer_08,8,unet.up_blocks.1.attentions.2.transformer_blocks.0.attn2.to_v,raw_before_row_l2,eot,cat,description,50,1280,39.03168869018555,1.4907101392745972,34.85354232788086,42.79195785522461
W0,layer_08,8,unet.up_blocks.1.attentions.2.transformer_blocks.0.attn2.to_v,raw_before_row_l2,eot,dog,description,50,1280,39.416019439697266,1.3588175773620605,36.51490783691406,42.50713348388672
W0,layer_08,8,unet.up_blocks.1.attentions.2.transformer_blocks.0.attn2.to_v,raw_before_row_l2,eot,fox,description,50,1280,37.77915573120117,1.444454550743103,34.44965744018555,40.73155975341797
W0,layer_08,8,unet.up_blocks.1.attentions.2.transformer_blocks.0.attn2.to_v,raw_before_row_l2,eot,bear,description,50,1280,38.5269660949707,1.0351345539093018,36.19782257080078,40.87856674194336
W0,layer_08,8,unet.up_blocks.1.attentions.2.transformer_blocks.0.attn2.to_v,raw_before_row_l2,eot,wolf,description,50,1280,38.99046325683594,1.415013313293457,35.40680694580078,41.41341018676758
W0,layer_08,8,unet.up_blocks.1.attentions.2.transformer_blocks.0.attn2.to_v,raw_before_row_l2,eot,rabbit,description,50,1280,38.827247619628906,0.8054848313331604,36.42649841308594,40.2337760925293
W0,layer_08,8,unet.up_blocks.1.attentions.2.transformer_blocks.0.attn2.to_v,raw_before_row_l2,eot,deer,description,50,1280,38.5088005065918,1.0106414556503296,36.602699279785156,41.05458068847656
W0,layer_08,8,unet.up_blocks.1.attentions.2.transformer_blocks.0.attn2.to_v,raw_before_row_l2,eot,horse,description,50,1280,39.44804382324219,1.0453641414642334,36.84068298339844,41.9131965637207
W0,layer_08,8,unet.up_blocks.1.attentions.2.transformer_blocks.0.attn2.to_v,raw_before_row_l2,fixed_suffix,cat,description,50,1280,34.80379104614258,0.9467756152153015,32.74807357788086,36.68739318847656
W0,layer_08,8,unet.up_blocks.1.attentions.2.transformer_blocks.0.attn2.to_v,raw_before_row_l2,fixed_suffix,dog,description,50,1280,34.918331146240234,0.7483580708503723,33.10301208496094,36.48674392700195
W0,layer_08,8,unet.up_blocks.1.attentions.2.transformer_blocks.0.attn2.to_v,raw_before_row_l2,fixed_suffix,fox,description,50,1280,34.43643569946289,0.7400301098823547,32.376739501953125,35.716312408447266
W0,layer_08,8,unet.up_blocks.1.attentions.2.transformer_blocks.0.attn2.to_v,raw_before_row_l2,fixed_suffix,bear,description,50,1280,34.77549362182617,0.7338487505912781,32.28430938720703,36.26252365112305
W0,layer_08,8,unet.up_blocks.1.attentions.2.transformer_blocks.0.attn2.to_v,raw_before_row_l2,fixed_suffix,wolf,description,50,1280,34.779624938964844,0.7669246792793274,33.01356887817383,36.48204803466797
W0,layer_08,8,unet.up_blocks.1.attentions.2.transformer_blocks.0.attn2.to_v,raw_before_row_l2,fixed_suffix,rabbit,description,50,1280,34.70856475830078,0.7428655028343201,32.96987533569336,36.58296203613281
W0,layer_08,8,unet.up_blocks.1.attentions.2.transformer_blocks.0.attn2.to_v,raw_before_row_l2,fixed_suffix,deer,description,50,1280,34.46287536621094,0.8012617230415344,32.627201080322266,35.81935501098633
W0,layer_08,8,unet.up_blocks.1.attentions.2.transformer_blocks.0.attn2.to_v,raw_before_row_l2,fixed_suffix,horse,description,50,1280,35.05371856689453,0.758948564529419,33.268409729003906,36.306583404541016
W0,layer_08,8,unet.up_blocks.1.attentions.2.transformer_blocks.0.attn2.to_v,raw_before_row_l2,name_last,cat,name,1,1280,41.8365364074707,0.0,41.8365364074707,41.8365364074707
W0,layer_08,8,unet.up_blocks.1.attentions.2.transformer_blocks.0.attn2.to_v,raw_before_row_l2,name_last,dog,name,1,1280,40.190956115722656,0.0,40.190956115722656,40.190956115722656
W0,layer_08,8,unet.up_blocks.1.attentions.2.transformer_blocks.0.attn2.to_v,raw_before_row_l2,name_last,fox,name,1,1280,43.70624542236328,0.0,43.70624542236328,43.70624542236328
W0,layer_08,8,unet.up_blocks.1.attentions.2.transformer_blocks.0.attn2.to_v,raw_before_row_l2,name_last,bear,name,1,1280,43.32975769042969,0.0,43.32975769042969,43.32975769042969
W0,layer_08,8,unet.up_blocks.1.attentions.2.transformer_blocks.0.attn2.to_v,raw_before_row_l2,name_last,wolf,name,1,1280,39.93861389160156,0.0,39.93861389160156,39.93861389160156
W0,layer_08,8,unet.up_blocks.1.attentions.2.transformer_blocks.0.attn2.to_v,raw_before_row_l2,name_last,rabbit,name,1,1280,40.575260162353516,0.0,40.575260162353516,40.575260162353516
W0,layer_08,8,unet.up_blocks.1.attentions.2.transformer_blocks.0.attn2.to_v,raw_before_row_l2,name_last,deer,name,1,1280,40.65329360961914,0.0,40.65329360961914,40.65329360961914
W0,layer_08,8,unet.up_blocks.1.attentions.2.transformer_blocks.0.attn2.to_v,raw_before_row_l2,name_last,horse,name,1,1280,42.697509765625,0.0,42.697509765625,42.697509765625
W0,layer_08,8,unet.up_blocks.1.attentions.2.transformer_blocks.0.attn2.to_v,raw_before_row_l2,name_eot,cat,name,1,1280,35.0544548034668,0.0,35.0544548034668,35.0544548034668
W0,layer_08,8,unet.up_blocks.1.attentions.2.transformer_blocks.0.attn2.to_v,raw_before_row_l2,name_eot,dog,name,1,1280,34.08306884765625,0.0,34.08306884765625,34.08306884765625
W0,layer_08,8,unet.up_blocks.1.attentions.2.transformer_blocks.0.attn2.to_v,raw_before_row_l2,name_eot,fox,name,1,1280,33.487545013427734,0.0,33.487545013427734,33.487545013427734
W0,layer_08,8,unet.up_blocks.1.attentions.2.transformer_blocks.0.attn2.to_v,raw_before_row_l2,name_eot,bear,name,1,1280,34.317420959472656,0.0,34.317420959472656,34.317420959472656
W0,layer_08,8,unet.up_blocks.1.attentions.2.transformer_blocks.0.attn2.to_v,raw_before_row_l2,name_eot,wolf,name,1,1280,33.85191345214844,0.0,33.85191345214844,33.85191345214844
W0,layer_08,8,unet.up_blocks.1.attentions.2.transformer_blocks.0.attn2.to_v,raw_before_row_l2,name_eot,rabbit,name,1,1280,32.84407043457031,0.0,32.84407043457031,32.84407043457031
W0,layer_08,8,unet.up_blocks.1.attentions.2.transformer_blocks.0.attn2.to_v,raw_before_row_l2,name_eot,deer,name,1,1280,34.16888427734375,0.0,34.16888427734375,34.16888427734375
W0,layer_08,8,unet.up_blocks.1.attentions.2.transformer_blocks.0.attn2.to_v,raw_before_row_l2,name_eot,horse,name,1,1280,36.597747802734375,0.0,36.597747802734375,36.597747802734375
W0,layer_08,8,unet.up_blocks.1.attentions.2.transformer_blocks.0.attn2.to_v,raw_before_row_l2,name_fixed,cat,name,1,1280,37.975135803222656,0.0,37.975135803222656,37.975135803222656
W0,layer_08,8,unet.up_blocks.1.attentions.2.transformer_blocks.0.attn2.to_v,raw_before_row_l2,name_fixed,dog,name,1,1280,37.793128967285156,0.0,37.793128967285156,37.793128967285156
W0,layer_08,8,unet.up_blocks.1.attentions.2.transformer_blocks.0.attn2.to_v,raw_before_row_l2,name_fixed,fox,name,1,1280,37.27253341674805,0.0,37.27253341674805,37.27253341674805
W0,layer_08,8,unet.up_blocks.1.attentions.2.transformer_blocks.0.attn2.to_v,raw_before_row_l2,name_fixed,bear,name,1,1280,36.75471496582031,0.0,36.75471496582031,36.75471496582031
W0,layer_08,8,unet.up_blocks.1.attentions.2.transformer_blocks.0.attn2.to_v,raw_before_row_l2,name_fixed,wolf,name,1,1280,36.71278381347656,0.0,36.71278381347656,36.71278381347656
W0,layer_08,8,unet.up_blocks.1.attentions.2.transformer_blocks.0.attn2.to_v,raw_before_row_l2,name_fixed,rabbit,name,1,1280,37.010433197021484,0.0,37.010433197021484,37.010433197021484
W0,layer_08,8,unet.up_blocks.1.attentions.2.transformer_blocks.0.attn2.to_v,raw_before_row_l2,name_fixed,deer,name,1,1280,35.9296760559082,0.0,35.9296760559082,35.9296760559082
W0,layer_08,8,unet.up_blocks.1.attentions.2.transformer_blocks.0.attn2.to_v,raw_before_row_l2,name_fixed,horse,name,1,1280,37.1307487487793,0.0,37.1307487487793,37.1307487487793
W0,layer_09,9,unet.up_blocks.2.attentions.0.transformer_blocks.0.attn2.to_v,raw_before_row_l2,eot,cat,description,50,640,39.00132369995117,1.3284947872161865,36.07063293457031,41.69725799560547
W0,layer_09,9,unet.up_blocks.2.attentions.0.transformer_blocks.0.attn2.to_v,raw_before_row_l2,eot,dog,description,50,640,40.246395111083984,1.8353896141052246,37.09740447998047,43.533477783203125
W0,layer_09,9,unet.up_blocks.2.attentions.0.transformer_blocks.0.attn2.to_v,raw_before_row_l2,eot,fox,description,50,640,37.46080017089844,1.6954233646392822,33.85854721069336,41.69776916503906
W0,layer_09,9,unet.up_blocks.2.attentions.0.transformer_blocks.0.attn2.to_v,raw_before_row_l2,eot,bear,description,50,640,38.74156188964844,1.6162241697311401,35.925697326660156,45.021873474121094
W0,layer_09,9,unet.up_blocks.2.attentions.0.transformer_blocks.0.attn2.to_v,raw_before_row_l2,eot,wolf,description,50,640,38.831199645996094,1.376428246498108,34.88780212402344,41.583621978759766
W0,layer_09,9,unet.up_blocks.2.attentions.0.transformer_blocks.0.attn2.to_v,raw_before_row_l2,eot,rabbit,description,50,640,38.607276916503906,1.464512825012207,34.77903747558594,41.452598571777344
W0,layer_09,9,unet.up_blocks.2.attentions.0.transformer_blocks.0.attn2.to_v,raw_before_row_l2,eot,deer,description,50,640,39.54151916503906,1.5352689027786255,36.12516403198242,43.50564956665039
W0,layer_09,9,unet.up_blocks.2.attentions.0.transformer_blocks.0.attn2.to_v,raw_before_row_l2,eot,horse,description,50,640,39.24113845825195,1.3272806406021118,36.4862174987793,42.48318099975586
W0,layer_09,9,unet.up_blocks.2.attentions.0.transformer_blocks.0.attn2.to_v,raw_before_row_l2,fixed_suffix,cat,description,50,640,35.39675521850586,0.9812589287757874,32.6490478515625,37.42256546020508
W0,layer_09,9,unet.up_blocks.2.attentions.0.transformer_blocks.0.attn2.to_v,raw_before_row_l2,fixed_suffix,dog,description,50,640,36.123924255371094,0.7661108374595642,34.42034912109375,37.79478454589844
W0,layer_09,9,unet.up_blocks.2.attentions.0.transformer_blocks.0.attn2.to_v,raw_before_row_l2,fixed_suffix,fox,description,50,640,34.8408088684082,0.9949133396148682,32.50456237792969,36.820892333984375
W0,layer_09,9,unet.up_blocks.2.attentions.0.transformer_blocks.0.attn2.to_v,raw_before_row_l2,fixed_suffix,bear,description,50,640,35.613468170166016,0.8200130462646484,33.40624237060547,37.239891052246094
W0,layer_09,9,unet.up_blocks.2.attentions.0.transformer_blocks.0.attn2.to_v,raw_before_row_l2,fixed_suffix,wolf,description,50,640,35.283111572265625,0.7542190551757812,33.80827331542969,37.12617874145508
W0,layer_09,9,unet.up_blocks.2.attentions.0.transformer_blocks.0.attn2.to_v,raw_before_row_l2,fixed_suffix,rabbit,description,50,640,35.813350677490234,0.9902764558792114,33.68842315673828,38.1731071472168
W0,layer_09,9,unet.up_blocks.2.attentions.0.transformer_blocks.0.attn2.to_v,raw_before_row_l2,fixed_suffix,deer,description,50,640,35.72063064575195,0.898375928401947,34.03642654418945,37.759521484375
W0,layer_09,9,unet.up_blocks.2.attentions.0.transformer_blocks.0.attn2.to_v,raw_before_row_l2,fixed_suffix,horse,description,50,640,36.8677978515625,0.9961679577827454,34.586002349853516,38.693790435791016
W0,layer_09,9,unet.up_blocks.2.attentions.0.transformer_blocks.0.attn2.to_v,raw_before_row_l2,name_last,cat,name,1,640,39.94105911254883,0.0,39.94105911254883,39.94105911254883
W0,layer_09,9,unet.up_blocks.2.attentions.0.transformer_blocks.0.attn2.to_v,raw_before_row_l2,name_last,dog,name,1,640,42.369590759277344,0.0,42.369590759277344,42.369590759277344
W0,layer_09,9,unet.up_blocks.2.attentions.0.transformer_blocks.0.attn2.to_v,raw_before_row_l2,name_last,fox,name,1,640,42.98430252075195,0.0,42.98430252075195,42.98430252075195
W0,layer_09,9,unet.up_blocks.2.attentions.0.transformer_blocks.0.attn2.to_v,raw_before_row_l2,name_last,bear,name,1,640,41.7976188659668,0.0,41.7976188659668,41.7976188659668
W0,layer_09,9,unet.up_blocks.2.attentions.0.transformer_blocks.0.attn2.to_v,raw_before_row_l2,name_last,wolf,name,1,640,40.465293884277344,0.0,40.465293884277344,40.465293884277344
W0,layer_09,9,unet.up_blocks.2.attentions.0.transformer_blocks.0.attn2.to_v,raw_before_row_l2,name_last,rabbit,name,1,640,42.08974838256836,0.0,42.08974838256836,42.08974838256836
W0,layer_09,9,unet.up_blocks.2.attentions.0.transformer_blocks.0.attn2.to_v,raw_before_row_l2,name_last,deer,name,1,640,40.5374755859375,0.0,40.5374755859375,40.5374755859375
W0,layer_09,9,unet.up_blocks.2.attentions.0.transformer_blocks.0.attn2.to_v,raw_before_row_l2,name_last,horse,name,1,640,41.72994613647461,0.0,41.72994613647461,41.72994613647461
W0,layer_09,9,unet.up_blocks.2.attentions.0.transformer_blocks.0.attn2.to_v,raw_before_row_l2,name_eot,cat,name,1,640,43.1180419921875,0.0,43.1180419921875,43.1180419921875
W0,layer_09,9,unet.up_blocks.2.attentions.0.transformer_blocks.0.attn2.to_v,raw_before_row_l2,name_eot,dog,name,1,640,44.01091766357422,0.0,44.01091766357422,44.01091766357422
W0,layer_09,9,unet.up_blocks.2.attentions.0.transformer_blocks.0.attn2.to_v,raw_before_row_l2,name_eot,fox,name,1,640,41.5949821472168,0.0,41.5949821472168,41.5949821472168
W0,layer_09,9,unet.up_blocks.2.attentions.0.transformer_blocks.0.attn2.to_v,raw_before_row_l2,name_eot,bear,name,1,640,38.53838348388672,0.0,38.53838348388672,38.53838348388672
W0,layer_09,9,unet.up_blocks.2.attentions.0.transformer_blocks.0.attn2.to_v,raw_before_row_l2,name_eot,wolf,name,1,640,39.76721954345703,0.0,39.76721954345703,39.76721954345703
W0,layer_09,9,unet.up_blocks.2.attentions.0.transformer_blocks.0.attn2.to_v,raw_before_row_l2,name_eot,rabbit,name,1,640,37.724281311035156,0.0,37.724281311035156,37.724281311035156
W0,layer_09,9,unet.up_blocks.2.attentions.0.transformer_blocks.0.attn2.to_v,raw_before_row_l2,name_eot,deer,name,1,640,41.40021896362305,0.0,41.40021896362305,41.40021896362305
W0,layer_09,9,unet.up_blocks.2.attentions.0.transformer_blocks.0.attn2.to_v,raw_before_row_l2,name_eot,horse,name,1,640,40.88168716430664,0.0,40.88168716430664,40.88168716430664
W0,layer_09,9,unet.up_blocks.2.attentions.0.transformer_blocks.0.attn2.to_v,raw_before_row_l2,name_fixed,cat,name,1,640,41.3076286315918,0.0,41.3076286315918,41.3076286315918
W0,layer_09,9,unet.up_blocks.2.attentions.0.transformer_blocks.0.attn2.to_v,raw_before_row_l2,name_fixed,dog,name,1,640,40.63985061645508,0.0,40.63985061645508,40.63985061645508
W0,layer_09,9,unet.up_blocks.2.attentions.0.transformer_blocks.0.attn2.to_v,raw_before_row_l2,name_fixed,fox,name,1,640,39.49753189086914,0.0,39.49753189086914,39.49753189086914
W0,layer_09,9,unet.up_blocks.2.attentions.0.transformer_blocks.0.attn2.to_v,raw_before_row_l2,name_fixed,bear,name,1,640,40.17354202270508,0.0,40.17354202270508,40.17354202270508
W0,layer_09,9,unet.up_blocks.2.attentions.0.transformer_blocks.0.attn2.to_v,raw_before_row_l2,name_fixed,wolf,name,1,640,39.843509674072266,0.0,39.843509674072266,39.843509674072266
W0,layer_09,9,unet.up_blocks.2.attentions.0.transformer_blocks.0.attn2.to_v,raw_before_row_l2,name_fixed,rabbit,name,1,640,40.52120590209961,0.0,40.52120590209961,40.52120590209961
W0,layer_09,9,unet.up_blocks.2.attentions.0.transformer_blocks.0.attn2.to_v,raw_before_row_l2,name_fixed,deer,name,1,640,39.33726119995117,0.0,39.33726119995117,39.33726119995117
W0,layer_09,9,unet.up_blocks.2.attentions.0.transformer_blocks.0.attn2.to_v,raw_before_row_l2,name_fixed,horse,name,1,640,40.8873291015625,0.0,40.8873291015625,40.8873291015625
W0,layer_10,10,unet.up_blocks.2.attentions.1.transformer_blocks.0.attn2.to_v,raw_before_row_l2,eot,cat,description,50,640,29.9100284576416,1.926856279373169,25.790023803710938,34.199554443359375
W0,layer_10,10,unet.up_blocks.2.attentions.1.transformer_blocks.0.attn2.to_v,raw_before_row_l2,eot,dog,description,50,640,31.655414581298828,2.4800126552581787,27.102436065673828,36.86594772338867
W0,layer_10,10,unet.up_blocks.2.attentions.1.transformer_blocks.0.attn2.to_v,raw_before_row_l2,eot,fox,description,50,640,27.660810470581055,1.900838017463684,24.21351432800293,33.6634407043457
W0,layer_10,10,unet.up_blocks.2.attentions.1.transformer_blocks.0.attn2.to_v,raw_before_row_l2,eot,bear,description,50,640,27.04822540283203,1.107930302619934,24.370662689208984,30.27562141418457
W0,layer_10,10,unet.up_blocks.2.attentions.1.transformer_blocks.0.attn2.to_v,raw_before_row_l2,eot,wolf,description,50,640,29.52594757080078,1.6862598657608032,25.83989143371582,33.76308822631836
W0,layer_10,10,unet.up_blocks.2.attentions.1.transformer_blocks.0.attn2.to_v,raw_before_row_l2,eot,rabbit,description,50,640,28.683944702148438,1.442348599433899,25.973648071289062,32.834598541259766
W0,layer_10,10,unet.up_blocks.2.attentions.1.transformer_blocks.0.attn2.to_v,raw_before_row_l2,eot,deer,description,50,640,27.752729415893555,1.6944652795791626,25.107919692993164,31.787317276000977
W0,layer_10,10,unet.up_blocks.2.attentions.1.transformer_blocks.0.attn2.to_v,raw_before_row_l2,eot,horse,description,50,640,29.453821182250977,1.6537519693374634,26.109081268310547,34.525917053222656
W0,layer_10,10,unet.up_blocks.2.attentions.1.transformer_blocks.0.attn2.to_v,raw_before_row_l2,fixed_suffix,cat,description,50,640,27.768606185913086,0.814730703830719,26.31367301940918,29.55812644958496
W0,layer_10,10,unet.up_blocks.2.attentions.1.transformer_blocks.0.attn2.to_v,raw_before_row_l2,fixed_suffix,dog,description,50,640,28.831378936767578,1.0617834329605103,26.829875946044922,31.164865493774414
W0,layer_10,10,unet.up_blocks.2.attentions.1.transformer_blocks.0.attn2.to_v,raw_before_row_l2,fixed_suffix,fox,description,50,640,27.347185134887695,0.747922956943512,25.82890510559082,28.687374114990234
W0,layer_10,10,unet.up_blocks.2.attentions.1.transformer_blocks.0.attn2.to_v,raw_before_row_l2,fixed_suffix,bear,description,50,640,27.654891967773438,0.8296995759010315,25.728403091430664,29.376087188720703
W0,layer_10,10,unet.up_blocks.2.attentions.1.transformer_blocks.0.attn2.to_v,raw_before_row_l2,fixed_suffix,wolf,description,50,640,27.63296890258789,0.7442238926887512,26.417415618896484,29.40481948852539
W0,layer_10,10,unet.up_blocks.2.attentions.1.transformer_blocks.0.attn2.to_v,raw_before_row_l2,fixed_suffix,rabbit,description,50,640,27.89917755126953,0.7455394268035889,26.442018508911133,29.675642013549805
W0,layer_10,10,unet.up_blocks.2.attentions.1.transformer_blocks.0.attn2.to_v,raw_before_row_l2,fixed_suffix,deer,description,50,640,27.511497497558594,0.9294151663780212,25.83993148803711,30.000478744506836
W0,layer_10,10,unet.up_blocks.2.attentions.1.transformer_blocks.0.attn2.to_v,raw_before_row_l2,fixed_suffix,horse,description,50,640,28.44607925415039,0.9619338512420654,26.598783493041992,30.544754028320312
W0,layer_10,10,unet.up_blocks.2.attentions.1.transformer_blocks.0.attn2.to_v,raw_before_row_l2,name_last,cat,name,1,640,42.7570686340332,0.0,42.7570686340332,42.7570686340332
W0,layer_10,10,unet.up_blocks.2.attentions.1.transformer_blocks.0.attn2.to_v,raw_before_row_l2,name_last,dog,name,1,640,43.43254089355469,0.0,43.43254089355469,43.43254089355469
W0,layer_10,10,unet.up_blocks.2.attentions.1.transformer_blocks.0.attn2.to_v,raw_before_row_l2,name_last,fox,name,1,640,35.137733459472656,0.0,35.137733459472656,35.137733459472656
W0,layer_10,10,unet.up_blocks.2.attentions.1.transformer_blocks.0.attn2.to_v,raw_before_row_l2,name_last,bear,name,1,640,34.29368591308594,0.0,34.29368591308594,34.29368591308594
W0,layer_10,10,unet.up_blocks.2.attentions.1.transformer_blocks.0.attn2.to_v,raw_before_row_l2,name_last,wolf,name,1,640,33.98139572143555,0.0,33.98139572143555,33.98139572143555
W0,layer_10,10,unet.up_blocks.2.attentions.1.transformer_blocks.0.attn2.to_v,raw_before_row_l2,name_last,rabbit,name,1,640,35.44234085083008,0.0,35.44234085083008,35.44234085083008
W0,layer_10,10,unet.up_blocks.2.attentions.1.transformer_blocks.0.attn2.to_v,raw_before_row_l2,name_last,deer,name,1,640,35.51801300048828,0.0,35.51801300048828,35.51801300048828
W0,layer_10,10,unet.up_blocks.2.attentions.1.transformer_blocks.0.attn2.to_v,raw_before_row_l2,name_last,horse,name,1,640,36.95649719238281,0.0,36.95649719238281,36.95649719238281
W0,layer_10,10,unet.up_blocks.2.attentions.1.transformer_blocks.0.attn2.to_v,raw_before_row_l2,name_eot,cat,name,1,640,33.10074996948242,0.0,33.10074996948242,33.10074996948242
W0,layer_10,10,unet.up_blocks.2.attentions.1.transformer_blocks.0.attn2.to_v,raw_before_row_l2,name_eot,dog,name,1,640,35.35835266113281,0.0,35.35835266113281,35.35835266113281
W0,layer_10,10,unet.up_blocks.2.attentions.1.transformer_blocks.0.attn2.to_v,raw_before_row_l2,name_eot,fox,name,1,640,28.117589950561523,0.0,28.117589950561523,28.117589950561523
W0,layer_10,10,unet.up_blocks.2.attentions.1.transformer_blocks.0.attn2.to_v,raw_before_row_l2,name_eot,bear,name,1,640,28.009048461914062,0.0,28.009048461914062,28.009048461914062
W0,layer_10,10,unet.up_blocks.2.attentions.1.transformer_blocks.0.attn2.to_v,raw_before_row_l2,name_eot,wolf,name,1,640,27.354537963867188,0.0,27.354537963867188,27.354537963867188
W0,layer_10,10,unet.up_blocks.2.attentions.1.transformer_blocks.0.attn2.to_v,raw_before_row_l2,name_eot,rabbit,name,1,640,27.661903381347656,0.0,27.661903381347656,27.661903381347656
W0,layer_10,10,unet.up_blocks.2.attentions.1.transformer_blocks.0.attn2.to_v,raw_before_row_l2,name_eot,deer,name,1,640,28.706392288208008,0.0,28.706392288208008,28.706392288208008
W0,layer_10,10,unet.up_blocks.2.attentions.1.transformer_blocks.0.attn2.to_v,raw_before_row_l2,name_eot,horse,name,1,640,27.832561492919922,0.0,27.832561492919922,27.832561492919922
W0,layer_10,10,unet.up_blocks.2.attentions.1.transformer_blocks.0.attn2.to_v,raw_before_row_l2,name_fixed,cat,name,1,640,33.76959991455078,0.0,33.76959991455078,33.76959991455078
W0,layer_10,10,unet.up_blocks.2.attentions.1.transformer_blocks.0.attn2.to_v,raw_before_row_l2,name_fixed,dog,name,1,640,34.07948684692383,0.0,34.07948684692383,34.07948684692383
W0,layer_10,10,unet.up_blocks.2.attentions.1.transformer_blocks.0.attn2.to_v,raw_before_row_l2,name_fixed,fox,name,1,640,33.173309326171875,0.0,33.173309326171875,33.173309326171875
W0,layer_10,10,unet.up_blocks.2.attentions.1.transformer_blocks.0.attn2.to_v,raw_before_row_l2,name_fixed,bear,name,1,640,33.15228271484375,0.0,33.15228271484375,33.15228271484375
W0,layer_10,10,unet.up_blocks.2.attentions.1.transformer_blocks.0.attn2.to_v,raw_before_row_l2,name_fixed,wolf,name,1,640,32.11320877075195,0.0,32.11320877075195,32.11320877075195
W0,layer_10,10,unet.up_blocks.2.attentions.1.transformer_blocks.0.attn2.to_v,raw_before_row_l2,name_fixed,rabbit,name,1,640,32.05937957763672,0.0,32.05937957763672,32.05937957763672
W0,layer_10,10,unet.up_blocks.2.attentions.1.transformer_blocks.0.attn2.to_v,raw_before_row_l2,name_fixed,deer,name,1,640,32.062339782714844,0.0,32.062339782714844,32.062339782714844
W0,layer_10,10,unet.up_blocks.2.attentions.1.transformer_blocks.0.attn2.to_v,raw_before_row_l2,name_fixed,horse,name,1,640,32.652191162109375,0.0,32.652191162109375,32.652191162109375
W0,layer_11,11,unet.up_blocks.2.attentions.2.transformer_blocks.0.attn2.to_v,raw_before_row_l2,eot,cat,description,50,640,24.14754867553711,1.0947140455245972,20.89382553100586,26.06951332092285
W0,layer_11,11,unet.up_blocks.2.attentions.2.transformer_blocks.0.attn2.to_v,raw_before_row_l2,eot,dog,description,50,640,24.874753952026367,1.142740249633789,22.57723617553711,27.810564041137695
W0,layer_11,11,unet.up_blocks.2.attentions.2.transformer_blocks.0.attn2.to_v,raw_before_row_l2,eot,fox,description,50,640,23.797163009643555,1.1205801963806152,21.366592407226562,25.843774795532227
W0,layer_11,11,unet.up_blocks.2.attentions.2.transformer_blocks.0.attn2.to_v,raw_before_row_l2,eot,bear,description,50,640,24.177621841430664,0.8251285552978516,21.810449600219727,26.2403621673584
W0,layer_11,11,unet.up_blocks.2.attentions.2.transformer_blocks.0.attn2.to_v,raw_before_row_l2,eot,wolf,description,50,640,24.43557357788086,1.065185785293579,22.158279418945312,26.360689163208008
W0,layer_11,11,unet.up_blocks.2.attentions.2.transformer_blocks.0.attn2.to_v,raw_before_row_l2,eot,rabbit,description,50,640,24.532054901123047,0.9944158792495728,22.6407470703125,26.930627822875977
W0,layer_11,11,unet.up_blocks.2.attentions.2.transformer_blocks.0.attn2.to_v,raw_before_row_l2,eot,deer,description,50,640,24.249469757080078,1.1995769739151,22.118484497070312,28.12679672241211
W0,layer_11,11,unet.up_blocks.2.attentions.2.transformer_blocks.0.attn2.to_v,raw_before_row_l2,eot,horse,description,50,640,24.807044982910156,0.8992257118225098,22.532447814941406,27.03253936767578
W0,layer_11,11,unet.up_blocks.2.attentions.2.transformer_blocks.0.attn2.to_v,raw_before_row_l2,fixed_suffix,cat,description,50,640,21.9692440032959,0.6786403059959412,20.546432495117188,23.692970275878906
W0,layer_11,11,unet.up_blocks.2.attentions.2.transformer_blocks.0.attn2.to_v,raw_before_row_l2,fixed_suffix,dog,description,50,640,22.161418914794922,0.6124414205551147,21.05597496032715,23.56108283996582
W0,layer_11,11,unet.up_blocks.2.attentions.2.transformer_blocks.0.attn2.to_v,raw_before_row_l2,fixed_suffix,fox,description,50,640,21.682600021362305,0.4876365661621094,20.184247970581055,22.525978088378906
W0,layer_11,11,unet.up_blocks.2.attentions.2.transformer_blocks.0.attn2.to_v,raw_before_row_l2,fixed_suffix,bear,description,50,640,21.931352615356445,0.5037623047828674,20.894912719726562,22.98777198791504
W0,layer_11,11,unet.up_blocks.2.attentions.2.transformer_blocks.0.attn2.to_v,raw_before_row_l2,fixed_suffix,wolf,description,50,640,21.734542846679688,0.5020641088485718,20.715242385864258,23.00969696044922
W0,layer_11,11,unet.up_blocks.2.attentions.2.transformer_blocks.0.attn2.to_v,raw_before_row_l2,fixed_suffix,rabbit,description,50,640,21.906553268432617,0.5397127270698547,20.86333465576172,23.273778915405273
W0,layer_11,11,unet.up_blocks.2.attentions.2.transformer_blocks.0.attn2.to_v,raw_before_row_l2,fixed_suffix,deer,description,50,640,21.637170791625977,0.606245219707489,20.687015533447266,23.244848251342773
W0,layer_11,11,unet.up_blocks.2.attentions.2.transformer_blocks.0.attn2.to_v,raw_before_row_l2,fixed_suffix,horse,description,50,640,22.205322265625,0.6362924575805664,20.85715103149414,23.517213821411133
W0,layer_11,11,unet.up_blocks.2.attentions.2.transformer_blocks.0.attn2.to_v,raw_before_row_l2,name_last,cat,name,1,640,26.379663467407227,0.0,26.379663467407227,26.379663467407227
W0,layer_11,11,unet.up_blocks.2.attentions.2.transformer_blocks.0.attn2.to_v,raw_before_row_l2,name_last,dog,name,1,640,25.321809768676758,0.0,25.321809768676758,25.321809768676758
W0,layer_11,11,unet.up_blocks.2.attentions.2.transformer_blocks.0.attn2.to_v,raw_before_row_l2,name_last,fox,name,1,640,23.326202392578125,0.0,23.326202392578125,23.326202392578125
W0,layer_11,11,unet.up_blocks.2.attentions.2.transformer_blocks.0.attn2.to_v,raw_before_row_l2,name_last,bear,name,1,640,25.722003936767578,0.0,25.722003936767578,25.722003936767578
W0,layer_11,11,unet.up_blocks.2.attentions.2.transformer_blocks.0.attn2.to_v,raw_before_row_l2,name_last,wolf,name,1,640,23.106395721435547,0.0,23.106395721435547,23.106395721435547
W0,layer_11,11,unet.up_blocks.2.attentions.2.transformer_blocks.0.attn2.to_v,raw_before_row_l2,name_last,rabbit,name,1,640,24.634119033813477,0.0,24.634119033813477,24.634119033813477
W0,layer_11,11,unet.up_blocks.2.attentions.2.transformer_blocks.0.attn2.to_v,raw_before_row_l2,name_last,deer,name,1,640,24.07181167602539,0.0,24.07181167602539,24.07181167602539
W0,layer_11,11,unet.up_blocks.2.attentions.2.transformer_blocks.0.attn2.to_v,raw_before_row_l2,name_last,horse,name,1,640,24.59788703918457,0.0,24.59788703918457,24.59788703918457
W0,layer_11,11,unet.up_blocks.2.attentions.2.transformer_blocks.0.attn2.to_v,raw_before_row_l2,name_eot,cat,name,1,640,23.05645179748535,0.0,23.05645179748535,23.05645179748535
W0,layer_11,11,unet.up_blocks.2.attentions.2.transformer_blocks.0.attn2.to_v,raw_before_row_l2,name_eot,dog,name,1,640,24.21236801147461,0.0,24.21236801147461,24.21236801147461
W0,layer_11,11,unet.up_blocks.2.attentions.2.transformer_blocks.0.attn2.to_v,raw_before_row_l2,name_eot,fox,name,1,640,20.642850875854492,0.0,20.642850875854492,20.642850875854492
W0,layer_11,11,unet.up_blocks.2.attentions.2.transformer_blocks.0.attn2.to_v,raw_before_row_l2,name_eot,bear,name,1,640,20.594436645507812,0.0,20.594436645507812,20.594436645507812
W0,layer_11,11,unet.up_blocks.2.attentions.2.transformer_blocks.0.attn2.to_v,raw_before_row_l2,name_eot,wolf,name,1,640,20.454545974731445,0.0,20.454545974731445,20.454545974731445
W0,layer_11,11,unet.up_blocks.2.attentions.2.transformer_blocks.0.attn2.to_v,raw_before_row_l2,name_eot,rabbit,name,1,640,20.674392700195312,0.0,20.674392700195312,20.674392700195312
W0,layer_11,11,unet.up_blocks.2.attentions.2.transformer_blocks.0.attn2.to_v,raw_before_row_l2,name_eot,deer,name,1,640,21.2434139251709,0.0,21.2434139251709,21.2434139251709
W0,layer_11,11,unet.up_blocks.2.attentions.2.transformer_blocks.0.attn2.to_v,raw_before_row_l2,name_eot,horse,name,1,640,22.616422653198242,0.0,22.616422653198242,22.616422653198242
W0,layer_11,11,unet.up_blocks.2.attentions.2.transformer_blocks.0.attn2.to_v,raw_before_row_l2,name_fixed,cat,name,1,640,24.931564331054688,0.0,24.931564331054688,24.931564331054688
W0,layer_11,11,unet.up_blocks.2.attentions.2.transformer_blocks.0.attn2.to_v,raw_before_row_l2,name_fixed,dog,name,1,640,25.29012107849121,0.0,25.29012107849121,25.29012107849121
W0,layer_11,11,unet.up_blocks.2.attentions.2.transformer_blocks.0.attn2.to_v,raw_before_row_l2,name_fixed,fox,name,1,640,24.560474395751953,0.0,24.560474395751953,24.560474395751953
W0,layer_11,11,unet.up_blocks.2.attentions.2.transformer_blocks.0.attn2.to_v,raw_before_row_l2,name_fixed,bear,name,1,640,24.243629455566406,0.0,24.243629455566406,24.243629455566406
W0,layer_11,11,unet.up_blocks.2.attentions.2.transformer_blocks.0.attn2.to_v,raw_before_row_l2,name_fixed,wolf,name,1,640,23.84511947631836,0.0,23.84511947631836,23.84511947631836
W0,layer_11,11,unet.up_blocks.2.attentions.2.transformer_blocks.0.attn2.to_v,raw_before_row_l2,name_fixed,rabbit,name,1,640,24.054235458374023,0.0,24.054235458374023,24.054235458374023
W0,layer_11,11,unet.up_blocks.2.attentions.2.transformer_blocks.0.attn2.to_v,raw_before_row_l2,name_fixed,deer,name,1,640,23.571971893310547,0.0,23.571971893310547,23.571971893310547
W0,layer_11,11,unet.up_blocks.2.attentions.2.transformer_blocks.0.attn2.to_v,raw_before_row_l2,name_fixed,horse,name,1,640,24.018272399902344,0.0,24.018272399902344,24.018272399902344
W0,layer_12,12,unet.up_blocks.3.attentions.0.transformer_blocks.0.attn2.to_v,raw_before_row_l2,eot,cat,description,50,320,10.322772979736328,0.6189111471176147,8.935791969299316,11.761836051940918
W0,layer_12,12,unet.up_blocks.3.attentions.0.transformer_blocks.0.attn2.to_v,raw_before_row_l2,eot,dog,description,50,320,10.760860443115234,0.6202833652496338,9.52094841003418,12.020875930786133
W0,layer_12,12,unet.up_blocks.3.attentions.0.transformer_blocks.0.attn2.to_v,raw_before_row_l2,eot,fox,description,50,320,10.329977989196777,0.7183793187141418,9.238951683044434,12.149148941040039
W0,layer_12,12,unet.up_blocks.3.attentions.0.transformer_blocks.0.attn2.to_v,raw_before_row_l2,eot,bear,description,50,320,10.960624694824219,0.5566495656967163,9.816970825195312,12.480274200439453
W0,layer_12,12,unet.up_blocks.3.attentions.0.transformer_blocks.0.attn2.to_v,raw_before_row_l2,eot,wolf,description,50,320,10.8139066696167,0.6926562190055847,8.540390968322754,12.072622299194336
W0,layer_12,12,unet.up_blocks.3.attentions.0.transformer_blocks.0.attn2.to_v,raw_before_row_l2,eot,rabbit,description,50,320,10.56947135925293,0.7616291046142578,8.973189353942871,12.779864311218262
W0,layer_12,12,unet.up_blocks.3.attentions.0.transformer_blocks.0.attn2.to_v,raw_before_row_l2,eot,deer,description,50,320,10.673748970031738,0.6533379554748535,9.270612716674805,12.53602123260498
W0,layer_12,12,unet.up_blocks.3.attentions.0.transformer_blocks.0.attn2.to_v,raw_before_row_l2,eot,horse,description,50,320,10.87817668914795,0.7091704607009888,9.312797546386719,12.442764282226562
W0,layer_12,12,unet.up_blocks.3.attentions.0.transformer_blocks.0.attn2.to_v,raw_before_row_l2,fixed_suffix,cat,description,50,320,9.576796531677246,0.4510297477245331,8.726025581359863,10.723590850830078
W0,layer_12,12,unet.up_blocks.3.attentions.0.transformer_blocks.0.attn2.to_v,raw_before_row_l2,fixed_suffix,dog,description,50,320,9.542436599731445,0.35776007175445557,8.872974395751953,10.555307388305664
W0,layer_12,12,unet.up_blocks.3.attentions.0.transformer_blocks.0.attn2.to_v,raw_before_row_l2,fixed_suffix,fox,description,50,320,9.397075653076172,0.3166893422603607,8.74437427520752,10.060044288635254
W0,layer_12,12,unet.up_blocks.3.attentions.0.transformer_blocks.0.attn2.to_v,raw_before_row_l2,fixed_suffix,bear,description,50,320,9.132575035095215,0.2756143808364868,8.590109825134277,9.830124855041504
W0,layer_12,12,unet.up_blocks.3.attentions.0.transformer_blocks.0.attn2.to_v,raw_before_row_l2,fixed_suffix,wolf,description,50,320,9.33717155456543,0.2751223146915436,8.758882522583008,9.873069763183594
W0,layer_12,12,unet.up_blocks.3.attentions.0.transformer_blocks.0.attn2.to_v,raw_before_row_l2,fixed_suffix,rabbit,description,50,320,9.587349891662598,0.33542370796203613,8.89682388305664,10.325624465942383
W0,layer_12,12,unet.up_blocks.3.attentions.0.transformer_blocks.0.attn2.to_v,raw_before_row_l2,fixed_suffix,deer,description,50,320,9.586016654968262,0.3797585070133209,8.865492820739746,10.970438957214355
W0,layer_12,12,unet.up_blocks.3.attentions.0.transformer_blocks.0.attn2.to_v,raw_before_row_l2,fixed_suffix,horse,description,50,320,9.453516960144043,0.3609233498573303,8.613475799560547,10.136340141296387
W0,layer_12,12,unet.up_blocks.3.attentions.0.transformer_blocks.0.attn2.to_v,raw_before_row_l2,name_last,cat,name,1,320,12.172609329223633,0.0,12.172609329223633,12.172609329223633
W0,layer_12,12,unet.up_blocks.3.attentions.0.transformer_blocks.0.attn2.to_v,raw_before_row_l2,name_last,dog,name,1,320,11.126440048217773,0.0,11.126440048217773,11.126440048217773
W0,layer_12,12,unet.up_blocks.3.attentions.0.transformer_blocks.0.attn2.to_v,raw_before_row_l2,name_last,fox,name,1,320,13.01486873626709,0.0,13.01486873626709,13.01486873626709
W0,layer_12,12,unet.up_blocks.3.attentions.0.transformer_blocks.0.attn2.to_v,raw_before_row_l2,name_last,bear,name,1,320,12.508865356445312,0.0,12.508865356445312,12.508865356445312
W0,layer_12,12,unet.up_blocks.3.attentions.0.transformer_blocks.0.attn2.to_v,raw_before_row_l2,name_last,wolf,name,1,320,11.355051040649414,0.0,11.355051040649414,11.355051040649414
W0,layer_12,12,unet.up_blocks.3.attentions.0.transformer_blocks.0.attn2.to_v,raw_before_row_l2,name_last,rabbit,name,1,320,12.548166275024414,0.0,12.548166275024414,12.548166275024414
W0,layer_12,12,unet.up_blocks.3.attentions.0.transformer_blocks.0.attn2.to_v,raw_before_row_l2,name_last,deer,name,1,320,11.8871431350708,0.0,11.8871431350708,11.8871431350708
W0,layer_12,12,unet.up_blocks.3.attentions.0.transformer_blocks.0.attn2.to_v,raw_before_row_l2,name_last,horse,name,1,320,12.855361938476562,0.0,12.855361938476562,12.855361938476562
W0,layer_12,12,unet.up_blocks.3.attentions.0.transformer_blocks.0.attn2.to_v,raw_before_row_l2,name_eot,cat,name,1,320,9.301989555358887,0.0,9.301989555358887,9.301989555358887
W0,layer_12,12,unet.up_blocks.3.attentions.0.transformer_blocks.0.attn2.to_v,raw_before_row_l2,name_eot,dog,name,1,320,9.175453186035156,0.0,9.175453186035156,9.175453186035156
W0,layer_12,12,unet.up_blocks.3.attentions.0.transformer_blocks.0.attn2.to_v,raw_before_row_l2,name_eot,fox,name,1,320,8.863338470458984,0.0,8.863338470458984,8.863338470458984
W0,layer_12,12,unet.up_blocks.3.attentions.0.transformer_blocks.0.attn2.to_v,raw_before_row_l2,name_eot,bear,name,1,320,9.25854206085205,0.0,9.25854206085205,9.25854206085205
W0,layer_12,12,unet.up_blocks.3.attentions.0.transformer_blocks.0.attn2.to_v,raw_before_row_l2,name_eot,wolf,name,1,320,10.913259506225586,0.0,10.913259506225586,10.913259506225586
W0,layer_12,12,unet.up_blocks.3.attentions.0.transformer_blocks.0.attn2.to_v,raw_before_row_l2,name_eot,rabbit,name,1,320,10.10179615020752,0.0,10.10179615020752,10.10179615020752
W0,layer_12,12,unet.up_blocks.3.attentions.0.transformer_blocks.0.attn2.to_v,raw_before_row_l2,name_eot,deer,name,1,320,9.917757034301758,0.0,9.917757034301758,9.917757034301758
W0,layer_12,12,unet.up_blocks.3.attentions.0.transformer_blocks.0.attn2.to_v,raw_before_row_l2,name_eot,horse,name,1,320,9.728342056274414,0.0,9.728342056274414,9.728342056274414
W0,layer_12,12,unet.up_blocks.3.attentions.0.transformer_blocks.0.attn2.to_v,raw_before_row_l2,name_fixed,cat,name,1,320,9.65822982788086,0.0,9.65822982788086,9.65822982788086
W0,layer_12,12,unet.up_blocks.3.attentions.0.transformer_blocks.0.attn2.to_v,raw_before_row_l2,name_fixed,dog,name,1,320,9.762187957763672,0.0,9.762187957763672,9.762187957763672
W0,layer_12,12,unet.up_blocks.3.attentions.0.transformer_blocks.0.attn2.to_v,raw_before_row_l2,name_fixed,fox,name,1,320,9.6284818649292,0.0,9.6284818649292,9.6284818649292
W0,layer_12,12,unet.up_blocks.3.attentions.0.transformer_blocks.0.attn2.to_v,raw_before_row_l2,name_fixed,bear,name,1,320,9.785399436950684,0.0,9.785399436950684,9.785399436950684
W0,layer_12,12,unet.up_blocks.3.attentions.0.transformer_blocks.0.attn2.to_v,raw_before_row_l2,name_fixed,wolf,name,1,320,9.600316047668457,0.0,9.600316047668457,9.600316047668457
W0,layer_12,12,unet.up_blocks.3.attentions.0.transformer_blocks.0.attn2.to_v,raw_before_row_l2,name_fixed,rabbit,name,1,320,9.233017921447754,0.0,9.233017921447754,9.233017921447754
W0,layer_12,12,unet.up_blocks.3.attentions.0.transformer_blocks.0.attn2.to_v,raw_before_row_l2,name_fixed,deer,name,1,320,9.504937171936035,0.0,9.504937171936035,9.504937171936035
W0,layer_12,12,unet.up_blocks.3.attentions.0.transformer_blocks.0.attn2.to_v,raw_before_row_l2,name_fixed,horse,name,1,320,9.617046356201172,0.0,9.617046356201172,9.617046356201172
W0,layer_13,13,unet.up_blocks.3.attentions.1.transformer_blocks.0.attn2.to_v,raw_before_row_l2,eot,cat,description,50,320,12.381599426269531,0.7403321862220764,10.092218399047852,13.867159843444824
W0,layer_13,13,unet.up_blocks.3.attentions.1.transformer_blocks.0.attn2.to_v,raw_before_row_l2,eot,dog,description,50,320,12.7505521774292,0.7428341507911682,11.477300643920898,14.662508010864258
W0,layer_13,13,unet.up_blocks.3.attentions.1.transformer_blocks.0.attn2.to_v,raw_before_row_l2,eot,fox,description,50,320,12.252349853515625,0.7839311957359314,10.78396987915039,13.764599800109863
W0,layer_13,13,unet.up_blocks.3.attentions.1.transformer_blocks.0.attn2.to_v,raw_before_row_l2,eot,bear,description,50,320,12.974946022033691,0.6787483096122742,11.839436531066895,15.01391315460205
W0,layer_13,13,unet.up_blocks.3.attentions.1.transformer_blocks.0.attn2.to_v,raw_before_row_l2,eot,wolf,description,50,320,12.848006248474121,0.7491716146469116,10.636204719543457,14.158469200134277
W0,layer_13,13,unet.up_blocks.3.attentions.1.transformer_blocks.0.attn2.to_v,raw_before_row_l2,eot,rabbit,description,50,320,12.441506385803223,0.8054852485656738,10.622135162353516,14.664000511169434
W0,layer_13,13,unet.up_blocks.3.attentions.1.transformer_blocks.0.attn2.to_v,raw_before_row_l2,eot,deer,description,50,320,12.83247184753418,0.8846501708030701,11.096832275390625,15.142979621887207
W0,layer_13,13,unet.up_blocks.3.attentions.1.transformer_blocks.0.attn2.to_v,raw_before_row_l2,eot,horse,description,50,320,12.991093635559082,0.7703644037246704,11.061470031738281,15.283245086669922
W0,layer_13,13,unet.up_blocks.3.attentions.1.transformer_blocks.0.attn2.to_v,raw_before_row_l2,fixed_suffix,cat,description,50,320,12.132822036743164,0.5057887434959412,11.256611824035645,13.411477088928223
W0,layer_13,13,unet.up_blocks.3.attentions.1.transformer_blocks.0.attn2.to_v,raw_before_row_l2,fixed_suffix,dog,description,50,320,12.126546859741211,0.41353079676628113,11.388935089111328,13.518977165222168
W0,layer_13,13,unet.up_blocks.3.attentions.1.transformer_blocks.0.attn2.to_v,raw_before_row_l2,fixed_suffix,fox,description,50,320,11.802225112915039,0.31009167432785034,11.260496139526367,12.53748607635498
W0,layer_13,13,unet.up_blocks.3.attentions.1.transformer_blocks.0.attn2.to_v,raw_before_row_l2,fixed_suffix,bear,description,50,320,11.620296478271484,0.3304583728313446,11.009244918823242,12.420502662658691
W0,layer_13,13,unet.up_blocks.3.attentions.1.transformer_blocks.0.attn2.to_v,raw_before_row_l2,fixed_suffix,wolf,description,50,320,11.822580337524414,0.37339138984680176,11.121146202087402,12.862020492553711
W0,layer_13,13,unet.up_blocks.3.attentions.1.transformer_blocks.0.attn2.to_v,raw_before_row_l2,fixed_suffix,rabbit,description,50,320,12.156999588012695,0.375850647687912,11.286101341247559,12.877236366271973
W0,layer_13,13,unet.up_blocks.3.attentions.1.transformer_blocks.0.attn2.to_v,raw_before_row_l2,fixed_suffix,deer,description,50,320,12.083911895751953,0.4352780282497406,11.35060977935791,13.609838485717773
W0,layer_13,13,unet.up_blocks.3.attentions.1.transformer_blocks.0.attn2.to_v,raw_before_row_l2,fixed_suffix,horse,description,50,320,12.054173469543457,0.43433836102485657,11.326553344726562,12.82635498046875
W0,layer_13,13,unet.up_blocks.3.attentions.1.transformer_blocks.0.attn2.to_v,raw_before_row_l2,name_last,cat,name,1,320,16.765474319458008,0.0,16.765474319458008,16.765474319458008
W0,layer_13,13,unet.up_blocks.3.attentions.1.transformer_blocks.0.attn2.to_v,raw_before_row_l2,name_last,dog,name,1,320,14.562458992004395,0.0,14.562458992004395,14.562458992004395
W0,layer_13,13,unet.up_blocks.3.attentions.1.transformer_blocks.0.attn2.to_v,raw_before_row_l2,name_last,fox,name,1,320,16.32542610168457,0.0,16.32542610168457,16.32542610168457
W0,layer_13,13,unet.up_blocks.3.attentions.1.transformer_blocks.0.attn2.to_v,raw_before_row_l2,name_last,bear,name,1,320,15.78693675994873,0.0,15.78693675994873,15.78693675994873
W0,layer_13,13,unet.up_blocks.3.attentions.1.transformer_blocks.0.attn2.to_v,raw_before_row_l2,name_last,wolf,name,1,320,15.151820182800293,0.0,15.151820182800293,15.151820182800293
W0,layer_13,13,unet.up_blocks.3.attentions.1.transformer_blocks.0.attn2.to_v,raw_before_row_l2,name_last,rabbit,name,1,320,16.738176345825195,0.0,16.738176345825195,16.738176345825195
W0,layer_13,13,unet.up_blocks.3.attentions.1.transformer_blocks.0.attn2.to_v,raw_before_row_l2,name_last,deer,name,1,320,16.0303955078125,0.0,16.0303955078125,16.0303955078125
W0,layer_13,13,unet.up_blocks.3.attentions.1.transformer_blocks.0.attn2.to_v,raw_before_row_l2,name_last,horse,name,1,320,16.864967346191406,0.0,16.864967346191406,16.864967346191406
W0,layer_13,13,unet.up_blocks.3.attentions.1.transformer_blocks.0.attn2.to_v,raw_before_row_l2,name_eot,cat,name,1,320,14.045974731445312,0.0,14.045974731445312,14.045974731445312
W0,layer_13,13,unet.up_blocks.3.attentions.1.transformer_blocks.0.attn2.to_v,raw_before_row_l2,name_eot,dog,name,1,320,14.564057350158691,0.0,14.564057350158691,14.564057350158691
W0,layer_13,13,unet.up_blocks.3.attentions.1.transformer_blocks.0.attn2.to_v,raw_before_row_l2,name_eot,fox,name,1,320,12.942728042602539,0.0,12.942728042602539,12.942728042602539
W0,layer_13,13,unet.up_blocks.3.attentions.1.transformer_blocks.0.attn2.to_v,raw_before_row_l2,name_eot,bear,name,1,320,12.627585411071777,0.0,12.627585411071777,12.627585411071777
W0,layer_13,13,unet.up_blocks.3.attentions.1.transformer_blocks.0.attn2.to_v,raw_before_row_l2,name_eot,wolf,name,1,320,14.333871841430664,0.0,14.333871841430664,14.333871841430664
W0,layer_13,13,unet.up_blocks.3.attentions.1.transformer_blocks.0.attn2.to_v,raw_before_row_l2,name_eot,rabbit,name,1,320,12.965251922607422,0.0,12.965251922607422,12.965251922607422
W0,layer_13,13,unet.up_blocks.3.attentions.1.transformer_blocks.0.attn2.to_v,raw_before_row_l2,name_eot,deer,name,1,320,13.760786056518555,0.0,13.760786056518555,13.760786056518555
W0,layer_13,13,unet.up_blocks.3.attentions.1.transformer_blocks.0.attn2.to_v,raw_before_row_l2,name_eot,horse,name,1,320,13.913352012634277,0.0,13.913352012634277,13.913352012634277
W0,layer_13,13,unet.up_blocks.3.attentions.1.transformer_blocks.0.attn2.to_v,raw_before_row_l2,name_fixed,cat,name,1,320,12.751301765441895,0.0,12.751301765441895,12.751301765441895
W0,layer_13,13,unet.up_blocks.3.attentions.1.transformer_blocks.0.attn2.to_v,raw_before_row_l2,name_fixed,dog,name,1,320,12.870704650878906,0.0,12.870704650878906,12.870704650878906
W0,layer_13,13,unet.up_blocks.3.attentions.1.transformer_blocks.0.attn2.to_v,raw_before_row_l2,name_fixed,fox,name,1,320,12.971556663513184,0.0,12.971556663513184,12.971556663513184
W0,layer_13,13,unet.up_blocks.3.attentions.1.transformer_blocks.0.attn2.to_v,raw_before_row_l2,name_fixed,bear,name,1,320,12.90459156036377,0.0,12.90459156036377,12.90459156036377
W0,layer_13,13,unet.up_blocks.3.attentions.1.transformer_blocks.0.attn2.to_v,raw_before_row_l2,name_fixed,wolf,name,1,320,12.719476699829102,0.0,12.719476699829102,12.719476699829102
W0,layer_13,13,unet.up_blocks.3.attentions.1.transformer_blocks.0.attn2.to_v,raw_before_row_l2,name_fixed,rabbit,name,1,320,12.489413261413574,0.0,12.489413261413574,12.489413261413574
W0,layer_13,13,unet.up_blocks.3.attentions.1.transformer_blocks.0.attn2.to_v,raw_before_row_l2,name_fixed,deer,name,1,320,12.532305717468262,0.0,12.532305717468262,12.532305717468262
W0,layer_13,13,unet.up_blocks.3.attentions.1.transformer_blocks.0.attn2.to_v,raw_before_row_l2,name_fixed,horse,name,1,320,12.502887725830078,0.0,12.502887725830078,12.502887725830078
W0,layer_14,14,unet.up_blocks.3.attentions.2.transformer_blocks.0.attn2.to_v,raw_before_row_l2,eot,cat,description,50,320,12.313321113586426,1.0034345388412476,10.05063533782959,14.452412605285645
W0,layer_14,14,unet.up_blocks.3.attentions.2.transformer_blocks.0.attn2.to_v,raw_before_row_l2,eot,dog,description,50,320,12.654472351074219,0.9191854000091553,10.354775428771973,15.00560188293457
W0,layer_14,14,unet.up_blocks.3.attentions.2.transformer_blocks.0.attn2.to_v,raw_before_row_l2,eot,fox,description,50,320,12.106396675109863,1.0636992454528809,10.28271770477295,14.645035743713379
W0,layer_14,14,unet.up_blocks.3.attentions.2.transformer_blocks.0.attn2.to_v,raw_before_row_l2,eot,bear,description,50,320,12.940328598022461,0.8015433549880981,11.12576675415039,15.0562162399292
W0,layer_14,14,unet.up_blocks.3.attentions.2.transformer_blocks.0.attn2.to_v,raw_before_row_l2,eot,wolf,description,50,320,12.678466796875,0.8191256523132324,10.469677925109863,14.056900978088379
W0,layer_14,14,unet.up_blocks.3.attentions.2.transformer_blocks.0.attn2.to_v,raw_before_row_l2,eot,rabbit,description,50,320,12.127948760986328,1.037455439567566,10.13344955444336,14.079031944274902
W0,layer_14,14,unet.up_blocks.3.attentions.2.transformer_blocks.0.attn2.to_v,raw_before_row_l2,eot,deer,description,50,320,12.615693092346191,0.8638365864753723,10.368135452270508,15.273744583129883
W0,layer_14,14,unet.up_blocks.3.attentions.2.transformer_blocks.0.attn2.to_v,raw_before_row_l2,eot,horse,description,50,320,13.054157257080078,0.8348516821861267,10.760923385620117,15.036530494689941
W0,layer_14,14,unet.up_blocks.3.attentions.2.transformer_blocks.0.attn2.to_v,raw_before_row_l2,fixed_suffix,cat,description,50,320,12.038647651672363,0.5182793736457825,11.03028392791748,13.371193885803223
W0,layer_14,14,unet.up_blocks.3.attentions.2.transformer_blocks.0.attn2.to_v,raw_before_row_l2,fixed_suffix,dog,description,50,320,12.0440034866333,0.3334716558456421,11.517878532409668,12.902120590209961
W0,layer_14,14,unet.up_blocks.3.attentions.2.transformer_blocks.0.attn2.to_v,raw_before_row_l2,fixed_suffix,fox,description,50,320,11.795099258422852,0.2968844771385193,11.148908615112305,12.452372550964355
W0,layer_14,14,unet.up_blocks.3.attentions.2.transformer_blocks.0.attn2.to_v,raw_before_row_l2,fixed_suffix,bear,description,50,320,11.451916694641113,0.31459757685661316,10.91981315612793,12.290321350097656
W0,layer_14,14,unet.up_blocks.3.attentions.2.transformer_blocks.0.attn2.to_v,raw_before_row_l2,fixed_suffix,wolf,description,50,320,11.77294921875,0.2991166412830353,11.083196640014648,12.434589385986328
W0,layer_14,14,unet.up_blocks.3.attentions.2.transformer_blocks.0.attn2.to_v,raw_before_row_l2,fixed_suffix,rabbit,description,50,320,12.137045860290527,0.33434271812438965,11.34338665008545,12.691878318786621
W0,layer_14,14,unet.up_blocks.3.attentions.2.transformer_blocks.0.attn2.to_v,raw_before_row_l2,fixed_suffix,deer,description,50,320,11.975289344787598,0.4240436851978302,11.284521102905273,13.498814582824707
W0,layer_14,14,unet.up_blocks.3.attentions.2.transformer_blocks.0.attn2.to_v,raw_before_row_l2,fixed_suffix,horse,description,50,320,11.923558235168457,0.4335268437862396,11.19465160369873,12.789926528930664
W0,layer_14,14,unet.up_blocks.3.attentions.2.transformer_blocks.0.attn2.to_v,raw_before_row_l2,name_last,cat,name,1,320,17.111906051635742,0.0,17.111906051635742,17.111906051635742
W0,layer_14,14,unet.up_blocks.3.attentions.2.transformer_blocks.0.attn2.to_v,raw_before_row_l2,name_last,dog,name,1,320,15.179126739501953,0.0,15.179126739501953,15.179126739501953
W0,layer_14,14,unet.up_blocks.3.attentions.2.transformer_blocks.0.attn2.to_v,raw_before_row_l2,name_last,fox,name,1,320,16.245052337646484,0.0,16.245052337646484,16.245052337646484
W0,layer_14,14,unet.up_blocks.3.attentions.2.transformer_blocks.0.attn2.to_v,raw_before_row_l2,name_last,bear,name,1,320,15.48808479309082,0.0,15.48808479309082,15.48808479309082
W0,layer_14,14,unet.up_blocks.3.attentions.2.transformer_blocks.0.attn2.to_v,raw_before_row_l2,name_last,wolf,name,1,320,15.81928825378418,0.0,15.81928825378418,15.81928825378418
W0,layer_14,14,unet.up_blocks.3.attentions.2.transformer_blocks.0.attn2.to_v,raw_before_row_l2,name_last,rabbit,name,1,320,16.285877227783203,0.0,16.285877227783203,16.285877227783203
W0,layer_14,14,unet.up_blocks.3.attentions.2.transformer_blocks.0.attn2.to_v,raw_before_row_l2,name_last,deer,name,1,320,15.077692031860352,0.0,15.077692031860352,15.077692031860352
W0,layer_14,14,unet.up_blocks.3.attentions.2.transformer_blocks.0.attn2.to_v,raw_before_row_l2,name_last,horse,name,1,320,16.84553337097168,0.0,16.84553337097168,16.84553337097168
W0,layer_14,14,unet.up_blocks.3.attentions.2.transformer_blocks.0.attn2.to_v,raw_before_row_l2,name_eot,cat,name,1,320,14.75539779663086,0.0,14.75539779663086,14.75539779663086
W0,layer_14,14,unet.up_blocks.3.attentions.2.transformer_blocks.0.attn2.to_v,raw_before_row_l2,name_eot,dog,name,1,320,15.096211433410645,0.0,15.096211433410645,15.096211433410645
W0,layer_14,14,unet.up_blocks.3.attentions.2.transformer_blocks.0.attn2.to_v,raw_before_row_l2,name_eot,fox,name,1,320,13.317635536193848,0.0,13.317635536193848,13.317635536193848
W0,layer_14,14,unet.up_blocks.3.attentions.2.transformer_blocks.0.attn2.to_v,raw_before_row_l2,name_eot,bear,name,1,320,13.596949577331543,0.0,13.596949577331543,13.596949577331543
W0,layer_14,14,unet.up_blocks.3.attentions.2.transformer_blocks.0.attn2.to_v,raw_before_row_l2,name_eot,wolf,name,1,320,14.41435432434082,0.0,14.41435432434082,14.41435432434082
W0,layer_14,14,unet.up_blocks.3.attentions.2.transformer_blocks.0.attn2.to_v,raw_before_row_l2,name_eot,rabbit,name,1,320,13.527132034301758,0.0,13.527132034301758,13.527132034301758
W0,layer_14,14,unet.up_blocks.3.attentions.2.transformer_blocks.0.attn2.to_v,raw_before_row_l2,name_eot,deer,name,1,320,13.67371654510498,0.0,13.67371654510498,13.67371654510498
W0,layer_14,14,unet.up_blocks.3.attentions.2.transformer_blocks.0.attn2.to_v,raw_before_row_l2,name_eot,horse,name,1,320,14.74409294128418,0.0,14.74409294128418,14.74409294128418
W0,layer_14,14,unet.up_blocks.3.attentions.2.transformer_blocks.0.attn2.to_v,raw_before_row_l2,name_fixed,cat,name,1,320,13.409951210021973,0.0,13.409951210021973,13.409951210021973
W0,layer_14,14,unet.up_blocks.3.attentions.2.transformer_blocks.0.attn2.to_v,raw_before_row_l2,name_fixed,dog,name,1,320,13.388749122619629,0.0,13.388749122619629,13.388749122619629
W0,layer_14,14,unet.up_blocks.3.attentions.2.transformer_blocks.0.attn2.to_v,raw_before_row_l2,name_fixed,fox,name,1,320,13.025565147399902,0.0,13.025565147399902,13.025565147399902
W0,layer_14,14,unet.up_blocks.3.attentions.2.transformer_blocks.0.attn2.to_v,raw_before_row_l2,name_fixed,bear,name,1,320,13.366598129272461,0.0,13.366598129272461,13.366598129272461
W0,layer_14,14,unet.up_blocks.3.attentions.2.transformer_blocks.0.attn2.to_v,raw_before_row_l2,name_fixed,wolf,name,1,320,13.121170043945312,0.0,13.121170043945312,13.121170043945312
W0,layer_14,14,unet.up_blocks.3.attentions.2.transformer_blocks.0.attn2.to_v,raw_before_row_l2,name_fixed,rabbit,name,1,320,12.932674407958984,0.0,12.932674407958984,12.932674407958984
W0,layer_14,14,unet.up_blocks.3.attentions.2.transformer_blocks.0.attn2.to_v,raw_before_row_l2,name_fixed,deer,name,1,320,12.74499225616455,0.0,12.74499225616455,12.74499225616455
W0,layer_14,14,unet.up_blocks.3.attentions.2.transformer_blocks.0.attn2.to_v,raw_before_row_l2,name_fixed,horse,name,1,320,12.372185707092285,0.0,12.372185707092285,12.372185707092285
W0,layer_15,15,unet.mid_block.attentions.0.transformer_blocks.0.attn2.to_v,raw_before_row_l2,eot,cat,description,50,1280,40.05924987792969,1.9115142822265625,34.9312858581543,43.17592239379883
W0,layer_15,15,unet.mid_block.attentions.0.transformer_blocks.0.attn2.to_v,raw_before_row_l2,eot,dog,description,50,1280,41.73040008544922,1.8214818239212036,37.77342224121094,46.11121368408203
W0,layer_15,15,unet.mid_block.attentions.0.transformer_blocks.0.attn2.to_v,raw_before_row_l2,eot,fox,description,50,1280,38.231414794921875,1.8450270891189575,34.49582290649414,42.55899429321289
W0,layer_15,15,unet.mid_block.attentions.0.transformer_blocks.0.attn2.to_v,raw_before_row_l2,eot,bear,description,50,1280,40.3007698059082,1.7349717617034912,36.0283203125,43.639217376708984
W0,layer_15,15,unet.mid_block.attentions.0.transformer_blocks.0.attn2.to_v,raw_before_row_l2,eot,wolf,description,50,1280,39.568607330322266,1.74626886844635,35.78750228881836,43.82425308227539
W0,layer_15,15,unet.mid_block.attentions.0.transformer_blocks.0.attn2.to_v,raw_before_row_l2,eot,rabbit,description,50,1280,39.555545806884766,1.106632947921753,36.27236557006836,41.52615737915039
W0,layer_15,15,unet.mid_block.attentions.0.transformer_blocks.0.attn2.to_v,raw_before_row_l2,eot,deer,description,50,1280,38.75265884399414,1.532320499420166,35.36886978149414,41.22352981567383
W0,layer_15,15,unet.mid_block.attentions.0.transformer_blocks.0.attn2.to_v,raw_before_row_l2,eot,horse,description,50,1280,40.87321472167969,1.6131209135055542,36.636322021484375,44.173675537109375
W0,layer_15,15,unet.mid_block.attentions.0.transformer_blocks.0.attn2.to_v,raw_before_row_l2,fixed_suffix,cat,description,50,1280,34.033905029296875,0.7773733735084534,32.3517951965332,36.081993103027344
W0,layer_15,15,unet.mid_block.attentions.0.transformer_blocks.0.attn2.to_v,raw_before_row_l2,fixed_suffix,dog,description,50,1280,34.50556182861328,0.5636965036392212,32.496334075927734,35.63477325439453
W0,layer_15,15,unet.mid_block.attentions.0.transformer_blocks.0.attn2.to_v,raw_before_row_l2,fixed_suffix,fox,description,50,1280,33.90732192993164,0.8516684174537659,31.95828628540039,35.48808288574219
W0,layer_15,15,unet.mid_block.attentions.0.transformer_blocks.0.attn2.to_v,raw_before_row_l2,fixed_suffix,bear,description,50,1280,34.40127944946289,0.7833520174026489,31.67752456665039,36.162837982177734
W0,layer_15,15,unet.mid_block.attentions.0.transformer_blocks.0.attn2.to_v,raw_before_row_l2,fixed_suffix,wolf,description,50,1280,34.154212951660156,0.8067579865455627,32.34791564941406,35.596500396728516
W0,layer_15,15,unet.mid_block.attentions.0.transformer_blocks.0.attn2.to_v,raw_before_row_l2,fixed_suffix,rabbit,description,50,1280,34.267433166503906,0.6328051686286926,32.7980842590332,35.917808532714844
W0,layer_15,15,unet.mid_block.attentions.0.transformer_blocks.0.attn2.to_v,raw_before_row_l2,fixed_suffix,deer,description,50,1280,34.13145446777344,0.695336103439331,32.803470611572266,35.699520111083984
W0,layer_15,15,unet.mid_block.attentions.0.transformer_blocks.0.attn2.to_v,raw_before_row_l2,fixed_suffix,horse,description,50,1280,34.68478775024414,0.7861080765724182,33.076358795166016,36.52631759643555
W0,layer_15,15,unet.mid_block.attentions.0.transformer_blocks.0.attn2.to_v,raw_before_row_l2,name_last,cat,name,1,1280,36.52107238769531,0.0,36.52107238769531,36.52107238769531
W0,layer_15,15,unet.mid_block.attentions.0.transformer_blocks.0.attn2.to_v,raw_before_row_l2,name_last,dog,name,1,1280,38.2042350769043,0.0,38.2042350769043,38.2042350769043
W0,layer_15,15,unet.mid_block.attentions.0.transformer_blocks.0.attn2.to_v,raw_before_row_l2,name_last,fox,name,1,1280,35.531612396240234,0.0,35.531612396240234,35.531612396240234
W0,layer_15,15,unet.mid_block.attentions.0.transformer_blocks.0.attn2.to_v,raw_before_row_l2,name_last,bear,name,1,1280,38.212242126464844,0.0,38.212242126464844,38.212242126464844
W0,layer_15,15,unet.mid_block.attentions.0.transformer_blocks.0.attn2.to_v,raw_before_row_l2,name_last,wolf,name,1,1280,34.41727066040039,0.0,34.41727066040039,34.41727066040039
W0,layer_15,15,unet.mid_block.attentions.0.transformer_blocks.0.attn2.to_v,raw_before_row_l2,name_last,rabbit,name,1,1280,38.14104080200195,0.0,38.14104080200195,38.14104080200195
W0,layer_15,15,unet.mid_block.attentions.0.transformer_blocks.0.attn2.to_v,raw_before_row_l2,name_last,deer,name,1,1280,36.10628128051758,0.0,36.10628128051758,36.10628128051758
W0,layer_15,15,unet.mid_block.attentions.0.transformer_blocks.0.attn2.to_v,raw_before_row_l2,name_last,horse,name,1,1280,38.452457427978516,0.0,38.452457427978516,38.452457427978516
W0,layer_15,15,unet.mid_block.attentions.0.transformer_blocks.0.attn2.to_v,raw_before_row_l2,name_eot,cat,name,1,1280,33.440834045410156,0.0,33.440834045410156,33.440834045410156
W0,layer_15,15,unet.mid_block.attentions.0.transformer_blocks.0.attn2.to_v,raw_before_row_l2,name_eot,dog,name,1,1280,34.9277458190918,0.0,34.9277458190918,34.9277458190918
W0,layer_15,15,unet.mid_block.attentions.0.transformer_blocks.0.attn2.to_v,raw_before_row_l2,name_eot,fox,name,1,1280,32.03179931640625,0.0,32.03179931640625,32.03179931640625
W0,layer_15,15,unet.mid_block.attentions.0.transformer_blocks.0.attn2.to_v,raw_before_row_l2,name_eot,bear,name,1,1280,33.46603012084961,0.0,33.46603012084961,33.46603012084961
W0,layer_15,15,unet.mid_block.attentions.0.transformer_blocks.0.attn2.to_v,raw_before_row_l2,name_eot,wolf,name,1,1280,32.418312072753906,0.0,32.418312072753906,32.418312072753906
W0,layer_15,15,unet.mid_block.attentions.0.transformer_blocks.0.attn2.to_v,raw_before_row_l2,name_eot,rabbit,name,1,1280,32.683048248291016,0.0,32.683048248291016,32.683048248291016
W0,layer_15,15,unet.mid_block.attentions.0.transformer_blocks.0.attn2.to_v,raw_before_row_l2,name_eot,deer,name,1,1280,32.64862823486328,0.0,32.64862823486328,32.64862823486328
W0,layer_15,15,unet.mid_block.attentions.0.transformer_blocks.0.attn2.to_v,raw_before_row_l2,name_eot,horse,name,1,1280,35.652015686035156,0.0,35.652015686035156,35.652015686035156
W0,layer_15,15,unet.mid_block.attentions.0.transformer_blocks.0.attn2.to_v,raw_before_row_l2,name_fixed,cat,name,1,1280,36.41665267944336,0.0,36.41665267944336,36.41665267944336
W0,layer_15,15,unet.mid_block.attentions.0.transformer_blocks.0.attn2.to_v,raw_before_row_l2,name_fixed,dog,name,1,1280,36.85130310058594,0.0,36.85130310058594,36.85130310058594
W0,layer_15,15,unet.mid_block.attentions.0.transformer_blocks.0.attn2.to_v,raw_before_row_l2,name_fixed,fox,name,1,1280,36.15770721435547,0.0,36.15770721435547,36.15770721435547
W0,layer_15,15,unet.mid_block.attentions.0.transformer_blocks.0.attn2.to_v,raw_before_row_l2,name_fixed,bear,name,1,1280,36.44472122192383,0.0,36.44472122192383,36.44472122192383
W0,layer_15,15,unet.mid_block.attentions.0.transformer_blocks.0.attn2.to_v,raw_before_row_l2,name_fixed,wolf,name,1,1280,35.87367248535156,0.0,35.87367248535156,35.87367248535156
W0,layer_15,15,unet.mid_block.attentions.0.transformer_blocks.0.attn2.to_v,raw_before_row_l2,name_fixed,rabbit,name,1,1280,36.284034729003906,0.0,36.284034729003906,36.284034729003906
W0,layer_15,15,unet.mid_block.attentions.0.transformer_blocks.0.attn2.to_v,raw_before_row_l2,name_fixed,deer,name,1,1280,35.78253936767578,0.0,35.78253936767578,35.78253936767578
W0,layer_15,15,unet.mid_block.attentions.0.transformer_blocks.0.attn2.to_v,raw_before_row_l2,name_fixed,horse,name,1,1280,36.49274444580078,0.0,36.49274444580078,36.49274444580078
